ElapsedTime,Row,Column,Coordinate,Sample,Class,Temperature,Reading
0,A,1,A1,46,CTL01,24.7,99089
0,A,1,A1,46,CTL01,24.7,99089
0,A,2,A2,720,CTL09,24.7,98509
0,A,2,A2,720,CTL09,24.7,98509
0,A,3,A3,225,SCZ06,24.7,83456
0,A,3,A3,225,SCZ06,24.7,83456
0,A,4,A4,552,SCZ14,24.7,95838
0,A,4,A4,552,SCZ14,24.7,95838
0,A,5,A5,328,LYS02,24.7,94533
0,A,5,A5,328,LYS02,24.7,94533
0,A,6,A6,RECOMBINANT ERK  2nM,ERK_2.000nM,24.7,Inf
0,A,6,A6,RECOMBINANT ERK  2nM,ERK_2.000nM,24.7,Inf
0,A,7,A7,46,CTL01,24.7,Inf
0,A,7,A7,46,CTL01,24.7,Inf
0,A,8,A8,720,CTL09,24.7,88861
0,A,8,A8,720,CTL09,24.7,88861
0,A,9,A9,225,SCZ06,24.7,96491
0,A,9,A9,225,SCZ06,24.7,96491
0,A,10,A10,552,SCZ14,24.7,99078
0,A,10,A10,552,SCZ14,24.7,99078
0,A,11,A11,328,LYS02,24.7,96813
0,A,11,A11,328,LYS02,24.7,96813
0,A,12,A12,RECOMBINANT ERK  2nM,ERK_2.000nM,24.7,Inf
0,A,12,A12,RECOMBINANT ERK  2nM,ERK_2.000nM,24.7,Inf
0,B,1,B1,116,CTL02,24.7,90650
0,B,1,B1,116,CTL02,24.7,90650
0,B,2,B2,859,CTL10,24.7,98977
0,B,2,B2,859,CTL10,24.7,98977
0,B,3,B3,235,SCZ07,24.7,Inf
0,B,3,B3,235,SCZ07,24.7,Inf
0,B,4,B4,565,SCZ15,24.7,96225
0,B,4,B4,565,SCZ15,24.7,96225
0,B,5,B5,335,LYS03,24.7,95741
0,B,5,B5,335,LYS03,24.7,95741
0,B,6,B6,RECOMBINANT ERK 1.5 nM,ERK_1.500nM,24.7,Inf
0,B,6,B6,RECOMBINANT ERK 1.5 nM,ERK_1.500nM,24.7,Inf
0,B,7,B7,116,CTL02,24.7,84591
0,B,7,B7,116,CTL02,24.7,84591
0,B,8,B8,859,CTL10,24.7,87637
0,B,8,B8,859,CTL10,24.7,87637
0,B,9,B9,235,SCZ07,24.7,Inf
0,B,9,B9,235,SCZ07,24.7,Inf
0,B,10,B10,565,SCZ15,24.7,96662
0,B,10,B10,565,SCZ15,24.7,96662
0,B,11,B11,335,LYS03,24.7,92851
0,B,11,B11,335,LYS03,24.7,92851
0,B,12,B12,RECOMBINANT ERK 1.5 nM,ERK_1.500nM,24.7,Inf
0,B,12,B12,RECOMBINANT ERK 1.5 nM,ERK_1.500nM,24.7,Inf
0,C,1,C1,167,CTL03,24.7,93381
0,C,1,C1,167,CTL03,24.7,93381
0,C,2,C2,874,CTL11,24.7,91012
0,C,2,C2,874,CTL11,24.7,91012
0,C,3,C3,262,SCZ08,24.7,Inf
0,C,3,C3,262,SCZ08,24.7,Inf
0,C,4,C4,737,SCZ16,24.7,96758
0,C,4,C4,737,SCZ16,24.7,96758
0,C,5,C5,907,LYS04,24.7,92393
0,C,5,C5,907,LYS04,24.7,92393
0,C,6,C6,RECOMBINANT ERK  1 nM,ERK_1.000nM,24.7,Inf
0,C,6,C6,RECOMBINANT ERK  1 nM,ERK_1.000nM,24.7,Inf
0,C,7,C7,167,CTL03,24.7,95687
0,C,7,C7,167,CTL03,24.7,95687
0,C,8,C8,874,CTL11,24.7,88353
0,C,8,C8,874,CTL11,24.7,88353
0,C,9,C9,262,SCZ08,24.7,92845
0,C,9,C9,262,SCZ08,24.7,92845
0,C,10,C10,737,SCZ16,24.7,91134
0,C,10,C10,737,SCZ16,24.7,91134
0,C,11,C11,907,LYS04,24.7,91364
0,C,11,C11,907,LYS04,24.7,91364
0,C,12,C12,RECOMBINANT ERK  1 nM,ERK_1.000nM,24.7,96859
0,C,12,C12,RECOMBINANT ERK  1 nM,ERK_1.000nM,24.7,96859
0,D,1,D1,195,CTL04,24.7,87108
0,D,1,D1,195,CTL04,24.7,87108
0,D,2,D2,11,SCZ01,24.7,98185
0,D,2,D2,11,SCZ01,24.7,98185
0,D,3,D3,291,SCZ09,24.7,92911
0,D,3,D3,291,SCZ09,24.7,92911
0,D,4,D4,802,SCZ17,24.7,83100
0,D,4,D4,802,SCZ17,24.7,83100
0,D,5,D5,5000ng lysate + HI,LYS_HI,24.7,Inf
0,D,5,D5,5000ng lysate + HI,LYS_HI,24.7,Inf
0,D,6,D6,RECOMBINANT ERK  0.75 nM,ERK_0.750nM,24.7,97417
0,D,6,D6,RECOMBINANT ERK  0.75 nM,ERK_0.750nM,24.7,97417
0,D,7,D7,195,CTL04,24.7,90223
0,D,7,D7,195,CTL04,24.7,90223
0,D,8,D8,11,SCZ01,24.7,91535
0,D,8,D8,11,SCZ01,24.7,91535
0,D,9,D9,291,SCZ09,24.7,83609
0,D,9,D9,291,SCZ09,24.7,83609
0,D,10,D10,802,SCZ17,24.7,86995
0,D,10,D10,802,SCZ17,24.7,86995
0,D,11,D11,5000ng lysate + HI,LYS_HI,24.7,Inf
0,D,11,D11,5000ng lysate + HI,LYS_HI,24.7,Inf
0,D,12,D12,RECOMBINANT ERK  0.75 nM,ERK_0.750nM,24.7,98659
0,D,12,D12,RECOMBINANT ERK  0.75 nM,ERK_0.750nM,24.7,98659
0,E,1,E1,223,CTL05,24.7,94359
0,E,1,E1,223,CTL05,24.7,94359
0,E,2,E2,22,SCZ02,24.7,95196
0,E,2,E2,22,SCZ02,24.7,95196
0,E,3,E3,329,SCZ10,24.7,Inf
0,E,3,E3,329,SCZ10,24.7,Inf
0,E,4,E4,930,SCZ18,24.7,72643
0,E,4,E4,930,SCZ18,24.7,72643
0,E,5,E5,5000ng lysate +ERK INHIBITOR,LYS_INH,24.7,94880
0,E,5,E5,5000ng lysate +ERK INHIBITOR,LYS_INH,24.7,94880
0,E,6,E6,RECOMBINANT ERK 0.5 nM,ERK_0.500nM,24.7,Inf
0,E,6,E6,RECOMBINANT ERK 0.5 nM,ERK_0.500nM,24.7,Inf
0,E,7,E7,223,CTL05,24.7,85739
0,E,7,E7,223,CTL05,24.7,85739
0,E,8,E8,22,SCZ02,24.7,80146
0,E,8,E8,22,SCZ02,24.7,80146
0,E,9,E9,329,SCZ10,24.7,85372
0,E,9,E9,329,SCZ10,24.7,85372
0,E,10,E10,930,SCZ18,24.7,69687
0,E,10,E10,930,SCZ18,24.7,69687
0,E,11,E11,5000ng lysate +ERK INHIBITOR,LYS_INH,24.7,92860
0,E,11,E11,5000ng lysate +ERK INHIBITOR,LYS_INH,24.7,92860
0,E,12,E12,RECOMBINANT ERK 0.5 nM,ERK_0.500nM,24.7,95627
0,E,12,E12,RECOMBINANT ERK 0.5 nM,ERK_0.500nM,24.7,95627
0,F,1,F1,524,CTL06,24.7,95816
0,F,1,F1,524,CTL06,24.7,95816
0,F,2,F2,29,SCZ03,24.7,88577
0,F,2,F2,29,SCZ03,24.7,88577
0,F,3,F3,446,SCZ11,24.7,85461
0,F,3,F3,446,SCZ11,24.7,85461
0,F,4,F4,931,SCZ19,24.7,88454
0,F,4,F4,931,SCZ19,24.7,88454
0,F,5,F5,"BLANK- Master Mix, no lysate",BLNK,24.7,91773
0,F,5,F5,"BLANK- Master Mix, no lysate",BLNK,24.7,91773
0,F,6,F6,RECOMBINANT ERK  0.25 nM,ERK_0.250nM,24.7,97083
0,F,6,F6,RECOMBINANT ERK  0.25 nM,ERK_0.250nM,24.7,97083
0,F,7,F7,524,CTL06,24.7,89911
0,F,7,F7,524,CTL06,24.7,89911
0,F,8,F8,29,SCZ03,24.7,89588
0,F,8,F8,29,SCZ03,24.7,89588
0,F,9,F9,446,SCZ11,24.7,84722
0,F,9,F9,446,SCZ11,24.7,84722
0,F,10,F10,931,SCZ19,24.7,84952
0,F,10,F10,931,SCZ19,24.7,84952
0,F,11,F11,"BLANK- Master Mix, no lysate",BLNK,24.7,90727
0,F,11,F11,"BLANK- Master Mix, no lysate",BLNK,24.7,90727
0,F,12,F12,RECOMBINANT ERK  0.25 nM,ERK_0.250nM,24.7,93139
0,F,12,F12,RECOMBINANT ERK  0.25 nM,ERK_0.250nM,24.7,93139
0,G,1,G1,661,CTL07,24.7,88625
0,G,1,G1,661,CTL07,24.7,88625
0,G,2,G2,69,SCZ04,24.7,95393
0,G,2,G2,69,SCZ04,24.7,95393
0,G,3,G3,510,SCZ12,24.7,98547
0,G,3,G3,510,SCZ12,24.7,98547
0,G,4,G4,932,SCZ20,24.7,78158
0,G,4,G4,932,SCZ20,24.7,78158
0,G,5,G5,"BLANK- Master Mix, lysate, no reporter",BLNK_LYS,24.7,24416
0,G,5,G5,"BLANK- Master Mix, lysate, no reporter",BLNK_LYS,24.7,24416
0,G,6,G6,RECOMBINANT ERK  0.125 nM,ERK_0.125nM,24.7,Inf
0,G,6,G6,RECOMBINANT ERK  0.125 nM,ERK_0.125nM,24.7,Inf
0,G,7,G7,661,CTL07,24.7,84014
0,G,7,G7,661,CTL07,24.7,84014
0,G,8,G8,69,SCZ04,24.7,89579
0,G,8,G8,69,SCZ04,24.7,89579
0,G,9,G9,510,SCZ12,24.7,95202
0,G,9,G9,510,SCZ12,24.7,95202
0,G,10,G10,932,SCZ20,24.7,75116
0,G,10,G10,932,SCZ20,24.7,75116
0,G,11,G11,"BLANK- Master Mix, lysate, no reporter",BLNK_LYS,24.7,25604
0,G,11,G11,"BLANK- Master Mix, lysate, no reporter",BLNK_LYS,24.7,25604
0,G,12,G12,RECOMBINANT ERK  0.125 nM,ERK_0.125nM,24.7,96447
0,G,12,G12,RECOMBINANT ERK  0.125 nM,ERK_0.125nM,24.7,96447
0,H,1,H1,689,CTL08,24.7,95219
0,H,1,H1,689,CTL08,24.7,95219
0,H,2,H2,94,SCZ05,24.7,89214
0,H,2,H2,94,SCZ05,24.7,89214
0,H,3,H3,547,SCZ13,24.7,93765
0,H,3,H3,547,SCZ13,24.7,93765
0,H,4,H4,326,LYS01,24.7,96301
0,H,4,H4,326,LYS01,24.7,96301
0,H,5,H5,NA,EMPTY,24.7,93324
0,H,5,H5,NA,EMPTY,24.7,93324
0,H,6,H6,RECOMBINANT ERK 2nM + ERK INHIBITOR,ERK_2.000nM_INH,24.7,29178
0,H,6,H6,RECOMBINANT ERK 2nM + ERK INHIBITOR,ERK_2.000nM_INH,24.7,29178
0,H,7,H7,689,CTL08,24.7,Inf
0,H,7,H7,689,CTL08,24.7,Inf
0,H,8,H8,94,SCZ05,24.7,32134
0,H,8,H8,94,SCZ05,24.7,32134
0,H,9,H9,547,SCZ13,24.7,99384
0,H,9,H9,547,SCZ13,24.7,99384
0,H,10,H10,326,LYS01,24.7,99314
0,H,10,H10,326,LYS01,24.7,99314
0,H,11,H11,NA,EMPTY,24.7,25377
0,H,11,H11,NA,EMPTY,24.7,25377
0,H,12,H12,RECOMBINANT ERK 2nM + ERK INHIBITOR,ERK_2.000nM_INH,24.7,Inf
0,H,12,H12,RECOMBINANT ERK 2nM + ERK INHIBITOR,ERK_2.000nM_INH,24.7,Inf
141,A,1,A1,46,CTL01,24.7,97248
141,A,1,A1,46,CTL01,24.7,97248
141,A,2,A2,720,CTL09,24.7,96753
141,A,2,A2,720,CTL09,24.7,96753
141,A,3,A3,225,SCZ06,24.7,83202
141,A,3,A3,225,SCZ06,24.7,83202
141,A,4,A4,552,SCZ14,24.7,94100
141,A,4,A4,552,SCZ14,24.7,94100
141,A,5,A5,328,LYS02,24.7,91999
141,A,5,A5,328,LYS02,24.7,91999
141,A,6,A6,RECOMBINANT ERK  2nM,ERK_2.000nM,24.7,Inf
141,A,6,A6,RECOMBINANT ERK  2nM,ERK_2.000nM,24.7,Inf
141,A,7,A7,46,CTL01,24.7,98958
141,A,7,A7,46,CTL01,24.7,98958
141,A,8,A8,720,CTL09,24.7,88479
141,A,8,A8,720,CTL09,24.7,88479
141,A,9,A9,225,SCZ06,24.7,95039
141,A,9,A9,225,SCZ06,24.7,95039
141,A,10,A10,552,SCZ14,24.7,Inf
141,A,10,A10,552,SCZ14,24.7,Inf
141,A,11,A11,328,LYS02,24.7,96229
141,A,11,A11,328,LYS02,24.7,96229
141,A,12,A12,RECOMBINANT ERK  2nM,ERK_2.000nM,24.7,Inf
141,A,12,A12,RECOMBINANT ERK  2nM,ERK_2.000nM,24.7,Inf
141,B,1,B1,116,CTL02,24.7,90053
141,B,1,B1,116,CTL02,24.7,90053
141,B,2,B2,859,CTL10,24.7,99016
141,B,2,B2,859,CTL10,24.7,99016
141,B,3,B3,235,SCZ07,24.7,Inf
141,B,3,B3,235,SCZ07,24.7,Inf
141,B,4,B4,565,SCZ15,24.7,95504
141,B,4,B4,565,SCZ15,24.7,95504
141,B,5,B5,335,LYS03,24.7,95490
141,B,5,B5,335,LYS03,24.7,95490
141,B,6,B6,RECOMBINANT ERK 1.5 nM,ERK_1.500nM,24.7,Inf
141,B,6,B6,RECOMBINANT ERK 1.5 nM,ERK_1.500nM,24.7,Inf
141,B,7,B7,116,CTL02,24.7,84018
141,B,7,B7,116,CTL02,24.7,84018
141,B,8,B8,859,CTL10,24.7,89060
141,B,8,B8,859,CTL10,24.7,89060
141,B,9,B9,235,SCZ07,24.7,Inf
141,B,9,B9,235,SCZ07,24.7,Inf
141,B,10,B10,565,SCZ15,24.7,95375
141,B,10,B10,565,SCZ15,24.7,95375
141,B,11,B11,335,LYS03,24.7,92218
141,B,11,B11,335,LYS03,24.7,92218
141,B,12,B12,RECOMBINANT ERK 1.5 nM,ERK_1.500nM,24.7,Inf
141,B,12,B12,RECOMBINANT ERK 1.5 nM,ERK_1.500nM,24.7,Inf
141,C,1,C1,167,CTL03,24.7,92925
141,C,1,C1,167,CTL03,24.7,92925
141,C,2,C2,874,CTL11,24.7,91111
141,C,2,C2,874,CTL11,24.7,91111
141,C,3,C3,262,SCZ08,24.7,Inf
141,C,3,C3,262,SCZ08,24.7,Inf
141,C,4,C4,737,SCZ16,24.7,96467
141,C,4,C4,737,SCZ16,24.7,96467
141,C,5,C5,907,LYS04,24.7,91918
141,C,5,C5,907,LYS04,24.7,91918
141,C,6,C6,RECOMBINANT ERK  1 nM,ERK_1.000nM,24.7,Inf
141,C,6,C6,RECOMBINANT ERK  1 nM,ERK_1.000nM,24.7,Inf
141,C,7,C7,167,CTL03,24.7,94524
141,C,7,C7,167,CTL03,24.7,94524
141,C,8,C8,874,CTL11,24.7,88735
141,C,8,C8,874,CTL11,24.7,88735
141,C,9,C9,262,SCZ08,24.7,91853
141,C,9,C9,262,SCZ08,24.7,91853
141,C,10,C10,737,SCZ16,24.7,90953
141,C,10,C10,737,SCZ16,24.7,90953
141,C,11,C11,907,LYS04,24.7,91609
141,C,11,C11,907,LYS04,24.7,91609
141,C,12,C12,RECOMBINANT ERK  1 nM,ERK_1.000nM,24.7,98849
141,C,12,C12,RECOMBINANT ERK  1 nM,ERK_1.000nM,24.7,98849
141,D,1,D1,195,CTL04,24.7,89778
141,D,1,D1,195,CTL04,24.7,89778
141,D,2,D2,11,SCZ01,24.7,97777
141,D,2,D2,11,SCZ01,24.7,97777
141,D,3,D3,291,SCZ09,24.7,91963
141,D,3,D3,291,SCZ09,24.7,91963
141,D,4,D4,802,SCZ17,24.7,83964
141,D,4,D4,802,SCZ17,24.7,83964
141,D,5,D5,5000ng lysate + HI,LYS_HI,24.7,Inf
141,D,5,D5,5000ng lysate + HI,LYS_HI,24.7,Inf
141,D,6,D6,RECOMBINANT ERK  0.75 nM,ERK_0.750nM,24.7,98938
141,D,6,D6,RECOMBINANT ERK  0.75 nM,ERK_0.750nM,24.7,98938
141,D,7,D7,195,CTL04,24.7,89397
141,D,7,D7,195,CTL04,24.7,89397
141,D,8,D8,11,SCZ01,24.7,90257
141,D,8,D8,11,SCZ01,24.7,90257
141,D,9,D9,291,SCZ09,24.7,83094
141,D,9,D9,291,SCZ09,24.7,83094
141,D,10,D10,802,SCZ17,24.7,86682
141,D,10,D10,802,SCZ17,24.7,86682
141,D,11,D11,5000ng lysate + HI,LYS_HI,24.7,Inf
141,D,11,D11,5000ng lysate + HI,LYS_HI,24.7,Inf
141,D,12,D12,RECOMBINANT ERK  0.75 nM,ERK_0.750nM,24.7,98976
141,D,12,D12,RECOMBINANT ERK  0.75 nM,ERK_0.750nM,24.7,98976
141,E,1,E1,223,CTL05,24.7,93347
141,E,1,E1,223,CTL05,24.7,93347
141,E,2,E2,22,SCZ02,24.7,94682
141,E,2,E2,22,SCZ02,24.7,94682
141,E,3,E3,329,SCZ10,24.7,Inf
141,E,3,E3,329,SCZ10,24.7,Inf
141,E,4,E4,930,SCZ18,24.7,72771
141,E,4,E4,930,SCZ18,24.7,72771
141,E,5,E5,5000ng lysate +ERK INHIBITOR,LYS_INH,24.7,93154
141,E,5,E5,5000ng lysate +ERK INHIBITOR,LYS_INH,24.7,93154
141,E,6,E6,RECOMBINANT ERK 0.5 nM,ERK_0.500nM,24.7,Inf
141,E,6,E6,RECOMBINANT ERK 0.5 nM,ERK_0.500nM,24.7,Inf
141,E,7,E7,223,CTL05,24.7,86695
141,E,7,E7,223,CTL05,24.7,86695
141,E,8,E8,22,SCZ02,24.7,81474
141,E,8,E8,22,SCZ02,24.7,81474
141,E,9,E9,329,SCZ10,24.7,86831
141,E,9,E9,329,SCZ10,24.7,86831
141,E,10,E10,930,SCZ18,24.7,69327
141,E,10,E10,930,SCZ18,24.7,69327
141,E,11,E11,5000ng lysate +ERK INHIBITOR,LYS_INH,24.7,92565
141,E,11,E11,5000ng lysate +ERK INHIBITOR,LYS_INH,24.7,92565
141,E,12,E12,RECOMBINANT ERK 0.5 nM,ERK_0.500nM,24.7,96101
141,E,12,E12,RECOMBINANT ERK 0.5 nM,ERK_0.500nM,24.7,96101
141,F,1,F1,524,CTL06,24.7,95567
141,F,1,F1,524,CTL06,24.7,95567
141,F,2,F2,29,SCZ03,24.7,88107
141,F,2,F2,29,SCZ03,24.7,88107
141,F,3,F3,446,SCZ11,24.7,85605
141,F,3,F3,446,SCZ11,24.7,85605
141,F,4,F4,931,SCZ19,24.7,88596
141,F,4,F4,931,SCZ19,24.7,88596
141,F,5,F5,"BLANK- Master Mix, no lysate",BLNK,24.7,90496
141,F,5,F5,"BLANK- Master Mix, no lysate",BLNK,24.7,90496
141,F,6,F6,RECOMBINANT ERK  0.25 nM,ERK_0.250nM,24.7,95777
141,F,6,F6,RECOMBINANT ERK  0.25 nM,ERK_0.250nM,24.7,95777
141,F,7,F7,524,CTL06,24.7,90497
141,F,7,F7,524,CTL06,24.7,90497
141,F,8,F8,29,SCZ03,24.7,89465
141,F,8,F8,29,SCZ03,24.7,89465
141,F,9,F9,446,SCZ11,24.7,85715
141,F,9,F9,446,SCZ11,24.7,85715
141,F,10,F10,931,SCZ19,24.7,85332
141,F,10,F10,931,SCZ19,24.7,85332
141,F,11,F11,"BLANK- Master Mix, no lysate",BLNK,24.7,90551
141,F,11,F11,"BLANK- Master Mix, no lysate",BLNK,24.7,90551
141,F,12,F12,RECOMBINANT ERK  0.25 nM,ERK_0.250nM,24.7,93355
141,F,12,F12,RECOMBINANT ERK  0.25 nM,ERK_0.250nM,24.7,93355
141,G,1,G1,661,CTL07,24.7,88039
141,G,1,G1,661,CTL07,24.7,88039
141,G,2,G2,69,SCZ04,24.7,95005
141,G,2,G2,69,SCZ04,24.7,95005
141,G,3,G3,510,SCZ12,24.7,97140
141,G,3,G3,510,SCZ12,24.7,97140
141,G,4,G4,932,SCZ20,24.7,78163
141,G,4,G4,932,SCZ20,24.7,78163
141,G,5,G5,"BLANK- Master Mix, lysate, no reporter",BLNK_LYS,24.7,24701
141,G,5,G5,"BLANK- Master Mix, lysate, no reporter",BLNK_LYS,24.7,24701
141,G,6,G6,RECOMBINANT ERK  0.125 nM,ERK_0.125nM,24.7,Inf
141,G,6,G6,RECOMBINANT ERK  0.125 nM,ERK_0.125nM,24.7,Inf
141,G,7,G7,661,CTL07,24.7,83709
141,G,7,G7,661,CTL07,24.7,83709
141,G,8,G8,69,SCZ04,24.7,89433
141,G,8,G8,69,SCZ04,24.7,89433
141,G,9,G9,510,SCZ12,24.7,95133
141,G,9,G9,510,SCZ12,24.7,95133
141,G,10,G10,932,SCZ20,24.7,74387
141,G,10,G10,932,SCZ20,24.7,74387
141,G,11,G11,"BLANK- Master Mix, lysate, no reporter",BLNK_LYS,24.7,25235
141,G,11,G11,"BLANK- Master Mix, lysate, no reporter",BLNK_LYS,24.7,25235
141,G,12,G12,RECOMBINANT ERK  0.125 nM,ERK_0.125nM,24.7,96047
141,G,12,G12,RECOMBINANT ERK  0.125 nM,ERK_0.125nM,24.7,96047
141,H,1,H1,689,CTL08,24.7,94891
141,H,1,H1,689,CTL08,24.7,94891
141,H,2,H2,94,SCZ05,24.7,89616
141,H,2,H2,94,SCZ05,24.7,89616
141,H,3,H3,547,SCZ13,24.7,93770
141,H,3,H3,547,SCZ13,24.7,93770
141,H,4,H4,326,LYS01,24.7,96780
141,H,4,H4,326,LYS01,24.7,96780
141,H,5,H5,NA,EMPTY,24.7,92927
141,H,5,H5,NA,EMPTY,24.7,92927
141,H,6,H6,RECOMBINANT ERK 2nM + ERK INHIBITOR,ERK_2.000nM_INH,24.7,28592
141,H,6,H6,RECOMBINANT ERK 2nM + ERK INHIBITOR,ERK_2.000nM_INH,24.7,28592
141,H,7,H7,689,CTL08,24.7,Inf
141,H,7,H7,689,CTL08,24.7,Inf
141,H,8,H8,94,SCZ05,24.7,31383
141,H,8,H8,94,SCZ05,24.7,31383
141,H,9,H9,547,SCZ13,24.7,98490
141,H,9,H9,547,SCZ13,24.7,98490
141,H,10,H10,326,LYS01,24.7,98994
141,H,10,H10,326,LYS01,24.7,98994
141,H,11,H11,NA,EMPTY,24.7,25150
141,H,11,H11,NA,EMPTY,24.7,25150
141,H,12,H12,RECOMBINANT ERK 2nM + ERK INHIBITOR,ERK_2.000nM_INH,24.7,Inf
141,H,12,H12,RECOMBINANT ERK 2nM + ERK INHIBITOR,ERK_2.000nM_INH,24.7,Inf
282,A,1,A1,46,CTL01,24.7,97546
282,A,1,A1,46,CTL01,24.7,97546
282,A,2,A2,720,CTL09,24.7,95944
282,A,2,A2,720,CTL09,24.7,95944
282,A,3,A3,225,SCZ06,24.7,82727
282,A,3,A3,225,SCZ06,24.7,82727
282,A,4,A4,552,SCZ14,24.7,94027
282,A,4,A4,552,SCZ14,24.7,94027
282,A,5,A5,328,LYS02,24.7,91278
282,A,5,A5,328,LYS02,24.7,91278
282,A,6,A6,RECOMBINANT ERK  2nM,ERK_2.000nM,24.7,Inf
282,A,6,A6,RECOMBINANT ERK  2nM,ERK_2.000nM,24.7,Inf
282,A,7,A7,46,CTL01,24.7,98772
282,A,7,A7,46,CTL01,24.7,98772
282,A,8,A8,720,CTL09,24.7,88350
282,A,8,A8,720,CTL09,24.7,88350
282,A,9,A9,225,SCZ06,24.7,94325
282,A,9,A9,225,SCZ06,24.7,94325
282,A,10,A10,552,SCZ14,24.7,Inf
282,A,10,A10,552,SCZ14,24.7,Inf
282,A,11,A11,328,LYS02,24.7,95625
282,A,11,A11,328,LYS02,24.7,95625
282,A,12,A12,RECOMBINANT ERK  2nM,ERK_2.000nM,24.7,Inf
282,A,12,A12,RECOMBINANT ERK  2nM,ERK_2.000nM,24.7,Inf
282,B,1,B1,116,CTL02,24.7,89674
282,B,1,B1,116,CTL02,24.7,89674
282,B,2,B2,859,CTL10,24.7,98781
282,B,2,B2,859,CTL10,24.7,98781
282,B,3,B3,235,SCZ07,24.7,Inf
282,B,3,B3,235,SCZ07,24.7,Inf
282,B,4,B4,565,SCZ15,24.7,93147
282,B,4,B4,565,SCZ15,24.7,93147
282,B,5,B5,335,LYS03,24.7,95081
282,B,5,B5,335,LYS03,24.7,95081
282,B,6,B6,RECOMBINANT ERK 1.5 nM,ERK_1.500nM,24.7,Inf
282,B,6,B6,RECOMBINANT ERK 1.5 nM,ERK_1.500nM,24.7,Inf
282,B,7,B7,116,CTL02,24.7,84108
282,B,7,B7,116,CTL02,24.7,84108
282,B,8,B8,859,CTL10,24.7,89972
282,B,8,B8,859,CTL10,24.7,89972
282,B,9,B9,235,SCZ07,24.7,Inf
282,B,9,B9,235,SCZ07,24.7,Inf
282,B,10,B10,565,SCZ15,24.7,95688
282,B,10,B10,565,SCZ15,24.7,95688
282,B,11,B11,335,LYS03,24.7,91660
282,B,11,B11,335,LYS03,24.7,91660
282,B,12,B12,RECOMBINANT ERK 1.5 nM,ERK_1.500nM,24.7,Inf
282,B,12,B12,RECOMBINANT ERK 1.5 nM,ERK_1.500nM,24.7,Inf
282,C,1,C1,167,CTL03,24.7,92949
282,C,1,C1,167,CTL03,24.7,92949
282,C,2,C2,874,CTL11,24.7,91382
282,C,2,C2,874,CTL11,24.7,91382
282,C,3,C3,262,SCZ08,24.7,99951
282,C,3,C3,262,SCZ08,24.7,99951
282,C,4,C4,737,SCZ16,24.7,95781
282,C,4,C4,737,SCZ16,24.7,95781
282,C,5,C5,907,LYS04,24.7,90788
282,C,5,C5,907,LYS04,24.7,90788
282,C,6,C6,RECOMBINANT ERK  1 nM,ERK_1.000nM,24.7,Inf
282,C,6,C6,RECOMBINANT ERK  1 nM,ERK_1.000nM,24.7,Inf
282,C,7,C7,167,CTL03,24.7,94124
282,C,7,C7,167,CTL03,24.7,94124
282,C,8,C8,874,CTL11,24.7,87705
282,C,8,C8,874,CTL11,24.7,87705
282,C,9,C9,262,SCZ08,24.7,92100
282,C,9,C9,262,SCZ08,24.7,92100
282,C,10,C10,737,SCZ16,24.7,89884
282,C,10,C10,737,SCZ16,24.7,89884
282,C,11,C11,907,LYS04,24.7,90324
282,C,11,C11,907,LYS04,24.7,90324
282,C,12,C12,RECOMBINANT ERK  1 nM,ERK_1.000nM,24.7,Inf
282,C,12,C12,RECOMBINANT ERK  1 nM,ERK_1.000nM,24.7,Inf
282,D,1,D1,195,CTL04,24.7,89747
282,D,1,D1,195,CTL04,24.7,89747
282,D,2,D2,11,SCZ01,24.7,97745
282,D,2,D2,11,SCZ01,24.7,97745
282,D,3,D3,291,SCZ09,24.7,91963
282,D,3,D3,291,SCZ09,24.7,91963
282,D,4,D4,802,SCZ17,24.7,84256
282,D,4,D4,802,SCZ17,24.7,84256
282,D,5,D5,5000ng lysate + HI,LYS_HI,24.7,Inf
282,D,5,D5,5000ng lysate + HI,LYS_HI,24.7,Inf
282,D,6,D6,RECOMBINANT ERK  0.75 nM,ERK_0.750nM,24.7,99112
282,D,6,D6,RECOMBINANT ERK  0.75 nM,ERK_0.750nM,24.7,99112
282,D,7,D7,195,CTL04,24.7,89820
282,D,7,D7,195,CTL04,24.7,89820
282,D,8,D8,11,SCZ01,24.7,89907
282,D,8,D8,11,SCZ01,24.7,89907
282,D,9,D9,291,SCZ09,24.7,83808
282,D,9,D9,291,SCZ09,24.7,83808
282,D,10,D10,802,SCZ17,24.7,86209
282,D,10,D10,802,SCZ17,24.7,86209
282,D,11,D11,5000ng lysate + HI,LYS_HI,24.7,Inf
282,D,11,D11,5000ng lysate + HI,LYS_HI,24.7,Inf
282,D,12,D12,RECOMBINANT ERK  0.75 nM,ERK_0.750nM,24.7,99771
282,D,12,D12,RECOMBINANT ERK  0.75 nM,ERK_0.750nM,24.7,99771
282,E,1,E1,223,CTL05,24.7,93115
282,E,1,E1,223,CTL05,24.7,93115
282,E,2,E2,22,SCZ02,24.7,94611
282,E,2,E2,22,SCZ02,24.7,94611
282,E,3,E3,329,SCZ10,24.7,Inf
282,E,3,E3,329,SCZ10,24.7,Inf
282,E,4,E4,930,SCZ18,24.7,72247
282,E,4,E4,930,SCZ18,24.7,72247
282,E,5,E5,5000ng lysate +ERK INHIBITOR,LYS_INH,24.7,93363
282,E,5,E5,5000ng lysate +ERK INHIBITOR,LYS_INH,24.7,93363
282,E,6,E6,RECOMBINANT ERK 0.5 nM,ERK_0.500nM,24.7,Inf
282,E,6,E6,RECOMBINANT ERK 0.5 nM,ERK_0.500nM,24.7,Inf
282,E,7,E7,223,CTL05,24.7,86845
282,E,7,E7,223,CTL05,24.7,86845
282,E,8,E8,22,SCZ02,24.7,81773
282,E,8,E8,22,SCZ02,24.7,81773
282,E,9,E9,329,SCZ10,24.7,88764
282,E,9,E9,329,SCZ10,24.7,88764
282,E,10,E10,930,SCZ18,24.7,68857
282,E,10,E10,930,SCZ18,24.7,68857
282,E,11,E11,5000ng lysate +ERK INHIBITOR,LYS_INH,24.7,92074
282,E,11,E11,5000ng lysate +ERK INHIBITOR,LYS_INH,24.7,92074
282,E,12,E12,RECOMBINANT ERK 0.5 nM,ERK_0.500nM,24.7,95557
282,E,12,E12,RECOMBINANT ERK 0.5 nM,ERK_0.500nM,24.7,95557
282,F,1,F1,524,CTL06,24.7,94659
282,F,1,F1,524,CTL06,24.7,94659
282,F,2,F2,29,SCZ03,24.7,87773
282,F,2,F2,29,SCZ03,24.7,87773
282,F,3,F3,446,SCZ11,24.7,85460
282,F,3,F3,446,SCZ11,24.7,85460
282,F,4,F4,931,SCZ19,24.7,88915
282,F,4,F4,931,SCZ19,24.7,88915
282,F,5,F5,"BLANK- Master Mix, no lysate",BLNK,24.7,91332
282,F,5,F5,"BLANK- Master Mix, no lysate",BLNK,24.7,91332
282,F,6,F6,RECOMBINANT ERK  0.25 nM,ERK_0.250nM,24.7,95931
282,F,6,F6,RECOMBINANT ERK  0.25 nM,ERK_0.250nM,24.7,95931
282,F,7,F7,524,CTL06,24.7,90138
282,F,7,F7,524,CTL06,24.7,90138
282,F,8,F8,29,SCZ03,24.7,88910
282,F,8,F8,29,SCZ03,24.7,88910
282,F,9,F9,446,SCZ11,24.7,85419
282,F,9,F9,446,SCZ11,24.7,85419
282,F,10,F10,931,SCZ19,24.7,84300
282,F,10,F10,931,SCZ19,24.7,84300
282,F,11,F11,"BLANK- Master Mix, no lysate",BLNK,24.7,90460
282,F,11,F11,"BLANK- Master Mix, no lysate",BLNK,24.7,90460
282,F,12,F12,RECOMBINANT ERK  0.25 nM,ERK_0.250nM,24.7,93726
282,F,12,F12,RECOMBINANT ERK  0.25 nM,ERK_0.250nM,24.7,93726
282,G,1,G1,661,CTL07,24.7,88184
282,G,1,G1,661,CTL07,24.7,88184
282,G,2,G2,69,SCZ04,24.7,94312
282,G,2,G2,69,SCZ04,24.7,94312
282,G,3,G3,510,SCZ12,24.7,96936
282,G,3,G3,510,SCZ12,24.7,96936
282,G,4,G4,932,SCZ20,24.7,76994
282,G,4,G4,932,SCZ20,24.7,76994
282,G,5,G5,"BLANK- Master Mix, lysate, no reporter",BLNK_LYS,24.7,24062
282,G,5,G5,"BLANK- Master Mix, lysate, no reporter",BLNK_LYS,24.7,24062
282,G,6,G6,RECOMBINANT ERK  0.125 nM,ERK_0.125nM,24.7,Inf
282,G,6,G6,RECOMBINANT ERK  0.125 nM,ERK_0.125nM,24.7,Inf
282,G,7,G7,661,CTL07,24.7,83857
282,G,7,G7,661,CTL07,24.7,83857
282,G,8,G8,69,SCZ04,24.7,89102
282,G,8,G8,69,SCZ04,24.7,89102
282,G,9,G9,510,SCZ12,24.7,94124
282,G,9,G9,510,SCZ12,24.7,94124
282,G,10,G10,932,SCZ20,24.7,74143
282,G,10,G10,932,SCZ20,24.7,74143
282,G,11,G11,"BLANK- Master Mix, lysate, no reporter",BLNK_LYS,24.7,25069
282,G,11,G11,"BLANK- Master Mix, lysate, no reporter",BLNK_LYS,24.7,25069
282,G,12,G12,RECOMBINANT ERK  0.125 nM,ERK_0.125nM,24.7,94791
282,G,12,G12,RECOMBINANT ERK  0.125 nM,ERK_0.125nM,24.7,94791
282,H,1,H1,689,CTL08,24.7,93829
282,H,1,H1,689,CTL08,24.7,93829
282,H,2,H2,94,SCZ05,24.7,89619
282,H,2,H2,94,SCZ05,24.7,89619
282,H,3,H3,547,SCZ13,24.7,93631
282,H,3,H3,547,SCZ13,24.7,93631
282,H,4,H4,326,LYS01,24.7,96563
282,H,4,H4,326,LYS01,24.7,96563
282,H,5,H5,NA,EMPTY,24.7,92617
282,H,5,H5,NA,EMPTY,24.7,92617
282,H,6,H6,RECOMBINANT ERK 2nM + ERK INHIBITOR,ERK_2.000nM_INH,24.7,28721
282,H,6,H6,RECOMBINANT ERK 2nM + ERK INHIBITOR,ERK_2.000nM_INH,24.7,28721
282,H,7,H7,689,CTL08,24.7,Inf
282,H,7,H7,689,CTL08,24.7,Inf
282,H,8,H8,94,SCZ05,24.7,30893
282,H,8,H8,94,SCZ05,24.7,30893
282,H,9,H9,547,SCZ13,24.7,97759
282,H,9,H9,547,SCZ13,24.7,97759
282,H,10,H10,326,LYS01,24.7,98256
282,H,10,H10,326,LYS01,24.7,98256
282,H,11,H11,NA,EMPTY,24.7,24918
282,H,11,H11,NA,EMPTY,24.7,24918
282,H,12,H12,RECOMBINANT ERK 2nM + ERK INHIBITOR,ERK_2.000nM_INH,24.7,Inf
282,H,12,H12,RECOMBINANT ERK 2nM + ERK INHIBITOR,ERK_2.000nM_INH,24.7,Inf
423,A,1,A1,46,CTL01,24.7,96710
423,A,1,A1,46,CTL01,24.7,96710
423,A,2,A2,720,CTL09,24.7,95970
423,A,2,A2,720,CTL09,24.7,95970
423,A,3,A3,225,SCZ06,24.7,82402
423,A,3,A3,225,SCZ06,24.7,82402
423,A,4,A4,552,SCZ14,24.7,93944
423,A,4,A4,552,SCZ14,24.7,93944
423,A,5,A5,328,LYS02,24.7,91914
423,A,5,A5,328,LYS02,24.7,91914
423,A,6,A6,RECOMBINANT ERK  2nM,ERK_2.000nM,24.7,Inf
423,A,6,A6,RECOMBINANT ERK  2nM,ERK_2.000nM,24.7,Inf
423,A,7,A7,46,CTL01,24.7,98148
423,A,7,A7,46,CTL01,24.7,98148
423,A,8,A8,720,CTL09,24.7,87627
423,A,8,A8,720,CTL09,24.7,87627
423,A,9,A9,225,SCZ06,24.7,94112
423,A,9,A9,225,SCZ06,24.7,94112
423,A,10,A10,552,SCZ14,24.7,Inf
423,A,10,A10,552,SCZ14,24.7,Inf
423,A,11,A11,328,LYS02,24.7,95729
423,A,11,A11,328,LYS02,24.7,95729
423,A,12,A12,RECOMBINANT ERK  2nM,ERK_2.000nM,24.7,Inf
423,A,12,A12,RECOMBINANT ERK  2nM,ERK_2.000nM,24.7,Inf
423,B,1,B1,116,CTL02,24.7,89786
423,B,1,B1,116,CTL02,24.7,89786
423,B,2,B2,859,CTL10,24.7,98634
423,B,2,B2,859,CTL10,24.7,98634
423,B,3,B3,235,SCZ07,24.7,Inf
423,B,3,B3,235,SCZ07,24.7,Inf
423,B,4,B4,565,SCZ15,24.7,93542
423,B,4,B4,565,SCZ15,24.7,93542
423,B,5,B5,335,LYS03,24.7,94586
423,B,5,B5,335,LYS03,24.7,94586
423,B,6,B6,RECOMBINANT ERK 1.5 nM,ERK_1.500nM,24.7,Inf
423,B,6,B6,RECOMBINANT ERK 1.5 nM,ERK_1.500nM,24.7,Inf
423,B,7,B7,116,CTL02,24.7,84383
423,B,7,B7,116,CTL02,24.7,84383
423,B,8,B8,859,CTL10,24.7,89026
423,B,8,B8,859,CTL10,24.7,89026
423,B,9,B9,235,SCZ07,24.7,Inf
423,B,9,B9,235,SCZ07,24.7,Inf
423,B,10,B10,565,SCZ15,24.7,95083
423,B,10,B10,565,SCZ15,24.7,95083
423,B,11,B11,335,LYS03,24.7,91550
423,B,11,B11,335,LYS03,24.7,91550
423,B,12,B12,RECOMBINANT ERK 1.5 nM,ERK_1.500nM,24.7,Inf
423,B,12,B12,RECOMBINANT ERK 1.5 nM,ERK_1.500nM,24.7,Inf
423,C,1,C1,167,CTL03,24.7,93004
423,C,1,C1,167,CTL03,24.7,93004
423,C,2,C2,874,CTL11,24.7,90250
423,C,2,C2,874,CTL11,24.7,90250
423,C,3,C3,262,SCZ08,24.7,Inf
423,C,3,C3,262,SCZ08,24.7,Inf
423,C,4,C4,737,SCZ16,24.7,95767
423,C,4,C4,737,SCZ16,24.7,95767
423,C,5,C5,907,LYS04,24.7,90295
423,C,5,C5,907,LYS04,24.7,90295
423,C,6,C6,RECOMBINANT ERK  1 nM,ERK_1.000nM,24.7,Inf
423,C,6,C6,RECOMBINANT ERK  1 nM,ERK_1.000nM,24.7,Inf
423,C,7,C7,167,CTL03,24.7,94212
423,C,7,C7,167,CTL03,24.7,94212
423,C,8,C8,874,CTL11,24.7,87436
423,C,8,C8,874,CTL11,24.7,87436
423,C,9,C9,262,SCZ08,24.7,91582
423,C,9,C9,262,SCZ08,24.7,91582
423,C,10,C10,737,SCZ16,24.7,89673
423,C,10,C10,737,SCZ16,24.7,89673
423,C,11,C11,907,LYS04,24.7,89993
423,C,11,C11,907,LYS04,24.7,89993
423,C,12,C12,RECOMBINANT ERK  1 nM,ERK_1.000nM,24.7,Inf
423,C,12,C12,RECOMBINANT ERK  1 nM,ERK_1.000nM,24.7,Inf
423,D,1,D1,195,CTL04,24.7,89287
423,D,1,D1,195,CTL04,24.7,89287
423,D,2,D2,11,SCZ01,24.7,97143
423,D,2,D2,11,SCZ01,24.7,97143
423,D,3,D3,291,SCZ09,24.7,92058
423,D,3,D3,291,SCZ09,24.7,92058
423,D,4,D4,802,SCZ17,24.7,83714
423,D,4,D4,802,SCZ17,24.7,83714
423,D,5,D5,5000ng lysate + HI,LYS_HI,24.7,Inf
423,D,5,D5,5000ng lysate + HI,LYS_HI,24.7,Inf
423,D,6,D6,RECOMBINANT ERK  0.75 nM,ERK_0.750nM,24.7,Inf
423,D,6,D6,RECOMBINANT ERK  0.75 nM,ERK_0.750nM,24.7,Inf
423,D,7,D7,195,CTL04,24.7,89751
423,D,7,D7,195,CTL04,24.7,89751
423,D,8,D8,11,SCZ01,24.7,89525
423,D,8,D8,11,SCZ01,24.7,89525
423,D,9,D9,291,SCZ09,24.7,83732
423,D,9,D9,291,SCZ09,24.7,83732
423,D,10,D10,802,SCZ17,24.7,85892
423,D,10,D10,802,SCZ17,24.7,85892
423,D,11,D11,5000ng lysate + HI,LYS_HI,24.7,Inf
423,D,11,D11,5000ng lysate + HI,LYS_HI,24.7,Inf
423,D,12,D12,RECOMBINANT ERK  0.75 nM,ERK_0.750nM,24.7,Inf
423,D,12,D12,RECOMBINANT ERK  0.75 nM,ERK_0.750nM,24.7,Inf
423,E,1,E1,223,CTL05,24.7,93280
423,E,1,E1,223,CTL05,24.7,93280
423,E,2,E2,22,SCZ02,24.7,94965
423,E,2,E2,22,SCZ02,24.7,94965
423,E,3,E3,329,SCZ10,24.7,Inf
423,E,3,E3,329,SCZ10,24.7,Inf
423,E,4,E4,930,SCZ18,24.7,71817
423,E,4,E4,930,SCZ18,24.7,71817
423,E,5,E5,5000ng lysate +ERK INHIBITOR,LYS_INH,24.7,92220
423,E,5,E5,5000ng lysate +ERK INHIBITOR,LYS_INH,24.7,92220
423,E,6,E6,RECOMBINANT ERK 0.5 nM,ERK_0.500nM,24.7,Inf
423,E,6,E6,RECOMBINANT ERK 0.5 nM,ERK_0.500nM,24.7,Inf
423,E,7,E7,223,CTL05,24.7,86780
423,E,7,E7,223,CTL05,24.7,86780
423,E,8,E8,22,SCZ02,24.7,81904
423,E,8,E8,22,SCZ02,24.7,81904
423,E,9,E9,329,SCZ10,24.7,88422
423,E,9,E9,329,SCZ10,24.7,88422
423,E,10,E10,930,SCZ18,24.7,69290
423,E,10,E10,930,SCZ18,24.7,69290
423,E,11,E11,5000ng lysate +ERK INHIBITOR,LYS_INH,24.7,91864
423,E,11,E11,5000ng lysate +ERK INHIBITOR,LYS_INH,24.7,91864
423,E,12,E12,RECOMBINANT ERK 0.5 nM,ERK_0.500nM,24.7,96592
423,E,12,E12,RECOMBINANT ERK 0.5 nM,ERK_0.500nM,24.7,96592
423,F,1,F1,524,CTL06,24.7,95065
423,F,1,F1,524,CTL06,24.7,95065
423,F,2,F2,29,SCZ03,24.7,87931
423,F,2,F2,29,SCZ03,24.7,87931
423,F,3,F3,446,SCZ11,24.7,84879
423,F,3,F3,446,SCZ11,24.7,84879
423,F,4,F4,931,SCZ19,24.7,88421
423,F,4,F4,931,SCZ19,24.7,88421
423,F,5,F5,"BLANK- Master Mix, no lysate",BLNK,24.7,89951
423,F,5,F5,"BLANK- Master Mix, no lysate",BLNK,24.7,89951
423,F,6,F6,RECOMBINANT ERK  0.25 nM,ERK_0.250nM,24.7,95936
423,F,6,F6,RECOMBINANT ERK  0.25 nM,ERK_0.250nM,24.7,95936
423,F,7,F7,524,CTL06,24.7,89398
423,F,7,F7,524,CTL06,24.7,89398
423,F,8,F8,29,SCZ03,24.7,89407
423,F,8,F8,29,SCZ03,24.7,89407
423,F,9,F9,446,SCZ11,24.7,84372
423,F,9,F9,446,SCZ11,24.7,84372
423,F,10,F10,931,SCZ19,24.7,84618
423,F,10,F10,931,SCZ19,24.7,84618
423,F,11,F11,"BLANK- Master Mix, no lysate",BLNK,24.7,89847
423,F,11,F11,"BLANK- Master Mix, no lysate",BLNK,24.7,89847
423,F,12,F12,RECOMBINANT ERK  0.25 nM,ERK_0.250nM,24.7,92201
423,F,12,F12,RECOMBINANT ERK  0.25 nM,ERK_0.250nM,24.7,92201
423,G,1,G1,661,CTL07,24.7,88168
423,G,1,G1,661,CTL07,24.7,88168
423,G,2,G2,69,SCZ04,24.7,93781
423,G,2,G2,69,SCZ04,24.7,93781
423,G,3,G3,510,SCZ12,24.7,96506
423,G,3,G3,510,SCZ12,24.7,96506
423,G,4,G4,932,SCZ20,24.7,76841
423,G,4,G4,932,SCZ20,24.7,76841
423,G,5,G5,"BLANK- Master Mix, lysate, no reporter",BLNK_LYS,24.7,23977
423,G,5,G5,"BLANK- Master Mix, lysate, no reporter",BLNK_LYS,24.7,23977
423,G,6,G6,RECOMBINANT ERK  0.125 nM,ERK_0.125nM,24.7,Inf
423,G,6,G6,RECOMBINANT ERK  0.125 nM,ERK_0.125nM,24.7,Inf
423,G,7,G7,661,CTL07,24.7,83628
423,G,7,G7,661,CTL07,24.7,83628
423,G,8,G8,69,SCZ04,24.7,88608
423,G,8,G8,69,SCZ04,24.7,88608
423,G,9,G9,510,SCZ12,24.7,93945
423,G,9,G9,510,SCZ12,24.7,93945
423,G,10,G10,932,SCZ20,24.7,73634
423,G,10,G10,932,SCZ20,24.7,73634
423,G,11,G11,"BLANK- Master Mix, lysate, no reporter",BLNK_LYS,24.7,24655
423,G,11,G11,"BLANK- Master Mix, lysate, no reporter",BLNK_LYS,24.7,24655
423,G,12,G12,RECOMBINANT ERK  0.125 nM,ERK_0.125nM,24.7,94706
423,G,12,G12,RECOMBINANT ERK  0.125 nM,ERK_0.125nM,24.7,94706
423,H,1,H1,689,CTL08,24.7,93521
423,H,1,H1,689,CTL08,24.7,93521
423,H,2,H2,94,SCZ05,24.7,88817
423,H,2,H2,94,SCZ05,24.7,88817
423,H,3,H3,547,SCZ13,24.7,93453
423,H,3,H3,547,SCZ13,24.7,93453
423,H,4,H4,326,LYS01,24.7,95387
423,H,4,H4,326,LYS01,24.7,95387
423,H,5,H5,NA,EMPTY,24.7,91870
423,H,5,H5,NA,EMPTY,24.7,91870
423,H,6,H6,RECOMBINANT ERK 2nM + ERK INHIBITOR,ERK_2.000nM_INH,24.7,28387
423,H,6,H6,RECOMBINANT ERK 2nM + ERK INHIBITOR,ERK_2.000nM_INH,24.7,28387
423,H,7,H7,689,CTL08,24.7,Inf
423,H,7,H7,689,CTL08,24.7,Inf
423,H,8,H8,94,SCZ05,24.7,30577
423,H,8,H8,94,SCZ05,24.7,30577
423,H,9,H9,547,SCZ13,24.7,97704
423,H,9,H9,547,SCZ13,24.7,97704
423,H,10,H10,326,LYS01,24.7,97932
423,H,10,H10,326,LYS01,24.7,97932
423,H,11,H11,NA,EMPTY,24.7,24753
423,H,11,H11,NA,EMPTY,24.7,24753
423,H,12,H12,RECOMBINANT ERK 2nM + ERK INHIBITOR,ERK_2.000nM_INH,24.7,Inf
423,H,12,H12,RECOMBINANT ERK 2nM + ERK INHIBITOR,ERK_2.000nM_INH,24.7,Inf
564,A,1,A1,46,CTL01,24.7,97711
564,A,1,A1,46,CTL01,24.7,97711
564,A,2,A2,720,CTL09,24.7,95931
564,A,2,A2,720,CTL09,24.7,95931
564,A,3,A3,225,SCZ06,24.7,81578
564,A,3,A3,225,SCZ06,24.7,81578
564,A,4,A4,552,SCZ14,24.7,92779
564,A,4,A4,552,SCZ14,24.7,92779
564,A,5,A5,328,LYS02,24.7,90650
564,A,5,A5,328,LYS02,24.7,90650
564,A,6,A6,RECOMBINANT ERK  2nM,ERK_2.000nM,24.7,Inf
564,A,6,A6,RECOMBINANT ERK  2nM,ERK_2.000nM,24.7,Inf
564,A,7,A7,46,CTL01,24.7,97980
564,A,7,A7,46,CTL01,24.7,97980
564,A,8,A8,720,CTL09,24.7,87860
564,A,8,A8,720,CTL09,24.7,87860
564,A,9,A9,225,SCZ06,24.7,94002
564,A,9,A9,225,SCZ06,24.7,94002
564,A,10,A10,552,SCZ14,24.7,99494
564,A,10,A10,552,SCZ14,24.7,99494
564,A,11,A11,328,LYS02,24.7,95157
564,A,11,A11,328,LYS02,24.7,95157
564,A,12,A12,RECOMBINANT ERK  2nM,ERK_2.000nM,24.7,Inf
564,A,12,A12,RECOMBINANT ERK  2nM,ERK_2.000nM,24.7,Inf
564,B,1,B1,116,CTL02,24.7,89925
564,B,1,B1,116,CTL02,24.7,89925
564,B,2,B2,859,CTL10,24.7,98514
564,B,2,B2,859,CTL10,24.7,98514
564,B,3,B3,235,SCZ07,24.7,Inf
564,B,3,B3,235,SCZ07,24.7,Inf
564,B,4,B4,565,SCZ15,24.7,92975
564,B,4,B4,565,SCZ15,24.7,92975
564,B,5,B5,335,LYS03,24.7,93419
564,B,5,B5,335,LYS03,24.7,93419
564,B,6,B6,RECOMBINANT ERK 1.5 nM,ERK_1.500nM,24.7,Inf
564,B,6,B6,RECOMBINANT ERK 1.5 nM,ERK_1.500nM,24.7,Inf
564,B,7,B7,116,CTL02,24.7,83526
564,B,7,B7,116,CTL02,24.7,83526
564,B,8,B8,859,CTL10,24.7,88929
564,B,8,B8,859,CTL10,24.7,88929
564,B,9,B9,235,SCZ07,24.7,99782
564,B,9,B9,235,SCZ07,24.7,99782
564,B,10,B10,565,SCZ15,24.7,94753
564,B,10,B10,565,SCZ15,24.7,94753
564,B,11,B11,335,LYS03,24.7,91232
564,B,11,B11,335,LYS03,24.7,91232
564,B,12,B12,RECOMBINANT ERK 1.5 nM,ERK_1.500nM,24.7,Inf
564,B,12,B12,RECOMBINANT ERK 1.5 nM,ERK_1.500nM,24.7,Inf
564,C,1,C1,167,CTL03,24.7,92919
564,C,1,C1,167,CTL03,24.7,92919
564,C,2,C2,874,CTL11,24.7,89525
564,C,2,C2,874,CTL11,24.7,89525
564,C,3,C3,262,SCZ08,24.7,99567
564,C,3,C3,262,SCZ08,24.7,99567
564,C,4,C4,737,SCZ16,24.7,95017
564,C,4,C4,737,SCZ16,24.7,95017
564,C,5,C5,907,LYS04,24.7,90536
564,C,5,C5,907,LYS04,24.7,90536
564,C,6,C6,RECOMBINANT ERK  1 nM,ERK_1.000nM,24.7,Inf
564,C,6,C6,RECOMBINANT ERK  1 nM,ERK_1.000nM,24.7,Inf
564,C,7,C7,167,CTL03,24.7,93854
564,C,7,C7,167,CTL03,24.7,93854
564,C,8,C8,874,CTL11,24.7,87526
564,C,8,C8,874,CTL11,24.7,87526
564,C,9,C9,262,SCZ08,24.7,91293
564,C,9,C9,262,SCZ08,24.7,91293
564,C,10,C10,737,SCZ16,24.7,89631
564,C,10,C10,737,SCZ16,24.7,89631
564,C,11,C11,907,LYS04,24.7,89451
564,C,11,C11,907,LYS04,24.7,89451
564,C,12,C12,RECOMBINANT ERK  1 nM,ERK_1.000nM,24.7,Inf
564,C,12,C12,RECOMBINANT ERK  1 nM,ERK_1.000nM,24.7,Inf
564,D,1,D1,195,CTL04,24.7,88668
564,D,1,D1,195,CTL04,24.7,88668
564,D,2,D2,11,SCZ01,24.7,97285
564,D,2,D2,11,SCZ01,24.7,97285
564,D,3,D3,291,SCZ09,24.7,91054
564,D,3,D3,291,SCZ09,24.7,91054
564,D,4,D4,802,SCZ17,24.7,83905
564,D,4,D4,802,SCZ17,24.7,83905
564,D,5,D5,5000ng lysate + HI,LYS_HI,24.7,Inf
564,D,5,D5,5000ng lysate + HI,LYS_HI,24.7,Inf
564,D,6,D6,RECOMBINANT ERK  0.75 nM,ERK_0.750nM,24.7,Inf
564,D,6,D6,RECOMBINANT ERK  0.75 nM,ERK_0.750nM,24.7,Inf
564,D,7,D7,195,CTL04,24.7,90061
564,D,7,D7,195,CTL04,24.7,90061
564,D,8,D8,11,SCZ01,24.7,88983
564,D,8,D8,11,SCZ01,24.7,88983
564,D,9,D9,291,SCZ09,24.7,83023
564,D,9,D9,291,SCZ09,24.7,83023
564,D,10,D10,802,SCZ17,24.7,85141
564,D,10,D10,802,SCZ17,24.7,85141
564,D,11,D11,5000ng lysate + HI,LYS_HI,24.7,Inf
564,D,11,D11,5000ng lysate + HI,LYS_HI,24.7,Inf
564,D,12,D12,RECOMBINANT ERK  0.75 nM,ERK_0.750nM,24.7,Inf
564,D,12,D12,RECOMBINANT ERK  0.75 nM,ERK_0.750nM,24.7,Inf
564,E,1,E1,223,CTL05,24.7,93181
564,E,1,E1,223,CTL05,24.7,93181
564,E,2,E2,22,SCZ02,24.7,95597
564,E,2,E2,22,SCZ02,24.7,95597
564,E,3,E3,329,SCZ10,24.7,Inf
564,E,3,E3,329,SCZ10,24.7,Inf
564,E,4,E4,930,SCZ18,24.7,71995
564,E,4,E4,930,SCZ18,24.7,71995
564,E,5,E5,5000ng lysate +ERK INHIBITOR,LYS_INH,24.7,91959
564,E,5,E5,5000ng lysate +ERK INHIBITOR,LYS_INH,24.7,91959
564,E,6,E6,RECOMBINANT ERK 0.5 nM,ERK_0.500nM,24.7,Inf
564,E,6,E6,RECOMBINANT ERK 0.5 nM,ERK_0.500nM,24.7,Inf
564,E,7,E7,223,CTL05,24.7,86379
564,E,7,E7,223,CTL05,24.7,86379
564,E,8,E8,22,SCZ02,24.7,81660
564,E,8,E8,22,SCZ02,24.7,81660
564,E,9,E9,329,SCZ10,24.7,88186
564,E,9,E9,329,SCZ10,24.7,88186
564,E,10,E10,930,SCZ18,24.7,68565
564,E,10,E10,930,SCZ18,24.7,68565
564,E,11,E11,5000ng lysate +ERK INHIBITOR,LYS_INH,24.7,91695
564,E,11,E11,5000ng lysate +ERK INHIBITOR,LYS_INH,24.7,91695
564,E,12,E12,RECOMBINANT ERK 0.5 nM,ERK_0.500nM,24.7,97008
564,E,12,E12,RECOMBINANT ERK 0.5 nM,ERK_0.500nM,24.7,97008
564,F,1,F1,524,CTL06,24.7,95212
564,F,1,F1,524,CTL06,24.7,95212
564,F,2,F2,29,SCZ03,24.7,87835
564,F,2,F2,29,SCZ03,24.7,87835
564,F,3,F3,446,SCZ11,24.7,84449
564,F,3,F3,446,SCZ11,24.7,84449
564,F,4,F4,931,SCZ19,24.7,87926
564,F,4,F4,931,SCZ19,24.7,87926
564,F,5,F5,"BLANK- Master Mix, no lysate",BLNK,24.7,90773
564,F,5,F5,"BLANK- Master Mix, no lysate",BLNK,24.7,90773
564,F,6,F6,RECOMBINANT ERK  0.25 nM,ERK_0.250nM,24.7,95847
564,F,6,F6,RECOMBINANT ERK  0.25 nM,ERK_0.250nM,24.7,95847
564,F,7,F7,524,CTL06,24.7,89867
564,F,7,F7,524,CTL06,24.7,89867
564,F,8,F8,29,SCZ03,24.7,89568
564,F,8,F8,29,SCZ03,24.7,89568
564,F,9,F9,446,SCZ11,24.7,84746
564,F,9,F9,446,SCZ11,24.7,84746
564,F,10,F10,931,SCZ19,24.7,83826
564,F,10,F10,931,SCZ19,24.7,83826
564,F,11,F11,"BLANK- Master Mix, no lysate",BLNK,24.7,89835
564,F,11,F11,"BLANK- Master Mix, no lysate",BLNK,24.7,89835
564,F,12,F12,RECOMBINANT ERK  0.25 nM,ERK_0.250nM,24.7,91924
564,F,12,F12,RECOMBINANT ERK  0.25 nM,ERK_0.250nM,24.7,91924
564,G,1,G1,661,CTL07,24.7,88006
564,G,1,G1,661,CTL07,24.7,88006
564,G,2,G2,69,SCZ04,24.7,93509
564,G,2,G2,69,SCZ04,24.7,93509
564,G,3,G3,510,SCZ12,24.7,96358
564,G,3,G3,510,SCZ12,24.7,96358
564,G,4,G4,932,SCZ20,24.7,77005
564,G,4,G4,932,SCZ20,24.7,77005
564,G,5,G5,"BLANK- Master Mix, lysate, no reporter",BLNK_LYS,24.7,24152
564,G,5,G5,"BLANK- Master Mix, lysate, no reporter",BLNK_LYS,24.7,24152
564,G,6,G6,RECOMBINANT ERK  0.125 nM,ERK_0.125nM,24.7,Inf
564,G,6,G6,RECOMBINANT ERK  0.125 nM,ERK_0.125nM,24.7,Inf
564,G,7,G7,661,CTL07,24.7,83185
564,G,7,G7,661,CTL07,24.7,83185
564,G,8,G8,69,SCZ04,24.7,89070
564,G,8,G8,69,SCZ04,24.7,89070
564,G,9,G9,510,SCZ12,24.7,93749
564,G,9,G9,510,SCZ12,24.7,93749
564,G,10,G10,932,SCZ20,24.7,73993
564,G,10,G10,932,SCZ20,24.7,73993
564,G,11,G11,"BLANK- Master Mix, lysate, no reporter",BLNK_LYS,24.7,24907
564,G,11,G11,"BLANK- Master Mix, lysate, no reporter",BLNK_LYS,24.7,24907
564,G,12,G12,RECOMBINANT ERK  0.125 nM,ERK_0.125nM,24.7,94543
564,G,12,G12,RECOMBINANT ERK  0.125 nM,ERK_0.125nM,24.7,94543
564,H,1,H1,689,CTL08,24.7,94423
564,H,1,H1,689,CTL08,24.7,94423
564,H,2,H2,94,SCZ05,24.7,89064
564,H,2,H2,94,SCZ05,24.7,89064
564,H,3,H3,547,SCZ13,24.7,92639
564,H,3,H3,547,SCZ13,24.7,92639
564,H,4,H4,326,LYS01,24.7,95081
564,H,4,H4,326,LYS01,24.7,95081
564,H,5,H5,NA,EMPTY,24.7,91541
564,H,5,H5,NA,EMPTY,24.7,91541
564,H,6,H6,RECOMBINANT ERK 2nM + ERK INHIBITOR,ERK_2.000nM_INH,24.7,28093
564,H,6,H6,RECOMBINANT ERK 2nM + ERK INHIBITOR,ERK_2.000nM_INH,24.7,28093
564,H,7,H7,689,CTL08,24.7,Inf
564,H,7,H7,689,CTL08,24.7,Inf
564,H,8,H8,94,SCZ05,24.7,30985
564,H,8,H8,94,SCZ05,24.7,30985
564,H,9,H9,547,SCZ13,24.7,97254
564,H,9,H9,547,SCZ13,24.7,97254
564,H,10,H10,326,LYS01,24.7,97817
564,H,10,H10,326,LYS01,24.7,97817
564,H,11,H11,NA,EMPTY,24.7,24740
564,H,11,H11,NA,EMPTY,24.7,24740
564,H,12,H12,RECOMBINANT ERK 2nM + ERK INHIBITOR,ERK_2.000nM_INH,24.7,Inf
564,H,12,H12,RECOMBINANT ERK 2nM + ERK INHIBITOR,ERK_2.000nM_INH,24.7,Inf
705,A,1,A1,46,CTL01,24.7,96538
705,A,1,A1,46,CTL01,24.7,96538
705,A,2,A2,720,CTL09,24.7,96026
705,A,2,A2,720,CTL09,24.7,96026
705,A,3,A3,225,SCZ06,24.7,82278
705,A,3,A3,225,SCZ06,24.7,82278
705,A,4,A4,552,SCZ14,24.7,92742
705,A,4,A4,552,SCZ14,24.7,92742
705,A,5,A5,328,LYS02,24.7,90092
705,A,5,A5,328,LYS02,24.7,90092
705,A,6,A6,RECOMBINANT ERK  2nM,ERK_2.000nM,24.7,Inf
705,A,6,A6,RECOMBINANT ERK  2nM,ERK_2.000nM,24.7,Inf
705,A,7,A7,46,CTL01,24.7,98469
705,A,7,A7,46,CTL01,24.7,98469
705,A,8,A8,720,CTL09,24.7,87032
705,A,8,A8,720,CTL09,24.7,87032
705,A,9,A9,225,SCZ06,24.7,92860
705,A,9,A9,225,SCZ06,24.7,92860
705,A,10,A10,552,SCZ14,24.7,98844
705,A,10,A10,552,SCZ14,24.7,98844
705,A,11,A11,328,LYS02,24.7,94422
705,A,11,A11,328,LYS02,24.7,94422
705,A,12,A12,RECOMBINANT ERK  2nM,ERK_2.000nM,24.7,Inf
705,A,12,A12,RECOMBINANT ERK  2nM,ERK_2.000nM,24.7,Inf
705,B,1,B1,116,CTL02,24.7,89400
705,B,1,B1,116,CTL02,24.7,89400
705,B,2,B2,859,CTL10,24.7,97878
705,B,2,B2,859,CTL10,24.7,97878
705,B,3,B3,235,SCZ07,24.7,Inf
705,B,3,B3,235,SCZ07,24.7,Inf
705,B,4,B4,565,SCZ15,24.7,92996
705,B,4,B4,565,SCZ15,24.7,92996
705,B,5,B5,335,LYS03,24.7,93074
705,B,5,B5,335,LYS03,24.7,93074
705,B,6,B6,RECOMBINANT ERK 1.5 nM,ERK_1.500nM,24.7,Inf
705,B,6,B6,RECOMBINANT ERK 1.5 nM,ERK_1.500nM,24.7,Inf
705,B,7,B7,116,CTL02,24.7,84104
705,B,7,B7,116,CTL02,24.7,84104
705,B,8,B8,859,CTL10,24.7,88753
705,B,8,B8,859,CTL10,24.7,88753
705,B,9,B9,235,SCZ07,24.7,99570
705,B,9,B9,235,SCZ07,24.7,99570
705,B,10,B10,565,SCZ15,24.7,94329
705,B,10,B10,565,SCZ15,24.7,94329
705,B,11,B11,335,LYS03,24.7,90445
705,B,11,B11,335,LYS03,24.7,90445
705,B,12,B12,RECOMBINANT ERK 1.5 nM,ERK_1.500nM,24.7,Inf
705,B,12,B12,RECOMBINANT ERK 1.5 nM,ERK_1.500nM,24.7,Inf
705,C,1,C1,167,CTL03,24.7,93049
705,C,1,C1,167,CTL03,24.7,93049
705,C,2,C2,874,CTL11,24.7,89742
705,C,2,C2,874,CTL11,24.7,89742
705,C,3,C3,262,SCZ08,24.7,99474
705,C,3,C3,262,SCZ08,24.7,99474
705,C,4,C4,737,SCZ16,24.7,95076
705,C,4,C4,737,SCZ16,24.7,95076
705,C,5,C5,907,LYS04,24.7,89649
705,C,5,C5,907,LYS04,24.7,89649
705,C,6,C6,RECOMBINANT ERK  1 nM,ERK_1.000nM,24.7,Inf
705,C,6,C6,RECOMBINANT ERK  1 nM,ERK_1.000nM,24.7,Inf
705,C,7,C7,167,CTL03,24.7,93916
705,C,7,C7,167,CTL03,24.7,93916
705,C,8,C8,874,CTL11,24.7,87414
705,C,8,C8,874,CTL11,24.7,87414
705,C,9,C9,262,SCZ08,24.7,90942
705,C,9,C9,262,SCZ08,24.7,90942
705,C,10,C10,737,SCZ16,24.7,89116
705,C,10,C10,737,SCZ16,24.7,89116
705,C,11,C11,907,LYS04,24.7,90006
705,C,11,C11,907,LYS04,24.7,90006
705,C,12,C12,RECOMBINANT ERK  1 nM,ERK_1.000nM,24.7,Inf
705,C,12,C12,RECOMBINANT ERK  1 nM,ERK_1.000nM,24.7,Inf
705,D,1,D1,195,CTL04,24.7,87815
705,D,1,D1,195,CTL04,24.7,87815
705,D,2,D2,11,SCZ01,24.7,97002
705,D,2,D2,11,SCZ01,24.7,97002
705,D,3,D3,291,SCZ09,24.7,90742
705,D,3,D3,291,SCZ09,24.7,90742
705,D,4,D4,802,SCZ17,24.7,82602
705,D,4,D4,802,SCZ17,24.7,82602
705,D,5,D5,5000ng lysate + HI,LYS_HI,24.7,Inf
705,D,5,D5,5000ng lysate + HI,LYS_HI,24.7,Inf
705,D,6,D6,RECOMBINANT ERK  0.75 nM,ERK_0.750nM,24.7,Inf
705,D,6,D6,RECOMBINANT ERK  0.75 nM,ERK_0.750nM,24.7,Inf
705,D,7,D7,195,CTL04,24.7,89348
705,D,7,D7,195,CTL04,24.7,89348
705,D,8,D8,11,SCZ01,24.7,89806
705,D,8,D8,11,SCZ01,24.7,89806
705,D,9,D9,291,SCZ09,24.7,82902
705,D,9,D9,291,SCZ09,24.7,82902
705,D,10,D10,802,SCZ17,24.7,84657
705,D,10,D10,802,SCZ17,24.7,84657
705,D,11,D11,5000ng lysate + HI,LYS_HI,24.7,Inf
705,D,11,D11,5000ng lysate + HI,LYS_HI,24.7,Inf
705,D,12,D12,RECOMBINANT ERK  0.75 nM,ERK_0.750nM,24.7,Inf
705,D,12,D12,RECOMBINANT ERK  0.75 nM,ERK_0.750nM,24.7,Inf
705,E,1,E1,223,CTL05,24.7,93610
705,E,1,E1,223,CTL05,24.7,93610
705,E,2,E2,22,SCZ02,24.7,96536
705,E,2,E2,22,SCZ02,24.7,96536
705,E,3,E3,329,SCZ10,24.7,Inf
705,E,3,E3,329,SCZ10,24.7,Inf
705,E,4,E4,930,SCZ18,24.7,71406
705,E,4,E4,930,SCZ18,24.7,71406
705,E,5,E5,5000ng lysate +ERK INHIBITOR,LYS_INH,24.7,91225
705,E,5,E5,5000ng lysate +ERK INHIBITOR,LYS_INH,24.7,91225
705,E,6,E6,RECOMBINANT ERK 0.5 nM,ERK_0.500nM,24.7,Inf
705,E,6,E6,RECOMBINANT ERK 0.5 nM,ERK_0.500nM,24.7,Inf
705,E,7,E7,223,CTL05,24.7,86390
705,E,7,E7,223,CTL05,24.7,86390
705,E,8,E8,22,SCZ02,24.7,80959
705,E,8,E8,22,SCZ02,24.7,80959
705,E,9,E9,329,SCZ10,24.7,85972
705,E,9,E9,329,SCZ10,24.7,85972
705,E,10,E10,930,SCZ18,24.7,68937
705,E,10,E10,930,SCZ18,24.7,68937
705,E,11,E11,5000ng lysate +ERK INHIBITOR,LYS_INH,24.7,91302
705,E,11,E11,5000ng lysate +ERK INHIBITOR,LYS_INH,24.7,91302
705,E,12,E12,RECOMBINANT ERK 0.5 nM,ERK_0.500nM,24.7,97446
705,E,12,E12,RECOMBINANT ERK 0.5 nM,ERK_0.500nM,24.7,97446
705,F,1,F1,524,CTL06,24.7,95637
705,F,1,F1,524,CTL06,24.7,95637
705,F,2,F2,29,SCZ03,24.7,88134
705,F,2,F2,29,SCZ03,24.7,88134
705,F,3,F3,446,SCZ11,24.7,83857
705,F,3,F3,446,SCZ11,24.7,83857
705,F,4,F4,931,SCZ19,24.7,87826
705,F,4,F4,931,SCZ19,24.7,87826
705,F,5,F5,"BLANK- Master Mix, no lysate",BLNK,24.7,90034
705,F,5,F5,"BLANK- Master Mix, no lysate",BLNK,24.7,90034
705,F,6,F6,RECOMBINANT ERK  0.25 nM,ERK_0.250nM,24.7,95120
705,F,6,F6,RECOMBINANT ERK  0.25 nM,ERK_0.250nM,24.7,95120
705,F,7,F7,524,CTL06,24.7,89897
705,F,7,F7,524,CTL06,24.7,89897
705,F,8,F8,29,SCZ03,24.7,89216
705,F,8,F8,29,SCZ03,24.7,89216
705,F,9,F9,446,SCZ11,24.7,84665
705,F,9,F9,446,SCZ11,24.7,84665
705,F,10,F10,931,SCZ19,24.7,83828
705,F,10,F10,931,SCZ19,24.7,83828
705,F,11,F11,"BLANK- Master Mix, no lysate",BLNK,24.7,90015
705,F,11,F11,"BLANK- Master Mix, no lysate",BLNK,24.7,90015
705,F,12,F12,RECOMBINANT ERK  0.25 nM,ERK_0.250nM,24.7,91580
705,F,12,F12,RECOMBINANT ERK  0.25 nM,ERK_0.250nM,24.7,91580
705,G,1,G1,661,CTL07,24.7,88367
705,G,1,G1,661,CTL07,24.7,88367
705,G,2,G2,69,SCZ04,24.7,93780
705,G,2,G2,69,SCZ04,24.7,93780
705,G,3,G3,510,SCZ12,24.7,95232
705,G,3,G3,510,SCZ12,24.7,95232
705,G,4,G4,932,SCZ20,24.7,76733
705,G,4,G4,932,SCZ20,24.7,76733
705,G,5,G5,"BLANK- Master Mix, lysate, no reporter",BLNK_LYS,24.7,24050
705,G,5,G5,"BLANK- Master Mix, lysate, no reporter",BLNK_LYS,24.7,24050
705,G,6,G6,RECOMBINANT ERK  0.125 nM,ERK_0.125nM,24.7,99715
705,G,6,G6,RECOMBINANT ERK  0.125 nM,ERK_0.125nM,24.7,99715
705,G,7,G7,661,CTL07,24.7,82610
705,G,7,G7,661,CTL07,24.7,82610
705,G,8,G8,69,SCZ04,24.7,88504
705,G,8,G8,69,SCZ04,24.7,88504
705,G,9,G9,510,SCZ12,24.7,93998
705,G,9,G9,510,SCZ12,24.7,93998
705,G,10,G10,932,SCZ20,24.7,73071
705,G,10,G10,932,SCZ20,24.7,73071
705,G,11,G11,"BLANK- Master Mix, lysate, no reporter",BLNK_LYS,24.7,24583
705,G,11,G11,"BLANK- Master Mix, lysate, no reporter",BLNK_LYS,24.7,24583
705,G,12,G12,RECOMBINANT ERK  0.125 nM,ERK_0.125nM,24.7,95424
705,G,12,G12,RECOMBINANT ERK  0.125 nM,ERK_0.125nM,24.7,95424
705,H,1,H1,689,CTL08,24.7,93693
705,H,1,H1,689,CTL08,24.7,93693
705,H,2,H2,94,SCZ05,24.7,88927
705,H,2,H2,94,SCZ05,24.7,88927
705,H,3,H3,547,SCZ13,24.7,92857
705,H,3,H3,547,SCZ13,24.7,92857
705,H,4,H4,326,LYS01,24.7,95444
705,H,4,H4,326,LYS01,24.7,95444
705,H,5,H5,NA,EMPTY,24.7,91282
705,H,5,H5,NA,EMPTY,24.7,91282
705,H,6,H6,RECOMBINANT ERK 2nM + ERK INHIBITOR,ERK_2.000nM_INH,24.7,28452
705,H,6,H6,RECOMBINANT ERK 2nM + ERK INHIBITOR,ERK_2.000nM_INH,24.7,28452
705,H,7,H7,689,CTL08,24.7,Inf
705,H,7,H7,689,CTL08,24.7,Inf
705,H,8,H8,94,SCZ05,24.7,30874
705,H,8,H8,94,SCZ05,24.7,30874
705,H,9,H9,547,SCZ13,24.7,96739
705,H,9,H9,547,SCZ13,24.7,96739
705,H,10,H10,326,LYS01,24.7,96953
705,H,10,H10,326,LYS01,24.7,96953
705,H,11,H11,NA,EMPTY,24.7,24857
705,H,11,H11,NA,EMPTY,24.7,24857
705,H,12,H12,RECOMBINANT ERK 2nM + ERK INHIBITOR,ERK_2.000nM_INH,24.7,Inf
705,H,12,H12,RECOMBINANT ERK 2nM + ERK INHIBITOR,ERK_2.000nM_INH,24.7,Inf
846,A,1,A1,46,CTL01,24.7,96648
846,A,1,A1,46,CTL01,24.7,96648
846,A,2,A2,720,CTL09,24.7,96015
846,A,2,A2,720,CTL09,24.7,96015
846,A,3,A3,225,SCZ06,24.7,81924
846,A,3,A3,225,SCZ06,24.7,81924
846,A,4,A4,552,SCZ14,24.7,93448
846,A,4,A4,552,SCZ14,24.7,93448
846,A,5,A5,328,LYS02,24.7,90188
846,A,5,A5,328,LYS02,24.7,90188
846,A,6,A6,RECOMBINANT ERK  2nM,ERK_2.000nM,24.7,Inf
846,A,6,A6,RECOMBINANT ERK  2nM,ERK_2.000nM,24.7,Inf
846,A,7,A7,46,CTL01,24.7,97792
846,A,7,A7,46,CTL01,24.7,97792
846,A,8,A8,720,CTL09,24.7,87322
846,A,8,A8,720,CTL09,24.7,87322
846,A,9,A9,225,SCZ06,24.7,93892
846,A,9,A9,225,SCZ06,24.7,93892
846,A,10,A10,552,SCZ14,24.7,97566
846,A,10,A10,552,SCZ14,24.7,97566
846,A,11,A11,328,LYS02,24.7,94394
846,A,11,A11,328,LYS02,24.7,94394
846,A,12,A12,RECOMBINANT ERK  2nM,ERK_2.000nM,24.7,Inf
846,A,12,A12,RECOMBINANT ERK  2nM,ERK_2.000nM,24.7,Inf
846,B,1,B1,116,CTL02,24.7,89444
846,B,1,B1,116,CTL02,24.7,89444
846,B,2,B2,859,CTL10,24.7,97929
846,B,2,B2,859,CTL10,24.7,97929
846,B,3,B3,235,SCZ07,24.7,Inf
846,B,3,B3,235,SCZ07,24.7,Inf
846,B,4,B4,565,SCZ15,24.7,93545
846,B,4,B4,565,SCZ15,24.7,93545
846,B,5,B5,335,LYS03,24.7,92996
846,B,5,B5,335,LYS03,24.7,92996
846,B,6,B6,RECOMBINANT ERK 1.5 nM,ERK_1.500nM,24.7,Inf
846,B,6,B6,RECOMBINANT ERK 1.5 nM,ERK_1.500nM,24.7,Inf
846,B,7,B7,116,CTL02,24.7,83598
846,B,7,B7,116,CTL02,24.7,83598
846,B,8,B8,859,CTL10,24.7,87489
846,B,8,B8,859,CTL10,24.7,87489
846,B,9,B9,235,SCZ07,24.7,Inf
846,B,9,B9,235,SCZ07,24.7,Inf
846,B,10,B10,565,SCZ15,24.7,93618
846,B,10,B10,565,SCZ15,24.7,93618
846,B,11,B11,335,LYS03,24.7,90236
846,B,11,B11,335,LYS03,24.7,90236
846,B,12,B12,RECOMBINANT ERK 1.5 nM,ERK_1.500nM,24.7,Inf
846,B,12,B12,RECOMBINANT ERK 1.5 nM,ERK_1.500nM,24.7,Inf
846,C,1,C1,167,CTL03,24.7,92859
846,C,1,C1,167,CTL03,24.7,92859
846,C,2,C2,874,CTL11,24.7,90141
846,C,2,C2,874,CTL11,24.7,90141
846,C,3,C3,262,SCZ08,24.7,99407
846,C,3,C3,262,SCZ08,24.7,99407
846,C,4,C4,737,SCZ16,24.7,95192
846,C,4,C4,737,SCZ16,24.7,95192
846,C,5,C5,907,LYS04,24.7,88994
846,C,5,C5,907,LYS04,24.7,88994
846,C,6,C6,RECOMBINANT ERK  1 nM,ERK_1.000nM,24.7,Inf
846,C,6,C6,RECOMBINANT ERK  1 nM,ERK_1.000nM,24.7,Inf
846,C,7,C7,167,CTL03,24.7,94263
846,C,7,C7,167,CTL03,24.7,94263
846,C,8,C8,874,CTL11,24.7,86697
846,C,8,C8,874,CTL11,24.7,86697
846,C,9,C9,262,SCZ08,24.7,90850
846,C,9,C9,262,SCZ08,24.7,90850
846,C,10,C10,737,SCZ16,24.7,89070
846,C,10,C10,737,SCZ16,24.7,89070
846,C,11,C11,907,LYS04,24.7,89399
846,C,11,C11,907,LYS04,24.7,89399
846,C,12,C12,RECOMBINANT ERK  1 nM,ERK_1.000nM,24.7,Inf
846,C,12,C12,RECOMBINANT ERK  1 nM,ERK_1.000nM,24.7,Inf
846,D,1,D1,195,CTL04,24.7,86689
846,D,1,D1,195,CTL04,24.7,86689
846,D,2,D2,11,SCZ01,24.7,95973
846,D,2,D2,11,SCZ01,24.7,95973
846,D,3,D3,291,SCZ09,24.7,89840
846,D,3,D3,291,SCZ09,24.7,89840
846,D,4,D4,802,SCZ17,24.7,82505
846,D,4,D4,802,SCZ17,24.7,82505
846,D,5,D5,5000ng lysate + HI,LYS_HI,24.7,Inf
846,D,5,D5,5000ng lysate + HI,LYS_HI,24.7,Inf
846,D,6,D6,RECOMBINANT ERK  0.75 nM,ERK_0.750nM,24.7,Inf
846,D,6,D6,RECOMBINANT ERK  0.75 nM,ERK_0.750nM,24.7,Inf
846,D,7,D7,195,CTL04,24.7,89505
846,D,7,D7,195,CTL04,24.7,89505
846,D,8,D8,11,SCZ01,24.7,88314
846,D,8,D8,11,SCZ01,24.7,88314
846,D,9,D9,291,SCZ09,24.7,82678
846,D,9,D9,291,SCZ09,24.7,82678
846,D,10,D10,802,SCZ17,24.7,85112
846,D,10,D10,802,SCZ17,24.7,85112
846,D,11,D11,5000ng lysate + HI,LYS_HI,24.7,Inf
846,D,11,D11,5000ng lysate + HI,LYS_HI,24.7,Inf
846,D,12,D12,RECOMBINANT ERK  0.75 nM,ERK_0.750nM,24.7,Inf
846,D,12,D12,RECOMBINANT ERK  0.75 nM,ERK_0.750nM,24.7,Inf
846,E,1,E1,223,CTL05,24.7,93524
846,E,1,E1,223,CTL05,24.7,93524
846,E,2,E2,22,SCZ02,24.7,96656
846,E,2,E2,22,SCZ02,24.7,96656
846,E,3,E3,329,SCZ10,24.7,Inf
846,E,3,E3,329,SCZ10,24.7,Inf
846,E,4,E4,930,SCZ18,24.7,71313
846,E,4,E4,930,SCZ18,24.7,71313
846,E,5,E5,5000ng lysate +ERK INHIBITOR,LYS_INH,24.7,90872
846,E,5,E5,5000ng lysate +ERK INHIBITOR,LYS_INH,24.7,90872
846,E,6,E6,RECOMBINANT ERK 0.5 nM,ERK_0.500nM,24.7,Inf
846,E,6,E6,RECOMBINANT ERK 0.5 nM,ERK_0.500nM,24.7,Inf
846,E,7,E7,223,CTL05,24.7,86541
846,E,7,E7,223,CTL05,24.7,86541
846,E,8,E8,22,SCZ02,24.7,80458
846,E,8,E8,22,SCZ02,24.7,80458
846,E,9,E9,329,SCZ10,24.7,87124
846,E,9,E9,329,SCZ10,24.7,87124
846,E,10,E10,930,SCZ18,24.7,67861
846,E,10,E10,930,SCZ18,24.7,67861
846,E,11,E11,5000ng lysate +ERK INHIBITOR,LYS_INH,24.7,91081
846,E,11,E11,5000ng lysate +ERK INHIBITOR,LYS_INH,24.7,91081
846,E,12,E12,RECOMBINANT ERK 0.5 nM,ERK_0.500nM,24.7,97950
846,E,12,E12,RECOMBINANT ERK 0.5 nM,ERK_0.500nM,24.7,97950
846,F,1,F1,524,CTL06,24.7,95223
846,F,1,F1,524,CTL06,24.7,95223
846,F,2,F2,29,SCZ03,24.7,87744
846,F,2,F2,29,SCZ03,24.7,87744
846,F,3,F3,446,SCZ11,24.7,83492
846,F,3,F3,446,SCZ11,24.7,83492
846,F,4,F4,931,SCZ19,24.7,87147
846,F,4,F4,931,SCZ19,24.7,87147
846,F,5,F5,"BLANK- Master Mix, no lysate",BLNK,24.7,90283
846,F,5,F5,"BLANK- Master Mix, no lysate",BLNK,24.7,90283
846,F,6,F6,RECOMBINANT ERK  0.25 nM,ERK_0.250nM,24.7,94896
846,F,6,F6,RECOMBINANT ERK  0.25 nM,ERK_0.250nM,24.7,94896
846,F,7,F7,524,CTL06,24.7,89775
846,F,7,F7,524,CTL06,24.7,89775
846,F,8,F8,29,SCZ03,24.7,89088
846,F,8,F8,29,SCZ03,24.7,89088
846,F,9,F9,446,SCZ11,24.7,83541
846,F,9,F9,446,SCZ11,24.7,83541
846,F,10,F10,931,SCZ19,24.7,83500
846,F,10,F10,931,SCZ19,24.7,83500
846,F,11,F11,"BLANK- Master Mix, no lysate",BLNK,24.7,89094
846,F,11,F11,"BLANK- Master Mix, no lysate",BLNK,24.7,89094
846,F,12,F12,RECOMBINANT ERK  0.25 nM,ERK_0.250nM,24.7,90359
846,F,12,F12,RECOMBINANT ERK  0.25 nM,ERK_0.250nM,24.7,90359
846,G,1,G1,661,CTL07,24.7,87660
846,G,1,G1,661,CTL07,24.7,87660
846,G,2,G2,69,SCZ04,24.7,93264
846,G,2,G2,69,SCZ04,24.7,93264
846,G,3,G3,510,SCZ12,24.7,95305
846,G,3,G3,510,SCZ12,24.7,95305
846,G,4,G4,932,SCZ20,24.7,75855
846,G,4,G4,932,SCZ20,24.7,75855
846,G,5,G5,"BLANK- Master Mix, lysate, no reporter",BLNK_LYS,24.7,24075
846,G,5,G5,"BLANK- Master Mix, lysate, no reporter",BLNK_LYS,24.7,24075
846,G,6,G6,RECOMBINANT ERK  0.125 nM,ERK_0.125nM,24.7,99459
846,G,6,G6,RECOMBINANT ERK  0.125 nM,ERK_0.125nM,24.7,99459
846,G,7,G7,661,CTL07,24.7,83265
846,G,7,G7,661,CTL07,24.7,83265
846,G,8,G8,69,SCZ04,24.7,87647
846,G,8,G8,69,SCZ04,24.7,87647
846,G,9,G9,510,SCZ12,24.7,93639
846,G,9,G9,510,SCZ12,24.7,93639
846,G,10,G10,932,SCZ20,24.7,74181
846,G,10,G10,932,SCZ20,24.7,74181
846,G,11,G11,"BLANK- Master Mix, lysate, no reporter",BLNK_LYS,24.7,24718
846,G,11,G11,"BLANK- Master Mix, lysate, no reporter",BLNK_LYS,24.7,24718
846,G,12,G12,RECOMBINANT ERK  0.125 nM,ERK_0.125nM,24.7,94792
846,G,12,G12,RECOMBINANT ERK  0.125 nM,ERK_0.125nM,24.7,94792
846,H,1,H1,689,CTL08,24.7,93053
846,H,1,H1,689,CTL08,24.7,93053
846,H,2,H2,94,SCZ05,24.7,88301
846,H,2,H2,94,SCZ05,24.7,88301
846,H,3,H3,547,SCZ13,24.7,91991
846,H,3,H3,547,SCZ13,24.7,91991
846,H,4,H4,326,LYS01,24.7,95066
846,H,4,H4,326,LYS01,24.7,95066
846,H,5,H5,NA,EMPTY,24.7,91959
846,H,5,H5,NA,EMPTY,24.7,91959
846,H,6,H6,RECOMBINANT ERK 2nM + ERK INHIBITOR,ERK_2.000nM_INH,24.7,28141
846,H,6,H6,RECOMBINANT ERK 2nM + ERK INHIBITOR,ERK_2.000nM_INH,24.7,28141
846,H,7,H7,689,CTL08,24.7,Inf
846,H,7,H7,689,CTL08,24.7,Inf
846,H,8,H8,94,SCZ05,24.7,30656
846,H,8,H8,94,SCZ05,24.7,30656
846,H,9,H9,547,SCZ13,24.7,96318
846,H,9,H9,547,SCZ13,24.7,96318
846,H,10,H10,326,LYS01,24.7,97079
846,H,10,H10,326,LYS01,24.7,97079
846,H,11,H11,NA,EMPTY,24.7,24547
846,H,11,H11,NA,EMPTY,24.7,24547
846,H,12,H12,RECOMBINANT ERK 2nM + ERK INHIBITOR,ERK_2.000nM_INH,24.7,Inf
846,H,12,H12,RECOMBINANT ERK 2nM + ERK INHIBITOR,ERK_2.000nM_INH,24.7,Inf
987,A,1,A1,46,CTL01,24.7,96651
987,A,1,A1,46,CTL01,24.7,96651
987,A,2,A2,720,CTL09,24.7,96165
987,A,2,A2,720,CTL09,24.7,96165
987,A,3,A3,225,SCZ06,24.7,81759
987,A,3,A3,225,SCZ06,24.7,81759
987,A,4,A4,552,SCZ14,24.7,91982
987,A,4,A4,552,SCZ14,24.7,91982
987,A,5,A5,328,LYS02,24.7,90349
987,A,5,A5,328,LYS02,24.7,90349
987,A,6,A6,RECOMBINANT ERK  2nM,ERK_2.000nM,24.7,Inf
987,A,6,A6,RECOMBINANT ERK  2nM,ERK_2.000nM,24.7,Inf
987,A,7,A7,46,CTL01,24.7,97889
987,A,7,A7,46,CTL01,24.7,97889
987,A,8,A8,720,CTL09,24.7,87756
987,A,8,A8,720,CTL09,24.7,87756
987,A,9,A9,225,SCZ06,24.7,93321
987,A,9,A9,225,SCZ06,24.7,93321
987,A,10,A10,552,SCZ14,24.7,95987
987,A,10,A10,552,SCZ14,24.7,95987
987,A,11,A11,328,LYS02,24.7,94656
987,A,11,A11,328,LYS02,24.7,94656
987,A,12,A12,RECOMBINANT ERK  2nM,ERK_2.000nM,24.7,Inf
987,A,12,A12,RECOMBINANT ERK  2nM,ERK_2.000nM,24.7,Inf
987,B,1,B1,116,CTL02,24.7,89313
987,B,1,B1,116,CTL02,24.7,89313
987,B,2,B2,859,CTL10,24.7,97359
987,B,2,B2,859,CTL10,24.7,97359
987,B,3,B3,235,SCZ07,24.7,Inf
987,B,3,B3,235,SCZ07,24.7,Inf
987,B,4,B4,565,SCZ15,24.7,92348
987,B,4,B4,565,SCZ15,24.7,92348
987,B,5,B5,335,LYS03,24.7,93278
987,B,5,B5,335,LYS03,24.7,93278
987,B,6,B6,RECOMBINANT ERK 1.5 nM,ERK_1.500nM,24.7,Inf
987,B,6,B6,RECOMBINANT ERK 1.5 nM,ERK_1.500nM,24.7,Inf
987,B,7,B7,116,CTL02,24.7,83733
987,B,7,B7,116,CTL02,24.7,83733
987,B,8,B8,859,CTL10,24.7,87303
987,B,8,B8,859,CTL10,24.7,87303
987,B,9,B9,235,SCZ07,24.7,99506
987,B,9,B9,235,SCZ07,24.7,99506
987,B,10,B10,565,SCZ15,24.7,93329
987,B,10,B10,565,SCZ15,24.7,93329
987,B,11,B11,335,LYS03,24.7,90547
987,B,11,B11,335,LYS03,24.7,90547
987,B,12,B12,RECOMBINANT ERK 1.5 nM,ERK_1.500nM,24.7,Inf
987,B,12,B12,RECOMBINANT ERK 1.5 nM,ERK_1.500nM,24.7,Inf
987,C,1,C1,167,CTL03,24.7,93216
987,C,1,C1,167,CTL03,24.7,93216
987,C,2,C2,874,CTL11,24.7,89676
987,C,2,C2,874,CTL11,24.7,89676
987,C,3,C3,262,SCZ08,24.7,99300
987,C,3,C3,262,SCZ08,24.7,99300
987,C,4,C4,737,SCZ16,24.7,94866
987,C,4,C4,737,SCZ16,24.7,94866
987,C,5,C5,907,LYS04,24.7,88529
987,C,5,C5,907,LYS04,24.7,88529
987,C,6,C6,RECOMBINANT ERK  1 nM,ERK_1.000nM,24.7,Inf
987,C,6,C6,RECOMBINANT ERK  1 nM,ERK_1.000nM,24.7,Inf
987,C,7,C7,167,CTL03,24.7,93657
987,C,7,C7,167,CTL03,24.7,93657
987,C,8,C8,874,CTL11,24.7,86139
987,C,8,C8,874,CTL11,24.7,86139
987,C,9,C9,262,SCZ08,24.7,90686
987,C,9,C9,262,SCZ08,24.7,90686
987,C,10,C10,737,SCZ16,24.7,88970
987,C,10,C10,737,SCZ16,24.7,88970
987,C,11,C11,907,LYS04,24.7,89646
987,C,11,C11,907,LYS04,24.7,89646
987,C,12,C12,RECOMBINANT ERK  1 nM,ERK_1.000nM,24.7,Inf
987,C,12,C12,RECOMBINANT ERK  1 nM,ERK_1.000nM,24.7,Inf
987,D,1,D1,195,CTL04,24.7,86810
987,D,1,D1,195,CTL04,24.7,86810
987,D,2,D2,11,SCZ01,24.7,96861
987,D,2,D2,11,SCZ01,24.7,96861
987,D,3,D3,291,SCZ09,24.7,90696
987,D,3,D3,291,SCZ09,24.7,90696
987,D,4,D4,802,SCZ17,24.7,81143
987,D,4,D4,802,SCZ17,24.7,81143
987,D,5,D5,5000ng lysate + HI,LYS_HI,24.7,Inf
987,D,5,D5,5000ng lysate + HI,LYS_HI,24.7,Inf
987,D,6,D6,RECOMBINANT ERK  0.75 nM,ERK_0.750nM,24.7,Inf
987,D,6,D6,RECOMBINANT ERK  0.75 nM,ERK_0.750nM,24.7,Inf
987,D,7,D7,195,CTL04,24.7,88983
987,D,7,D7,195,CTL04,24.7,88983
987,D,8,D8,11,SCZ01,24.7,89076
987,D,8,D8,11,SCZ01,24.7,89076
987,D,9,D9,291,SCZ09,24.7,82892
987,D,9,D9,291,SCZ09,24.7,82892
987,D,10,D10,802,SCZ17,24.7,84576
987,D,10,D10,802,SCZ17,24.7,84576
987,D,11,D11,5000ng lysate + HI,LYS_HI,24.7,Inf
987,D,11,D11,5000ng lysate + HI,LYS_HI,24.7,Inf
987,D,12,D12,RECOMBINANT ERK  0.75 nM,ERK_0.750nM,24.7,Inf
987,D,12,D12,RECOMBINANT ERK  0.75 nM,ERK_0.750nM,24.7,Inf
987,E,1,E1,223,CTL05,24.7,93381
987,E,1,E1,223,CTL05,24.7,93381
987,E,2,E2,22,SCZ02,24.7,98005
987,E,2,E2,22,SCZ02,24.7,98005
987,E,3,E3,329,SCZ10,24.7,Inf
987,E,3,E3,329,SCZ10,24.7,Inf
987,E,4,E4,930,SCZ18,24.7,70895
987,E,4,E4,930,SCZ18,24.7,70895
987,E,5,E5,5000ng lysate +ERK INHIBITOR,LYS_INH,24.7,90437
987,E,5,E5,5000ng lysate +ERK INHIBITOR,LYS_INH,24.7,90437
987,E,6,E6,RECOMBINANT ERK 0.5 nM,ERK_0.500nM,24.7,Inf
987,E,6,E6,RECOMBINANT ERK 0.5 nM,ERK_0.500nM,24.7,Inf
987,E,7,E7,223,CTL05,24.7,86059
987,E,7,E7,223,CTL05,24.7,86059
987,E,8,E8,22,SCZ02,24.7,80161
987,E,8,E8,22,SCZ02,24.7,80161
987,E,9,E9,329,SCZ10,24.7,86294
987,E,9,E9,329,SCZ10,24.7,86294
987,E,10,E10,930,SCZ18,24.7,68349
987,E,10,E10,930,SCZ18,24.7,68349
987,E,11,E11,5000ng lysate +ERK INHIBITOR,LYS_INH,24.7,91226
987,E,11,E11,5000ng lysate +ERK INHIBITOR,LYS_INH,24.7,91226
987,E,12,E12,RECOMBINANT ERK 0.5 nM,ERK_0.500nM,24.7,99236
987,E,12,E12,RECOMBINANT ERK 0.5 nM,ERK_0.500nM,24.7,99236
987,F,1,F1,524,CTL06,24.7,95259
987,F,1,F1,524,CTL06,24.7,95259
987,F,2,F2,29,SCZ03,24.7,87823
987,F,2,F2,29,SCZ03,24.7,87823
987,F,3,F3,446,SCZ11,24.7,83482
987,F,3,F3,446,SCZ11,24.7,83482
987,F,4,F4,931,SCZ19,24.7,87579
987,F,4,F4,931,SCZ19,24.7,87579
987,F,5,F5,"BLANK- Master Mix, no lysate",BLNK,24.7,89500
987,F,5,F5,"BLANK- Master Mix, no lysate",BLNK,24.7,89500
987,F,6,F6,RECOMBINANT ERK  0.25 nM,ERK_0.250nM,24.7,95576
987,F,6,F6,RECOMBINANT ERK  0.25 nM,ERK_0.250nM,24.7,95576
987,F,7,F7,524,CTL06,24.7,89594
987,F,7,F7,524,CTL06,24.7,89594
987,F,8,F8,29,SCZ03,24.7,88902
987,F,8,F8,29,SCZ03,24.7,88902
987,F,9,F9,446,SCZ11,24.7,83154
987,F,9,F9,446,SCZ11,24.7,83154
987,F,10,F10,931,SCZ19,24.7,83695
987,F,10,F10,931,SCZ19,24.7,83695
987,F,11,F11,"BLANK- Master Mix, no lysate",BLNK,24.7,89655
987,F,11,F11,"BLANK- Master Mix, no lysate",BLNK,24.7,89655
987,F,12,F12,RECOMBINANT ERK  0.25 nM,ERK_0.250nM,24.7,89900
987,F,12,F12,RECOMBINANT ERK  0.25 nM,ERK_0.250nM,24.7,89900
987,G,1,G1,661,CTL07,24.7,87910
987,G,1,G1,661,CTL07,24.7,87910
987,G,2,G2,69,SCZ04,24.7,93258
987,G,2,G2,69,SCZ04,24.7,93258
987,G,3,G3,510,SCZ12,24.7,94711
987,G,3,G3,510,SCZ12,24.7,94711
987,G,4,G4,932,SCZ20,24.7,76292
987,G,4,G4,932,SCZ20,24.7,76292
987,G,5,G5,"BLANK- Master Mix, lysate, no reporter",BLNK_LYS,24.7,23730
987,G,5,G5,"BLANK- Master Mix, lysate, no reporter",BLNK_LYS,24.7,23730
987,G,6,G6,RECOMBINANT ERK  0.125 nM,ERK_0.125nM,24.7,99317
987,G,6,G6,RECOMBINANT ERK  0.125 nM,ERK_0.125nM,24.7,99317
987,G,7,G7,661,CTL07,24.7,83721
987,G,7,G7,661,CTL07,24.7,83721
987,G,8,G8,69,SCZ04,24.7,87953
987,G,8,G8,69,SCZ04,24.7,87953
987,G,9,G9,510,SCZ12,24.7,93386
987,G,9,G9,510,SCZ12,24.7,93386
987,G,10,G10,932,SCZ20,24.7,73346
987,G,10,G10,932,SCZ20,24.7,73346
987,G,11,G11,"BLANK- Master Mix, lysate, no reporter",BLNK_LYS,24.7,24615
987,G,11,G11,"BLANK- Master Mix, lysate, no reporter",BLNK_LYS,24.7,24615
987,G,12,G12,RECOMBINANT ERK  0.125 nM,ERK_0.125nM,24.7,95323
987,G,12,G12,RECOMBINANT ERK  0.125 nM,ERK_0.125nM,24.7,95323
987,H,1,H1,689,CTL08,24.7,93836
987,H,1,H1,689,CTL08,24.7,93836
987,H,2,H2,94,SCZ05,24.7,88682
987,H,2,H2,94,SCZ05,24.7,88682
987,H,3,H3,547,SCZ13,24.7,91243
987,H,3,H3,547,SCZ13,24.7,91243
987,H,4,H4,326,LYS01,24.7,94127
987,H,4,H4,326,LYS01,24.7,94127
987,H,5,H5,NA,EMPTY,24.7,91807
987,H,5,H5,NA,EMPTY,24.7,91807
987,H,6,H6,RECOMBINANT ERK 2nM + ERK INHIBITOR,ERK_2.000nM_INH,24.7,28003
987,H,6,H6,RECOMBINANT ERK 2nM + ERK INHIBITOR,ERK_2.000nM_INH,24.7,28003
987,H,7,H7,689,CTL08,24.7,Inf
987,H,7,H7,689,CTL08,24.7,Inf
987,H,8,H8,94,SCZ05,24.7,30175
987,H,8,H8,94,SCZ05,24.7,30175
987,H,9,H9,547,SCZ13,24.7,96167
987,H,9,H9,547,SCZ13,24.7,96167
987,H,10,H10,326,LYS01,24.7,97189
987,H,10,H10,326,LYS01,24.7,97189
987,H,11,H11,NA,EMPTY,24.7,24652
987,H,11,H11,NA,EMPTY,24.7,24652
987,H,12,H12,RECOMBINANT ERK 2nM + ERK INHIBITOR,ERK_2.000nM_INH,24.7,Inf
987,H,12,H12,RECOMBINANT ERK 2nM + ERK INHIBITOR,ERK_2.000nM_INH,24.7,Inf
1128,A,1,A1,46,CTL01,24.7,97156
1128,A,1,A1,46,CTL01,24.7,97156
1128,A,2,A2,720,CTL09,24.7,96141
1128,A,2,A2,720,CTL09,24.7,96141
1128,A,3,A3,225,SCZ06,24.7,81904
1128,A,3,A3,225,SCZ06,24.7,81904
1128,A,4,A4,552,SCZ14,24.7,92369
1128,A,4,A4,552,SCZ14,24.7,92369
1128,A,5,A5,328,LYS02,24.7,90396
1128,A,5,A5,328,LYS02,24.7,90396
1128,A,6,A6,RECOMBINANT ERK  2nM,ERK_2.000nM,24.7,Inf
1128,A,6,A6,RECOMBINANT ERK  2nM,ERK_2.000nM,24.7,Inf
1128,A,7,A7,46,CTL01,24.7,97855
1128,A,7,A7,46,CTL01,24.7,97855
1128,A,8,A8,720,CTL09,24.7,87151
1128,A,8,A8,720,CTL09,24.7,87151
1128,A,9,A9,225,SCZ06,24.7,93661
1128,A,9,A9,225,SCZ06,24.7,93661
1128,A,10,A10,552,SCZ14,24.7,94851
1128,A,10,A10,552,SCZ14,24.7,94851
1128,A,11,A11,328,LYS02,24.7,94066
1128,A,11,A11,328,LYS02,24.7,94066
1128,A,12,A12,RECOMBINANT ERK  2nM,ERK_2.000nM,24.7,Inf
1128,A,12,A12,RECOMBINANT ERK  2nM,ERK_2.000nM,24.7,Inf
1128,B,1,B1,116,CTL02,24.7,89259
1128,B,1,B1,116,CTL02,24.7,89259
1128,B,2,B2,859,CTL10,24.7,97270
1128,B,2,B2,859,CTL10,24.7,97270
1128,B,3,B3,235,SCZ07,24.7,Inf
1128,B,3,B3,235,SCZ07,24.7,Inf
1128,B,4,B4,565,SCZ15,24.7,91965
1128,B,4,B4,565,SCZ15,24.7,91965
1128,B,5,B5,335,LYS03,24.7,92842
1128,B,5,B5,335,LYS03,24.7,92842
1128,B,6,B6,RECOMBINANT ERK 1.5 nM,ERK_1.500nM,24.7,Inf
1128,B,6,B6,RECOMBINANT ERK 1.5 nM,ERK_1.500nM,24.7,Inf
1128,B,7,B7,116,CTL02,24.7,83001
1128,B,7,B7,116,CTL02,24.7,83001
1128,B,8,B8,859,CTL10,24.7,87374
1128,B,8,B8,859,CTL10,24.7,87374
1128,B,9,B9,235,SCZ07,24.7,99558
1128,B,9,B9,235,SCZ07,24.7,99558
1128,B,10,B10,565,SCZ15,24.7,93349
1128,B,10,B10,565,SCZ15,24.7,93349
1128,B,11,B11,335,LYS03,24.7,90803
1128,B,11,B11,335,LYS03,24.7,90803
1128,B,12,B12,RECOMBINANT ERK 1.5 nM,ERK_1.500nM,24.7,Inf
1128,B,12,B12,RECOMBINANT ERK 1.5 nM,ERK_1.500nM,24.7,Inf
1128,C,1,C1,167,CTL03,24.7,93091
1128,C,1,C1,167,CTL03,24.7,93091
1128,C,2,C2,874,CTL11,24.7,88942
1128,C,2,C2,874,CTL11,24.7,88942
1128,C,3,C3,262,SCZ08,24.7,98355
1128,C,3,C3,262,SCZ08,24.7,98355
1128,C,4,C4,737,SCZ16,24.7,94676
1128,C,4,C4,737,SCZ16,24.7,94676
1128,C,5,C5,907,LYS04,24.7,88557
1128,C,5,C5,907,LYS04,24.7,88557
1128,C,6,C6,RECOMBINANT ERK  1 nM,ERK_1.000nM,24.7,Inf
1128,C,6,C6,RECOMBINANT ERK  1 nM,ERK_1.000nM,24.7,Inf
1128,C,7,C7,167,CTL03,24.7,93836
1128,C,7,C7,167,CTL03,24.7,93836
1128,C,8,C8,874,CTL11,24.7,85847
1128,C,8,C8,874,CTL11,24.7,85847
1128,C,9,C9,262,SCZ08,24.7,90391
1128,C,9,C9,262,SCZ08,24.7,90391
1128,C,10,C10,737,SCZ16,24.7,88586
1128,C,10,C10,737,SCZ16,24.7,88586
1128,C,11,C11,907,LYS04,24.7,90106
1128,C,11,C11,907,LYS04,24.7,90106
1128,C,12,C12,RECOMBINANT ERK  1 nM,ERK_1.000nM,24.7,Inf
1128,C,12,C12,RECOMBINANT ERK  1 nM,ERK_1.000nM,24.7,Inf
1128,D,1,D1,195,CTL04,24.7,85053
1128,D,1,D1,195,CTL04,24.7,85053
1128,D,2,D2,11,SCZ01,24.7,96083
1128,D,2,D2,11,SCZ01,24.7,96083
1128,D,3,D3,291,SCZ09,24.7,90011
1128,D,3,D3,291,SCZ09,24.7,90011
1128,D,4,D4,802,SCZ17,24.7,80582
1128,D,4,D4,802,SCZ17,24.7,80582
1128,D,5,D5,5000ng lysate + HI,LYS_HI,24.7,Inf
1128,D,5,D5,5000ng lysate + HI,LYS_HI,24.7,Inf
1128,D,6,D6,RECOMBINANT ERK  0.75 nM,ERK_0.750nM,24.7,Inf
1128,D,6,D6,RECOMBINANT ERK  0.75 nM,ERK_0.750nM,24.7,Inf
1128,D,7,D7,195,CTL04,24.7,89359
1128,D,7,D7,195,CTL04,24.7,89359
1128,D,8,D8,11,SCZ01,24.7,88591
1128,D,8,D8,11,SCZ01,24.7,88591
1128,D,9,D9,291,SCZ09,24.7,82254
1128,D,9,D9,291,SCZ09,24.7,82254
1128,D,10,D10,802,SCZ17,24.7,84981
1128,D,10,D10,802,SCZ17,24.7,84981
1128,D,11,D11,5000ng lysate + HI,LYS_HI,24.7,Inf
1128,D,11,D11,5000ng lysate + HI,LYS_HI,24.7,Inf
1128,D,12,D12,RECOMBINANT ERK  0.75 nM,ERK_0.750nM,24.7,Inf
1128,D,12,D12,RECOMBINANT ERK  0.75 nM,ERK_0.750nM,24.7,Inf
1128,E,1,E1,223,CTL05,24.7,93191
1128,E,1,E1,223,CTL05,24.7,93191
1128,E,2,E2,22,SCZ02,24.7,98646
1128,E,2,E2,22,SCZ02,24.7,98646
1128,E,3,E3,329,SCZ10,24.7,Inf
1128,E,3,E3,329,SCZ10,24.7,Inf
1128,E,4,E4,930,SCZ18,24.7,70877
1128,E,4,E4,930,SCZ18,24.7,70877
1128,E,5,E5,5000ng lysate +ERK INHIBITOR,LYS_INH,24.7,91965
1128,E,5,E5,5000ng lysate +ERK INHIBITOR,LYS_INH,24.7,91965
1128,E,6,E6,RECOMBINANT ERK 0.5 nM,ERK_0.500nM,24.7,Inf
1128,E,6,E6,RECOMBINANT ERK 0.5 nM,ERK_0.500nM,24.7,Inf
1128,E,7,E7,223,CTL05,24.7,85627
1128,E,7,E7,223,CTL05,24.7,85627
1128,E,8,E8,22,SCZ02,24.7,78935
1128,E,8,E8,22,SCZ02,24.7,78935
1128,E,9,E9,329,SCZ10,24.7,84542
1128,E,9,E9,329,SCZ10,24.7,84542
1128,E,10,E10,930,SCZ18,24.7,68362
1128,E,10,E10,930,SCZ18,24.7,68362
1128,E,11,E11,5000ng lysate +ERK INHIBITOR,LYS_INH,24.7,91046
1128,E,11,E11,5000ng lysate +ERK INHIBITOR,LYS_INH,24.7,91046
1128,E,12,E12,RECOMBINANT ERK 0.5 nM,ERK_0.500nM,24.7,Inf
1128,E,12,E12,RECOMBINANT ERK 0.5 nM,ERK_0.500nM,24.7,Inf
1128,F,1,F1,524,CTL06,24.7,95425
1128,F,1,F1,524,CTL06,24.7,95425
1128,F,2,F2,29,SCZ03,24.7,87966
1128,F,2,F2,29,SCZ03,24.7,87966
1128,F,3,F3,446,SCZ11,24.7,83671
1128,F,3,F3,446,SCZ11,24.7,83671
1128,F,4,F4,931,SCZ19,24.7,86953
1128,F,4,F4,931,SCZ19,24.7,86953
1128,F,5,F5,"BLANK- Master Mix, no lysate",BLNK,24.7,88598
1128,F,5,F5,"BLANK- Master Mix, no lysate",BLNK,24.7,88598
1128,F,6,F6,RECOMBINANT ERK  0.25 nM,ERK_0.250nM,24.7,94931
1128,F,6,F6,RECOMBINANT ERK  0.25 nM,ERK_0.250nM,24.7,94931
1128,F,7,F7,524,CTL06,24.7,90527
1128,F,7,F7,524,CTL06,24.7,90527
1128,F,8,F8,29,SCZ03,24.7,89166
1128,F,8,F8,29,SCZ03,24.7,89166
1128,F,9,F9,446,SCZ11,24.7,83556
1128,F,9,F9,446,SCZ11,24.7,83556
1128,F,10,F10,931,SCZ19,24.7,83579
1128,F,10,F10,931,SCZ19,24.7,83579
1128,F,11,F11,"BLANK- Master Mix, no lysate",BLNK,24.7,89698
1128,F,11,F11,"BLANK- Master Mix, no lysate",BLNK,24.7,89698
1128,F,12,F12,RECOMBINANT ERK  0.25 nM,ERK_0.250nM,24.7,89603
1128,F,12,F12,RECOMBINANT ERK  0.25 nM,ERK_0.250nM,24.7,89603
1128,G,1,G1,661,CTL07,24.7,87102
1128,G,1,G1,661,CTL07,24.7,87102
1128,G,2,G2,69,SCZ04,24.7,92273
1128,G,2,G2,69,SCZ04,24.7,92273
1128,G,3,G3,510,SCZ12,24.7,94787
1128,G,3,G3,510,SCZ12,24.7,94787
1128,G,4,G4,932,SCZ20,24.7,75853
1128,G,4,G4,932,SCZ20,24.7,75853
1128,G,5,G5,"BLANK- Master Mix, lysate, no reporter",BLNK_LYS,24.7,24038
1128,G,5,G5,"BLANK- Master Mix, lysate, no reporter",BLNK_LYS,24.7,24038
1128,G,6,G6,RECOMBINANT ERK  0.125 nM,ERK_0.125nM,24.7,99614
1128,G,6,G6,RECOMBINANT ERK  0.125 nM,ERK_0.125nM,24.7,99614
1128,G,7,G7,661,CTL07,24.7,83320
1128,G,7,G7,661,CTL07,24.7,83320
1128,G,8,G8,69,SCZ04,24.7,88298
1128,G,8,G8,69,SCZ04,24.7,88298
1128,G,9,G9,510,SCZ12,24.7,93280
1128,G,9,G9,510,SCZ12,24.7,93280
1128,G,10,G10,932,SCZ20,24.7,73111
1128,G,10,G10,932,SCZ20,24.7,73111
1128,G,11,G11,"BLANK- Master Mix, lysate, no reporter",BLNK_LYS,24.7,24591
1128,G,11,G11,"BLANK- Master Mix, lysate, no reporter",BLNK_LYS,24.7,24591
1128,G,12,G12,RECOMBINANT ERK  0.125 nM,ERK_0.125nM,24.7,94921
1128,G,12,G12,RECOMBINANT ERK  0.125 nM,ERK_0.125nM,24.7,94921
1128,H,1,H1,689,CTL08,24.7,93204
1128,H,1,H1,689,CTL08,24.7,93204
1128,H,2,H2,94,SCZ05,24.7,87775
1128,H,2,H2,94,SCZ05,24.7,87775
1128,H,3,H3,547,SCZ13,24.7,90714
1128,H,3,H3,547,SCZ13,24.7,90714
1128,H,4,H4,326,LYS01,24.7,93898
1128,H,4,H4,326,LYS01,24.7,93898
1128,H,5,H5,NA,EMPTY,24.7,91648
1128,H,5,H5,NA,EMPTY,24.7,91648
1128,H,6,H6,RECOMBINANT ERK 2nM + ERK INHIBITOR,ERK_2.000nM_INH,24.7,28194
1128,H,6,H6,RECOMBINANT ERK 2nM + ERK INHIBITOR,ERK_2.000nM_INH,24.7,28194
1128,H,7,H7,689,CTL08,24.7,Inf
1128,H,7,H7,689,CTL08,24.7,Inf
1128,H,8,H8,94,SCZ05,24.7,30777
1128,H,8,H8,94,SCZ05,24.7,30777
1128,H,9,H9,547,SCZ13,24.7,96350
1128,H,9,H9,547,SCZ13,24.7,96350
1128,H,10,H10,326,LYS01,24.7,97360
1128,H,10,H10,326,LYS01,24.7,97360
1128,H,11,H11,NA,EMPTY,24.7,24237
1128,H,11,H11,NA,EMPTY,24.7,24237
1128,H,12,H12,RECOMBINANT ERK 2nM + ERK INHIBITOR,ERK_2.000nM_INH,24.7,Inf
1128,H,12,H12,RECOMBINANT ERK 2nM + ERK INHIBITOR,ERK_2.000nM_INH,24.7,Inf
1269,A,1,A1,46,CTL01,24.7,96953
1269,A,1,A1,46,CTL01,24.7,96953
1269,A,2,A2,720,CTL09,24.7,96597
1269,A,2,A2,720,CTL09,24.7,96597
1269,A,3,A3,225,SCZ06,24.7,82070
1269,A,3,A3,225,SCZ06,24.7,82070
1269,A,4,A4,552,SCZ14,24.7,92409
1269,A,4,A4,552,SCZ14,24.7,92409
1269,A,5,A5,328,LYS02,24.7,89904
1269,A,5,A5,328,LYS02,24.7,89904
1269,A,6,A6,RECOMBINANT ERK  2nM,ERK_2.000nM,24.7,Inf
1269,A,6,A6,RECOMBINANT ERK  2nM,ERK_2.000nM,24.7,Inf
1269,A,7,A7,46,CTL01,24.7,98062
1269,A,7,A7,46,CTL01,24.7,98062
1269,A,8,A8,720,CTL09,24.7,87501
1269,A,8,A8,720,CTL09,24.7,87501
1269,A,9,A9,225,SCZ06,24.7,93777
1269,A,9,A9,225,SCZ06,24.7,93777
1269,A,10,A10,552,SCZ14,24.7,93452
1269,A,10,A10,552,SCZ14,24.7,93452
1269,A,11,A11,328,LYS02,24.7,93934
1269,A,11,A11,328,LYS02,24.7,93934
1269,A,12,A12,RECOMBINANT ERK  2nM,ERK_2.000nM,24.7,Inf
1269,A,12,A12,RECOMBINANT ERK  2nM,ERK_2.000nM,24.7,Inf
1269,B,1,B1,116,CTL02,24.7,90104
1269,B,1,B1,116,CTL02,24.7,90104
1269,B,2,B2,859,CTL10,24.7,96860
1269,B,2,B2,859,CTL10,24.7,96860
1269,B,3,B3,235,SCZ07,24.7,Inf
1269,B,3,B3,235,SCZ07,24.7,Inf
1269,B,4,B4,565,SCZ15,24.7,92605
1269,B,4,B4,565,SCZ15,24.7,92605
1269,B,5,B5,335,LYS03,24.7,92448
1269,B,5,B5,335,LYS03,24.7,92448
1269,B,6,B6,RECOMBINANT ERK 1.5 nM,ERK_1.500nM,24.7,Inf
1269,B,6,B6,RECOMBINANT ERK 1.5 nM,ERK_1.500nM,24.7,Inf
1269,B,7,B7,116,CTL02,24.7,83507
1269,B,7,B7,116,CTL02,24.7,83507
1269,B,8,B8,859,CTL10,24.7,85897
1269,B,8,B8,859,CTL10,24.7,85897
1269,B,9,B9,235,SCZ07,24.7,99410
1269,B,9,B9,235,SCZ07,24.7,99410
1269,B,10,B10,565,SCZ15,24.7,92996
1269,B,10,B10,565,SCZ15,24.7,92996
1269,B,11,B11,335,LYS03,24.7,90087
1269,B,11,B11,335,LYS03,24.7,90087
1269,B,12,B12,RECOMBINANT ERK 1.5 nM,ERK_1.500nM,24.7,Inf
1269,B,12,B12,RECOMBINANT ERK 1.5 nM,ERK_1.500nM,24.7,Inf
1269,C,1,C1,167,CTL03,24.7,93952
1269,C,1,C1,167,CTL03,24.7,93952
1269,C,2,C2,874,CTL11,24.7,88528
1269,C,2,C2,874,CTL11,24.7,88528
1269,C,3,C3,262,SCZ08,24.7,99076
1269,C,3,C3,262,SCZ08,24.7,99076
1269,C,4,C4,737,SCZ16,24.7,94499
1269,C,4,C4,737,SCZ16,24.7,94499
1269,C,5,C5,907,LYS04,24.7,87180
1269,C,5,C5,907,LYS04,24.7,87180
1269,C,6,C6,RECOMBINANT ERK  1 nM,ERK_1.000nM,24.7,Inf
1269,C,6,C6,RECOMBINANT ERK  1 nM,ERK_1.000nM,24.7,Inf
1269,C,7,C7,167,CTL03,24.7,94018
1269,C,7,C7,167,CTL03,24.7,94018
1269,C,8,C8,874,CTL11,24.7,85214
1269,C,8,C8,874,CTL11,24.7,85214
1269,C,9,C9,262,SCZ08,24.7,90732
1269,C,9,C9,262,SCZ08,24.7,90732
1269,C,10,C10,737,SCZ16,24.7,88827
1269,C,10,C10,737,SCZ16,24.7,88827
1269,C,11,C11,907,LYS04,24.7,89678
1269,C,11,C11,907,LYS04,24.7,89678
1269,C,12,C12,RECOMBINANT ERK  1 nM,ERK_1.000nM,24.7,Inf
1269,C,12,C12,RECOMBINANT ERK  1 nM,ERK_1.000nM,24.7,Inf
1269,D,1,D1,195,CTL04,24.7,84064
1269,D,1,D1,195,CTL04,24.7,84064
1269,D,2,D2,11,SCZ01,24.7,96202
1269,D,2,D2,11,SCZ01,24.7,96202
1269,D,3,D3,291,SCZ09,24.7,89744
1269,D,3,D3,291,SCZ09,24.7,89744
1269,D,4,D4,802,SCZ17,24.7,79298
1269,D,4,D4,802,SCZ17,24.7,79298
1269,D,5,D5,5000ng lysate + HI,LYS_HI,24.7,Inf
1269,D,5,D5,5000ng lysate + HI,LYS_HI,24.7,Inf
1269,D,6,D6,RECOMBINANT ERK  0.75 nM,ERK_0.750nM,24.7,Inf
1269,D,6,D6,RECOMBINANT ERK  0.75 nM,ERK_0.750nM,24.7,Inf
1269,D,7,D7,195,CTL04,24.7,88738
1269,D,7,D7,195,CTL04,24.7,88738
1269,D,8,D8,11,SCZ01,24.7,88484
1269,D,8,D8,11,SCZ01,24.7,88484
1269,D,9,D9,291,SCZ09,24.7,81815
1269,D,9,D9,291,SCZ09,24.7,81815
1269,D,10,D10,802,SCZ17,24.7,84377
1269,D,10,D10,802,SCZ17,24.7,84377
1269,D,11,D11,5000ng lysate + HI,LYS_HI,24.7,Inf
1269,D,11,D11,5000ng lysate + HI,LYS_HI,24.7,Inf
1269,D,12,D12,RECOMBINANT ERK  0.75 nM,ERK_0.750nM,24.7,Inf
1269,D,12,D12,RECOMBINANT ERK  0.75 nM,ERK_0.750nM,24.7,Inf
1269,E,1,E1,223,CTL05,24.7,93750
1269,E,1,E1,223,CTL05,24.7,93750
1269,E,2,E2,22,SCZ02,24.7,Inf
1269,E,2,E2,22,SCZ02,24.7,Inf
1269,E,3,E3,329,SCZ10,24.7,Inf
1269,E,3,E3,329,SCZ10,24.7,Inf
1269,E,4,E4,930,SCZ18,24.7,71349
1269,E,4,E4,930,SCZ18,24.7,71349
1269,E,5,E5,5000ng lysate +ERK INHIBITOR,LYS_INH,24.7,90567
1269,E,5,E5,5000ng lysate +ERK INHIBITOR,LYS_INH,24.7,90567
1269,E,6,E6,RECOMBINANT ERK 0.5 nM,ERK_0.500nM,24.7,Inf
1269,E,6,E6,RECOMBINANT ERK 0.5 nM,ERK_0.500nM,24.7,Inf
1269,E,7,E7,223,CTL05,24.7,84844
1269,E,7,E7,223,CTL05,24.7,84844
1269,E,8,E8,22,SCZ02,24.7,78435
1269,E,8,E8,22,SCZ02,24.7,78435
1269,E,9,E9,329,SCZ10,24.7,84122
1269,E,9,E9,329,SCZ10,24.7,84122
1269,E,10,E10,930,SCZ18,24.7,68022
1269,E,10,E10,930,SCZ18,24.7,68022
1269,E,11,E11,5000ng lysate +ERK INHIBITOR,LYS_INH,24.7,91005
1269,E,11,E11,5000ng lysate +ERK INHIBITOR,LYS_INH,24.7,91005
1269,E,12,E12,RECOMBINANT ERK 0.5 nM,ERK_0.500nM,24.7,Inf
1269,E,12,E12,RECOMBINANT ERK 0.5 nM,ERK_0.500nM,24.7,Inf
1269,F,1,F1,524,CTL06,24.7,95421
1269,F,1,F1,524,CTL06,24.7,95421
1269,F,2,F2,29,SCZ03,24.7,87113
1269,F,2,F2,29,SCZ03,24.7,87113
1269,F,3,F3,446,SCZ11,24.7,83369
1269,F,3,F3,446,SCZ11,24.7,83369
1269,F,4,F4,931,SCZ19,24.7,86826
1269,F,4,F4,931,SCZ19,24.7,86826
1269,F,5,F5,"BLANK- Master Mix, no lysate",BLNK,24.7,89596
1269,F,5,F5,"BLANK- Master Mix, no lysate",BLNK,24.7,89596
1269,F,6,F6,RECOMBINANT ERK  0.25 nM,ERK_0.250nM,24.7,95976
1269,F,6,F6,RECOMBINANT ERK  0.25 nM,ERK_0.250nM,24.7,95976
1269,F,7,F7,524,CTL06,24.7,90160
1269,F,7,F7,524,CTL06,24.7,90160
1269,F,8,F8,29,SCZ03,24.7,88971
1269,F,8,F8,29,SCZ03,24.7,88971
1269,F,9,F9,446,SCZ11,24.7,81845
1269,F,9,F9,446,SCZ11,24.7,81845
1269,F,10,F10,931,SCZ19,24.7,83089
1269,F,10,F10,931,SCZ19,24.7,83089
1269,F,11,F11,"BLANK- Master Mix, no lysate",BLNK,24.7,88843
1269,F,11,F11,"BLANK- Master Mix, no lysate",BLNK,24.7,88843
1269,F,12,F12,RECOMBINANT ERK  0.25 nM,ERK_0.250nM,24.7,88618
1269,F,12,F12,RECOMBINANT ERK  0.25 nM,ERK_0.250nM,24.7,88618
1269,G,1,G1,661,CTL07,24.7,87019
1269,G,1,G1,661,CTL07,24.7,87019
1269,G,2,G2,69,SCZ04,24.7,92264
1269,G,2,G2,69,SCZ04,24.7,92264
1269,G,3,G3,510,SCZ12,24.7,94020
1269,G,3,G3,510,SCZ12,24.7,94020
1269,G,4,G4,932,SCZ20,24.7,75344
1269,G,4,G4,932,SCZ20,24.7,75344
1269,G,5,G5,"BLANK- Master Mix, lysate, no reporter",BLNK_LYS,24.7,23919
1269,G,5,G5,"BLANK- Master Mix, lysate, no reporter",BLNK_LYS,24.7,23919
1269,G,6,G6,RECOMBINANT ERK  0.125 nM,ERK_0.125nM,24.7,98645
1269,G,6,G6,RECOMBINANT ERK  0.125 nM,ERK_0.125nM,24.7,98645
1269,G,7,G7,661,CTL07,24.7,83194
1269,G,7,G7,661,CTL07,24.7,83194
1269,G,8,G8,69,SCZ04,24.7,88014
1269,G,8,G8,69,SCZ04,24.7,88014
1269,G,9,G9,510,SCZ12,24.7,93244
1269,G,9,G9,510,SCZ12,24.7,93244
1269,G,10,G10,932,SCZ20,24.7,72996
1269,G,10,G10,932,SCZ20,24.7,72996
1269,G,11,G11,"BLANK- Master Mix, lysate, no reporter",BLNK_LYS,24.7,24338
1269,G,11,G11,"BLANK- Master Mix, lysate, no reporter",BLNK_LYS,24.7,24338
1269,G,12,G12,RECOMBINANT ERK  0.125 nM,ERK_0.125nM,24.7,94518
1269,G,12,G12,RECOMBINANT ERK  0.125 nM,ERK_0.125nM,24.7,94518
1269,H,1,H1,689,CTL08,24.7,93569
1269,H,1,H1,689,CTL08,24.7,93569
1269,H,2,H2,94,SCZ05,24.7,87465
1269,H,2,H2,94,SCZ05,24.7,87465
1269,H,3,H3,547,SCZ13,24.7,91987
1269,H,3,H3,547,SCZ13,24.7,91987
1269,H,4,H4,326,LYS01,24.7,94106
1269,H,4,H4,326,LYS01,24.7,94106
1269,H,5,H5,NA,EMPTY,24.7,92077
1269,H,5,H5,NA,EMPTY,24.7,92077
1269,H,6,H6,RECOMBINANT ERK 2nM + ERK INHIBITOR,ERK_2.000nM_INH,24.7,28370
1269,H,6,H6,RECOMBINANT ERK 2nM + ERK INHIBITOR,ERK_2.000nM_INH,24.7,28370
1269,H,7,H7,689,CTL08,24.7,Inf
1269,H,7,H7,689,CTL08,24.7,Inf
1269,H,8,H8,94,SCZ05,24.7,30784
1269,H,8,H8,94,SCZ05,24.7,30784
1269,H,9,H9,547,SCZ13,24.7,96235
1269,H,9,H9,547,SCZ13,24.7,96235
1269,H,10,H10,326,LYS01,24.7,96722
1269,H,10,H10,326,LYS01,24.7,96722
1269,H,11,H11,NA,EMPTY,24.7,24754
1269,H,11,H11,NA,EMPTY,24.7,24754
1269,H,12,H12,RECOMBINANT ERK 2nM + ERK INHIBITOR,ERK_2.000nM_INH,24.7,Inf
1269,H,12,H12,RECOMBINANT ERK 2nM + ERK INHIBITOR,ERK_2.000nM_INH,24.7,Inf
1410,A,1,A1,46,CTL01,24.7,97613
1410,A,1,A1,46,CTL01,24.7,97613
1410,A,2,A2,720,CTL09,24.7,97103
1410,A,2,A2,720,CTL09,24.7,97103
1410,A,3,A3,225,SCZ06,24.7,81656
1410,A,3,A3,225,SCZ06,24.7,81656
1410,A,4,A4,552,SCZ14,24.7,92774
1410,A,4,A4,552,SCZ14,24.7,92774
1410,A,5,A5,328,LYS02,24.7,90060
1410,A,5,A5,328,LYS02,24.7,90060
1410,A,6,A6,RECOMBINANT ERK  2nM,ERK_2.000nM,24.7,Inf
1410,A,6,A6,RECOMBINANT ERK  2nM,ERK_2.000nM,24.7,Inf
1410,A,7,A7,46,CTL01,24.7,97702
1410,A,7,A7,46,CTL01,24.7,97702
1410,A,8,A8,720,CTL09,24.7,88176
1410,A,8,A8,720,CTL09,24.7,88176
1410,A,9,A9,225,SCZ06,24.7,93226
1410,A,9,A9,225,SCZ06,24.7,93226
1410,A,10,A10,552,SCZ14,24.7,92423
1410,A,10,A10,552,SCZ14,24.7,92423
1410,A,11,A11,328,LYS02,24.7,94209
1410,A,11,A11,328,LYS02,24.7,94209
1410,A,12,A12,RECOMBINANT ERK  2nM,ERK_2.000nM,24.7,Inf
1410,A,12,A12,RECOMBINANT ERK  2nM,ERK_2.000nM,24.7,Inf
1410,B,1,B1,116,CTL02,24.7,90034
1410,B,1,B1,116,CTL02,24.7,90034
1410,B,2,B2,859,CTL10,24.7,96967
1410,B,2,B2,859,CTL10,24.7,96967
1410,B,3,B3,235,SCZ07,24.7,Inf
1410,B,3,B3,235,SCZ07,24.7,Inf
1410,B,4,B4,565,SCZ15,24.7,91912
1410,B,4,B4,565,SCZ15,24.7,91912
1410,B,5,B5,335,LYS03,24.7,91780
1410,B,5,B5,335,LYS03,24.7,91780
1410,B,6,B6,RECOMBINANT ERK 1.5 nM,ERK_1.500nM,24.7,Inf
1410,B,6,B6,RECOMBINANT ERK 1.5 nM,ERK_1.500nM,24.7,Inf
1410,B,7,B7,116,CTL02,24.7,82737
1410,B,7,B7,116,CTL02,24.7,82737
1410,B,8,B8,859,CTL10,24.7,85650
1410,B,8,B8,859,CTL10,24.7,85650
1410,B,9,B9,235,SCZ07,24.7,98985
1410,B,9,B9,235,SCZ07,24.7,98985
1410,B,10,B10,565,SCZ15,24.7,92585
1410,B,10,B10,565,SCZ15,24.7,92585
1410,B,11,B11,335,LYS03,24.7,90237
1410,B,11,B11,335,LYS03,24.7,90237
1410,B,12,B12,RECOMBINANT ERK 1.5 nM,ERK_1.500nM,24.7,Inf
1410,B,12,B12,RECOMBINANT ERK 1.5 nM,ERK_1.500nM,24.7,Inf
1410,C,1,C1,167,CTL03,24.7,94087
1410,C,1,C1,167,CTL03,24.7,94087
1410,C,2,C2,874,CTL11,24.7,87191
1410,C,2,C2,874,CTL11,24.7,87191
1410,C,3,C3,262,SCZ08,24.7,98483
1410,C,3,C3,262,SCZ08,24.7,98483
1410,C,4,C4,737,SCZ16,24.7,94058
1410,C,4,C4,737,SCZ16,24.7,94058
1410,C,5,C5,907,LYS04,24.7,87683
1410,C,5,C5,907,LYS04,24.7,87683
1410,C,6,C6,RECOMBINANT ERK  1 nM,ERK_1.000nM,24.7,Inf
1410,C,6,C6,RECOMBINANT ERK  1 nM,ERK_1.000nM,24.7,Inf
1410,C,7,C7,167,CTL03,24.7,93704
1410,C,7,C7,167,CTL03,24.7,93704
1410,C,8,C8,874,CTL11,24.7,84287
1410,C,8,C8,874,CTL11,24.7,84287
1410,C,9,C9,262,SCZ08,24.7,90280
1410,C,9,C9,262,SCZ08,24.7,90280
1410,C,10,C10,737,SCZ16,24.7,89114
1410,C,10,C10,737,SCZ16,24.7,89114
1410,C,11,C11,907,LYS04,24.7,89509
1410,C,11,C11,907,LYS04,24.7,89509
1410,C,12,C12,RECOMBINANT ERK  1 nM,ERK_1.000nM,24.7,99625
1410,C,12,C12,RECOMBINANT ERK  1 nM,ERK_1.000nM,24.7,99625
1410,D,1,D1,195,CTL04,24.7,83500
1410,D,1,D1,195,CTL04,24.7,83500
1410,D,2,D2,11,SCZ01,24.7,96049
1410,D,2,D2,11,SCZ01,24.7,96049
1410,D,3,D3,291,SCZ09,24.7,89352
1410,D,3,D3,291,SCZ09,24.7,89352
1410,D,4,D4,802,SCZ17,24.7,77810
1410,D,4,D4,802,SCZ17,24.7,77810
1410,D,5,D5,5000ng lysate + HI,LYS_HI,24.7,Inf
1410,D,5,D5,5000ng lysate + HI,LYS_HI,24.7,Inf
1410,D,6,D6,RECOMBINANT ERK  0.75 nM,ERK_0.750nM,24.7,Inf
1410,D,6,D6,RECOMBINANT ERK  0.75 nM,ERK_0.750nM,24.7,Inf
1410,D,7,D7,195,CTL04,24.7,88465
1410,D,7,D7,195,CTL04,24.7,88465
1410,D,8,D8,11,SCZ01,24.7,88684
1410,D,8,D8,11,SCZ01,24.7,88684
1410,D,9,D9,291,SCZ09,24.7,82726
1410,D,9,D9,291,SCZ09,24.7,82726
1410,D,10,D10,802,SCZ17,24.7,84571
1410,D,10,D10,802,SCZ17,24.7,84571
1410,D,11,D11,5000ng lysate + HI,LYS_HI,24.7,99218
1410,D,11,D11,5000ng lysate + HI,LYS_HI,24.7,99218
1410,D,12,D12,RECOMBINANT ERK  0.75 nM,ERK_0.750nM,24.7,Inf
1410,D,12,D12,RECOMBINANT ERK  0.75 nM,ERK_0.750nM,24.7,Inf
1410,E,1,E1,223,CTL05,24.7,93313
1410,E,1,E1,223,CTL05,24.7,93313
1410,E,2,E2,22,SCZ02,24.7,Inf
1410,E,2,E2,22,SCZ02,24.7,Inf
1410,E,3,E3,329,SCZ10,24.7,Inf
1410,E,3,E3,329,SCZ10,24.7,Inf
1410,E,4,E4,930,SCZ18,24.7,70609
1410,E,4,E4,930,SCZ18,24.7,70609
1410,E,5,E5,5000ng lysate +ERK INHIBITOR,LYS_INH,24.7,90074
1410,E,5,E5,5000ng lysate +ERK INHIBITOR,LYS_INH,24.7,90074
1410,E,6,E6,RECOMBINANT ERK 0.5 nM,ERK_0.500nM,24.7,Inf
1410,E,6,E6,RECOMBINANT ERK 0.5 nM,ERK_0.500nM,24.7,Inf
1410,E,7,E7,223,CTL05,24.7,84197
1410,E,7,E7,223,CTL05,24.7,84197
1410,E,8,E8,22,SCZ02,24.7,78531
1410,E,8,E8,22,SCZ02,24.7,78531
1410,E,9,E9,329,SCZ10,24.7,83677
1410,E,9,E9,329,SCZ10,24.7,83677
1410,E,10,E10,930,SCZ18,24.7,68140
1410,E,10,E10,930,SCZ18,24.7,68140
1410,E,11,E11,5000ng lysate +ERK INHIBITOR,LYS_INH,24.7,90969
1410,E,11,E11,5000ng lysate +ERK INHIBITOR,LYS_INH,24.7,90969
1410,E,12,E12,RECOMBINANT ERK 0.5 nM,ERK_0.500nM,24.7,Inf
1410,E,12,E12,RECOMBINANT ERK 0.5 nM,ERK_0.500nM,24.7,Inf
1410,F,1,F1,524,CTL06,24.7,95375
1410,F,1,F1,524,CTL06,24.7,95375
1410,F,2,F2,29,SCZ03,24.7,87453
1410,F,2,F2,29,SCZ03,24.7,87453
1410,F,3,F3,446,SCZ11,24.7,82659
1410,F,3,F3,446,SCZ11,24.7,82659
1410,F,4,F4,931,SCZ19,24.7,85861
1410,F,4,F4,931,SCZ19,24.7,85861
1410,F,5,F5,"BLANK- Master Mix, no lysate",BLNK,24.7,88925
1410,F,5,F5,"BLANK- Master Mix, no lysate",BLNK,24.7,88925
1410,F,6,F6,RECOMBINANT ERK  0.25 nM,ERK_0.250nM,24.7,95714
1410,F,6,F6,RECOMBINANT ERK  0.25 nM,ERK_0.250nM,24.7,95714
1410,F,7,F7,524,CTL06,24.7,90152
1410,F,7,F7,524,CTL06,24.7,90152
1410,F,8,F8,29,SCZ03,24.7,89731
1410,F,8,F8,29,SCZ03,24.7,89731
1410,F,9,F9,446,SCZ11,24.7,81293
1410,F,9,F9,446,SCZ11,24.7,81293
1410,F,10,F10,931,SCZ19,24.7,83184
1410,F,10,F10,931,SCZ19,24.7,83184
1410,F,11,F11,"BLANK- Master Mix, no lysate",BLNK,24.7,89639
1410,F,11,F11,"BLANK- Master Mix, no lysate",BLNK,24.7,89639
1410,F,12,F12,RECOMBINANT ERK  0.25 nM,ERK_0.250nM,24.7,86691
1410,F,12,F12,RECOMBINANT ERK  0.25 nM,ERK_0.250nM,24.7,86691
1410,G,1,G1,661,CTL07,24.7,87794
1410,G,1,G1,661,CTL07,24.7,87794
1410,G,2,G2,69,SCZ04,24.7,91617
1410,G,2,G2,69,SCZ04,24.7,91617
1410,G,3,G3,510,SCZ12,24.7,93702
1410,G,3,G3,510,SCZ12,24.7,93702
1410,G,4,G4,932,SCZ20,24.7,75006
1410,G,4,G4,932,SCZ20,24.7,75006
1410,G,5,G5,"BLANK- Master Mix, lysate, no reporter",BLNK_LYS,24.7,23787
1410,G,5,G5,"BLANK- Master Mix, lysate, no reporter",BLNK_LYS,24.7,23787
1410,G,6,G6,RECOMBINANT ERK  0.125 nM,ERK_0.125nM,24.7,99062
1410,G,6,G6,RECOMBINANT ERK  0.125 nM,ERK_0.125nM,24.7,99062
1410,G,7,G7,661,CTL07,24.7,84007
1410,G,7,G7,661,CTL07,24.7,84007
1410,G,8,G8,69,SCZ04,24.7,87910
1410,G,8,G8,69,SCZ04,24.7,87910
1410,G,9,G9,510,SCZ12,24.7,93188
1410,G,9,G9,510,SCZ12,24.7,93188
1410,G,10,G10,932,SCZ20,24.7,72738
1410,G,10,G10,932,SCZ20,24.7,72738
1410,G,11,G11,"BLANK- Master Mix, lysate, no reporter",BLNK_LYS,24.7,24541
1410,G,11,G11,"BLANK- Master Mix, lysate, no reporter",BLNK_LYS,24.7,24541
1410,G,12,G12,RECOMBINANT ERK  0.125 nM,ERK_0.125nM,24.7,94596
1410,G,12,G12,RECOMBINANT ERK  0.125 nM,ERK_0.125nM,24.7,94596
1410,H,1,H1,689,CTL08,24.7,93678
1410,H,1,H1,689,CTL08,24.7,93678
1410,H,2,H2,94,SCZ05,24.7,87185
1410,H,2,H2,94,SCZ05,24.7,87185
1410,H,3,H3,547,SCZ13,24.7,90523
1410,H,3,H3,547,SCZ13,24.7,90523
1410,H,4,H4,326,LYS01,24.7,93355
1410,H,4,H4,326,LYS01,24.7,93355
1410,H,5,H5,NA,EMPTY,24.7,91779
1410,H,5,H5,NA,EMPTY,24.7,91779
1410,H,6,H6,RECOMBINANT ERK 2nM + ERK INHIBITOR,ERK_2.000nM_INH,24.7,28218
1410,H,6,H6,RECOMBINANT ERK 2nM + ERK INHIBITOR,ERK_2.000nM_INH,24.7,28218
1410,H,7,H7,689,CTL08,24.7,Inf
1410,H,7,H7,689,CTL08,24.7,Inf
1410,H,8,H8,94,SCZ05,24.7,30920
1410,H,8,H8,94,SCZ05,24.7,30920
1410,H,9,H9,547,SCZ13,24.7,95326
1410,H,9,H9,547,SCZ13,24.7,95326
1410,H,10,H10,326,LYS01,24.7,97235
1410,H,10,H10,326,LYS01,24.7,97235
1410,H,11,H11,NA,EMPTY,24.7,24425
1410,H,11,H11,NA,EMPTY,24.7,24425
1410,H,12,H12,RECOMBINANT ERK 2nM + ERK INHIBITOR,ERK_2.000nM_INH,24.7,Inf
1410,H,12,H12,RECOMBINANT ERK 2nM + ERK INHIBITOR,ERK_2.000nM_INH,24.7,Inf
1551,A,1,A1,46,CTL01,24.8,97623
1551,A,1,A1,46,CTL01,24.8,97623
1551,A,2,A2,720,CTL09,24.8,95979
1551,A,2,A2,720,CTL09,24.8,95979
1551,A,3,A3,225,SCZ06,24.8,81995
1551,A,3,A3,225,SCZ06,24.8,81995
1551,A,4,A4,552,SCZ14,24.8,92919
1551,A,4,A4,552,SCZ14,24.8,92919
1551,A,5,A5,328,LYS02,24.8,90160
1551,A,5,A5,328,LYS02,24.8,90160
1551,A,6,A6,RECOMBINANT ERK  2nM,ERK_2.000nM,24.8,Inf
1551,A,6,A6,RECOMBINANT ERK  2nM,ERK_2.000nM,24.8,Inf
1551,A,7,A7,46,CTL01,24.8,97546
1551,A,7,A7,46,CTL01,24.8,97546
1551,A,8,A8,720,CTL09,24.8,87703
1551,A,8,A8,720,CTL09,24.8,87703
1551,A,9,A9,225,SCZ06,24.8,93201
1551,A,9,A9,225,SCZ06,24.8,93201
1551,A,10,A10,552,SCZ14,24.8,90671
1551,A,10,A10,552,SCZ14,24.8,90671
1551,A,11,A11,328,LYS02,24.8,94420
1551,A,11,A11,328,LYS02,24.8,94420
1551,A,12,A12,RECOMBINANT ERK  2nM,ERK_2.000nM,24.8,Inf
1551,A,12,A12,RECOMBINANT ERK  2nM,ERK_2.000nM,24.8,Inf
1551,B,1,B1,116,CTL02,24.8,89442
1551,B,1,B1,116,CTL02,24.8,89442
1551,B,2,B2,859,CTL10,24.8,96783
1551,B,2,B2,859,CTL10,24.8,96783
1551,B,3,B3,235,SCZ07,24.8,Inf
1551,B,3,B3,235,SCZ07,24.8,Inf
1551,B,4,B4,565,SCZ15,24.8,91656
1551,B,4,B4,565,SCZ15,24.8,91656
1551,B,5,B5,335,LYS03,24.8,91251
1551,B,5,B5,335,LYS03,24.8,91251
1551,B,6,B6,RECOMBINANT ERK 1.5 nM,ERK_1.500nM,24.8,Inf
1551,B,6,B6,RECOMBINANT ERK 1.5 nM,ERK_1.500nM,24.8,Inf
1551,B,7,B7,116,CTL02,24.8,82589
1551,B,7,B7,116,CTL02,24.8,82589
1551,B,8,B8,859,CTL10,24.8,84389
1551,B,8,B8,859,CTL10,24.8,84389
1551,B,9,B9,235,SCZ07,24.8,98771
1551,B,9,B9,235,SCZ07,24.8,98771
1551,B,10,B10,565,SCZ15,24.8,93012
1551,B,10,B10,565,SCZ15,24.8,93012
1551,B,11,B11,335,LYS03,24.8,89586
1551,B,11,B11,335,LYS03,24.8,89586
1551,B,12,B12,RECOMBINANT ERK 1.5 nM,ERK_1.500nM,24.8,Inf
1551,B,12,B12,RECOMBINANT ERK 1.5 nM,ERK_1.500nM,24.8,Inf
1551,C,1,C1,167,CTL03,24.8,94661
1551,C,1,C1,167,CTL03,24.8,94661
1551,C,2,C2,874,CTL11,24.8,87422
1551,C,2,C2,874,CTL11,24.8,87422
1551,C,3,C3,262,SCZ08,24.8,98626
1551,C,3,C3,262,SCZ08,24.8,98626
1551,C,4,C4,737,SCZ16,24.8,93513
1551,C,4,C4,737,SCZ16,24.8,93513
1551,C,5,C5,907,LYS04,24.8,86740
1551,C,5,C5,907,LYS04,24.8,86740
1551,C,6,C6,RECOMBINANT ERK  1 nM,ERK_1.000nM,24.8,Inf
1551,C,6,C6,RECOMBINANT ERK  1 nM,ERK_1.000nM,24.8,Inf
1551,C,7,C7,167,CTL03,24.8,94519
1551,C,7,C7,167,CTL03,24.8,94519
1551,C,8,C8,874,CTL11,24.8,83766
1551,C,8,C8,874,CTL11,24.8,83766
1551,C,9,C9,262,SCZ08,24.8,89452
1551,C,9,C9,262,SCZ08,24.8,89452
1551,C,10,C10,737,SCZ16,24.8,88122
1551,C,10,C10,737,SCZ16,24.8,88122
1551,C,11,C11,907,LYS04,24.8,89636
1551,C,11,C11,907,LYS04,24.8,89636
1551,C,12,C12,RECOMBINANT ERK  1 nM,ERK_1.000nM,24.8,98639
1551,C,12,C12,RECOMBINANT ERK  1 nM,ERK_1.000nM,24.8,98639
1551,D,1,D1,195,CTL04,24.8,82091
1551,D,1,D1,195,CTL04,24.8,82091
1551,D,2,D2,11,SCZ01,24.8,95450
1551,D,2,D2,11,SCZ01,24.8,95450
1551,D,3,D3,291,SCZ09,24.8,90125
1551,D,3,D3,291,SCZ09,24.8,90125
1551,D,4,D4,802,SCZ17,24.8,75351
1551,D,4,D4,802,SCZ17,24.8,75351
1551,D,5,D5,5000ng lysate + HI,LYS_HI,24.8,Inf
1551,D,5,D5,5000ng lysate + HI,LYS_HI,24.8,Inf
1551,D,6,D6,RECOMBINANT ERK  0.75 nM,ERK_0.750nM,24.8,Inf
1551,D,6,D6,RECOMBINANT ERK  0.75 nM,ERK_0.750nM,24.8,Inf
1551,D,7,D7,195,CTL04,24.8,88887
1551,D,7,D7,195,CTL04,24.8,88887
1551,D,8,D8,11,SCZ01,24.8,88351
1551,D,8,D8,11,SCZ01,24.8,88351
1551,D,9,D9,291,SCZ09,24.8,81787
1551,D,9,D9,291,SCZ09,24.8,81787
1551,D,10,D10,802,SCZ17,24.8,84660
1551,D,10,D10,802,SCZ17,24.8,84660
1551,D,11,D11,5000ng lysate + HI,LYS_HI,24.8,98833
1551,D,11,D11,5000ng lysate + HI,LYS_HI,24.8,98833
1551,D,12,D12,RECOMBINANT ERK  0.75 nM,ERK_0.750nM,24.8,Inf
1551,D,12,D12,RECOMBINANT ERK  0.75 nM,ERK_0.750nM,24.8,Inf
1551,E,1,E1,223,CTL05,24.8,93604
1551,E,1,E1,223,CTL05,24.8,93604
1551,E,2,E2,22,SCZ02,24.8,Inf
1551,E,2,E2,22,SCZ02,24.8,Inf
1551,E,3,E3,329,SCZ10,24.8,Inf
1551,E,3,E3,329,SCZ10,24.8,Inf
1551,E,4,E4,930,SCZ18,24.8,70198
1551,E,4,E4,930,SCZ18,24.8,70198
1551,E,5,E5,5000ng lysate +ERK INHIBITOR,LYS_INH,24.8,90059
1551,E,5,E5,5000ng lysate +ERK INHIBITOR,LYS_INH,24.8,90059
1551,E,6,E6,RECOMBINANT ERK 0.5 nM,ERK_0.500nM,24.8,Inf
1551,E,6,E6,RECOMBINANT ERK 0.5 nM,ERK_0.500nM,24.8,Inf
1551,E,7,E7,223,CTL05,24.8,84087
1551,E,7,E7,223,CTL05,24.8,84087
1551,E,8,E8,22,SCZ02,24.8,77514
1551,E,8,E8,22,SCZ02,24.8,77514
1551,E,9,E9,329,SCZ10,24.8,83550
1551,E,9,E9,329,SCZ10,24.8,83550
1551,E,10,E10,930,SCZ18,24.8,67987
1551,E,10,E10,930,SCZ18,24.8,67987
1551,E,11,E11,5000ng lysate +ERK INHIBITOR,LYS_INH,24.8,91283
1551,E,11,E11,5000ng lysate +ERK INHIBITOR,LYS_INH,24.8,91283
1551,E,12,E12,RECOMBINANT ERK 0.5 nM,ERK_0.500nM,24.8,Inf
1551,E,12,E12,RECOMBINANT ERK 0.5 nM,ERK_0.500nM,24.8,Inf
1551,F,1,F1,524,CTL06,24.8,95070
1551,F,1,F1,524,CTL06,24.8,95070
1551,F,2,F2,29,SCZ03,24.8,87044
1551,F,2,F2,29,SCZ03,24.8,87044
1551,F,3,F3,446,SCZ11,24.8,83189
1551,F,3,F3,446,SCZ11,24.8,83189
1551,F,4,F4,931,SCZ19,24.8,84978
1551,F,4,F4,931,SCZ19,24.8,84978
1551,F,5,F5,"BLANK- Master Mix, no lysate",BLNK,24.8,88934
1551,F,5,F5,"BLANK- Master Mix, no lysate",BLNK,24.8,88934
1551,F,6,F6,RECOMBINANT ERK  0.25 nM,ERK_0.250nM,24.8,95807
1551,F,6,F6,RECOMBINANT ERK  0.25 nM,ERK_0.250nM,24.8,95807
1551,F,7,F7,524,CTL06,24.8,89676
1551,F,7,F7,524,CTL06,24.8,89676
1551,F,8,F8,29,SCZ03,24.8,90692
1551,F,8,F8,29,SCZ03,24.8,90692
1551,F,9,F9,446,SCZ11,24.8,80652
1551,F,9,F9,446,SCZ11,24.8,80652
1551,F,10,F10,931,SCZ19,24.8,82283
1551,F,10,F10,931,SCZ19,24.8,82283
1551,F,11,F11,"BLANK- Master Mix, no lysate",BLNK,24.8,88098
1551,F,11,F11,"BLANK- Master Mix, no lysate",BLNK,24.8,88098
1551,F,12,F12,RECOMBINANT ERK  0.25 nM,ERK_0.250nM,24.8,85827
1551,F,12,F12,RECOMBINANT ERK  0.25 nM,ERK_0.250nM,24.8,85827
1551,G,1,G1,661,CTL07,24.8,87613
1551,G,1,G1,661,CTL07,24.8,87613
1551,G,2,G2,69,SCZ04,24.8,91240
1551,G,2,G2,69,SCZ04,24.8,91240
1551,G,3,G3,510,SCZ12,24.8,93754
1551,G,3,G3,510,SCZ12,24.8,93754
1551,G,4,G4,932,SCZ20,24.8,75264
1551,G,4,G4,932,SCZ20,24.8,75264
1551,G,5,G5,"BLANK- Master Mix, lysate, no reporter",BLNK_LYS,24.8,24180
1551,G,5,G5,"BLANK- Master Mix, lysate, no reporter",BLNK_LYS,24.8,24180
1551,G,6,G6,RECOMBINANT ERK  0.125 nM,ERK_0.125nM,24.8,99815
1551,G,6,G6,RECOMBINANT ERK  0.125 nM,ERK_0.125nM,24.8,99815
1551,G,7,G7,661,CTL07,24.8,82913
1551,G,7,G7,661,CTL07,24.8,82913
1551,G,8,G8,69,SCZ04,24.8,88465
1551,G,8,G8,69,SCZ04,24.8,88465
1551,G,9,G9,510,SCZ12,24.8,94026
1551,G,9,G9,510,SCZ12,24.8,94026
1551,G,10,G10,932,SCZ20,24.8,72813
1551,G,10,G10,932,SCZ20,24.8,72813
1551,G,11,G11,"BLANK- Master Mix, lysate, no reporter",BLNK_LYS,24.8,25041
1551,G,11,G11,"BLANK- Master Mix, lysate, no reporter",BLNK_LYS,24.8,25041
1551,G,12,G12,RECOMBINANT ERK  0.125 nM,ERK_0.125nM,24.8,94488
1551,G,12,G12,RECOMBINANT ERK  0.125 nM,ERK_0.125nM,24.8,94488
1551,H,1,H1,689,CTL08,24.8,92862
1551,H,1,H1,689,CTL08,24.8,92862
1551,H,2,H2,94,SCZ05,24.8,86433
1551,H,2,H2,94,SCZ05,24.8,86433
1551,H,3,H3,547,SCZ13,24.8,89205
1551,H,3,H3,547,SCZ13,24.8,89205
1551,H,4,H4,326,LYS01,24.8,93133
1551,H,4,H4,326,LYS01,24.8,93133
1551,H,5,H5,NA,EMPTY,24.8,92319
1551,H,5,H5,NA,EMPTY,24.8,92319
1551,H,6,H6,RECOMBINANT ERK 2nM + ERK INHIBITOR,ERK_2.000nM_INH,24.8,27860
1551,H,6,H6,RECOMBINANT ERK 2nM + ERK INHIBITOR,ERK_2.000nM_INH,24.8,27860
1551,H,7,H7,689,CTL08,24.8,Inf
1551,H,7,H7,689,CTL08,24.8,Inf
1551,H,8,H8,94,SCZ05,24.8,30649
1551,H,8,H8,94,SCZ05,24.8,30649
1551,H,9,H9,547,SCZ13,24.8,96367
1551,H,9,H9,547,SCZ13,24.8,96367
1551,H,10,H10,326,LYS01,24.8,97813
1551,H,10,H10,326,LYS01,24.8,97813
1551,H,11,H11,NA,EMPTY,24.8,24508
1551,H,11,H11,NA,EMPTY,24.8,24508
1551,H,12,H12,RECOMBINANT ERK 2nM + ERK INHIBITOR,ERK_2.000nM_INH,24.8,Inf
1551,H,12,H12,RECOMBINANT ERK 2nM + ERK INHIBITOR,ERK_2.000nM_INH,24.8,Inf
1692,A,1,A1,46,CTL01,24.8,97611
1692,A,1,A1,46,CTL01,24.8,97611
1692,A,2,A2,720,CTL09,24.8,97158
1692,A,2,A2,720,CTL09,24.8,97158
1692,A,3,A3,225,SCZ06,24.8,82134
1692,A,3,A3,225,SCZ06,24.8,82134
1692,A,4,A4,552,SCZ14,24.8,92522
1692,A,4,A4,552,SCZ14,24.8,92522
1692,A,5,A5,328,LYS02,24.8,90049
1692,A,5,A5,328,LYS02,24.8,90049
1692,A,6,A6,RECOMBINANT ERK  2nM,ERK_2.000nM,24.8,Inf
1692,A,6,A6,RECOMBINANT ERK  2nM,ERK_2.000nM,24.8,Inf
1692,A,7,A7,46,CTL01,24.8,97749
1692,A,7,A7,46,CTL01,24.8,97749
1692,A,8,A8,720,CTL09,24.8,87905
1692,A,8,A8,720,CTL09,24.8,87905
1692,A,9,A9,225,SCZ06,24.8,92845
1692,A,9,A9,225,SCZ06,24.8,92845
1692,A,10,A10,552,SCZ14,24.8,89835
1692,A,10,A10,552,SCZ14,24.8,89835
1692,A,11,A11,328,LYS02,24.8,93749
1692,A,11,A11,328,LYS02,24.8,93749
1692,A,12,A12,RECOMBINANT ERK  2nM,ERK_2.000nM,24.8,Inf
1692,A,12,A12,RECOMBINANT ERK  2nM,ERK_2.000nM,24.8,Inf
1692,B,1,B1,116,CTL02,24.8,88914
1692,B,1,B1,116,CTL02,24.8,88914
1692,B,2,B2,859,CTL10,24.8,96942
1692,B,2,B2,859,CTL10,24.8,96942
1692,B,3,B3,235,SCZ07,24.8,Inf
1692,B,3,B3,235,SCZ07,24.8,Inf
1692,B,4,B4,565,SCZ15,24.8,91814
1692,B,4,B4,565,SCZ15,24.8,91814
1692,B,5,B5,335,LYS03,24.8,90174
1692,B,5,B5,335,LYS03,24.8,90174
1692,B,6,B6,RECOMBINANT ERK 1.5 nM,ERK_1.500nM,24.8,Inf
1692,B,6,B6,RECOMBINANT ERK 1.5 nM,ERK_1.500nM,24.8,Inf
1692,B,7,B7,116,CTL02,24.8,83199
1692,B,7,B7,116,CTL02,24.8,83199
1692,B,8,B8,859,CTL10,24.8,84076
1692,B,8,B8,859,CTL10,24.8,84076
1692,B,9,B9,235,SCZ07,24.8,98522
1692,B,9,B9,235,SCZ07,24.8,98522
1692,B,10,B10,565,SCZ15,24.8,93213
1692,B,10,B10,565,SCZ15,24.8,93213
1692,B,11,B11,335,LYS03,24.8,89733
1692,B,11,B11,335,LYS03,24.8,89733
1692,B,12,B12,RECOMBINANT ERK 1.5 nM,ERK_1.500nM,24.8,Inf
1692,B,12,B12,RECOMBINANT ERK 1.5 nM,ERK_1.500nM,24.8,Inf
1692,C,1,C1,167,CTL03,24.8,94257
1692,C,1,C1,167,CTL03,24.8,94257
1692,C,2,C2,874,CTL11,24.8,86107
1692,C,2,C2,874,CTL11,24.8,86107
1692,C,3,C3,262,SCZ08,24.8,98137
1692,C,3,C3,262,SCZ08,24.8,98137
1692,C,4,C4,737,SCZ16,24.8,92808
1692,C,4,C4,737,SCZ16,24.8,92808
1692,C,5,C5,907,LYS04,24.8,85950
1692,C,5,C5,907,LYS04,24.8,85950
1692,C,6,C6,RECOMBINANT ERK  1 nM,ERK_1.000nM,24.8,Inf
1692,C,6,C6,RECOMBINANT ERK  1 nM,ERK_1.000nM,24.8,Inf
1692,C,7,C7,167,CTL03,24.8,94931
1692,C,7,C7,167,CTL03,24.8,94931
1692,C,8,C8,874,CTL11,24.8,83532
1692,C,8,C8,874,CTL11,24.8,83532
1692,C,9,C9,262,SCZ08,24.8,90169
1692,C,9,C9,262,SCZ08,24.8,90169
1692,C,10,C10,737,SCZ16,24.8,88928
1692,C,10,C10,737,SCZ16,24.8,88928
1692,C,11,C11,907,LYS04,24.8,89610
1692,C,11,C11,907,LYS04,24.8,89610
1692,C,12,C12,RECOMBINANT ERK  1 nM,ERK_1.000nM,24.8,97889
1692,C,12,C12,RECOMBINANT ERK  1 nM,ERK_1.000nM,24.8,97889
1692,D,1,D1,195,CTL04,24.8,81636
1692,D,1,D1,195,CTL04,24.8,81636
1692,D,2,D2,11,SCZ01,24.8,95886
1692,D,2,D2,11,SCZ01,24.8,95886
1692,D,3,D3,291,SCZ09,24.8,89346
1692,D,3,D3,291,SCZ09,24.8,89346
1692,D,4,D4,802,SCZ17,24.8,73625
1692,D,4,D4,802,SCZ17,24.8,73625
1692,D,5,D5,5000ng lysate + HI,LYS_HI,24.8,Inf
1692,D,5,D5,5000ng lysate + HI,LYS_HI,24.8,Inf
1692,D,6,D6,RECOMBINANT ERK  0.75 nM,ERK_0.750nM,24.8,Inf
1692,D,6,D6,RECOMBINANT ERK  0.75 nM,ERK_0.750nM,24.8,Inf
1692,D,7,D7,195,CTL04,24.8,88516
1692,D,7,D7,195,CTL04,24.8,88516
1692,D,8,D8,11,SCZ01,24.8,87591
1692,D,8,D8,11,SCZ01,24.8,87591
1692,D,9,D9,291,SCZ09,24.8,81592
1692,D,9,D9,291,SCZ09,24.8,81592
1692,D,10,D10,802,SCZ17,24.8,84225
1692,D,10,D10,802,SCZ17,24.8,84225
1692,D,11,D11,5000ng lysate + HI,LYS_HI,24.8,98369
1692,D,11,D11,5000ng lysate + HI,LYS_HI,24.8,98369
1692,D,12,D12,RECOMBINANT ERK  0.75 nM,ERK_0.750nM,24.8,Inf
1692,D,12,D12,RECOMBINANT ERK  0.75 nM,ERK_0.750nM,24.8,Inf
1692,E,1,E1,223,CTL05,24.8,93054
1692,E,1,E1,223,CTL05,24.8,93054
1692,E,2,E2,22,SCZ02,24.8,Inf
1692,E,2,E2,22,SCZ02,24.8,Inf
1692,E,3,E3,329,SCZ10,24.8,Inf
1692,E,3,E3,329,SCZ10,24.8,Inf
1692,E,4,E4,930,SCZ18,24.8,69601
1692,E,4,E4,930,SCZ18,24.8,69601
1692,E,5,E5,5000ng lysate +ERK INHIBITOR,LYS_INH,24.8,89787
1692,E,5,E5,5000ng lysate +ERK INHIBITOR,LYS_INH,24.8,89787
1692,E,6,E6,RECOMBINANT ERK 0.5 nM,ERK_0.500nM,24.8,Inf
1692,E,6,E6,RECOMBINANT ERK 0.5 nM,ERK_0.500nM,24.8,Inf
1692,E,7,E7,223,CTL05,24.8,84541
1692,E,7,E7,223,CTL05,24.8,84541
1692,E,8,E8,22,SCZ02,24.8,77340
1692,E,8,E8,22,SCZ02,24.8,77340
1692,E,9,E9,329,SCZ10,24.8,83007
1692,E,9,E9,329,SCZ10,24.8,83007
1692,E,10,E10,930,SCZ18,24.8,68046
1692,E,10,E10,930,SCZ18,24.8,68046
1692,E,11,E11,5000ng lysate +ERK INHIBITOR,LYS_INH,24.8,91132
1692,E,11,E11,5000ng lysate +ERK INHIBITOR,LYS_INH,24.8,91132
1692,E,12,E12,RECOMBINANT ERK 0.5 nM,ERK_0.500nM,24.8,Inf
1692,E,12,E12,RECOMBINANT ERK 0.5 nM,ERK_0.500nM,24.8,Inf
1692,F,1,F1,524,CTL06,24.8,95600
1692,F,1,F1,524,CTL06,24.8,95600
1692,F,2,F2,29,SCZ03,24.8,86501
1692,F,2,F2,29,SCZ03,24.8,86501
1692,F,3,F3,446,SCZ11,24.8,82758
1692,F,3,F3,446,SCZ11,24.8,82758
1692,F,4,F4,931,SCZ19,24.8,85149
1692,F,4,F4,931,SCZ19,24.8,85149
1692,F,5,F5,"BLANK- Master Mix, no lysate",BLNK,24.8,89039
1692,F,5,F5,"BLANK- Master Mix, no lysate",BLNK,24.8,89039
1692,F,6,F6,RECOMBINANT ERK  0.25 nM,ERK_0.250nM,24.8,95748
1692,F,6,F6,RECOMBINANT ERK  0.25 nM,ERK_0.250nM,24.8,95748
1692,F,7,F7,524,CTL06,24.8,89704
1692,F,7,F7,524,CTL06,24.8,89704
1692,F,8,F8,29,SCZ03,24.8,90495
1692,F,8,F8,29,SCZ03,24.8,90495
1692,F,9,F9,446,SCZ11,24.8,80141
1692,F,9,F9,446,SCZ11,24.8,80141
1692,F,10,F10,931,SCZ19,24.8,82088
1692,F,10,F10,931,SCZ19,24.8,82088
1692,F,11,F11,"BLANK- Master Mix, no lysate",BLNK,24.8,88832
1692,F,11,F11,"BLANK- Master Mix, no lysate",BLNK,24.8,88832
1692,F,12,F12,RECOMBINANT ERK  0.25 nM,ERK_0.250nM,24.8,84947
1692,F,12,F12,RECOMBINANT ERK  0.25 nM,ERK_0.250nM,24.8,84947
1692,G,1,G1,661,CTL07,24.8,87146
1692,G,1,G1,661,CTL07,24.8,87146
1692,G,2,G2,69,SCZ04,24.8,90703
1692,G,2,G2,69,SCZ04,24.8,90703
1692,G,3,G3,510,SCZ12,24.8,94001
1692,G,3,G3,510,SCZ12,24.8,94001
1692,G,4,G4,932,SCZ20,24.8,74994
1692,G,4,G4,932,SCZ20,24.8,74994
1692,G,5,G5,"BLANK- Master Mix, lysate, no reporter",BLNK_LYS,24.8,23455
1692,G,5,G5,"BLANK- Master Mix, lysate, no reporter",BLNK_LYS,24.8,23455
1692,G,6,G6,RECOMBINANT ERK  0.125 nM,ERK_0.125nM,24.8,98921
1692,G,6,G6,RECOMBINANT ERK  0.125 nM,ERK_0.125nM,24.8,98921
1692,G,7,G7,661,CTL07,24.8,82623
1692,G,7,G7,661,CTL07,24.8,82623
1692,G,8,G8,69,SCZ04,24.8,87978
1692,G,8,G8,69,SCZ04,24.8,87978
1692,G,9,G9,510,SCZ12,24.8,94295
1692,G,9,G9,510,SCZ12,24.8,94295
1692,G,10,G10,932,SCZ20,24.8,72620
1692,G,10,G10,932,SCZ20,24.8,72620
1692,G,11,G11,"BLANK- Master Mix, lysate, no reporter",BLNK_LYS,24.8,24444
1692,G,11,G11,"BLANK- Master Mix, lysate, no reporter",BLNK_LYS,24.8,24444
1692,G,12,G12,RECOMBINANT ERK  0.125 nM,ERK_0.125nM,24.8,94541
1692,G,12,G12,RECOMBINANT ERK  0.125 nM,ERK_0.125nM,24.8,94541
1692,H,1,H1,689,CTL08,24.8,93463
1692,H,1,H1,689,CTL08,24.8,93463
1692,H,2,H2,94,SCZ05,24.8,85780
1692,H,2,H2,94,SCZ05,24.8,85780
1692,H,3,H3,547,SCZ13,24.8,89501
1692,H,3,H3,547,SCZ13,24.8,89501
1692,H,4,H4,326,LYS01,24.8,91914
1692,H,4,H4,326,LYS01,24.8,91914
1692,H,5,H5,NA,EMPTY,24.8,91658
1692,H,5,H5,NA,EMPTY,24.8,91658
1692,H,6,H6,RECOMBINANT ERK 2nM + ERK INHIBITOR,ERK_2.000nM_INH,24.8,27960
1692,H,6,H6,RECOMBINANT ERK 2nM + ERK INHIBITOR,ERK_2.000nM_INH,24.8,27960
1692,H,7,H7,689,CTL08,24.8,Inf
1692,H,7,H7,689,CTL08,24.8,Inf
1692,H,8,H8,94,SCZ05,24.8,30671
1692,H,8,H8,94,SCZ05,24.8,30671
1692,H,9,H9,547,SCZ13,24.8,95568
1692,H,9,H9,547,SCZ13,24.8,95568
1692,H,10,H10,326,LYS01,24.8,97851
1692,H,10,H10,326,LYS01,24.8,97851
1692,H,11,H11,NA,EMPTY,24.8,24189
1692,H,11,H11,NA,EMPTY,24.8,24189
1692,H,12,H12,RECOMBINANT ERK 2nM + ERK INHIBITOR,ERK_2.000nM_INH,24.8,Inf
1692,H,12,H12,RECOMBINANT ERK 2nM + ERK INHIBITOR,ERK_2.000nM_INH,24.8,Inf
1833,A,1,A1,46,CTL01,24.8,96872
1833,A,1,A1,46,CTL01,24.8,96872
1833,A,2,A2,720,CTL09,24.8,96341
1833,A,2,A2,720,CTL09,24.8,96341
1833,A,3,A3,225,SCZ06,24.8,81872
1833,A,3,A3,225,SCZ06,24.8,81872
1833,A,4,A4,552,SCZ14,24.8,92685
1833,A,4,A4,552,SCZ14,24.8,92685
1833,A,5,A5,328,LYS02,24.8,90307
1833,A,5,A5,328,LYS02,24.8,90307
1833,A,6,A6,RECOMBINANT ERK  2nM,ERK_2.000nM,24.8,Inf
1833,A,6,A6,RECOMBINANT ERK  2nM,ERK_2.000nM,24.8,Inf
1833,A,7,A7,46,CTL01,24.8,98348
1833,A,7,A7,46,CTL01,24.8,98348
1833,A,8,A8,720,CTL09,24.8,87893
1833,A,8,A8,720,CTL09,24.8,87893
1833,A,9,A9,225,SCZ06,24.8,92877
1833,A,9,A9,225,SCZ06,24.8,92877
1833,A,10,A10,552,SCZ14,24.8,88824
1833,A,10,A10,552,SCZ14,24.8,88824
1833,A,11,A11,328,LYS02,24.8,94158
1833,A,11,A11,328,LYS02,24.8,94158
1833,A,12,A12,RECOMBINANT ERK  2nM,ERK_2.000nM,24.8,Inf
1833,A,12,A12,RECOMBINANT ERK  2nM,ERK_2.000nM,24.8,Inf
1833,B,1,B1,116,CTL02,24.8,89112
1833,B,1,B1,116,CTL02,24.8,89112
1833,B,2,B2,859,CTL10,24.8,96716
1833,B,2,B2,859,CTL10,24.8,96716
1833,B,3,B3,235,SCZ07,24.8,Inf
1833,B,3,B3,235,SCZ07,24.8,Inf
1833,B,4,B4,565,SCZ15,24.8,91361
1833,B,4,B4,565,SCZ15,24.8,91361
1833,B,5,B5,335,LYS03,24.8,90952
1833,B,5,B5,335,LYS03,24.8,90952
1833,B,6,B6,RECOMBINANT ERK 1.5 nM,ERK_1.500nM,24.8,Inf
1833,B,6,B6,RECOMBINANT ERK 1.5 nM,ERK_1.500nM,24.8,Inf
1833,B,7,B7,116,CTL02,24.8,82145
1833,B,7,B7,116,CTL02,24.8,82145
1833,B,8,B8,859,CTL10,24.8,83481
1833,B,8,B8,859,CTL10,24.8,83481
1833,B,9,B9,235,SCZ07,24.8,99081
1833,B,9,B9,235,SCZ07,24.8,99081
1833,B,10,B10,565,SCZ15,24.8,93224
1833,B,10,B10,565,SCZ15,24.8,93224
1833,B,11,B11,335,LYS03,24.8,89696
1833,B,11,B11,335,LYS03,24.8,89696
1833,B,12,B12,RECOMBINANT ERK 1.5 nM,ERK_1.500nM,24.8,Inf
1833,B,12,B12,RECOMBINANT ERK 1.5 nM,ERK_1.500nM,24.8,Inf
1833,C,1,C1,167,CTL03,24.8,95084
1833,C,1,C1,167,CTL03,24.8,95084
1833,C,2,C2,874,CTL11,24.8,85966
1833,C,2,C2,874,CTL11,24.8,85966
1833,C,3,C3,262,SCZ08,24.8,97528
1833,C,3,C3,262,SCZ08,24.8,97528
1833,C,4,C4,737,SCZ16,24.8,93403
1833,C,4,C4,737,SCZ16,24.8,93403
1833,C,5,C5,907,LYS04,24.8,85722
1833,C,5,C5,907,LYS04,24.8,85722
1833,C,6,C6,RECOMBINANT ERK  1 nM,ERK_1.000nM,24.8,Inf
1833,C,6,C6,RECOMBINANT ERK  1 nM,ERK_1.000nM,24.8,Inf
1833,C,7,C7,167,CTL03,24.8,94990
1833,C,7,C7,167,CTL03,24.8,94990
1833,C,8,C8,874,CTL11,24.8,82343
1833,C,8,C8,874,CTL11,24.8,82343
1833,C,9,C9,262,SCZ08,24.8,90204
1833,C,9,C9,262,SCZ08,24.8,90204
1833,C,10,C10,737,SCZ16,24.8,88667
1833,C,10,C10,737,SCZ16,24.8,88667
1833,C,11,C11,907,LYS04,24.8,88733
1833,C,11,C11,907,LYS04,24.8,88733
1833,C,12,C12,RECOMBINANT ERK  1 nM,ERK_1.000nM,24.8,97179
1833,C,12,C12,RECOMBINANT ERK  1 nM,ERK_1.000nM,24.8,97179
1833,D,1,D1,195,CTL04,24.8,79788
1833,D,1,D1,195,CTL04,24.8,79788
1833,D,2,D2,11,SCZ01,24.8,95102
1833,D,2,D2,11,SCZ01,24.8,95102
1833,D,3,D3,291,SCZ09,24.8,89023
1833,D,3,D3,291,SCZ09,24.8,89023
1833,D,4,D4,802,SCZ17,24.8,72223
1833,D,4,D4,802,SCZ17,24.8,72223
1833,D,5,D5,5000ng lysate + HI,LYS_HI,24.8,Inf
1833,D,5,D5,5000ng lysate + HI,LYS_HI,24.8,Inf
1833,D,6,D6,RECOMBINANT ERK  0.75 nM,ERK_0.750nM,24.8,Inf
1833,D,6,D6,RECOMBINANT ERK  0.75 nM,ERK_0.750nM,24.8,Inf
1833,D,7,D7,195,CTL04,24.8,88117
1833,D,7,D7,195,CTL04,24.8,88117
1833,D,8,D8,11,SCZ01,24.8,87238
1833,D,8,D8,11,SCZ01,24.8,87238
1833,D,9,D9,291,SCZ09,24.8,81671
1833,D,9,D9,291,SCZ09,24.8,81671
1833,D,10,D10,802,SCZ17,24.8,84426
1833,D,10,D10,802,SCZ17,24.8,84426
1833,D,11,D11,5000ng lysate + HI,LYS_HI,24.8,98620
1833,D,11,D11,5000ng lysate + HI,LYS_HI,24.8,98620
1833,D,12,D12,RECOMBINANT ERK  0.75 nM,ERK_0.750nM,24.8,Inf
1833,D,12,D12,RECOMBINANT ERK  0.75 nM,ERK_0.750nM,24.8,Inf
1833,E,1,E1,223,CTL05,24.8,93047
1833,E,1,E1,223,CTL05,24.8,93047
1833,E,2,E2,22,SCZ02,24.8,Inf
1833,E,2,E2,22,SCZ02,24.8,Inf
1833,E,3,E3,329,SCZ10,24.8,Inf
1833,E,3,E3,329,SCZ10,24.8,Inf
1833,E,4,E4,930,SCZ18,24.8,69342
1833,E,4,E4,930,SCZ18,24.8,69342
1833,E,5,E5,5000ng lysate +ERK INHIBITOR,LYS_INH,24.8,89516
1833,E,5,E5,5000ng lysate +ERK INHIBITOR,LYS_INH,24.8,89516
1833,E,6,E6,RECOMBINANT ERK 0.5 nM,ERK_0.500nM,24.8,Inf
1833,E,6,E6,RECOMBINANT ERK 0.5 nM,ERK_0.500nM,24.8,Inf
1833,E,7,E7,223,CTL05,24.8,84355
1833,E,7,E7,223,CTL05,24.8,84355
1833,E,8,E8,22,SCZ02,24.8,76704
1833,E,8,E8,22,SCZ02,24.8,76704
1833,E,9,E9,329,SCZ10,24.8,81127
1833,E,9,E9,329,SCZ10,24.8,81127
1833,E,10,E10,930,SCZ18,24.8,67924
1833,E,10,E10,930,SCZ18,24.8,67924
1833,E,11,E11,5000ng lysate +ERK INHIBITOR,LYS_INH,24.8,90600
1833,E,11,E11,5000ng lysate +ERK INHIBITOR,LYS_INH,24.8,90600
1833,E,12,E12,RECOMBINANT ERK 0.5 nM,ERK_0.500nM,24.8,Inf
1833,E,12,E12,RECOMBINANT ERK 0.5 nM,ERK_0.500nM,24.8,Inf
1833,F,1,F1,524,CTL06,24.8,95227
1833,F,1,F1,524,CTL06,24.8,95227
1833,F,2,F2,29,SCZ03,24.8,86923
1833,F,2,F2,29,SCZ03,24.8,86923
1833,F,3,F3,446,SCZ11,24.8,82361
1833,F,3,F3,446,SCZ11,24.8,82361
1833,F,4,F4,931,SCZ19,24.8,83842
1833,F,4,F4,931,SCZ19,24.8,83842
1833,F,5,F5,"BLANK- Master Mix, no lysate",BLNK,24.8,89074
1833,F,5,F5,"BLANK- Master Mix, no lysate",BLNK,24.8,89074
1833,F,6,F6,RECOMBINANT ERK  0.25 nM,ERK_0.250nM,24.8,95839
1833,F,6,F6,RECOMBINANT ERK  0.25 nM,ERK_0.250nM,24.8,95839
1833,F,7,F7,524,CTL06,24.8,89478
1833,F,7,F7,524,CTL06,24.8,89478
1833,F,8,F8,29,SCZ03,24.8,90677
1833,F,8,F8,29,SCZ03,24.8,90677
1833,F,9,F9,446,SCZ11,24.8,79158
1833,F,9,F9,446,SCZ11,24.8,79158
1833,F,10,F10,931,SCZ19,24.8,81811
1833,F,10,F10,931,SCZ19,24.8,81811
1833,F,11,F11,"BLANK- Master Mix, no lysate",BLNK,24.8,88728
1833,F,11,F11,"BLANK- Master Mix, no lysate",BLNK,24.8,88728
1833,F,12,F12,RECOMBINANT ERK  0.25 nM,ERK_0.250nM,24.8,83613
1833,F,12,F12,RECOMBINANT ERK  0.25 nM,ERK_0.250nM,24.8,83613
1833,G,1,G1,661,CTL07,24.8,87878
1833,G,1,G1,661,CTL07,24.8,87878
1833,G,2,G2,69,SCZ04,24.8,90418
1833,G,2,G2,69,SCZ04,24.8,90418
1833,G,3,G3,510,SCZ12,24.8,93426
1833,G,3,G3,510,SCZ12,24.8,93426
1833,G,4,G4,932,SCZ20,24.8,74060
1833,G,4,G4,932,SCZ20,24.8,74060
1833,G,5,G5,"BLANK- Master Mix, lysate, no reporter",BLNK_LYS,24.8,23290
1833,G,5,G5,"BLANK- Master Mix, lysate, no reporter",BLNK_LYS,24.8,23290
1833,G,6,G6,RECOMBINANT ERK  0.125 nM,ERK_0.125nM,24.8,99819
1833,G,6,G6,RECOMBINANT ERK  0.125 nM,ERK_0.125nM,24.8,99819
1833,G,7,G7,661,CTL07,24.8,83076
1833,G,7,G7,661,CTL07,24.8,83076
1833,G,8,G8,69,SCZ04,24.8,87528
1833,G,8,G8,69,SCZ04,24.8,87528
1833,G,9,G9,510,SCZ12,24.8,93907
1833,G,9,G9,510,SCZ12,24.8,93907
1833,G,10,G10,932,SCZ20,24.8,72531
1833,G,10,G10,932,SCZ20,24.8,72531
1833,G,11,G11,"BLANK- Master Mix, lysate, no reporter",BLNK_LYS,24.8,24726
1833,G,11,G11,"BLANK- Master Mix, lysate, no reporter",BLNK_LYS,24.8,24726
1833,G,12,G12,RECOMBINANT ERK  0.125 nM,ERK_0.125nM,24.8,94614
1833,G,12,G12,RECOMBINANT ERK  0.125 nM,ERK_0.125nM,24.8,94614
1833,H,1,H1,689,CTL08,24.8,92766
1833,H,1,H1,689,CTL08,24.8,92766
1833,H,2,H2,94,SCZ05,24.8,85411
1833,H,2,H2,94,SCZ05,24.8,85411
1833,H,3,H3,547,SCZ13,24.8,89394
1833,H,3,H3,547,SCZ13,24.8,89394
1833,H,4,H4,326,LYS01,24.8,91720
1833,H,4,H4,326,LYS01,24.8,91720
1833,H,5,H5,NA,EMPTY,24.8,91815
1833,H,5,H5,NA,EMPTY,24.8,91815
1833,H,6,H6,RECOMBINANT ERK 2nM + ERK INHIBITOR,ERK_2.000nM_INH,24.8,27564
1833,H,6,H6,RECOMBINANT ERK 2nM + ERK INHIBITOR,ERK_2.000nM_INH,24.8,27564
1833,H,7,H7,689,CTL08,24.8,Inf
1833,H,7,H7,689,CTL08,24.8,Inf
1833,H,8,H8,94,SCZ05,24.8,30392
1833,H,8,H8,94,SCZ05,24.8,30392
1833,H,9,H9,547,SCZ13,24.8,95979
1833,H,9,H9,547,SCZ13,24.8,95979
1833,H,10,H10,326,LYS01,24.8,96897
1833,H,10,H10,326,LYS01,24.8,96897
1833,H,11,H11,NA,EMPTY,24.8,24097
1833,H,11,H11,NA,EMPTY,24.8,24097
1833,H,12,H12,RECOMBINANT ERK 2nM + ERK INHIBITOR,ERK_2.000nM_INH,24.8,Inf
1833,H,12,H12,RECOMBINANT ERK 2nM + ERK INHIBITOR,ERK_2.000nM_INH,24.8,Inf
1974,A,1,A1,46,CTL01,24.8,97609
1974,A,1,A1,46,CTL01,24.8,97609
1974,A,2,A2,720,CTL09,24.8,96335
1974,A,2,A2,720,CTL09,24.8,96335
1974,A,3,A3,225,SCZ06,24.8,81673
1974,A,3,A3,225,SCZ06,24.8,81673
1974,A,4,A4,552,SCZ14,24.8,92856
1974,A,4,A4,552,SCZ14,24.8,92856
1974,A,5,A5,328,LYS02,24.8,89988
1974,A,5,A5,328,LYS02,24.8,89988
1974,A,6,A6,RECOMBINANT ERK  2nM,ERK_2.000nM,24.8,Inf
1974,A,6,A6,RECOMBINANT ERK  2nM,ERK_2.000nM,24.8,Inf
1974,A,7,A7,46,CTL01,24.8,97792
1974,A,7,A7,46,CTL01,24.8,97792
1974,A,8,A8,720,CTL09,24.8,88194
1974,A,8,A8,720,CTL09,24.8,88194
1974,A,9,A9,225,SCZ06,24.8,92375
1974,A,9,A9,225,SCZ06,24.8,92375
1974,A,10,A10,552,SCZ14,24.8,87408
1974,A,10,A10,552,SCZ14,24.8,87408
1974,A,11,A11,328,LYS02,24.8,93562
1974,A,11,A11,328,LYS02,24.8,93562
1974,A,12,A12,RECOMBINANT ERK  2nM,ERK_2.000nM,24.8,Inf
1974,A,12,A12,RECOMBINANT ERK  2nM,ERK_2.000nM,24.8,Inf
1974,B,1,B1,116,CTL02,24.8,89156
1974,B,1,B1,116,CTL02,24.8,89156
1974,B,2,B2,859,CTL10,24.8,95609
1974,B,2,B2,859,CTL10,24.8,95609
1974,B,3,B3,235,SCZ07,24.8,Inf
1974,B,3,B3,235,SCZ07,24.8,Inf
1974,B,4,B4,565,SCZ15,24.8,91483
1974,B,4,B4,565,SCZ15,24.8,91483
1974,B,5,B5,335,LYS03,24.8,90206
1974,B,5,B5,335,LYS03,24.8,90206
1974,B,6,B6,RECOMBINANT ERK 1.5 nM,ERK_1.500nM,24.8,Inf
1974,B,6,B6,RECOMBINANT ERK 1.5 nM,ERK_1.500nM,24.8,Inf
1974,B,7,B7,116,CTL02,24.8,82268
1974,B,7,B7,116,CTL02,24.8,82268
1974,B,8,B8,859,CTL10,24.8,83151
1974,B,8,B8,859,CTL10,24.8,83151
1974,B,9,B9,235,SCZ07,24.8,99033
1974,B,9,B9,235,SCZ07,24.8,99033
1974,B,10,B10,565,SCZ15,24.8,92626
1974,B,10,B10,565,SCZ15,24.8,92626
1974,B,11,B11,335,LYS03,24.8,89829
1974,B,11,B11,335,LYS03,24.8,89829
1974,B,12,B12,RECOMBINANT ERK 1.5 nM,ERK_1.500nM,24.8,Inf
1974,B,12,B12,RECOMBINANT ERK 1.5 nM,ERK_1.500nM,24.8,Inf
1974,C,1,C1,167,CTL03,24.8,95550
1974,C,1,C1,167,CTL03,24.8,95550
1974,C,2,C2,874,CTL11,24.8,85436
1974,C,2,C2,874,CTL11,24.8,85436
1974,C,3,C3,262,SCZ08,24.8,97556
1974,C,3,C3,262,SCZ08,24.8,97556
1974,C,4,C4,737,SCZ16,24.8,93230
1974,C,4,C4,737,SCZ16,24.8,93230
1974,C,5,C5,907,LYS04,24.8,85095
1974,C,5,C5,907,LYS04,24.8,85095
1974,C,6,C6,RECOMBINANT ERK  1 nM,ERK_1.000nM,24.8,Inf
1974,C,6,C6,RECOMBINANT ERK  1 nM,ERK_1.000nM,24.8,Inf
1974,C,7,C7,167,CTL03,24.8,95765
1974,C,7,C7,167,CTL03,24.8,95765
1974,C,8,C8,874,CTL11,24.8,81322
1974,C,8,C8,874,CTL11,24.8,81322
1974,C,9,C9,262,SCZ08,24.8,89330
1974,C,9,C9,262,SCZ08,24.8,89330
1974,C,10,C10,737,SCZ16,24.8,87743
1974,C,10,C10,737,SCZ16,24.8,87743
1974,C,11,C11,907,LYS04,24.8,89390
1974,C,11,C11,907,LYS04,24.8,89390
1974,C,12,C12,RECOMBINANT ERK  1 nM,ERK_1.000nM,24.8,95851
1974,C,12,C12,RECOMBINANT ERK  1 nM,ERK_1.000nM,24.8,95851
1974,D,1,D1,195,CTL04,24.8,80106
1974,D,1,D1,195,CTL04,24.8,80106
1974,D,2,D2,11,SCZ01,24.8,95437
1974,D,2,D2,11,SCZ01,24.8,95437
1974,D,3,D3,291,SCZ09,24.8,89020
1974,D,3,D3,291,SCZ09,24.8,89020
1974,D,4,D4,802,SCZ17,24.8,71085
1974,D,4,D4,802,SCZ17,24.8,71085
1974,D,5,D5,5000ng lysate + HI,LYS_HI,24.8,99531
1974,D,5,D5,5000ng lysate + HI,LYS_HI,24.8,99531
1974,D,6,D6,RECOMBINANT ERK  0.75 nM,ERK_0.750nM,24.8,Inf
1974,D,6,D6,RECOMBINANT ERK  0.75 nM,ERK_0.750nM,24.8,Inf
1974,D,7,D7,195,CTL04,24.8,87640
1974,D,7,D7,195,CTL04,24.8,87640
1974,D,8,D8,11,SCZ01,24.8,88014
1974,D,8,D8,11,SCZ01,24.8,88014
1974,D,9,D9,291,SCZ09,24.8,82006
1974,D,9,D9,291,SCZ09,24.8,82006
1974,D,10,D10,802,SCZ17,24.8,83667
1974,D,10,D10,802,SCZ17,24.8,83667
1974,D,11,D11,5000ng lysate + HI,LYS_HI,24.8,97775
1974,D,11,D11,5000ng lysate + HI,LYS_HI,24.8,97775
1974,D,12,D12,RECOMBINANT ERK  0.75 nM,ERK_0.750nM,24.8,Inf
1974,D,12,D12,RECOMBINANT ERK  0.75 nM,ERK_0.750nM,24.8,Inf
1974,E,1,E1,223,CTL05,24.8,93120
1974,E,1,E1,223,CTL05,24.8,93120
1974,E,2,E2,22,SCZ02,24.8,Inf
1974,E,2,E2,22,SCZ02,24.8,Inf
1974,E,3,E3,329,SCZ10,24.8,Inf
1974,E,3,E3,329,SCZ10,24.8,Inf
1974,E,4,E4,930,SCZ18,24.8,69312
1974,E,4,E4,930,SCZ18,24.8,69312
1974,E,5,E5,5000ng lysate +ERK INHIBITOR,LYS_INH,24.8,89133
1974,E,5,E5,5000ng lysate +ERK INHIBITOR,LYS_INH,24.8,89133
1974,E,6,E6,RECOMBINANT ERK 0.5 nM,ERK_0.500nM,24.8,Inf
1974,E,6,E6,RECOMBINANT ERK 0.5 nM,ERK_0.500nM,24.8,Inf
1974,E,7,E7,223,CTL05,24.8,84034
1974,E,7,E7,223,CTL05,24.8,84034
1974,E,8,E8,22,SCZ02,24.8,76796
1974,E,8,E8,22,SCZ02,24.8,76796
1974,E,9,E9,329,SCZ10,24.8,80972
1974,E,9,E9,329,SCZ10,24.8,80972
1974,E,10,E10,930,SCZ18,24.8,67847
1974,E,10,E10,930,SCZ18,24.8,67847
1974,E,11,E11,5000ng lysate +ERK INHIBITOR,LYS_INH,24.8,90359
1974,E,11,E11,5000ng lysate +ERK INHIBITOR,LYS_INH,24.8,90359
1974,E,12,E12,RECOMBINANT ERK 0.5 nM,ERK_0.500nM,24.8,Inf
1974,E,12,E12,RECOMBINANT ERK 0.5 nM,ERK_0.500nM,24.8,Inf
1974,F,1,F1,524,CTL06,24.8,95832
1974,F,1,F1,524,CTL06,24.8,95832
1974,F,2,F2,29,SCZ03,24.8,86222
1974,F,2,F2,29,SCZ03,24.8,86222
1974,F,3,F3,446,SCZ11,24.8,82416
1974,F,3,F3,446,SCZ11,24.8,82416
1974,F,4,F4,931,SCZ19,24.8,83811
1974,F,4,F4,931,SCZ19,24.8,83811
1974,F,5,F5,"BLANK- Master Mix, no lysate",BLNK,24.8,88682
1974,F,5,F5,"BLANK- Master Mix, no lysate",BLNK,24.8,88682
1974,F,6,F6,RECOMBINANT ERK  0.25 nM,ERK_0.250nM,24.8,96896
1974,F,6,F6,RECOMBINANT ERK  0.25 nM,ERK_0.250nM,24.8,96896
1974,F,7,F7,524,CTL06,24.8,89033
1974,F,7,F7,524,CTL06,24.8,89033
1974,F,8,F8,29,SCZ03,24.8,91108
1974,F,8,F8,29,SCZ03,24.8,91108
1974,F,9,F9,446,SCZ11,24.8,78031
1974,F,9,F9,446,SCZ11,24.8,78031
1974,F,10,F10,931,SCZ19,24.8,81971
1974,F,10,F10,931,SCZ19,24.8,81971
1974,F,11,F11,"BLANK- Master Mix, no lysate",BLNK,24.8,88966
1974,F,11,F11,"BLANK- Master Mix, no lysate",BLNK,24.8,88966
1974,F,12,F12,RECOMBINANT ERK  0.25 nM,ERK_0.250nM,24.8,83482
1974,F,12,F12,RECOMBINANT ERK  0.25 nM,ERK_0.250nM,24.8,83482
1974,G,1,G1,661,CTL07,24.8,87577
1974,G,1,G1,661,CTL07,24.8,87577
1974,G,2,G2,69,SCZ04,24.8,89731
1974,G,2,G2,69,SCZ04,24.8,89731
1974,G,3,G3,510,SCZ12,24.8,92434
1974,G,3,G3,510,SCZ12,24.8,92434
1974,G,4,G4,932,SCZ20,24.8,73782
1974,G,4,G4,932,SCZ20,24.8,73782
1974,G,5,G5,"BLANK- Master Mix, lysate, no reporter",BLNK_LYS,24.8,23558
1974,G,5,G5,"BLANK- Master Mix, lysate, no reporter",BLNK_LYS,24.8,23558
1974,G,6,G6,RECOMBINANT ERK  0.125 nM,ERK_0.125nM,24.8,98455
1974,G,6,G6,RECOMBINANT ERK  0.125 nM,ERK_0.125nM,24.8,98455
1974,G,7,G7,661,CTL07,24.8,82449
1974,G,7,G7,661,CTL07,24.8,82449
1974,G,8,G8,69,SCZ04,24.8,87426
1974,G,8,G8,69,SCZ04,24.8,87426
1974,G,9,G9,510,SCZ12,24.8,93874
1974,G,9,G9,510,SCZ12,24.8,93874
1974,G,10,G10,932,SCZ20,24.8,72284
1974,G,10,G10,932,SCZ20,24.8,72284
1974,G,11,G11,"BLANK- Master Mix, lysate, no reporter",BLNK_LYS,24.8,24901
1974,G,11,G11,"BLANK- Master Mix, lysate, no reporter",BLNK_LYS,24.8,24901
1974,G,12,G12,RECOMBINANT ERK  0.125 nM,ERK_0.125nM,24.8,94462
1974,G,12,G12,RECOMBINANT ERK  0.125 nM,ERK_0.125nM,24.8,94462
1974,H,1,H1,689,CTL08,24.8,92318
1974,H,1,H1,689,CTL08,24.8,92318
1974,H,2,H2,94,SCZ05,24.8,85100
1974,H,2,H2,94,SCZ05,24.8,85100
1974,H,3,H3,547,SCZ13,24.8,87448
1974,H,3,H3,547,SCZ13,24.8,87448
1974,H,4,H4,326,LYS01,24.8,91487
1974,H,4,H4,326,LYS01,24.8,91487
1974,H,5,H5,NA,EMPTY,24.8,91427
1974,H,5,H5,NA,EMPTY,24.8,91427
1974,H,6,H6,RECOMBINANT ERK 2nM + ERK INHIBITOR,ERK_2.000nM_INH,24.8,27986
1974,H,6,H6,RECOMBINANT ERK 2nM + ERK INHIBITOR,ERK_2.000nM_INH,24.8,27986
1974,H,7,H7,689,CTL08,24.8,Inf
1974,H,7,H7,689,CTL08,24.8,Inf
1974,H,8,H8,94,SCZ05,24.8,30556
1974,H,8,H8,94,SCZ05,24.8,30556
1974,H,9,H9,547,SCZ13,24.8,95771
1974,H,9,H9,547,SCZ13,24.8,95771
1974,H,10,H10,326,LYS01,24.8,97266
1974,H,10,H10,326,LYS01,24.8,97266
1974,H,11,H11,NA,EMPTY,24.8,24349
1974,H,11,H11,NA,EMPTY,24.8,24349
1974,H,12,H12,RECOMBINANT ERK 2nM + ERK INHIBITOR,ERK_2.000nM_INH,24.8,Inf
1974,H,12,H12,RECOMBINANT ERK 2nM + ERK INHIBITOR,ERK_2.000nM_INH,24.8,Inf
2115,A,1,A1,46,CTL01,24.8,96849
2115,A,1,A1,46,CTL01,24.8,96849
2115,A,2,A2,720,CTL09,24.8,97373
2115,A,2,A2,720,CTL09,24.8,97373
2115,A,3,A3,225,SCZ06,24.8,82323
2115,A,3,A3,225,SCZ06,24.8,82323
2115,A,4,A4,552,SCZ14,24.8,92343
2115,A,4,A4,552,SCZ14,24.8,92343
2115,A,5,A5,328,LYS02,24.8,90324
2115,A,5,A5,328,LYS02,24.8,90324
2115,A,6,A6,RECOMBINANT ERK  2nM,ERK_2.000nM,24.8,Inf
2115,A,6,A6,RECOMBINANT ERK  2nM,ERK_2.000nM,24.8,Inf
2115,A,7,A7,46,CTL01,24.8,97766
2115,A,7,A7,46,CTL01,24.8,97766
2115,A,8,A8,720,CTL09,24.8,87691
2115,A,8,A8,720,CTL09,24.8,87691
2115,A,9,A9,225,SCZ06,24.8,92789
2115,A,9,A9,225,SCZ06,24.8,92789
2115,A,10,A10,552,SCZ14,24.8,86655
2115,A,10,A10,552,SCZ14,24.8,86655
2115,A,11,A11,328,LYS02,24.8,93923
2115,A,11,A11,328,LYS02,24.8,93923
2115,A,12,A12,RECOMBINANT ERK  2nM,ERK_2.000nM,24.8,Inf
2115,A,12,A12,RECOMBINANT ERK  2nM,ERK_2.000nM,24.8,Inf
2115,B,1,B1,116,CTL02,24.8,89078
2115,B,1,B1,116,CTL02,24.8,89078
2115,B,2,B2,859,CTL10,24.8,96219
2115,B,2,B2,859,CTL10,24.8,96219
2115,B,3,B3,235,SCZ07,24.8,Inf
2115,B,3,B3,235,SCZ07,24.8,Inf
2115,B,4,B4,565,SCZ15,24.8,90779
2115,B,4,B4,565,SCZ15,24.8,90779
2115,B,5,B5,335,LYS03,24.8,89898
2115,B,5,B5,335,LYS03,24.8,89898
2115,B,6,B6,RECOMBINANT ERK 1.5 nM,ERK_1.500nM,24.8,Inf
2115,B,6,B6,RECOMBINANT ERK 1.5 nM,ERK_1.500nM,24.8,Inf
2115,B,7,B7,116,CTL02,24.8,81756
2115,B,7,B7,116,CTL02,24.8,81756
2115,B,8,B8,859,CTL10,24.8,81744
2115,B,8,B8,859,CTL10,24.8,81744
2115,B,9,B9,235,SCZ07,24.8,98675
2115,B,9,B9,235,SCZ07,24.8,98675
2115,B,10,B10,565,SCZ15,24.8,92194
2115,B,10,B10,565,SCZ15,24.8,92194
2115,B,11,B11,335,LYS03,24.8,89939
2115,B,11,B11,335,LYS03,24.8,89939
2115,B,12,B12,RECOMBINANT ERK 1.5 nM,ERK_1.500nM,24.8,Inf
2115,B,12,B12,RECOMBINANT ERK 1.5 nM,ERK_1.500nM,24.8,Inf
2115,C,1,C1,167,CTL03,24.8,95694
2115,C,1,C1,167,CTL03,24.8,95694
2115,C,2,C2,874,CTL11,24.8,84411
2115,C,2,C2,874,CTL11,24.8,84411
2115,C,3,C3,262,SCZ08,24.8,97213
2115,C,3,C3,262,SCZ08,24.8,97213
2115,C,4,C4,737,SCZ16,24.8,93504
2115,C,4,C4,737,SCZ16,24.8,93504
2115,C,5,C5,907,LYS04,24.8,84468
2115,C,5,C5,907,LYS04,24.8,84468
2115,C,6,C6,RECOMBINANT ERK  1 nM,ERK_1.000nM,24.8,Inf
2115,C,6,C6,RECOMBINANT ERK  1 nM,ERK_1.000nM,24.8,Inf
2115,C,7,C7,167,CTL03,24.8,95675
2115,C,7,C7,167,CTL03,24.8,95675
2115,C,8,C8,874,CTL11,24.8,81279
2115,C,8,C8,874,CTL11,24.8,81279
2115,C,9,C9,262,SCZ08,24.8,90061
2115,C,9,C9,262,SCZ08,24.8,90061
2115,C,10,C10,737,SCZ16,24.8,87822
2115,C,10,C10,737,SCZ16,24.8,87822
2115,C,11,C11,907,LYS04,24.8,89161
2115,C,11,C11,907,LYS04,24.8,89161
2115,C,12,C12,RECOMBINANT ERK  1 nM,ERK_1.000nM,24.8,96159
2115,C,12,C12,RECOMBINANT ERK  1 nM,ERK_1.000nM,24.8,96159
2115,D,1,D1,195,CTL04,24.8,79140
2115,D,1,D1,195,CTL04,24.8,79140
2115,D,2,D2,11,SCZ01,24.8,94238
2115,D,2,D2,11,SCZ01,24.8,94238
2115,D,3,D3,291,SCZ09,24.8,87901
2115,D,3,D3,291,SCZ09,24.8,87901
2115,D,4,D4,802,SCZ17,24.8,69541
2115,D,4,D4,802,SCZ17,24.8,69541
2115,D,5,D5,5000ng lysate + HI,LYS_HI,24.8,98598
2115,D,5,D5,5000ng lysate + HI,LYS_HI,24.8,98598
2115,D,6,D6,RECOMBINANT ERK  0.75 nM,ERK_0.750nM,24.8,Inf
2115,D,6,D6,RECOMBINANT ERK  0.75 nM,ERK_0.750nM,24.8,Inf
2115,D,7,D7,195,CTL04,24.8,86952
2115,D,7,D7,195,CTL04,24.8,86952
2115,D,8,D8,11,SCZ01,24.8,87391
2115,D,8,D8,11,SCZ01,24.8,87391
2115,D,9,D9,291,SCZ09,24.8,81623
2115,D,9,D9,291,SCZ09,24.8,81623
2115,D,10,D10,802,SCZ17,24.8,83776
2115,D,10,D10,802,SCZ17,24.8,83776
2115,D,11,D11,5000ng lysate + HI,LYS_HI,24.8,97103
2115,D,11,D11,5000ng lysate + HI,LYS_HI,24.8,97103
2115,D,12,D12,RECOMBINANT ERK  0.75 nM,ERK_0.750nM,24.8,Inf
2115,D,12,D12,RECOMBINANT ERK  0.75 nM,ERK_0.750nM,24.8,Inf
2115,E,1,E1,223,CTL05,24.8,92945
2115,E,1,E1,223,CTL05,24.8,92945
2115,E,2,E2,22,SCZ02,24.8,Inf
2115,E,2,E2,22,SCZ02,24.8,Inf
2115,E,3,E3,329,SCZ10,24.8,Inf
2115,E,3,E3,329,SCZ10,24.8,Inf
2115,E,4,E4,930,SCZ18,24.8,68610
2115,E,4,E4,930,SCZ18,24.8,68610
2115,E,5,E5,5000ng lysate +ERK INHIBITOR,LYS_INH,24.8,89744
2115,E,5,E5,5000ng lysate +ERK INHIBITOR,LYS_INH,24.8,89744
2115,E,6,E6,RECOMBINANT ERK 0.5 nM,ERK_0.500nM,24.8,Inf
2115,E,6,E6,RECOMBINANT ERK 0.5 nM,ERK_0.500nM,24.8,Inf
2115,E,7,E7,223,CTL05,24.8,84538
2115,E,7,E7,223,CTL05,24.8,84538
2115,E,8,E8,22,SCZ02,24.8,76421
2115,E,8,E8,22,SCZ02,24.8,76421
2115,E,9,E9,329,SCZ10,24.8,80626
2115,E,9,E9,329,SCZ10,24.8,80626
2115,E,10,E10,930,SCZ18,24.8,68318
2115,E,10,E10,930,SCZ18,24.8,68318
2115,E,11,E11,5000ng lysate +ERK INHIBITOR,LYS_INH,24.8,90681
2115,E,11,E11,5000ng lysate +ERK INHIBITOR,LYS_INH,24.8,90681
2115,E,12,E12,RECOMBINANT ERK 0.5 nM,ERK_0.500nM,24.8,Inf
2115,E,12,E12,RECOMBINANT ERK 0.5 nM,ERK_0.500nM,24.8,Inf
2115,F,1,F1,524,CTL06,24.8,95711
2115,F,1,F1,524,CTL06,24.8,95711
2115,F,2,F2,29,SCZ03,24.8,86399
2115,F,2,F2,29,SCZ03,24.8,86399
2115,F,3,F3,446,SCZ11,24.8,82730
2115,F,3,F3,446,SCZ11,24.8,82730
2115,F,4,F4,931,SCZ19,24.8,83354
2115,F,4,F4,931,SCZ19,24.8,83354
2115,F,5,F5,"BLANK- Master Mix, no lysate",BLNK,24.8,88295
2115,F,5,F5,"BLANK- Master Mix, no lysate",BLNK,24.8,88295
2115,F,6,F6,RECOMBINANT ERK  0.25 nM,ERK_0.250nM,24.8,96732
2115,F,6,F6,RECOMBINANT ERK  0.25 nM,ERK_0.250nM,24.8,96732
2115,F,7,F7,524,CTL06,24.8,89277
2115,F,7,F7,524,CTL06,24.8,89277
2115,F,8,F8,29,SCZ03,24.8,91539
2115,F,8,F8,29,SCZ03,24.8,91539
2115,F,9,F9,446,SCZ11,24.8,76817
2115,F,9,F9,446,SCZ11,24.8,76817
2115,F,10,F10,931,SCZ19,24.8,81652
2115,F,10,F10,931,SCZ19,24.8,81652
2115,F,11,F11,"BLANK- Master Mix, no lysate",BLNK,24.8,88904
2115,F,11,F11,"BLANK- Master Mix, no lysate",BLNK,24.8,88904
2115,F,12,F12,RECOMBINANT ERK  0.25 nM,ERK_0.250nM,24.8,82547
2115,F,12,F12,RECOMBINANT ERK  0.25 nM,ERK_0.250nM,24.8,82547
2115,G,1,G1,661,CTL07,24.8,87241
2115,G,1,G1,661,CTL07,24.8,87241
2115,G,2,G2,69,SCZ04,24.8,89433
2115,G,2,G2,69,SCZ04,24.8,89433
2115,G,3,G3,510,SCZ12,24.8,92440
2115,G,3,G3,510,SCZ12,24.8,92440
2115,G,4,G4,932,SCZ20,24.8,74115
2115,G,4,G4,932,SCZ20,24.8,74115
2115,G,5,G5,"BLANK- Master Mix, lysate, no reporter",BLNK_LYS,24.8,23563
2115,G,5,G5,"BLANK- Master Mix, lysate, no reporter",BLNK_LYS,24.8,23563
2115,G,6,G6,RECOMBINANT ERK  0.125 nM,ERK_0.125nM,24.8,99698
2115,G,6,G6,RECOMBINANT ERK  0.125 nM,ERK_0.125nM,24.8,99698
2115,G,7,G7,661,CTL07,24.8,82562
2115,G,7,G7,661,CTL07,24.8,82562
2115,G,8,G8,69,SCZ04,24.8,88186
2115,G,8,G8,69,SCZ04,24.8,88186
2115,G,9,G9,510,SCZ12,24.8,93831
2115,G,9,G9,510,SCZ12,24.8,93831
2115,G,10,G10,932,SCZ20,24.8,71929
2115,G,10,G10,932,SCZ20,24.8,71929
2115,G,11,G11,"BLANK- Master Mix, lysate, no reporter",BLNK_LYS,24.8,24669
2115,G,11,G11,"BLANK- Master Mix, lysate, no reporter",BLNK_LYS,24.8,24669
2115,G,12,G12,RECOMBINANT ERK  0.125 nM,ERK_0.125nM,24.8,95334
2115,G,12,G12,RECOMBINANT ERK  0.125 nM,ERK_0.125nM,24.8,95334
2115,H,1,H1,689,CTL08,24.8,92680
2115,H,1,H1,689,CTL08,24.8,92680
2115,H,2,H2,94,SCZ05,24.8,84681
2115,H,2,H2,94,SCZ05,24.8,84681
2115,H,3,H3,547,SCZ13,24.8,87829
2115,H,3,H3,547,SCZ13,24.8,87829
2115,H,4,H4,326,LYS01,24.8,90805
2115,H,4,H4,326,LYS01,24.8,90805
2115,H,5,H5,NA,EMPTY,24.8,91118
2115,H,5,H5,NA,EMPTY,24.8,91118
2115,H,6,H6,RECOMBINANT ERK 2nM + ERK INHIBITOR,ERK_2.000nM_INH,24.8,27786
2115,H,6,H6,RECOMBINANT ERK 2nM + ERK INHIBITOR,ERK_2.000nM_INH,24.8,27786
2115,H,7,H7,689,CTL08,24.8,Inf
2115,H,7,H7,689,CTL08,24.8,Inf
2115,H,8,H8,94,SCZ05,24.8,30430
2115,H,8,H8,94,SCZ05,24.8,30430
2115,H,9,H9,547,SCZ13,24.8,94867
2115,H,9,H9,547,SCZ13,24.8,94867
2115,H,10,H10,326,LYS01,24.8,96836
2115,H,10,H10,326,LYS01,24.8,96836
2115,H,11,H11,NA,EMPTY,24.8,24027
2115,H,11,H11,NA,EMPTY,24.8,24027
2115,H,12,H12,RECOMBINANT ERK 2nM + ERK INHIBITOR,ERK_2.000nM_INH,24.8,Inf
2115,H,12,H12,RECOMBINANT ERK 2nM + ERK INHIBITOR,ERK_2.000nM_INH,24.8,Inf
2256,A,1,A1,46,CTL01,24.9,97439
2256,A,1,A1,46,CTL01,24.9,97439
2256,A,2,A2,720,CTL09,24.9,97400
2256,A,2,A2,720,CTL09,24.9,97400
2256,A,3,A3,225,SCZ06,24.9,81180
2256,A,3,A3,225,SCZ06,24.9,81180
2256,A,4,A4,552,SCZ14,24.9,92539
2256,A,4,A4,552,SCZ14,24.9,92539
2256,A,5,A5,328,LYS02,24.9,89181
2256,A,5,A5,328,LYS02,24.9,89181
2256,A,6,A6,RECOMBINANT ERK  2nM,ERK_2.000nM,24.9,Inf
2256,A,6,A6,RECOMBINANT ERK  2nM,ERK_2.000nM,24.9,Inf
2256,A,7,A7,46,CTL01,24.9,98051
2256,A,7,A7,46,CTL01,24.9,98051
2256,A,8,A8,720,CTL09,24.9,87745
2256,A,8,A8,720,CTL09,24.9,87745
2256,A,9,A9,225,SCZ06,24.9,92845
2256,A,9,A9,225,SCZ06,24.9,92845
2256,A,10,A10,552,SCZ14,24.9,85736
2256,A,10,A10,552,SCZ14,24.9,85736
2256,A,11,A11,328,LYS02,24.9,93733
2256,A,11,A11,328,LYS02,24.9,93733
2256,A,12,A12,RECOMBINANT ERK  2nM,ERK_2.000nM,24.9,Inf
2256,A,12,A12,RECOMBINANT ERK  2nM,ERK_2.000nM,24.9,Inf
2256,B,1,B1,116,CTL02,24.9,89095
2256,B,1,B1,116,CTL02,24.9,89095
2256,B,2,B2,859,CTL10,24.9,95426
2256,B,2,B2,859,CTL10,24.9,95426
2256,B,3,B3,235,SCZ07,24.9,Inf
2256,B,3,B3,235,SCZ07,24.9,Inf
2256,B,4,B4,565,SCZ15,24.9,91249
2256,B,4,B4,565,SCZ15,24.9,91249
2256,B,5,B5,335,LYS03,24.9,89161
2256,B,5,B5,335,LYS03,24.9,89161
2256,B,6,B6,RECOMBINANT ERK 1.5 nM,ERK_1.500nM,24.9,Inf
2256,B,6,B6,RECOMBINANT ERK 1.5 nM,ERK_1.500nM,24.9,Inf
2256,B,7,B7,116,CTL02,24.9,82235
2256,B,7,B7,116,CTL02,24.9,82235
2256,B,8,B8,859,CTL10,24.9,80564
2256,B,8,B8,859,CTL10,24.9,80564
2256,B,9,B9,235,SCZ07,24.9,98724
2256,B,9,B9,235,SCZ07,24.9,98724
2256,B,10,B10,565,SCZ15,24.9,92714
2256,B,10,B10,565,SCZ15,24.9,92714
2256,B,11,B11,335,LYS03,24.9,89531
2256,B,11,B11,335,LYS03,24.9,89531
2256,B,12,B12,RECOMBINANT ERK 1.5 nM,ERK_1.500nM,24.9,Inf
2256,B,12,B12,RECOMBINANT ERK 1.5 nM,ERK_1.500nM,24.9,Inf
2256,C,1,C1,167,CTL03,24.9,96927
2256,C,1,C1,167,CTL03,24.9,96927
2256,C,2,C2,874,CTL11,24.9,84026
2256,C,2,C2,874,CTL11,24.9,84026
2256,C,3,C3,262,SCZ08,24.9,98050
2256,C,3,C3,262,SCZ08,24.9,98050
2256,C,4,C4,737,SCZ16,24.9,92641
2256,C,4,C4,737,SCZ16,24.9,92641
2256,C,5,C5,907,LYS04,24.9,83536
2256,C,5,C5,907,LYS04,24.9,83536
2256,C,6,C6,RECOMBINANT ERK  1 nM,ERK_1.000nM,24.9,Inf
2256,C,6,C6,RECOMBINANT ERK  1 nM,ERK_1.000nM,24.9,Inf
2256,C,7,C7,167,CTL03,24.9,96065
2256,C,7,C7,167,CTL03,24.9,96065
2256,C,8,C8,874,CTL11,24.9,80550
2256,C,8,C8,874,CTL11,24.9,80550
2256,C,9,C9,262,SCZ08,24.9,89182
2256,C,9,C9,262,SCZ08,24.9,89182
2256,C,10,C10,737,SCZ16,24.9,87705
2256,C,10,C10,737,SCZ16,24.9,87705
2256,C,11,C11,907,LYS04,24.9,89299
2256,C,11,C11,907,LYS04,24.9,89299
2256,C,12,C12,RECOMBINANT ERK  1 nM,ERK_1.000nM,24.9,95690
2256,C,12,C12,RECOMBINANT ERK  1 nM,ERK_1.000nM,24.9,95690
2256,D,1,D1,195,CTL04,24.9,78261
2256,D,1,D1,195,CTL04,24.9,78261
2256,D,2,D2,11,SCZ01,24.9,94443
2256,D,2,D2,11,SCZ01,24.9,94443
2256,D,3,D3,291,SCZ09,24.9,88249
2256,D,3,D3,291,SCZ09,24.9,88249
2256,D,4,D4,802,SCZ17,24.9,68527
2256,D,4,D4,802,SCZ17,24.9,68527
2256,D,5,D5,5000ng lysate + HI,LYS_HI,24.9,98052
2256,D,5,D5,5000ng lysate + HI,LYS_HI,24.9,98052
2256,D,6,D6,RECOMBINANT ERK  0.75 nM,ERK_0.750nM,24.9,Inf
2256,D,6,D6,RECOMBINANT ERK  0.75 nM,ERK_0.750nM,24.9,Inf
2256,D,7,D7,195,CTL04,24.9,88249
2256,D,7,D7,195,CTL04,24.9,88249
2256,D,8,D8,11,SCZ01,24.9,87002
2256,D,8,D8,11,SCZ01,24.9,87002
2256,D,9,D9,291,SCZ09,24.9,81391
2256,D,9,D9,291,SCZ09,24.9,81391
2256,D,10,D10,802,SCZ17,24.9,83847
2256,D,10,D10,802,SCZ17,24.9,83847
2256,D,11,D11,5000ng lysate + HI,LYS_HI,24.9,96472
2256,D,11,D11,5000ng lysate + HI,LYS_HI,24.9,96472
2256,D,12,D12,RECOMBINANT ERK  0.75 nM,ERK_0.750nM,24.9,Inf
2256,D,12,D12,RECOMBINANT ERK  0.75 nM,ERK_0.750nM,24.9,Inf
2256,E,1,E1,223,CTL05,24.9,92924
2256,E,1,E1,223,CTL05,24.9,92924
2256,E,2,E2,22,SCZ02,24.9,Inf
2256,E,2,E2,22,SCZ02,24.9,Inf
2256,E,3,E3,329,SCZ10,24.9,Inf
2256,E,3,E3,329,SCZ10,24.9,Inf
2256,E,4,E4,930,SCZ18,24.9,68077
2256,E,4,E4,930,SCZ18,24.9,68077
2256,E,5,E5,5000ng lysate +ERK INHIBITOR,LYS_INH,24.9,89406
2256,E,5,E5,5000ng lysate +ERK INHIBITOR,LYS_INH,24.9,89406
2256,E,6,E6,RECOMBINANT ERK 0.5 nM,ERK_0.500nM,24.9,Inf
2256,E,6,E6,RECOMBINANT ERK 0.5 nM,ERK_0.500nM,24.9,Inf
2256,E,7,E7,223,CTL05,24.9,83147
2256,E,7,E7,223,CTL05,24.9,83147
2256,E,8,E8,22,SCZ02,24.9,77125
2256,E,8,E8,22,SCZ02,24.9,77125
2256,E,9,E9,329,SCZ10,24.9,80213
2256,E,9,E9,329,SCZ10,24.9,80213
2256,E,10,E10,930,SCZ18,24.9,67937
2256,E,10,E10,930,SCZ18,24.9,67937
2256,E,11,E11,5000ng lysate +ERK INHIBITOR,LYS_INH,24.9,90194
2256,E,11,E11,5000ng lysate +ERK INHIBITOR,LYS_INH,24.9,90194
2256,E,12,E12,RECOMBINANT ERK 0.5 nM,ERK_0.500nM,24.9,Inf
2256,E,12,E12,RECOMBINANT ERK 0.5 nM,ERK_0.500nM,24.9,Inf
2256,F,1,F1,524,CTL06,24.9,95145
2256,F,1,F1,524,CTL06,24.9,95145
2256,F,2,F2,29,SCZ03,24.9,87307
2256,F,2,F2,29,SCZ03,24.9,87307
2256,F,3,F3,446,SCZ11,24.9,83028
2256,F,3,F3,446,SCZ11,24.9,83028
2256,F,4,F4,931,SCZ19,24.9,81660
2256,F,4,F4,931,SCZ19,24.9,81660
2256,F,5,F5,"BLANK- Master Mix, no lysate",BLNK,24.9,88427
2256,F,5,F5,"BLANK- Master Mix, no lysate",BLNK,24.9,88427
2256,F,6,F6,RECOMBINANT ERK  0.25 nM,ERK_0.250nM,24.9,96444
2256,F,6,F6,RECOMBINANT ERK  0.25 nM,ERK_0.250nM,24.9,96444
2256,F,7,F7,524,CTL06,24.9,89174
2256,F,7,F7,524,CTL06,24.9,89174
2256,F,8,F8,29,SCZ03,24.9,91721
2256,F,8,F8,29,SCZ03,24.9,91721
2256,F,9,F9,446,SCZ11,24.9,75514
2256,F,9,F9,446,SCZ11,24.9,75514
2256,F,10,F10,931,SCZ19,24.9,80357
2256,F,10,F10,931,SCZ19,24.9,80357
2256,F,11,F11,"BLANK- Master Mix, no lysate",BLNK,24.9,89124
2256,F,11,F11,"BLANK- Master Mix, no lysate",BLNK,24.9,89124
2256,F,12,F12,RECOMBINANT ERK  0.25 nM,ERK_0.250nM,24.9,82506
2256,F,12,F12,RECOMBINANT ERK  0.25 nM,ERK_0.250nM,24.9,82506
2256,G,1,G1,661,CTL07,24.9,87051
2256,G,1,G1,661,CTL07,24.9,87051
2256,G,2,G2,69,SCZ04,24.9,87940
2256,G,2,G2,69,SCZ04,24.9,87940
2256,G,3,G3,510,SCZ12,24.9,92246
2256,G,3,G3,510,SCZ12,24.9,92246
2256,G,4,G4,932,SCZ20,24.9,73011
2256,G,4,G4,932,SCZ20,24.9,73011
2256,G,5,G5,"BLANK- Master Mix, lysate, no reporter",BLNK_LYS,24.9,23554
2256,G,5,G5,"BLANK- Master Mix, lysate, no reporter",BLNK_LYS,24.9,23554
2256,G,6,G6,RECOMBINANT ERK  0.125 nM,ERK_0.125nM,24.9,99154
2256,G,6,G6,RECOMBINANT ERK  0.125 nM,ERK_0.125nM,24.9,99154
2256,G,7,G7,661,CTL07,24.9,82473
2256,G,7,G7,661,CTL07,24.9,82473
2256,G,8,G8,69,SCZ04,24.9,87982
2256,G,8,G8,69,SCZ04,24.9,87982
2256,G,9,G9,510,SCZ12,24.9,94640
2256,G,9,G9,510,SCZ12,24.9,94640
2256,G,10,G10,932,SCZ20,24.9,72202
2256,G,10,G10,932,SCZ20,24.9,72202
2256,G,11,G11,"BLANK- Master Mix, lysate, no reporter",BLNK_LYS,24.9,24516
2256,G,11,G11,"BLANK- Master Mix, lysate, no reporter",BLNK_LYS,24.9,24516
2256,G,12,G12,RECOMBINANT ERK  0.125 nM,ERK_0.125nM,24.9,95151
2256,G,12,G12,RECOMBINANT ERK  0.125 nM,ERK_0.125nM,24.9,95151
2256,H,1,H1,689,CTL08,24.9,92789
2256,H,1,H1,689,CTL08,24.9,92789
2256,H,2,H2,94,SCZ05,24.9,83824
2256,H,2,H2,94,SCZ05,24.9,83824
2256,H,3,H3,547,SCZ13,24.9,87683
2256,H,3,H3,547,SCZ13,24.9,87683
2256,H,4,H4,326,LYS01,24.9,89965
2256,H,4,H4,326,LYS01,24.9,89965
2256,H,5,H5,NA,EMPTY,24.9,91433
2256,H,5,H5,NA,EMPTY,24.9,91433
2256,H,6,H6,RECOMBINANT ERK 2nM + ERK INHIBITOR,ERK_2.000nM_INH,24.9,27425
2256,H,6,H6,RECOMBINANT ERK 2nM + ERK INHIBITOR,ERK_2.000nM_INH,24.9,27425
2256,H,7,H7,689,CTL08,24.9,Inf
2256,H,7,H7,689,CTL08,24.9,Inf
2256,H,8,H8,94,SCZ05,24.9,30268
2256,H,8,H8,94,SCZ05,24.9,30268
2256,H,9,H9,547,SCZ13,24.9,94777
2256,H,9,H9,547,SCZ13,24.9,94777
2256,H,10,H10,326,LYS01,24.9,97254
2256,H,10,H10,326,LYS01,24.9,97254
2256,H,11,H11,NA,EMPTY,24.9,24465
2256,H,11,H11,NA,EMPTY,24.9,24465
2256,H,12,H12,RECOMBINANT ERK 2nM + ERK INHIBITOR,ERK_2.000nM_INH,24.9,Inf
2256,H,12,H12,RECOMBINANT ERK 2nM + ERK INHIBITOR,ERK_2.000nM_INH,24.9,Inf
2397,A,1,A1,46,CTL01,24.9,96648
2397,A,1,A1,46,CTL01,24.9,96648
2397,A,2,A2,720,CTL09,24.9,96883
2397,A,2,A2,720,CTL09,24.9,96883
2397,A,3,A3,225,SCZ06,24.9,81144
2397,A,3,A3,225,SCZ06,24.9,81144
2397,A,4,A4,552,SCZ14,24.9,91616
2397,A,4,A4,552,SCZ14,24.9,91616
2397,A,5,A5,328,LYS02,24.9,90095
2397,A,5,A5,328,LYS02,24.9,90095
2397,A,6,A6,RECOMBINANT ERK  2nM,ERK_2.000nM,24.9,Inf
2397,A,6,A6,RECOMBINANT ERK  2nM,ERK_2.000nM,24.9,Inf
2397,A,7,A7,46,CTL01,24.9,97537
2397,A,7,A7,46,CTL01,24.9,97537
2397,A,8,A8,720,CTL09,24.9,88410
2397,A,8,A8,720,CTL09,24.9,88410
2397,A,9,A9,225,SCZ06,24.9,92709
2397,A,9,A9,225,SCZ06,24.9,92709
2397,A,10,A10,552,SCZ14,24.9,84549
2397,A,10,A10,552,SCZ14,24.9,84549
2397,A,11,A11,328,LYS02,24.9,92905
2397,A,11,A11,328,LYS02,24.9,92905
2397,A,12,A12,RECOMBINANT ERK  2nM,ERK_2.000nM,24.9,Inf
2397,A,12,A12,RECOMBINANT ERK  2nM,ERK_2.000nM,24.9,Inf
2397,B,1,B1,116,CTL02,24.9,88781
2397,B,1,B1,116,CTL02,24.9,88781
2397,B,2,B2,859,CTL10,24.9,95391
2397,B,2,B2,859,CTL10,24.9,95391
2397,B,3,B3,235,SCZ07,24.9,Inf
2397,B,3,B3,235,SCZ07,24.9,Inf
2397,B,4,B4,565,SCZ15,24.9,91144
2397,B,4,B4,565,SCZ15,24.9,91144
2397,B,5,B5,335,LYS03,24.9,89060
2397,B,5,B5,335,LYS03,24.9,89060
2397,B,6,B6,RECOMBINANT ERK 1.5 nM,ERK_1.500nM,24.9,Inf
2397,B,6,B6,RECOMBINANT ERK 1.5 nM,ERK_1.500nM,24.9,Inf
2397,B,7,B7,116,CTL02,24.9,81298
2397,B,7,B7,116,CTL02,24.9,81298
2397,B,8,B8,859,CTL10,24.9,80869
2397,B,8,B8,859,CTL10,24.9,80869
2397,B,9,B9,235,SCZ07,24.9,97929
2397,B,9,B9,235,SCZ07,24.9,97929
2397,B,10,B10,565,SCZ15,24.9,92363
2397,B,10,B10,565,SCZ15,24.9,92363
2397,B,11,B11,335,LYS03,24.9,89628
2397,B,11,B11,335,LYS03,24.9,89628
2397,B,12,B12,RECOMBINANT ERK 1.5 nM,ERK_1.500nM,24.9,Inf
2397,B,12,B12,RECOMBINANT ERK 1.5 nM,ERK_1.500nM,24.9,Inf
2397,C,1,C1,167,CTL03,24.9,97946
2397,C,1,C1,167,CTL03,24.9,97946
2397,C,2,C2,874,CTL11,24.9,83924
2397,C,2,C2,874,CTL11,24.9,83924
2397,C,3,C3,262,SCZ08,24.9,97060
2397,C,3,C3,262,SCZ08,24.9,97060
2397,C,4,C4,737,SCZ16,24.9,92487
2397,C,4,C4,737,SCZ16,24.9,92487
2397,C,5,C5,907,LYS04,24.9,83252
2397,C,5,C5,907,LYS04,24.9,83252
2397,C,6,C6,RECOMBINANT ERK  1 nM,ERK_1.000nM,24.9,Inf
2397,C,6,C6,RECOMBINANT ERK  1 nM,ERK_1.000nM,24.9,Inf
2397,C,7,C7,167,CTL03,24.9,97164
2397,C,7,C7,167,CTL03,24.9,97164
2397,C,8,C8,874,CTL11,24.9,79952
2397,C,8,C8,874,CTL11,24.9,79952
2397,C,9,C9,262,SCZ08,24.9,89395
2397,C,9,C9,262,SCZ08,24.9,89395
2397,C,10,C10,737,SCZ16,24.9,87577
2397,C,10,C10,737,SCZ16,24.9,87577
2397,C,11,C11,907,LYS04,24.9,89243
2397,C,11,C11,907,LYS04,24.9,89243
2397,C,12,C12,RECOMBINANT ERK  1 nM,ERK_1.000nM,24.9,95220
2397,C,12,C12,RECOMBINANT ERK  1 nM,ERK_1.000nM,24.9,95220
2397,D,1,D1,195,CTL04,24.9,77218
2397,D,1,D1,195,CTL04,24.9,77218
2397,D,2,D2,11,SCZ01,24.9,94048
2397,D,2,D2,11,SCZ01,24.9,94048
2397,D,3,D3,291,SCZ09,24.9,88233
2397,D,3,D3,291,SCZ09,24.9,88233
2397,D,4,D4,802,SCZ17,24.9,67135
2397,D,4,D4,802,SCZ17,24.9,67135
2397,D,5,D5,5000ng lysate + HI,LYS_HI,24.9,95922
2397,D,5,D5,5000ng lysate + HI,LYS_HI,24.9,95922
2397,D,6,D6,RECOMBINANT ERK  0.75 nM,ERK_0.750nM,24.9,Inf
2397,D,6,D6,RECOMBINANT ERK  0.75 nM,ERK_0.750nM,24.9,Inf
2397,D,7,D7,195,CTL04,24.9,88759
2397,D,7,D7,195,CTL04,24.9,88759
2397,D,8,D8,11,SCZ01,24.9,88009
2397,D,8,D8,11,SCZ01,24.9,88009
2397,D,9,D9,291,SCZ09,24.9,81063
2397,D,9,D9,291,SCZ09,24.9,81063
2397,D,10,D10,802,SCZ17,24.9,83742
2397,D,10,D10,802,SCZ17,24.9,83742
2397,D,11,D11,5000ng lysate + HI,LYS_HI,24.9,95778
2397,D,11,D11,5000ng lysate + HI,LYS_HI,24.9,95778
2397,D,12,D12,RECOMBINANT ERK  0.75 nM,ERK_0.750nM,24.9,Inf
2397,D,12,D12,RECOMBINANT ERK  0.75 nM,ERK_0.750nM,24.9,Inf
2397,E,1,E1,223,CTL05,24.9,92927
2397,E,1,E1,223,CTL05,24.9,92927
2397,E,2,E2,22,SCZ02,24.9,Inf
2397,E,2,E2,22,SCZ02,24.9,Inf
2397,E,3,E3,329,SCZ10,24.9,Inf
2397,E,3,E3,329,SCZ10,24.9,Inf
2397,E,4,E4,930,SCZ18,24.9,68517
2397,E,4,E4,930,SCZ18,24.9,68517
2397,E,5,E5,5000ng lysate +ERK INHIBITOR,LYS_INH,24.9,89113
2397,E,5,E5,5000ng lysate +ERK INHIBITOR,LYS_INH,24.9,89113
2397,E,6,E6,RECOMBINANT ERK 0.5 nM,ERK_0.500nM,24.9,Inf
2397,E,6,E6,RECOMBINANT ERK 0.5 nM,ERK_0.500nM,24.9,Inf
2397,E,7,E7,223,CTL05,24.9,83483
2397,E,7,E7,223,CTL05,24.9,83483
2397,E,8,E8,22,SCZ02,24.9,77761
2397,E,8,E8,22,SCZ02,24.9,77761
2397,E,9,E9,329,SCZ10,24.9,79554
2397,E,9,E9,329,SCZ10,24.9,79554
2397,E,10,E10,930,SCZ18,24.9,67827
2397,E,10,E10,930,SCZ18,24.9,67827
2397,E,11,E11,5000ng lysate +ERK INHIBITOR,LYS_INH,24.9,90806
2397,E,11,E11,5000ng lysate +ERK INHIBITOR,LYS_INH,24.9,90806
2397,E,12,E12,RECOMBINANT ERK 0.5 nM,ERK_0.500nM,24.9,Inf
2397,E,12,E12,RECOMBINANT ERK 0.5 nM,ERK_0.500nM,24.9,Inf
2397,F,1,F1,524,CTL06,24.9,96159
2397,F,1,F1,524,CTL06,24.9,96159
2397,F,2,F2,29,SCZ03,24.9,87302
2397,F,2,F2,29,SCZ03,24.9,87302
2397,F,3,F3,446,SCZ11,24.9,82581
2397,F,3,F3,446,SCZ11,24.9,82581
2397,F,4,F4,931,SCZ19,24.9,80870
2397,F,4,F4,931,SCZ19,24.9,80870
2397,F,5,F5,"BLANK- Master Mix, no lysate",BLNK,24.9,88345
2397,F,5,F5,"BLANK- Master Mix, no lysate",BLNK,24.9,88345
2397,F,6,F6,RECOMBINANT ERK  0.25 nM,ERK_0.250nM,24.9,96900
2397,F,6,F6,RECOMBINANT ERK  0.25 nM,ERK_0.250nM,24.9,96900
2397,F,7,F7,524,CTL06,24.9,89543
2397,F,7,F7,524,CTL06,24.9,89543
2397,F,8,F8,29,SCZ03,24.9,92636
2397,F,8,F8,29,SCZ03,24.9,92636
2397,F,9,F9,446,SCZ11,24.9,75531
2397,F,9,F9,446,SCZ11,24.9,75531
2397,F,10,F10,931,SCZ19,24.9,80067
2397,F,10,F10,931,SCZ19,24.9,80067
2397,F,11,F11,"BLANK- Master Mix, no lysate",BLNK,24.9,89409
2397,F,11,F11,"BLANK- Master Mix, no lysate",BLNK,24.9,89409
2397,F,12,F12,RECOMBINANT ERK  0.25 nM,ERK_0.250nM,24.9,81586
2397,F,12,F12,RECOMBINANT ERK  0.25 nM,ERK_0.250nM,24.9,81586
2397,G,1,G1,661,CTL07,24.9,88003
2397,G,1,G1,661,CTL07,24.9,88003
2397,G,2,G2,69,SCZ04,24.9,87892
2397,G,2,G2,69,SCZ04,24.9,87892
2397,G,3,G3,510,SCZ12,24.9,91319
2397,G,3,G3,510,SCZ12,24.9,91319
2397,G,4,G4,932,SCZ20,24.9,72612
2397,G,4,G4,932,SCZ20,24.9,72612
2397,G,5,G5,"BLANK- Master Mix, lysate, no reporter",BLNK_LYS,24.9,23617
2397,G,5,G5,"BLANK- Master Mix, lysate, no reporter",BLNK_LYS,24.9,23617
2397,G,6,G6,RECOMBINANT ERK  0.125 nM,ERK_0.125nM,24.9,98641
2397,G,6,G6,RECOMBINANT ERK  0.125 nM,ERK_0.125nM,24.9,98641
2397,G,7,G7,661,CTL07,24.9,82327
2397,G,7,G7,661,CTL07,24.9,82327
2397,G,8,G8,69,SCZ04,24.9,87910
2397,G,8,G8,69,SCZ04,24.9,87910
2397,G,9,G9,510,SCZ12,24.9,94447
2397,G,9,G9,510,SCZ12,24.9,94447
2397,G,10,G10,932,SCZ20,24.9,71978
2397,G,10,G10,932,SCZ20,24.9,71978
2397,G,11,G11,"BLANK- Master Mix, lysate, no reporter",BLNK_LYS,24.9,24824
2397,G,11,G11,"BLANK- Master Mix, lysate, no reporter",BLNK_LYS,24.9,24824
2397,G,12,G12,RECOMBINANT ERK  0.125 nM,ERK_0.125nM,24.9,95057
2397,G,12,G12,RECOMBINANT ERK  0.125 nM,ERK_0.125nM,24.9,95057
2397,H,1,H1,689,CTL08,24.9,92646
2397,H,1,H1,689,CTL08,24.9,92646
2397,H,2,H2,94,SCZ05,24.9,83361
2397,H,2,H2,94,SCZ05,24.9,83361
2397,H,3,H3,547,SCZ13,24.9,86958
2397,H,3,H3,547,SCZ13,24.9,86958
2397,H,4,H4,326,LYS01,24.9,89561
2397,H,4,H4,326,LYS01,24.9,89561
2397,H,5,H5,NA,EMPTY,24.9,91538
2397,H,5,H5,NA,EMPTY,24.9,91538
2397,H,6,H6,RECOMBINANT ERK 2nM + ERK INHIBITOR,ERK_2.000nM_INH,24.9,27509
2397,H,6,H6,RECOMBINANT ERK 2nM + ERK INHIBITOR,ERK_2.000nM_INH,24.9,27509
2397,H,7,H7,689,CTL08,24.9,Inf
2397,H,7,H7,689,CTL08,24.9,Inf
2397,H,8,H8,94,SCZ05,24.9,30363
2397,H,8,H8,94,SCZ05,24.9,30363
2397,H,9,H9,547,SCZ13,24.9,94940
2397,H,9,H9,547,SCZ13,24.9,94940
2397,H,10,H10,326,LYS01,24.9,97005
2397,H,10,H10,326,LYS01,24.9,97005
2397,H,11,H11,NA,EMPTY,24.9,24401
2397,H,11,H11,NA,EMPTY,24.9,24401
2397,H,12,H12,RECOMBINANT ERK 2nM + ERK INHIBITOR,ERK_2.000nM_INH,24.9,Inf
2397,H,12,H12,RECOMBINANT ERK 2nM + ERK INHIBITOR,ERK_2.000nM_INH,24.9,Inf
2538,A,1,A1,46,CTL01,24.9,97153
2538,A,1,A1,46,CTL01,24.9,97153
2538,A,2,A2,720,CTL09,24.9,97762
2538,A,2,A2,720,CTL09,24.9,97762
2538,A,3,A3,225,SCZ06,24.9,81167
2538,A,3,A3,225,SCZ06,24.9,81167
2538,A,4,A4,552,SCZ14,24.9,92061
2538,A,4,A4,552,SCZ14,24.9,92061
2538,A,5,A5,328,LYS02,24.9,90530
2538,A,5,A5,328,LYS02,24.9,90530
2538,A,6,A6,RECOMBINANT ERK  2nM,ERK_2.000nM,24.9,Inf
2538,A,6,A6,RECOMBINANT ERK  2nM,ERK_2.000nM,24.9,Inf
2538,A,7,A7,46,CTL01,24.9,97683
2538,A,7,A7,46,CTL01,24.9,97683
2538,A,8,A8,720,CTL09,24.9,89188
2538,A,8,A8,720,CTL09,24.9,89188
2538,A,9,A9,225,SCZ06,24.9,92791
2538,A,9,A9,225,SCZ06,24.9,92791
2538,A,10,A10,552,SCZ14,24.9,84445
2538,A,10,A10,552,SCZ14,24.9,84445
2538,A,11,A11,328,LYS02,24.9,93547
2538,A,11,A11,328,LYS02,24.9,93547
2538,A,12,A12,RECOMBINANT ERK  2nM,ERK_2.000nM,24.9,Inf
2538,A,12,A12,RECOMBINANT ERK  2nM,ERK_2.000nM,24.9,Inf
2538,B,1,B1,116,CTL02,24.9,88711
2538,B,1,B1,116,CTL02,24.9,88711
2538,B,2,B2,859,CTL10,24.9,94887
2538,B,2,B2,859,CTL10,24.9,94887
2538,B,3,B3,235,SCZ07,24.9,Inf
2538,B,3,B3,235,SCZ07,24.9,Inf
2538,B,4,B4,565,SCZ15,24.9,90347
2538,B,4,B4,565,SCZ15,24.9,90347
2538,B,5,B5,335,LYS03,24.9,88682
2538,B,5,B5,335,LYS03,24.9,88682
2538,B,6,B6,RECOMBINANT ERK 1.5 nM,ERK_1.500nM,24.9,Inf
2538,B,6,B6,RECOMBINANT ERK 1.5 nM,ERK_1.500nM,24.9,Inf
2538,B,7,B7,116,CTL02,24.9,81241
2538,B,7,B7,116,CTL02,24.9,81241
2538,B,8,B8,859,CTL10,24.9,80145
2538,B,8,B8,859,CTL10,24.9,80145
2538,B,9,B9,235,SCZ07,24.9,97971
2538,B,9,B9,235,SCZ07,24.9,97971
2538,B,10,B10,565,SCZ15,24.9,92002
2538,B,10,B10,565,SCZ15,24.9,92002
2538,B,11,B11,335,LYS03,24.9,89963
2538,B,11,B11,335,LYS03,24.9,89963
2538,B,12,B12,RECOMBINANT ERK 1.5 nM,ERK_1.500nM,24.9,Inf
2538,B,12,B12,RECOMBINANT ERK 1.5 nM,ERK_1.500nM,24.9,Inf
2538,C,1,C1,167,CTL03,24.9,98674
2538,C,1,C1,167,CTL03,24.9,98674
2538,C,2,C2,874,CTL11,24.9,83335
2538,C,2,C2,874,CTL11,24.9,83335
2538,C,3,C3,262,SCZ08,24.9,97189
2538,C,3,C3,262,SCZ08,24.9,97189
2538,C,4,C4,737,SCZ16,24.9,91900
2538,C,4,C4,737,SCZ16,24.9,91900
2538,C,5,C5,907,LYS04,24.9,82607
2538,C,5,C5,907,LYS04,24.9,82607
2538,C,6,C6,RECOMBINANT ERK  1 nM,ERK_1.000nM,24.9,Inf
2538,C,6,C6,RECOMBINANT ERK  1 nM,ERK_1.000nM,24.9,Inf
2538,C,7,C7,167,CTL03,24.9,97683
2538,C,7,C7,167,CTL03,24.9,97683
2538,C,8,C8,874,CTL11,24.9,78737
2538,C,8,C8,874,CTL11,24.9,78737
2538,C,9,C9,262,SCZ08,24.9,89264
2538,C,9,C9,262,SCZ08,24.9,89264
2538,C,10,C10,737,SCZ16,24.9,88100
2538,C,10,C10,737,SCZ16,24.9,88100
2538,C,11,C11,907,LYS04,24.9,88836
2538,C,11,C11,907,LYS04,24.9,88836
2538,C,12,C12,RECOMBINANT ERK  1 nM,ERK_1.000nM,24.9,95303
2538,C,12,C12,RECOMBINANT ERK  1 nM,ERK_1.000nM,24.9,95303
2538,D,1,D1,195,CTL04,24.9,77124
2538,D,1,D1,195,CTL04,24.9,77124
2538,D,2,D2,11,SCZ01,24.9,94421
2538,D,2,D2,11,SCZ01,24.9,94421
2538,D,3,D3,291,SCZ09,24.9,87660
2538,D,3,D3,291,SCZ09,24.9,87660
2538,D,4,D4,802,SCZ17,24.9,66763
2538,D,4,D4,802,SCZ17,24.9,66763
2538,D,5,D5,5000ng lysate + HI,LYS_HI,24.9,95271
2538,D,5,D5,5000ng lysate + HI,LYS_HI,24.9,95271
2538,D,6,D6,RECOMBINANT ERK  0.75 nM,ERK_0.750nM,24.9,Inf
2538,D,6,D6,RECOMBINANT ERK  0.75 nM,ERK_0.750nM,24.9,Inf
2538,D,7,D7,195,CTL04,24.9,87524
2538,D,7,D7,195,CTL04,24.9,87524
2538,D,8,D8,11,SCZ01,24.9,87422
2538,D,8,D8,11,SCZ01,24.9,87422
2538,D,9,D9,291,SCZ09,24.9,81885
2538,D,9,D9,291,SCZ09,24.9,81885
2538,D,10,D10,802,SCZ17,24.9,83494
2538,D,10,D10,802,SCZ17,24.9,83494
2538,D,11,D11,5000ng lysate + HI,LYS_HI,24.9,96346
2538,D,11,D11,5000ng lysate + HI,LYS_HI,24.9,96346
2538,D,12,D12,RECOMBINANT ERK  0.75 nM,ERK_0.750nM,24.9,Inf
2538,D,12,D12,RECOMBINANT ERK  0.75 nM,ERK_0.750nM,24.9,Inf
2538,E,1,E1,223,CTL05,24.9,92684
2538,E,1,E1,223,CTL05,24.9,92684
2538,E,2,E2,22,SCZ02,24.9,Inf
2538,E,2,E2,22,SCZ02,24.9,Inf
2538,E,3,E3,329,SCZ10,24.9,Inf
2538,E,3,E3,329,SCZ10,24.9,Inf
2538,E,4,E4,930,SCZ18,24.9,67054
2538,E,4,E4,930,SCZ18,24.9,67054
2538,E,5,E5,5000ng lysate +ERK INHIBITOR,LYS_INH,24.9,88894
2538,E,5,E5,5000ng lysate +ERK INHIBITOR,LYS_INH,24.9,88894
2538,E,6,E6,RECOMBINANT ERK 0.5 nM,ERK_0.500nM,24.9,Inf
2538,E,6,E6,RECOMBINANT ERK 0.5 nM,ERK_0.500nM,24.9,Inf
2538,E,7,E7,223,CTL05,24.9,83329
2538,E,7,E7,223,CTL05,24.9,83329
2538,E,8,E8,22,SCZ02,24.9,78131
2538,E,8,E8,22,SCZ02,24.9,78131
2538,E,9,E9,329,SCZ10,24.9,79043
2538,E,9,E9,329,SCZ10,24.9,79043
2538,E,10,E10,930,SCZ18,24.9,67339
2538,E,10,E10,930,SCZ18,24.9,67339
2538,E,11,E11,5000ng lysate +ERK INHIBITOR,LYS_INH,24.9,90041
2538,E,11,E11,5000ng lysate +ERK INHIBITOR,LYS_INH,24.9,90041
2538,E,12,E12,RECOMBINANT ERK 0.5 nM,ERK_0.500nM,24.9,Inf
2538,E,12,E12,RECOMBINANT ERK 0.5 nM,ERK_0.500nM,24.9,Inf
2538,F,1,F1,524,CTL06,24.9,95989
2538,F,1,F1,524,CTL06,24.9,95989
2538,F,2,F2,29,SCZ03,24.9,88451
2538,F,2,F2,29,SCZ03,24.9,88451
2538,F,3,F3,446,SCZ11,24.9,82156
2538,F,3,F3,446,SCZ11,24.9,82156
2538,F,4,F4,931,SCZ19,24.9,80698
2538,F,4,F4,931,SCZ19,24.9,80698
2538,F,5,F5,"BLANK- Master Mix, no lysate",BLNK,24.9,87402
2538,F,5,F5,"BLANK- Master Mix, no lysate",BLNK,24.9,87402
2538,F,6,F6,RECOMBINANT ERK  0.25 nM,ERK_0.250nM,24.9,97629
2538,F,6,F6,RECOMBINANT ERK  0.25 nM,ERK_0.250nM,24.9,97629
2538,F,7,F7,524,CTL06,24.9,89698
2538,F,7,F7,524,CTL06,24.9,89698
2538,F,8,F8,29,SCZ03,24.9,93513
2538,F,8,F8,29,SCZ03,24.9,93513
2538,F,9,F9,446,SCZ11,24.9,74316
2538,F,9,F9,446,SCZ11,24.9,74316
2538,F,10,F10,931,SCZ19,24.9,80153
2538,F,10,F10,931,SCZ19,24.9,80153
2538,F,11,F11,"BLANK- Master Mix, no lysate",BLNK,24.9,88300
2538,F,11,F11,"BLANK- Master Mix, no lysate",BLNK,24.9,88300
2538,F,12,F12,RECOMBINANT ERK  0.25 nM,ERK_0.250nM,24.9,80948
2538,F,12,F12,RECOMBINANT ERK  0.25 nM,ERK_0.250nM,24.9,80948
2538,G,1,G1,661,CTL07,24.9,87020
2538,G,1,G1,661,CTL07,24.9,87020
2538,G,2,G2,69,SCZ04,24.9,87677
2538,G,2,G2,69,SCZ04,24.9,87677
2538,G,3,G3,510,SCZ12,24.9,91197
2538,G,3,G3,510,SCZ12,24.9,91197
2538,G,4,G4,932,SCZ20,24.9,73117
2538,G,4,G4,932,SCZ20,24.9,73117
2538,G,5,G5,"BLANK- Master Mix, lysate, no reporter",BLNK_LYS,24.9,23557
2538,G,5,G5,"BLANK- Master Mix, lysate, no reporter",BLNK_LYS,24.9,23557
2538,G,6,G6,RECOMBINANT ERK  0.125 nM,ERK_0.125nM,24.9,99716
2538,G,6,G6,RECOMBINANT ERK  0.125 nM,ERK_0.125nM,24.9,99716
2538,G,7,G7,661,CTL07,24.9,82578
2538,G,7,G7,661,CTL07,24.9,82578
2538,G,8,G8,69,SCZ04,24.9,87385
2538,G,8,G8,69,SCZ04,24.9,87385
2538,G,9,G9,510,SCZ12,24.9,94162
2538,G,9,G9,510,SCZ12,24.9,94162
2538,G,10,G10,932,SCZ20,24.9,72747
2538,G,10,G10,932,SCZ20,24.9,72747
2538,G,11,G11,"BLANK- Master Mix, lysate, no reporter",BLNK_LYS,24.9,24621
2538,G,11,G11,"BLANK- Master Mix, lysate, no reporter",BLNK_LYS,24.9,24621
2538,G,12,G12,RECOMBINANT ERK  0.125 nM,ERK_0.125nM,24.9,94550
2538,G,12,G12,RECOMBINANT ERK  0.125 nM,ERK_0.125nM,24.9,94550
2538,H,1,H1,689,CTL08,24.9,92622
2538,H,1,H1,689,CTL08,24.9,92622
2538,H,2,H2,94,SCZ05,24.9,84086
2538,H,2,H2,94,SCZ05,24.9,84086
2538,H,3,H3,547,SCZ13,24.9,85912
2538,H,3,H3,547,SCZ13,24.9,85912
2538,H,4,H4,326,LYS01,24.9,89032
2538,H,4,H4,326,LYS01,24.9,89032
2538,H,5,H5,NA,EMPTY,24.9,92238
2538,H,5,H5,NA,EMPTY,24.9,92238
2538,H,6,H6,RECOMBINANT ERK 2nM + ERK INHIBITOR,ERK_2.000nM_INH,24.9,27429
2538,H,6,H6,RECOMBINANT ERK 2nM + ERK INHIBITOR,ERK_2.000nM_INH,24.9,27429
2538,H,7,H7,689,CTL08,24.9,Inf
2538,H,7,H7,689,CTL08,24.9,Inf
2538,H,8,H8,94,SCZ05,24.9,30575
2538,H,8,H8,94,SCZ05,24.9,30575
2538,H,9,H9,547,SCZ13,24.9,95046
2538,H,9,H9,547,SCZ13,24.9,95046
2538,H,10,H10,326,LYS01,24.9,96486
2538,H,10,H10,326,LYS01,24.9,96486
2538,H,11,H11,NA,EMPTY,24.9,24434
2538,H,11,H11,NA,EMPTY,24.9,24434
2538,H,12,H12,RECOMBINANT ERK 2nM + ERK INHIBITOR,ERK_2.000nM_INH,24.9,Inf
2538,H,12,H12,RECOMBINANT ERK 2nM + ERK INHIBITOR,ERK_2.000nM_INH,24.9,Inf
2679,A,1,A1,46,CTL01,24.9,96541
2679,A,1,A1,46,CTL01,24.9,96541
2679,A,2,A2,720,CTL09,24.9,98131
2679,A,2,A2,720,CTL09,24.9,98131
2679,A,3,A3,225,SCZ06,24.9,80559
2679,A,3,A3,225,SCZ06,24.9,80559
2679,A,4,A4,552,SCZ14,24.9,92585
2679,A,4,A4,552,SCZ14,24.9,92585
2679,A,5,A5,328,LYS02,24.9,90159
2679,A,5,A5,328,LYS02,24.9,90159
2679,A,6,A6,RECOMBINANT ERK  2nM,ERK_2.000nM,24.9,Inf
2679,A,6,A6,RECOMBINANT ERK  2nM,ERK_2.000nM,24.9,Inf
2679,A,7,A7,46,CTL01,24.9,97049
2679,A,7,A7,46,CTL01,24.9,97049
2679,A,8,A8,720,CTL09,24.9,88718
2679,A,8,A8,720,CTL09,24.9,88718
2679,A,9,A9,225,SCZ06,24.9,93030
2679,A,9,A9,225,SCZ06,24.9,93030
2679,A,10,A10,552,SCZ14,24.9,83884
2679,A,10,A10,552,SCZ14,24.9,83884
2679,A,11,A11,328,LYS02,24.9,94240
2679,A,11,A11,328,LYS02,24.9,94240
2679,A,12,A12,RECOMBINANT ERK  2nM,ERK_2.000nM,24.9,Inf
2679,A,12,A12,RECOMBINANT ERK  2nM,ERK_2.000nM,24.9,Inf
2679,B,1,B1,116,CTL02,24.9,88643
2679,B,1,B1,116,CTL02,24.9,88643
2679,B,2,B2,859,CTL10,24.9,95159
2679,B,2,B2,859,CTL10,24.9,95159
2679,B,3,B3,235,SCZ07,24.9,Inf
2679,B,3,B3,235,SCZ07,24.9,Inf
2679,B,4,B4,565,SCZ15,24.9,90902
2679,B,4,B4,565,SCZ15,24.9,90902
2679,B,5,B5,335,LYS03,24.9,88272
2679,B,5,B5,335,LYS03,24.9,88272
2679,B,6,B6,RECOMBINANT ERK 1.5 nM,ERK_1.500nM,24.9,Inf
2679,B,6,B6,RECOMBINANT ERK 1.5 nM,ERK_1.500nM,24.9,Inf
2679,B,7,B7,116,CTL02,24.9,82364
2679,B,7,B7,116,CTL02,24.9,82364
2679,B,8,B8,859,CTL10,24.9,79644
2679,B,8,B8,859,CTL10,24.9,79644
2679,B,9,B9,235,SCZ07,24.9,97903
2679,B,9,B9,235,SCZ07,24.9,97903
2679,B,10,B10,565,SCZ15,24.9,92102
2679,B,10,B10,565,SCZ15,24.9,92102
2679,B,11,B11,335,LYS03,24.9,89982
2679,B,11,B11,335,LYS03,24.9,89982
2679,B,12,B12,RECOMBINANT ERK 1.5 nM,ERK_1.500nM,24.9,Inf
2679,B,12,B12,RECOMBINANT ERK 1.5 nM,ERK_1.500nM,24.9,Inf
2679,C,1,C1,167,CTL03,24.9,99739
2679,C,1,C1,167,CTL03,24.9,99739
2679,C,2,C2,874,CTL11,24.9,83094
2679,C,2,C2,874,CTL11,24.9,83094
2679,C,3,C3,262,SCZ08,24.9,98573
2679,C,3,C3,262,SCZ08,24.9,98573
2679,C,4,C4,737,SCZ16,24.9,92299
2679,C,4,C4,737,SCZ16,24.9,92299
2679,C,5,C5,907,LYS04,24.9,82374
2679,C,5,C5,907,LYS04,24.9,82374
2679,C,6,C6,RECOMBINANT ERK  1 nM,ERK_1.000nM,24.9,Inf
2679,C,6,C6,RECOMBINANT ERK  1 nM,ERK_1.000nM,24.9,Inf
2679,C,7,C7,167,CTL03,24.9,97877
2679,C,7,C7,167,CTL03,24.9,97877
2679,C,8,C8,874,CTL11,24.9,78432
2679,C,8,C8,874,CTL11,24.9,78432
2679,C,9,C9,262,SCZ08,24.9,89439
2679,C,9,C9,262,SCZ08,24.9,89439
2679,C,10,C10,737,SCZ16,24.9,88198
2679,C,10,C10,737,SCZ16,24.9,88198
2679,C,11,C11,907,LYS04,24.9,89296
2679,C,11,C11,907,LYS04,24.9,89296
2679,C,12,C12,RECOMBINANT ERK  1 nM,ERK_1.000nM,24.9,95834
2679,C,12,C12,RECOMBINANT ERK  1 nM,ERK_1.000nM,24.9,95834
2679,D,1,D1,195,CTL04,24.9,76008
2679,D,1,D1,195,CTL04,24.9,76008
2679,D,2,D2,11,SCZ01,24.9,94067
2679,D,2,D2,11,SCZ01,24.9,94067
2679,D,3,D3,291,SCZ09,24.9,87357
2679,D,3,D3,291,SCZ09,24.9,87357
2679,D,4,D4,802,SCZ17,24.9,65405
2679,D,4,D4,802,SCZ17,24.9,65405
2679,D,5,D5,5000ng lysate + HI,LYS_HI,24.9,94049
2679,D,5,D5,5000ng lysate + HI,LYS_HI,24.9,94049
2679,D,6,D6,RECOMBINANT ERK  0.75 nM,ERK_0.750nM,24.9,Inf
2679,D,6,D6,RECOMBINANT ERK  0.75 nM,ERK_0.750nM,24.9,Inf
2679,D,7,D7,195,CTL04,24.9,88255
2679,D,7,D7,195,CTL04,24.9,88255
2679,D,8,D8,11,SCZ01,24.9,87027
2679,D,8,D8,11,SCZ01,24.9,87027
2679,D,9,D9,291,SCZ09,24.9,81181
2679,D,9,D9,291,SCZ09,24.9,81181
2679,D,10,D10,802,SCZ17,24.9,82915
2679,D,10,D10,802,SCZ17,24.9,82915
2679,D,11,D11,5000ng lysate + HI,LYS_HI,24.9,95171
2679,D,11,D11,5000ng lysate + HI,LYS_HI,24.9,95171
2679,D,12,D12,RECOMBINANT ERK  0.75 nM,ERK_0.750nM,24.9,Inf
2679,D,12,D12,RECOMBINANT ERK  0.75 nM,ERK_0.750nM,24.9,Inf
2679,E,1,E1,223,CTL05,24.9,93224
2679,E,1,E1,223,CTL05,24.9,93224
2679,E,2,E2,22,SCZ02,24.9,Inf
2679,E,2,E2,22,SCZ02,24.9,Inf
2679,E,3,E3,329,SCZ10,24.9,Inf
2679,E,3,E3,329,SCZ10,24.9,Inf
2679,E,4,E4,930,SCZ18,24.9,66970
2679,E,4,E4,930,SCZ18,24.9,66970
2679,E,5,E5,5000ng lysate +ERK INHIBITOR,LYS_INH,24.9,88963
2679,E,5,E5,5000ng lysate +ERK INHIBITOR,LYS_INH,24.9,88963
2679,E,6,E6,RECOMBINANT ERK 0.5 nM,ERK_0.500nM,24.9,Inf
2679,E,6,E6,RECOMBINANT ERK 0.5 nM,ERK_0.500nM,24.9,Inf
2679,E,7,E7,223,CTL05,24.9,84114
2679,E,7,E7,223,CTL05,24.9,84114
2679,E,8,E8,22,SCZ02,24.9,79129
2679,E,8,E8,22,SCZ02,24.9,79129
2679,E,9,E9,329,SCZ10,24.9,79095
2679,E,9,E9,329,SCZ10,24.9,79095
2679,E,10,E10,930,SCZ18,24.9,67261
2679,E,10,E10,930,SCZ18,24.9,67261
2679,E,11,E11,5000ng lysate +ERK INHIBITOR,LYS_INH,24.9,89587
2679,E,11,E11,5000ng lysate +ERK INHIBITOR,LYS_INH,24.9,89587
2679,E,12,E12,RECOMBINANT ERK 0.5 nM,ERK_0.500nM,24.9,Inf
2679,E,12,E12,RECOMBINANT ERK 0.5 nM,ERK_0.500nM,24.9,Inf
2679,F,1,F1,524,CTL06,24.9,95947
2679,F,1,F1,524,CTL06,24.9,95947
2679,F,2,F2,29,SCZ03,24.9,88367
2679,F,2,F2,29,SCZ03,24.9,88367
2679,F,3,F3,446,SCZ11,24.9,82695
2679,F,3,F3,446,SCZ11,24.9,82695
2679,F,4,F4,931,SCZ19,24.9,79306
2679,F,4,F4,931,SCZ19,24.9,79306
2679,F,5,F5,"BLANK- Master Mix, no lysate",BLNK,24.9,86972
2679,F,5,F5,"BLANK- Master Mix, no lysate",BLNK,24.9,86972
2679,F,6,F6,RECOMBINANT ERK  0.25 nM,ERK_0.250nM,24.9,97542
2679,F,6,F6,RECOMBINANT ERK  0.25 nM,ERK_0.250nM,24.9,97542
2679,F,7,F7,524,CTL06,24.9,89778
2679,F,7,F7,524,CTL06,24.9,89778
2679,F,8,F8,29,SCZ03,24.9,94694
2679,F,8,F8,29,SCZ03,24.9,94694
2679,F,9,F9,446,SCZ11,24.9,74413
2679,F,9,F9,446,SCZ11,24.9,74413
2679,F,10,F10,931,SCZ19,24.9,79623
2679,F,10,F10,931,SCZ19,24.9,79623
2679,F,11,F11,"BLANK- Master Mix, no lysate",BLNK,24.9,88606
2679,F,11,F11,"BLANK- Master Mix, no lysate",BLNK,24.9,88606
2679,F,12,F12,RECOMBINANT ERK  0.25 nM,ERK_0.250nM,24.9,81130
2679,F,12,F12,RECOMBINANT ERK  0.25 nM,ERK_0.250nM,24.9,81130
2679,G,1,G1,661,CTL07,24.9,87859
2679,G,1,G1,661,CTL07,24.9,87859
2679,G,2,G2,69,SCZ04,24.9,87190
2679,G,2,G2,69,SCZ04,24.9,87190
2679,G,3,G3,510,SCZ12,24.9,89793
2679,G,3,G3,510,SCZ12,24.9,89793
2679,G,4,G4,932,SCZ20,24.9,72431
2679,G,4,G4,932,SCZ20,24.9,72431
2679,G,5,G5,"BLANK- Master Mix, lysate, no reporter",BLNK_LYS,24.9,23597
2679,G,5,G5,"BLANK- Master Mix, lysate, no reporter",BLNK_LYS,24.9,23597
2679,G,6,G6,RECOMBINANT ERK  0.125 nM,ERK_0.125nM,24.9,99049
2679,G,6,G6,RECOMBINANT ERK  0.125 nM,ERK_0.125nM,24.9,99049
2679,G,7,G7,661,CTL07,24.9,82412
2679,G,7,G7,661,CTL07,24.9,82412
2679,G,8,G8,69,SCZ04,24.9,87754
2679,G,8,G8,69,SCZ04,24.9,87754
2679,G,9,G9,510,SCZ12,24.9,94031
2679,G,9,G9,510,SCZ12,24.9,94031
2679,G,10,G10,932,SCZ20,24.9,72027
2679,G,10,G10,932,SCZ20,24.9,72027
2679,G,11,G11,"BLANK- Master Mix, lysate, no reporter",BLNK_LYS,24.9,24725
2679,G,11,G11,"BLANK- Master Mix, lysate, no reporter",BLNK_LYS,24.9,24725
2679,G,12,G12,RECOMBINANT ERK  0.125 nM,ERK_0.125nM,24.9,95157
2679,G,12,G12,RECOMBINANT ERK  0.125 nM,ERK_0.125nM,24.9,95157
2679,H,1,H1,689,CTL08,24.9,92514
2679,H,1,H1,689,CTL08,24.9,92514
2679,H,2,H2,94,SCZ05,24.9,83348
2679,H,2,H2,94,SCZ05,24.9,83348
2679,H,3,H3,547,SCZ13,24.9,86397
2679,H,3,H3,547,SCZ13,24.9,86397
2679,H,4,H4,326,LYS01,24.9,88076
2679,H,4,H4,326,LYS01,24.9,88076
2679,H,5,H5,NA,EMPTY,24.9,91378
2679,H,5,H5,NA,EMPTY,24.9,91378
2679,H,6,H6,RECOMBINANT ERK 2nM + ERK INHIBITOR,ERK_2.000nM_INH,24.9,27572
2679,H,6,H6,RECOMBINANT ERK 2nM + ERK INHIBITOR,ERK_2.000nM_INH,24.9,27572
2679,H,7,H7,689,CTL08,24.9,Inf
2679,H,7,H7,689,CTL08,24.9,Inf
2679,H,8,H8,94,SCZ05,24.9,30312
2679,H,8,H8,94,SCZ05,24.9,30312
2679,H,9,H9,547,SCZ13,24.9,94906
2679,H,9,H9,547,SCZ13,24.9,94906
2679,H,10,H10,326,LYS01,24.9,96927
2679,H,10,H10,326,LYS01,24.9,96927
2679,H,11,H11,NA,EMPTY,24.9,24169
2679,H,11,H11,NA,EMPTY,24.9,24169
2679,H,12,H12,RECOMBINANT ERK 2nM + ERK INHIBITOR,ERK_2.000nM_INH,24.9,Inf
2679,H,12,H12,RECOMBINANT ERK 2nM + ERK INHIBITOR,ERK_2.000nM_INH,24.9,Inf
2820,A,1,A1,46,CTL01,24.9,96524
2820,A,1,A1,46,CTL01,24.9,96524
2820,A,2,A2,720,CTL09,24.9,97457
2820,A,2,A2,720,CTL09,24.9,97457
2820,A,3,A3,225,SCZ06,24.9,80923
2820,A,3,A3,225,SCZ06,24.9,80923
2820,A,4,A4,552,SCZ14,24.9,91775
2820,A,4,A4,552,SCZ14,24.9,91775
2820,A,5,A5,328,LYS02,24.9,89670
2820,A,5,A5,328,LYS02,24.9,89670
2820,A,6,A6,RECOMBINANT ERK  2nM,ERK_2.000nM,24.9,Inf
2820,A,6,A6,RECOMBINANT ERK  2nM,ERK_2.000nM,24.9,Inf
2820,A,7,A7,46,CTL01,24.9,98059
2820,A,7,A7,46,CTL01,24.9,98059
2820,A,8,A8,720,CTL09,24.9,88830
2820,A,8,A8,720,CTL09,24.9,88830
2820,A,9,A9,225,SCZ06,24.9,92818
2820,A,9,A9,225,SCZ06,24.9,92818
2820,A,10,A10,552,SCZ14,24.9,84078
2820,A,10,A10,552,SCZ14,24.9,84078
2820,A,11,A11,328,LYS02,24.9,93320
2820,A,11,A11,328,LYS02,24.9,93320
2820,A,12,A12,RECOMBINANT ERK  2nM,ERK_2.000nM,24.9,Inf
2820,A,12,A12,RECOMBINANT ERK  2nM,ERK_2.000nM,24.9,Inf
2820,B,1,B1,116,CTL02,24.9,88389
2820,B,1,B1,116,CTL02,24.9,88389
2820,B,2,B2,859,CTL10,24.9,94237
2820,B,2,B2,859,CTL10,24.9,94237
2820,B,3,B3,235,SCZ07,24.9,Inf
2820,B,3,B3,235,SCZ07,24.9,Inf
2820,B,4,B4,565,SCZ15,24.9,90304
2820,B,4,B4,565,SCZ15,24.9,90304
2820,B,5,B5,335,LYS03,24.9,88217
2820,B,5,B5,335,LYS03,24.9,88217
2820,B,6,B6,RECOMBINANT ERK 1.5 nM,ERK_1.500nM,24.9,Inf
2820,B,6,B6,RECOMBINANT ERK 1.5 nM,ERK_1.500nM,24.9,Inf
2820,B,7,B7,116,CTL02,24.9,81012
2820,B,7,B7,116,CTL02,24.9,81012
2820,B,8,B8,859,CTL10,24.9,79730
2820,B,8,B8,859,CTL10,24.9,79730
2820,B,9,B9,235,SCZ07,24.9,97670
2820,B,9,B9,235,SCZ07,24.9,97670
2820,B,10,B10,565,SCZ15,24.9,92312
2820,B,10,B10,565,SCZ15,24.9,92312
2820,B,11,B11,335,LYS03,24.9,89866
2820,B,11,B11,335,LYS03,24.9,89866
2820,B,12,B12,RECOMBINANT ERK 1.5 nM,ERK_1.500nM,24.9,Inf
2820,B,12,B12,RECOMBINANT ERK 1.5 nM,ERK_1.500nM,24.9,Inf
2820,C,1,C1,167,CTL03,24.9,Inf
2820,C,1,C1,167,CTL03,24.9,Inf
2820,C,2,C2,874,CTL11,24.9,82881
2820,C,2,C2,874,CTL11,24.9,82881
2820,C,3,C3,262,SCZ08,24.9,96933
2820,C,3,C3,262,SCZ08,24.9,96933
2820,C,4,C4,737,SCZ16,24.9,92077
2820,C,4,C4,737,SCZ16,24.9,92077
2820,C,5,C5,907,LYS04,24.9,81396
2820,C,5,C5,907,LYS04,24.9,81396
2820,C,6,C6,RECOMBINANT ERK  1 nM,ERK_1.000nM,24.9,Inf
2820,C,6,C6,RECOMBINANT ERK  1 nM,ERK_1.000nM,24.9,Inf
2820,C,7,C7,167,CTL03,24.9,99466
2820,C,7,C7,167,CTL03,24.9,99466
2820,C,8,C8,874,CTL11,24.9,77733
2820,C,8,C8,874,CTL11,24.9,77733
2820,C,9,C9,262,SCZ08,24.9,89421
2820,C,9,C9,262,SCZ08,24.9,89421
2820,C,10,C10,737,SCZ16,24.9,88113
2820,C,10,C10,737,SCZ16,24.9,88113
2820,C,11,C11,907,LYS04,24.9,88665
2820,C,11,C11,907,LYS04,24.9,88665
2820,C,12,C12,RECOMBINANT ERK  1 nM,ERK_1.000nM,24.9,96357
2820,C,12,C12,RECOMBINANT ERK  1 nM,ERK_1.000nM,24.9,96357
2820,D,1,D1,195,CTL04,24.9,75347
2820,D,1,D1,195,CTL04,24.9,75347
2820,D,2,D2,11,SCZ01,24.9,94111
2820,D,2,D2,11,SCZ01,24.9,94111
2820,D,3,D3,291,SCZ09,24.9,87764
2820,D,3,D3,291,SCZ09,24.9,87764
2820,D,4,D4,802,SCZ17,24.9,64514
2820,D,4,D4,802,SCZ17,24.9,64514
2820,D,5,D5,5000ng lysate + HI,LYS_HI,24.9,92908
2820,D,5,D5,5000ng lysate + HI,LYS_HI,24.9,92908
2820,D,6,D6,RECOMBINANT ERK  0.75 nM,ERK_0.750nM,24.9,Inf
2820,D,6,D6,RECOMBINANT ERK  0.75 nM,ERK_0.750nM,24.9,Inf
2820,D,7,D7,195,CTL04,24.9,88141
2820,D,7,D7,195,CTL04,24.9,88141
2820,D,8,D8,11,SCZ01,24.9,87084
2820,D,8,D8,11,SCZ01,24.9,87084
2820,D,9,D9,291,SCZ09,24.9,81112
2820,D,9,D9,291,SCZ09,24.9,81112
2820,D,10,D10,802,SCZ17,24.9,82946
2820,D,10,D10,802,SCZ17,24.9,82946
2820,D,11,D11,5000ng lysate + HI,LYS_HI,24.9,95002
2820,D,11,D11,5000ng lysate + HI,LYS_HI,24.9,95002
2820,D,12,D12,RECOMBINANT ERK  0.75 nM,ERK_0.750nM,24.9,Inf
2820,D,12,D12,RECOMBINANT ERK  0.75 nM,ERK_0.750nM,24.9,Inf
2820,E,1,E1,223,CTL05,24.9,93338
2820,E,1,E1,223,CTL05,24.9,93338
2820,E,2,E2,22,SCZ02,24.9,Inf
2820,E,2,E2,22,SCZ02,24.9,Inf
2820,E,3,E3,329,SCZ10,24.9,Inf
2820,E,3,E3,329,SCZ10,24.9,Inf
2820,E,4,E4,930,SCZ18,24.9,66915
2820,E,4,E4,930,SCZ18,24.9,66915
2820,E,5,E5,5000ng lysate +ERK INHIBITOR,LYS_INH,24.9,88596
2820,E,5,E5,5000ng lysate +ERK INHIBITOR,LYS_INH,24.9,88596
2820,E,6,E6,RECOMBINANT ERK 0.5 nM,ERK_0.500nM,24.9,Inf
2820,E,6,E6,RECOMBINANT ERK 0.5 nM,ERK_0.500nM,24.9,Inf
2820,E,7,E7,223,CTL05,24.9,83784
2820,E,7,E7,223,CTL05,24.9,83784
2820,E,8,E8,22,SCZ02,24.9,79839
2820,E,8,E8,22,SCZ02,24.9,79839
2820,E,9,E9,329,SCZ10,24.9,79497
2820,E,9,E9,329,SCZ10,24.9,79497
2820,E,10,E10,930,SCZ18,24.9,67255
2820,E,10,E10,930,SCZ18,24.9,67255
2820,E,11,E11,5000ng lysate +ERK INHIBITOR,LYS_INH,24.9,90133
2820,E,11,E11,5000ng lysate +ERK INHIBITOR,LYS_INH,24.9,90133
2820,E,12,E12,RECOMBINANT ERK 0.5 nM,ERK_0.500nM,24.9,Inf
2820,E,12,E12,RECOMBINANT ERK 0.5 nM,ERK_0.500nM,24.9,Inf
2820,F,1,F1,524,CTL06,24.9,95930
2820,F,1,F1,524,CTL06,24.9,95930
2820,F,2,F2,29,SCZ03,24.9,89123
2820,F,2,F2,29,SCZ03,24.9,89123
2820,F,3,F3,446,SCZ11,24.9,82507
2820,F,3,F3,446,SCZ11,24.9,82507
2820,F,4,F4,931,SCZ19,24.9,78181
2820,F,4,F4,931,SCZ19,24.9,78181
2820,F,5,F5,"BLANK- Master Mix, no lysate",BLNK,24.9,87125
2820,F,5,F5,"BLANK- Master Mix, no lysate",BLNK,24.9,87125
2820,F,6,F6,RECOMBINANT ERK  0.25 nM,ERK_0.250nM,24.9,98180
2820,F,6,F6,RECOMBINANT ERK  0.25 nM,ERK_0.250nM,24.9,98180
2820,F,7,F7,524,CTL06,24.9,88895
2820,F,7,F7,524,CTL06,24.9,88895
2820,F,8,F8,29,SCZ03,24.9,94939
2820,F,8,F8,29,SCZ03,24.9,94939
2820,F,9,F9,446,SCZ11,24.9,73136
2820,F,9,F9,446,SCZ11,24.9,73136
2820,F,10,F10,931,SCZ19,24.9,78568
2820,F,10,F10,931,SCZ19,24.9,78568
2820,F,11,F11,"BLANK- Master Mix, no lysate",BLNK,24.9,88252
2820,F,11,F11,"BLANK- Master Mix, no lysate",BLNK,24.9,88252
2820,F,12,F12,RECOMBINANT ERK  0.25 nM,ERK_0.250nM,24.9,80423
2820,F,12,F12,RECOMBINANT ERK  0.25 nM,ERK_0.250nM,24.9,80423
2820,G,1,G1,661,CTL07,24.9,87234
2820,G,1,G1,661,CTL07,24.9,87234
2820,G,2,G2,69,SCZ04,24.9,87136
2820,G,2,G2,69,SCZ04,24.9,87136
2820,G,3,G3,510,SCZ12,24.9,90527
2820,G,3,G3,510,SCZ12,24.9,90527
2820,G,4,G4,932,SCZ20,24.9,72327
2820,G,4,G4,932,SCZ20,24.9,72327
2820,G,5,G5,"BLANK- Master Mix, lysate, no reporter",BLNK_LYS,24.9,23229
2820,G,5,G5,"BLANK- Master Mix, lysate, no reporter",BLNK_LYS,24.9,23229
2820,G,6,G6,RECOMBINANT ERK  0.125 nM,ERK_0.125nM,24.9,99806
2820,G,6,G6,RECOMBINANT ERK  0.125 nM,ERK_0.125nM,24.9,99806
2820,G,7,G7,661,CTL07,24.9,82685
2820,G,7,G7,661,CTL07,24.9,82685
2820,G,8,G8,69,SCZ04,24.9,87451
2820,G,8,G8,69,SCZ04,24.9,87451
2820,G,9,G9,510,SCZ12,24.9,94635
2820,G,9,G9,510,SCZ12,24.9,94635
2820,G,10,G10,932,SCZ20,24.9,71967
2820,G,10,G10,932,SCZ20,24.9,71967
2820,G,11,G11,"BLANK- Master Mix, lysate, no reporter",BLNK_LYS,24.9,24740
2820,G,11,G11,"BLANK- Master Mix, lysate, no reporter",BLNK_LYS,24.9,24740
2820,G,12,G12,RECOMBINANT ERK  0.125 nM,ERK_0.125nM,24.9,94815
2820,G,12,G12,RECOMBINANT ERK  0.125 nM,ERK_0.125nM,24.9,94815
2820,H,1,H1,689,CTL08,24.9,93264
2820,H,1,H1,689,CTL08,24.9,93264
2820,H,2,H2,94,SCZ05,24.9,83219
2820,H,2,H2,94,SCZ05,24.9,83219
2820,H,3,H3,547,SCZ13,24.9,85463
2820,H,3,H3,547,SCZ13,24.9,85463
2820,H,4,H4,326,LYS01,24.9,87013
2820,H,4,H4,326,LYS01,24.9,87013
2820,H,5,H5,NA,EMPTY,24.9,91375
2820,H,5,H5,NA,EMPTY,24.9,91375
2820,H,6,H6,RECOMBINANT ERK 2nM + ERK INHIBITOR,ERK_2.000nM_INH,24.9,27483
2820,H,6,H6,RECOMBINANT ERK 2nM + ERK INHIBITOR,ERK_2.000nM_INH,24.9,27483
2820,H,7,H7,689,CTL08,24.9,Inf
2820,H,7,H7,689,CTL08,24.9,Inf
2820,H,8,H8,94,SCZ05,24.9,30336
2820,H,8,H8,94,SCZ05,24.9,30336
2820,H,9,H9,547,SCZ13,24.9,93987
2820,H,9,H9,547,SCZ13,24.9,93987
2820,H,10,H10,326,LYS01,24.9,96226
2820,H,10,H10,326,LYS01,24.9,96226
2820,H,11,H11,NA,EMPTY,24.9,24251
2820,H,11,H11,NA,EMPTY,24.9,24251
2820,H,12,H12,RECOMBINANT ERK 2nM + ERK INHIBITOR,ERK_2.000nM_INH,24.9,Inf
2820,H,12,H12,RECOMBINANT ERK 2nM + ERK INHIBITOR,ERK_2.000nM_INH,24.9,Inf
2961,A,1,A1,46,CTL01,25,96999
2961,A,1,A1,46,CTL01,25,96999
2961,A,2,A2,720,CTL09,25,97928
2961,A,2,A2,720,CTL09,25,97928
2961,A,3,A3,225,SCZ06,25,81056
2961,A,3,A3,225,SCZ06,25,81056
2961,A,4,A4,552,SCZ14,25,91820
2961,A,4,A4,552,SCZ14,25,91820
2961,A,5,A5,328,LYS02,25,89885
2961,A,5,A5,328,LYS02,25,89885
2961,A,6,A6,RECOMBINANT ERK  2nM,ERK_2.000nM,25,Inf
2961,A,6,A6,RECOMBINANT ERK  2nM,ERK_2.000nM,25,Inf
2961,A,7,A7,46,CTL01,25,97418
2961,A,7,A7,46,CTL01,25,97418
2961,A,8,A8,720,CTL09,25,88338
2961,A,8,A8,720,CTL09,25,88338
2961,A,9,A9,225,SCZ06,25,93064
2961,A,9,A9,225,SCZ06,25,93064
2961,A,10,A10,552,SCZ14,25,82840
2961,A,10,A10,552,SCZ14,25,82840
2961,A,11,A11,328,LYS02,25,93173
2961,A,11,A11,328,LYS02,25,93173
2961,A,12,A12,RECOMBINANT ERK  2nM,ERK_2.000nM,25,Inf
2961,A,12,A12,RECOMBINANT ERK  2nM,ERK_2.000nM,25,Inf
2961,B,1,B1,116,CTL02,25,89070
2961,B,1,B1,116,CTL02,25,89070
2961,B,2,B2,859,CTL10,25,94790
2961,B,2,B2,859,CTL10,25,94790
2961,B,3,B3,235,SCZ07,25,Inf
2961,B,3,B3,235,SCZ07,25,Inf
2961,B,4,B4,565,SCZ15,25,90981
2961,B,4,B4,565,SCZ15,25,90981
2961,B,5,B5,335,LYS03,25,87950
2961,B,5,B5,335,LYS03,25,87950
2961,B,6,B6,RECOMBINANT ERK 1.5 nM,ERK_1.500nM,25,Inf
2961,B,6,B6,RECOMBINANT ERK 1.5 nM,ERK_1.500nM,25,Inf
2961,B,7,B7,116,CTL02,25,80845
2961,B,7,B7,116,CTL02,25,80845
2961,B,8,B8,859,CTL10,25,78760
2961,B,8,B8,859,CTL10,25,78760
2961,B,9,B9,235,SCZ07,25,97254
2961,B,9,B9,235,SCZ07,25,97254
2961,B,10,B10,565,SCZ15,25,91390
2961,B,10,B10,565,SCZ15,25,91390
2961,B,11,B11,335,LYS03,25,89881
2961,B,11,B11,335,LYS03,25,89881
2961,B,12,B12,RECOMBINANT ERK 1.5 nM,ERK_1.500nM,25,Inf
2961,B,12,B12,RECOMBINANT ERK 1.5 nM,ERK_1.500nM,25,Inf
2961,C,1,C1,167,CTL03,25,Inf
2961,C,1,C1,167,CTL03,25,Inf
2961,C,2,C2,874,CTL11,25,82456
2961,C,2,C2,874,CTL11,25,82456
2961,C,3,C3,262,SCZ08,25,98075
2961,C,3,C3,262,SCZ08,25,98075
2961,C,4,C4,737,SCZ16,25,91604
2961,C,4,C4,737,SCZ16,25,91604
2961,C,5,C5,907,LYS04,25,80874
2961,C,5,C5,907,LYS04,25,80874
2961,C,6,C6,RECOMBINANT ERK  1 nM,ERK_1.000nM,25,Inf
2961,C,6,C6,RECOMBINANT ERK  1 nM,ERK_1.000nM,25,Inf
2961,C,7,C7,167,CTL03,25,Inf
2961,C,7,C7,167,CTL03,25,Inf
2961,C,8,C8,874,CTL11,25,77258
2961,C,8,C8,874,CTL11,25,77258
2961,C,9,C9,262,SCZ08,25,88923
2961,C,9,C9,262,SCZ08,25,88923
2961,C,10,C10,737,SCZ16,25,87640
2961,C,10,C10,737,SCZ16,25,87640
2961,C,11,C11,907,LYS04,25,88683
2961,C,11,C11,907,LYS04,25,88683
2961,C,12,C12,RECOMBINANT ERK  1 nM,ERK_1.000nM,25,95494
2961,C,12,C12,RECOMBINANT ERK  1 nM,ERK_1.000nM,25,95494
2961,D,1,D1,195,CTL04,25,75295
2961,D,1,D1,195,CTL04,25,75295
2961,D,2,D2,11,SCZ01,25,94176
2961,D,2,D2,11,SCZ01,25,94176
2961,D,3,D3,291,SCZ09,25,87372
2961,D,3,D3,291,SCZ09,25,87372
2961,D,4,D4,802,SCZ17,25,64815
2961,D,4,D4,802,SCZ17,25,64815
2961,D,5,D5,5000ng lysate + HI,LYS_HI,25,91860
2961,D,5,D5,5000ng lysate + HI,LYS_HI,25,91860
2961,D,6,D6,RECOMBINANT ERK  0.75 nM,ERK_0.750nM,25,Inf
2961,D,6,D6,RECOMBINANT ERK  0.75 nM,ERK_0.750nM,25,Inf
2961,D,7,D7,195,CTL04,25,88746
2961,D,7,D7,195,CTL04,25,88746
2961,D,8,D8,11,SCZ01,25,86504
2961,D,8,D8,11,SCZ01,25,86504
2961,D,9,D9,291,SCZ09,25,80804
2961,D,9,D9,291,SCZ09,25,80804
2961,D,10,D10,802,SCZ17,25,82700
2961,D,10,D10,802,SCZ17,25,82700
2961,D,11,D11,5000ng lysate + HI,LYS_HI,25,94736
2961,D,11,D11,5000ng lysate + HI,LYS_HI,25,94736
2961,D,12,D12,RECOMBINANT ERK  0.75 nM,ERK_0.750nM,25,Inf
2961,D,12,D12,RECOMBINANT ERK  0.75 nM,ERK_0.750nM,25,Inf
2961,E,1,E1,223,CTL05,25,93216
2961,E,1,E1,223,CTL05,25,93216
2961,E,2,E2,22,SCZ02,25,Inf
2961,E,2,E2,22,SCZ02,25,Inf
2961,E,3,E3,329,SCZ10,25,Inf
2961,E,3,E3,329,SCZ10,25,Inf
2961,E,4,E4,930,SCZ18,25,66101
2961,E,4,E4,930,SCZ18,25,66101
2961,E,5,E5,5000ng lysate +ERK INHIBITOR,LYS_INH,25,87537
2961,E,5,E5,5000ng lysate +ERK INHIBITOR,LYS_INH,25,87537
2961,E,6,E6,RECOMBINANT ERK 0.5 nM,ERK_0.500nM,25,Inf
2961,E,6,E6,RECOMBINANT ERK 0.5 nM,ERK_0.500nM,25,Inf
2961,E,7,E7,223,CTL05,25,83764
2961,E,7,E7,223,CTL05,25,83764
2961,E,8,E8,22,SCZ02,25,81328
2961,E,8,E8,22,SCZ02,25,81328
2961,E,9,E9,329,SCZ10,25,78945
2961,E,9,E9,329,SCZ10,25,78945
2961,E,10,E10,930,SCZ18,25,67518
2961,E,10,E10,930,SCZ18,25,67518
2961,E,11,E11,5000ng lysate +ERK INHIBITOR,LYS_INH,25,89074
2961,E,11,E11,5000ng lysate +ERK INHIBITOR,LYS_INH,25,89074
2961,E,12,E12,RECOMBINANT ERK 0.5 nM,ERK_0.500nM,25,Inf
2961,E,12,E12,RECOMBINANT ERK 0.5 nM,ERK_0.500nM,25,Inf
2961,F,1,F1,524,CTL06,25,96847
2961,F,1,F1,524,CTL06,25,96847
2961,F,2,F2,29,SCZ03,25,89786
2961,F,2,F2,29,SCZ03,25,89786
2961,F,3,F3,446,SCZ11,25,83192
2961,F,3,F3,446,SCZ11,25,83192
2961,F,4,F4,931,SCZ19,25,77650
2961,F,4,F4,931,SCZ19,25,77650
2961,F,5,F5,"BLANK- Master Mix, no lysate",BLNK,25,87247
2961,F,5,F5,"BLANK- Master Mix, no lysate",BLNK,25,87247
2961,F,6,F6,RECOMBINANT ERK  0.25 nM,ERK_0.250nM,25,98352
2961,F,6,F6,RECOMBINANT ERK  0.25 nM,ERK_0.250nM,25,98352
2961,F,7,F7,524,CTL06,25,89168
2961,F,7,F7,524,CTL06,25,89168
2961,F,8,F8,29,SCZ03,25,96206
2961,F,8,F8,29,SCZ03,25,96206
2961,F,9,F9,446,SCZ11,25,72209
2961,F,9,F9,446,SCZ11,25,72209
2961,F,10,F10,931,SCZ19,25,78077
2961,F,10,F10,931,SCZ19,25,78077
2961,F,11,F11,"BLANK- Master Mix, no lysate",BLNK,25,87936
2961,F,11,F11,"BLANK- Master Mix, no lysate",BLNK,25,87936
2961,F,12,F12,RECOMBINANT ERK  0.25 nM,ERK_0.250nM,25,80574
2961,F,12,F12,RECOMBINANT ERK  0.25 nM,ERK_0.250nM,25,80574
2961,G,1,G1,661,CTL07,25,87213
2961,G,1,G1,661,CTL07,25,87213
2961,G,2,G2,69,SCZ04,25,86395
2961,G,2,G2,69,SCZ04,25,86395
2961,G,3,G3,510,SCZ12,25,90137
2961,G,3,G3,510,SCZ12,25,90137
2961,G,4,G4,932,SCZ20,25,72741
2961,G,4,G4,932,SCZ20,25,72741
2961,G,5,G5,"BLANK- Master Mix, lysate, no reporter",BLNK_LYS,25,23354
2961,G,5,G5,"BLANK- Master Mix, lysate, no reporter",BLNK_LYS,25,23354
2961,G,6,G6,RECOMBINANT ERK  0.125 nM,ERK_0.125nM,25,99503
2961,G,6,G6,RECOMBINANT ERK  0.125 nM,ERK_0.125nM,25,99503
2961,G,7,G7,661,CTL07,25,82820
2961,G,7,G7,661,CTL07,25,82820
2961,G,8,G8,69,SCZ04,25,87921
2961,G,8,G8,69,SCZ04,25,87921
2961,G,9,G9,510,SCZ12,25,94584
2961,G,9,G9,510,SCZ12,25,94584
2961,G,10,G10,932,SCZ20,25,72643
2961,G,10,G10,932,SCZ20,25,72643
2961,G,11,G11,"BLANK- Master Mix, lysate, no reporter",BLNK_LYS,25,24757
2961,G,11,G11,"BLANK- Master Mix, lysate, no reporter",BLNK_LYS,25,24757
2961,G,12,G12,RECOMBINANT ERK  0.125 nM,ERK_0.125nM,25,94996
2961,G,12,G12,RECOMBINANT ERK  0.125 nM,ERK_0.125nM,25,94996
2961,H,1,H1,689,CTL08,25,92630
2961,H,1,H1,689,CTL08,25,92630
2961,H,2,H2,94,SCZ05,25,82836
2961,H,2,H2,94,SCZ05,25,82836
2961,H,3,H3,547,SCZ13,25,84995
2961,H,3,H3,547,SCZ13,25,84995
2961,H,4,H4,326,LYS01,25,87649
2961,H,4,H4,326,LYS01,25,87649
2961,H,5,H5,NA,EMPTY,25,91139
2961,H,5,H5,NA,EMPTY,25,91139
2961,H,6,H6,RECOMBINANT ERK 2nM + ERK INHIBITOR,ERK_2.000nM_INH,25,27860
2961,H,6,H6,RECOMBINANT ERK 2nM + ERK INHIBITOR,ERK_2.000nM_INH,25,27860
2961,H,7,H7,689,CTL08,25,Inf
2961,H,7,H7,689,CTL08,25,Inf
2961,H,8,H8,94,SCZ05,25,30532
2961,H,8,H8,94,SCZ05,25,30532
2961,H,9,H9,547,SCZ13,25,94370
2961,H,9,H9,547,SCZ13,25,94370
2961,H,10,H10,326,LYS01,25,96247
2961,H,10,H10,326,LYS01,25,96247
2961,H,11,H11,NA,EMPTY,25,23839
2961,H,11,H11,NA,EMPTY,25,23839
2961,H,12,H12,RECOMBINANT ERK 2nM + ERK INHIBITOR,ERK_2.000nM_INH,25,Inf
2961,H,12,H12,RECOMBINANT ERK 2nM + ERK INHIBITOR,ERK_2.000nM_INH,25,Inf
3102,A,1,A1,46,CTL01,25,96752
3102,A,1,A1,46,CTL01,25,96752
3102,A,2,A2,720,CTL09,25,99109
3102,A,2,A2,720,CTL09,25,99109
3102,A,3,A3,225,SCZ06,25,80923
3102,A,3,A3,225,SCZ06,25,80923
3102,A,4,A4,552,SCZ14,25,92141
3102,A,4,A4,552,SCZ14,25,92141
3102,A,5,A5,328,LYS02,25,89888
3102,A,5,A5,328,LYS02,25,89888
3102,A,6,A6,RECOMBINANT ERK  2nM,ERK_2.000nM,25,Inf
3102,A,6,A6,RECOMBINANT ERK  2nM,ERK_2.000nM,25,Inf
3102,A,7,A7,46,CTL01,25,96869
3102,A,7,A7,46,CTL01,25,96869
3102,A,8,A8,720,CTL09,25,89082
3102,A,8,A8,720,CTL09,25,89082
3102,A,9,A9,225,SCZ06,25,92531
3102,A,9,A9,225,SCZ06,25,92531
3102,A,10,A10,552,SCZ14,25,83079
3102,A,10,A10,552,SCZ14,25,83079
3102,A,11,A11,328,LYS02,25,93357
3102,A,11,A11,328,LYS02,25,93357
3102,A,12,A12,RECOMBINANT ERK  2nM,ERK_2.000nM,25,Inf
3102,A,12,A12,RECOMBINANT ERK  2nM,ERK_2.000nM,25,Inf
3102,B,1,B1,116,CTL02,25,89119
3102,B,1,B1,116,CTL02,25,89119
3102,B,2,B2,859,CTL10,25,93796
3102,B,2,B2,859,CTL10,25,93796
3102,B,3,B3,235,SCZ07,25,Inf
3102,B,3,B3,235,SCZ07,25,Inf
3102,B,4,B4,565,SCZ15,25,90113
3102,B,4,B4,565,SCZ15,25,90113
3102,B,5,B5,335,LYS03,25,88054
3102,B,5,B5,335,LYS03,25,88054
3102,B,6,B6,RECOMBINANT ERK 1.5 nM,ERK_1.500nM,25,Inf
3102,B,6,B6,RECOMBINANT ERK 1.5 nM,ERK_1.500nM,25,Inf
3102,B,7,B7,116,CTL02,25,80420
3102,B,7,B7,116,CTL02,25,80420
3102,B,8,B8,859,CTL10,25,78685
3102,B,8,B8,859,CTL10,25,78685
3102,B,9,B9,235,SCZ07,25,97312
3102,B,9,B9,235,SCZ07,25,97312
3102,B,10,B10,565,SCZ15,25,91634
3102,B,10,B10,565,SCZ15,25,91634
3102,B,11,B11,335,LYS03,25,90140
3102,B,11,B11,335,LYS03,25,90140
3102,B,12,B12,RECOMBINANT ERK 1.5 nM,ERK_1.500nM,25,Inf
3102,B,12,B12,RECOMBINANT ERK 1.5 nM,ERK_1.500nM,25,Inf
3102,C,1,C1,167,CTL03,25,Inf
3102,C,1,C1,167,CTL03,25,Inf
3102,C,2,C2,874,CTL11,25,82471
3102,C,2,C2,874,CTL11,25,82471
3102,C,3,C3,262,SCZ08,25,97300
3102,C,3,C3,262,SCZ08,25,97300
3102,C,4,C4,737,SCZ16,25,91359
3102,C,4,C4,737,SCZ16,25,91359
3102,C,5,C5,907,LYS04,25,80994
3102,C,5,C5,907,LYS04,25,80994
3102,C,6,C6,RECOMBINANT ERK  1 nM,ERK_1.000nM,25,Inf
3102,C,6,C6,RECOMBINANT ERK  1 nM,ERK_1.000nM,25,Inf
3102,C,7,C7,167,CTL03,25,Inf
3102,C,7,C7,167,CTL03,25,Inf
3102,C,8,C8,874,CTL11,25,76783
3102,C,8,C8,874,CTL11,25,76783
3102,C,9,C9,262,SCZ08,25,89232
3102,C,9,C9,262,SCZ08,25,89232
3102,C,10,C10,737,SCZ16,25,87198
3102,C,10,C10,737,SCZ16,25,87198
3102,C,11,C11,907,LYS04,25,89485
3102,C,11,C11,907,LYS04,25,89485
3102,C,12,C12,RECOMBINANT ERK  1 nM,ERK_1.000nM,25,96301
3102,C,12,C12,RECOMBINANT ERK  1 nM,ERK_1.000nM,25,96301
3102,D,1,D1,195,CTL04,25,74691
3102,D,1,D1,195,CTL04,25,74691
3102,D,2,D2,11,SCZ01,25,93025
3102,D,2,D2,11,SCZ01,25,93025
3102,D,3,D3,291,SCZ09,25,86731
3102,D,3,D3,291,SCZ09,25,86731
3102,D,4,D4,802,SCZ17,25,63806
3102,D,4,D4,802,SCZ17,25,63806
3102,D,5,D5,5000ng lysate + HI,LYS_HI,25,91490
3102,D,5,D5,5000ng lysate + HI,LYS_HI,25,91490
3102,D,6,D6,RECOMBINANT ERK  0.75 nM,ERK_0.750nM,25,Inf
3102,D,6,D6,RECOMBINANT ERK  0.75 nM,ERK_0.750nM,25,Inf
3102,D,7,D7,195,CTL04,25,87696
3102,D,7,D7,195,CTL04,25,87696
3102,D,8,D8,11,SCZ01,25,86908
3102,D,8,D8,11,SCZ01,25,86908
3102,D,9,D9,291,SCZ09,25,80776
3102,D,9,D9,291,SCZ09,25,80776
3102,D,10,D10,802,SCZ17,25,82492
3102,D,10,D10,802,SCZ17,25,82492
3102,D,11,D11,5000ng lysate + HI,LYS_HI,25,94143
3102,D,11,D11,5000ng lysate + HI,LYS_HI,25,94143
3102,D,12,D12,RECOMBINANT ERK  0.75 nM,ERK_0.750nM,25,Inf
3102,D,12,D12,RECOMBINANT ERK  0.75 nM,ERK_0.750nM,25,Inf
3102,E,1,E1,223,CTL05,25,93013
3102,E,1,E1,223,CTL05,25,93013
3102,E,2,E2,22,SCZ02,25,Inf
3102,E,2,E2,22,SCZ02,25,Inf
3102,E,3,E3,329,SCZ10,25,Inf
3102,E,3,E3,329,SCZ10,25,Inf
3102,E,4,E4,930,SCZ18,25,65432
3102,E,4,E4,930,SCZ18,25,65432
3102,E,5,E5,5000ng lysate +ERK INHIBITOR,LYS_INH,25,88441
3102,E,5,E5,5000ng lysate +ERK INHIBITOR,LYS_INH,25,88441
3102,E,6,E6,RECOMBINANT ERK 0.5 nM,ERK_0.500nM,25,Inf
3102,E,6,E6,RECOMBINANT ERK 0.5 nM,ERK_0.500nM,25,Inf
3102,E,7,E7,223,CTL05,25,84018
3102,E,7,E7,223,CTL05,25,84018
3102,E,8,E8,22,SCZ02,25,82547
3102,E,8,E8,22,SCZ02,25,82547
3102,E,9,E9,329,SCZ10,25,78585
3102,E,9,E9,329,SCZ10,25,78585
3102,E,10,E10,930,SCZ18,25,67268
3102,E,10,E10,930,SCZ18,25,67268
3102,E,11,E11,5000ng lysate +ERK INHIBITOR,LYS_INH,25,89303
3102,E,11,E11,5000ng lysate +ERK INHIBITOR,LYS_INH,25,89303
3102,E,12,E12,RECOMBINANT ERK 0.5 nM,ERK_0.500nM,25,Inf
3102,E,12,E12,RECOMBINANT ERK 0.5 nM,ERK_0.500nM,25,Inf
3102,F,1,F1,524,CTL06,25,97120
3102,F,1,F1,524,CTL06,25,97120
3102,F,2,F2,29,SCZ03,25,90494
3102,F,2,F2,29,SCZ03,25,90494
3102,F,3,F3,446,SCZ11,25,82673
3102,F,3,F3,446,SCZ11,25,82673
3102,F,4,F4,931,SCZ19,25,78234
3102,F,4,F4,931,SCZ19,25,78234
3102,F,5,F5,"BLANK- Master Mix, no lysate",BLNK,25,86782
3102,F,5,F5,"BLANK- Master Mix, no lysate",BLNK,25,86782
3102,F,6,F6,RECOMBINANT ERK  0.25 nM,ERK_0.250nM,25,98283
3102,F,6,F6,RECOMBINANT ERK  0.25 nM,ERK_0.250nM,25,98283
3102,F,7,F7,524,CTL06,25,89439
3102,F,7,F7,524,CTL06,25,89439
3102,F,8,F8,29,SCZ03,25,96884
3102,F,8,F8,29,SCZ03,25,96884
3102,F,9,F9,446,SCZ11,25,71627
3102,F,9,F9,446,SCZ11,25,71627
3102,F,10,F10,931,SCZ19,25,77770
3102,F,10,F10,931,SCZ19,25,77770
3102,F,11,F11,"BLANK- Master Mix, no lysate",BLNK,25,88834
3102,F,11,F11,"BLANK- Master Mix, no lysate",BLNK,25,88834
3102,F,12,F12,RECOMBINANT ERK  0.25 nM,ERK_0.250nM,25,79410
3102,F,12,F12,RECOMBINANT ERK  0.25 nM,ERK_0.250nM,25,79410
3102,G,1,G1,661,CTL07,25,87160
3102,G,1,G1,661,CTL07,25,87160
3102,G,2,G2,69,SCZ04,25,85965
3102,G,2,G2,69,SCZ04,25,85965
3102,G,3,G3,510,SCZ12,25,89550
3102,G,3,G3,510,SCZ12,25,89550
3102,G,4,G4,932,SCZ20,25,71618
3102,G,4,G4,932,SCZ20,25,71618
3102,G,5,G5,"BLANK- Master Mix, lysate, no reporter",BLNK_LYS,25,23124
3102,G,5,G5,"BLANK- Master Mix, lysate, no reporter",BLNK_LYS,25,23124
3102,G,6,G6,RECOMBINANT ERK  0.125 nM,ERK_0.125nM,25,98598
3102,G,6,G6,RECOMBINANT ERK  0.125 nM,ERK_0.125nM,25,98598
3102,G,7,G7,661,CTL07,25,82554
3102,G,7,G7,661,CTL07,25,82554
3102,G,8,G8,69,SCZ04,25,87389
3102,G,8,G8,69,SCZ04,25,87389
3102,G,9,G9,510,SCZ12,25,94042
3102,G,9,G9,510,SCZ12,25,94042
3102,G,10,G10,932,SCZ20,25,71775
3102,G,10,G10,932,SCZ20,25,71775
3102,G,11,G11,"BLANK- Master Mix, lysate, no reporter",BLNK_LYS,25,24975
3102,G,11,G11,"BLANK- Master Mix, lysate, no reporter",BLNK_LYS,25,24975
3102,G,12,G12,RECOMBINANT ERK  0.125 nM,ERK_0.125nM,25,94749
3102,G,12,G12,RECOMBINANT ERK  0.125 nM,ERK_0.125nM,25,94749
3102,H,1,H1,689,CTL08,25,92551
3102,H,1,H1,689,CTL08,25,92551
3102,H,2,H2,94,SCZ05,25,82286
3102,H,2,H2,94,SCZ05,25,82286
3102,H,3,H3,547,SCZ13,25,85311
3102,H,3,H3,547,SCZ13,25,85311
3102,H,4,H4,326,LYS01,25,87317
3102,H,4,H4,326,LYS01,25,87317
3102,H,5,H5,NA,EMPTY,25,91083
3102,H,5,H5,NA,EMPTY,25,91083
3102,H,6,H6,RECOMBINANT ERK 2nM + ERK INHIBITOR,ERK_2.000nM_INH,25,27886
3102,H,6,H6,RECOMBINANT ERK 2nM + ERK INHIBITOR,ERK_2.000nM_INH,25,27886
3102,H,7,H7,689,CTL08,25,Inf
3102,H,7,H7,689,CTL08,25,Inf
3102,H,8,H8,94,SCZ05,25,30093
3102,H,8,H8,94,SCZ05,25,30093
3102,H,9,H9,547,SCZ13,25,94280
3102,H,9,H9,547,SCZ13,25,94280
3102,H,10,H10,326,LYS01,25,96922
3102,H,10,H10,326,LYS01,25,96922
3102,H,11,H11,NA,EMPTY,25,24159
3102,H,11,H11,NA,EMPTY,25,24159
3102,H,12,H12,RECOMBINANT ERK 2nM + ERK INHIBITOR,ERK_2.000nM_INH,25,Inf
3102,H,12,H12,RECOMBINANT ERK 2nM + ERK INHIBITOR,ERK_2.000nM_INH,25,Inf
3243,A,1,A1,46,CTL01,25,96956
3243,A,1,A1,46,CTL01,25,96956
3243,A,2,A2,720,CTL09,25,98564
3243,A,2,A2,720,CTL09,25,98564
3243,A,3,A3,225,SCZ06,25,80776
3243,A,3,A3,225,SCZ06,25,80776
3243,A,4,A4,552,SCZ14,25,91444
3243,A,4,A4,552,SCZ14,25,91444
3243,A,5,A5,328,LYS02,25,89479
3243,A,5,A5,328,LYS02,25,89479
3243,A,6,A6,RECOMBINANT ERK  2nM,ERK_2.000nM,25,Inf
3243,A,6,A6,RECOMBINANT ERK  2nM,ERK_2.000nM,25,Inf
3243,A,7,A7,46,CTL01,25,96628
3243,A,7,A7,46,CTL01,25,96628
3243,A,8,A8,720,CTL09,25,88350
3243,A,8,A8,720,CTL09,25,88350
3243,A,9,A9,225,SCZ06,25,92180
3243,A,9,A9,225,SCZ06,25,92180
3243,A,10,A10,552,SCZ14,25,82097
3243,A,10,A10,552,SCZ14,25,82097
3243,A,11,A11,328,LYS02,25,93631
3243,A,11,A11,328,LYS02,25,93631
3243,A,12,A12,RECOMBINANT ERK  2nM,ERK_2.000nM,25,Inf
3243,A,12,A12,RECOMBINANT ERK  2nM,ERK_2.000nM,25,Inf
3243,B,1,B1,116,CTL02,25,88690
3243,B,1,B1,116,CTL02,25,88690
3243,B,2,B2,859,CTL10,25,94979
3243,B,2,B2,859,CTL10,25,94979
3243,B,3,B3,235,SCZ07,25,Inf
3243,B,3,B3,235,SCZ07,25,Inf
3243,B,4,B4,565,SCZ15,25,90531
3243,B,4,B4,565,SCZ15,25,90531
3243,B,5,B5,335,LYS03,25,88152
3243,B,5,B5,335,LYS03,25,88152
3243,B,6,B6,RECOMBINANT ERK 1.5 nM,ERK_1.500nM,25,Inf
3243,B,6,B6,RECOMBINANT ERK 1.5 nM,ERK_1.500nM,25,Inf
3243,B,7,B7,116,CTL02,25,80712
3243,B,7,B7,116,CTL02,25,80712
3243,B,8,B8,859,CTL10,25,79284
3243,B,8,B8,859,CTL10,25,79284
3243,B,9,B9,235,SCZ07,25,97998
3243,B,9,B9,235,SCZ07,25,97998
3243,B,10,B10,565,SCZ15,25,92066
3243,B,10,B10,565,SCZ15,25,92066
3243,B,11,B11,335,LYS03,25,89756
3243,B,11,B11,335,LYS03,25,89756
3243,B,12,B12,RECOMBINANT ERK 1.5 nM,ERK_1.500nM,25,Inf
3243,B,12,B12,RECOMBINANT ERK 1.5 nM,ERK_1.500nM,25,Inf
3243,C,1,C1,167,CTL03,25,Inf
3243,C,1,C1,167,CTL03,25,Inf
3243,C,2,C2,874,CTL11,25,82201
3243,C,2,C2,874,CTL11,25,82201
3243,C,3,C3,262,SCZ08,25,97309
3243,C,3,C3,262,SCZ08,25,97309
3243,C,4,C4,737,SCZ16,25,91330
3243,C,4,C4,737,SCZ16,25,91330
3243,C,5,C5,907,LYS04,25,80347
3243,C,5,C5,907,LYS04,25,80347
3243,C,6,C6,RECOMBINANT ERK  1 nM,ERK_1.000nM,25,Inf
3243,C,6,C6,RECOMBINANT ERK  1 nM,ERK_1.000nM,25,Inf
3243,C,7,C7,167,CTL03,25,Inf
3243,C,7,C7,167,CTL03,25,Inf
3243,C,8,C8,874,CTL11,25,76499
3243,C,8,C8,874,CTL11,25,76499
3243,C,9,C9,262,SCZ08,25,88999
3243,C,9,C9,262,SCZ08,25,88999
3243,C,10,C10,737,SCZ16,25,86899
3243,C,10,C10,737,SCZ16,25,86899
3243,C,11,C11,907,LYS04,25,88672
3243,C,11,C11,907,LYS04,25,88672
3243,C,12,C12,RECOMBINANT ERK  1 nM,ERK_1.000nM,25,96502
3243,C,12,C12,RECOMBINANT ERK  1 nM,ERK_1.000nM,25,96502
3243,D,1,D1,195,CTL04,25,73400
3243,D,1,D1,195,CTL04,25,73400
3243,D,2,D2,11,SCZ01,25,93535
3243,D,2,D2,11,SCZ01,25,93535
3243,D,3,D3,291,SCZ09,25,86919
3243,D,3,D3,291,SCZ09,25,86919
3243,D,4,D4,802,SCZ17,25,63529
3243,D,4,D4,802,SCZ17,25,63529
3243,D,5,D5,5000ng lysate + HI,LYS_HI,25,90713
3243,D,5,D5,5000ng lysate + HI,LYS_HI,25,90713
3243,D,6,D6,RECOMBINANT ERK  0.75 nM,ERK_0.750nM,25,Inf
3243,D,6,D6,RECOMBINANT ERK  0.75 nM,ERK_0.750nM,25,Inf
3243,D,7,D7,195,CTL04,25,88051
3243,D,7,D7,195,CTL04,25,88051
3243,D,8,D8,11,SCZ01,25,86856
3243,D,8,D8,11,SCZ01,25,86856
3243,D,9,D9,291,SCZ09,25,80866
3243,D,9,D9,291,SCZ09,25,80866
3243,D,10,D10,802,SCZ17,25,82806
3243,D,10,D10,802,SCZ17,25,82806
3243,D,11,D11,5000ng lysate + HI,LYS_HI,25,93276
3243,D,11,D11,5000ng lysate + HI,LYS_HI,25,93276
3243,D,12,D12,RECOMBINANT ERK  0.75 nM,ERK_0.750nM,25,Inf
3243,D,12,D12,RECOMBINANT ERK  0.75 nM,ERK_0.750nM,25,Inf
3243,E,1,E1,223,CTL05,25,93458
3243,E,1,E1,223,CTL05,25,93458
3243,E,2,E2,22,SCZ02,25,Inf
3243,E,2,E2,22,SCZ02,25,Inf
3243,E,3,E3,329,SCZ10,25,Inf
3243,E,3,E3,329,SCZ10,25,Inf
3243,E,4,E4,930,SCZ18,25,65279
3243,E,4,E4,930,SCZ18,25,65279
3243,E,5,E5,5000ng lysate +ERK INHIBITOR,LYS_INH,25,87994
3243,E,5,E5,5000ng lysate +ERK INHIBITOR,LYS_INH,25,87994
3243,E,6,E6,RECOMBINANT ERK 0.5 nM,ERK_0.500nM,25,Inf
3243,E,6,E6,RECOMBINANT ERK 0.5 nM,ERK_0.500nM,25,Inf
3243,E,7,E7,223,CTL05,25,83875
3243,E,7,E7,223,CTL05,25,83875
3243,E,8,E8,22,SCZ02,25,83249
3243,E,8,E8,22,SCZ02,25,83249
3243,E,9,E9,329,SCZ10,25,79606
3243,E,9,E9,329,SCZ10,25,79606
3243,E,10,E10,930,SCZ18,25,67626
3243,E,10,E10,930,SCZ18,25,67626
3243,E,11,E11,5000ng lysate +ERK INHIBITOR,LYS_INH,25,89433
3243,E,11,E11,5000ng lysate +ERK INHIBITOR,LYS_INH,25,89433
3243,E,12,E12,RECOMBINANT ERK 0.5 nM,ERK_0.500nM,25,Inf
3243,E,12,E12,RECOMBINANT ERK 0.5 nM,ERK_0.500nM,25,Inf
3243,F,1,F1,524,CTL06,25,96787
3243,F,1,F1,524,CTL06,25,96787
3243,F,2,F2,29,SCZ03,25,91936
3243,F,2,F2,29,SCZ03,25,91936
3243,F,3,F3,446,SCZ11,25,83340
3243,F,3,F3,446,SCZ11,25,83340
3243,F,4,F4,931,SCZ19,25,77644
3243,F,4,F4,931,SCZ19,25,77644
3243,F,5,F5,"BLANK- Master Mix, no lysate",BLNK,25,87017
3243,F,5,F5,"BLANK- Master Mix, no lysate",BLNK,25,87017
3243,F,6,F6,RECOMBINANT ERK  0.25 nM,ERK_0.250nM,25,98373
3243,F,6,F6,RECOMBINANT ERK  0.25 nM,ERK_0.250nM,25,98373
3243,F,7,F7,524,CTL06,25,89374
3243,F,7,F7,524,CTL06,25,89374
3243,F,8,F8,29,SCZ03,25,98581
3243,F,8,F8,29,SCZ03,25,98581
3243,F,9,F9,446,SCZ11,25,71478
3243,F,9,F9,446,SCZ11,25,71478
3243,F,10,F10,931,SCZ19,25,78090
3243,F,10,F10,931,SCZ19,25,78090
3243,F,11,F11,"BLANK- Master Mix, no lysate",BLNK,25,87583
3243,F,11,F11,"BLANK- Master Mix, no lysate",BLNK,25,87583
3243,F,12,F12,RECOMBINANT ERK  0.25 nM,ERK_0.250nM,25,79862
3243,F,12,F12,RECOMBINANT ERK  0.25 nM,ERK_0.250nM,25,79862
3243,G,1,G1,661,CTL07,25,86847
3243,G,1,G1,661,CTL07,25,86847
3243,G,2,G2,69,SCZ04,25,86218
3243,G,2,G2,69,SCZ04,25,86218
3243,G,3,G3,510,SCZ12,25,88452
3243,G,3,G3,510,SCZ12,25,88452
3243,G,4,G4,932,SCZ20,25,72434
3243,G,4,G4,932,SCZ20,25,72434
3243,G,5,G5,"BLANK- Master Mix, lysate, no reporter",BLNK_LYS,25,23518
3243,G,5,G5,"BLANK- Master Mix, lysate, no reporter",BLNK_LYS,25,23518
3243,G,6,G6,RECOMBINANT ERK  0.125 nM,ERK_0.125nM,25,99266
3243,G,6,G6,RECOMBINANT ERK  0.125 nM,ERK_0.125nM,25,99266
3243,G,7,G7,661,CTL07,25,81728
3243,G,7,G7,661,CTL07,25,81728
3243,G,8,G8,69,SCZ04,25,87405
3243,G,8,G8,69,SCZ04,25,87405
3243,G,9,G9,510,SCZ12,25,94733
3243,G,9,G9,510,SCZ12,25,94733
3243,G,10,G10,932,SCZ20,25,72073
3243,G,10,G10,932,SCZ20,25,72073
3243,G,11,G11,"BLANK- Master Mix, lysate, no reporter",BLNK_LYS,25,24818
3243,G,11,G11,"BLANK- Master Mix, lysate, no reporter",BLNK_LYS,25,24818
3243,G,12,G12,RECOMBINANT ERK  0.125 nM,ERK_0.125nM,25,94643
3243,G,12,G12,RECOMBINANT ERK  0.125 nM,ERK_0.125nM,25,94643
3243,H,1,H1,689,CTL08,25,93287
3243,H,1,H1,689,CTL08,25,93287
3243,H,2,H2,94,SCZ05,25,82454
3243,H,2,H2,94,SCZ05,25,82454
3243,H,3,H3,547,SCZ13,25,84540
3243,H,3,H3,547,SCZ13,25,84540
3243,H,4,H4,326,LYS01,25,86969
3243,H,4,H4,326,LYS01,25,86969
3243,H,5,H5,NA,EMPTY,25,91062
3243,H,5,H5,NA,EMPTY,25,91062
3243,H,6,H6,RECOMBINANT ERK 2nM + ERK INHIBITOR,ERK_2.000nM_INH,25,27621
3243,H,6,H6,RECOMBINANT ERK 2nM + ERK INHIBITOR,ERK_2.000nM_INH,25,27621
3243,H,7,H7,689,CTL08,25,Inf
3243,H,7,H7,689,CTL08,25,Inf
3243,H,8,H8,94,SCZ05,25,30101
3243,H,8,H8,94,SCZ05,25,30101
3243,H,9,H9,547,SCZ13,25,94020
3243,H,9,H9,547,SCZ13,25,94020
3243,H,10,H10,326,LYS01,25,95984
3243,H,10,H10,326,LYS01,25,95984
3243,H,11,H11,NA,EMPTY,25,23820
3243,H,11,H11,NA,EMPTY,25,23820
3243,H,12,H12,RECOMBINANT ERK 2nM + ERK INHIBITOR,ERK_2.000nM_INH,25,Inf
3243,H,12,H12,RECOMBINANT ERK 2nM + ERK INHIBITOR,ERK_2.000nM_INH,25,Inf
3384,A,1,A1,46,CTL01,25,96868
3384,A,1,A1,46,CTL01,25,96868
3384,A,2,A2,720,CTL09,25,99407
3384,A,2,A2,720,CTL09,25,99407
3384,A,3,A3,225,SCZ06,25,80634
3384,A,3,A3,225,SCZ06,25,80634
3384,A,4,A4,552,SCZ14,25,92335
3384,A,4,A4,552,SCZ14,25,92335
3384,A,5,A5,328,LYS02,25,89901
3384,A,5,A5,328,LYS02,25,89901
3384,A,6,A6,RECOMBINANT ERK  2nM,ERK_2.000nM,25,Inf
3384,A,6,A6,RECOMBINANT ERK  2nM,ERK_2.000nM,25,Inf
3384,A,7,A7,46,CTL01,25,96962
3384,A,7,A7,46,CTL01,25,96962
3384,A,8,A8,720,CTL09,25,88944
3384,A,8,A8,720,CTL09,25,88944
3384,A,9,A9,225,SCZ06,25,92929
3384,A,9,A9,225,SCZ06,25,92929
3384,A,10,A10,552,SCZ14,25,82368
3384,A,10,A10,552,SCZ14,25,82368
3384,A,11,A11,328,LYS02,25,92780
3384,A,11,A11,328,LYS02,25,92780
3384,A,12,A12,RECOMBINANT ERK  2nM,ERK_2.000nM,25,Inf
3384,A,12,A12,RECOMBINANT ERK  2nM,ERK_2.000nM,25,Inf
3384,B,1,B1,116,CTL02,25,88924
3384,B,1,B1,116,CTL02,25,88924
3384,B,2,B2,859,CTL10,25,94546
3384,B,2,B2,859,CTL10,25,94546
3384,B,3,B3,235,SCZ07,25,Inf
3384,B,3,B3,235,SCZ07,25,Inf
3384,B,4,B4,565,SCZ15,25,89720
3384,B,4,B4,565,SCZ15,25,89720
3384,B,5,B5,335,LYS03,25,88036
3384,B,5,B5,335,LYS03,25,88036
3384,B,6,B6,RECOMBINANT ERK 1.5 nM,ERK_1.500nM,25,Inf
3384,B,6,B6,RECOMBINANT ERK 1.5 nM,ERK_1.500nM,25,Inf
3384,B,7,B7,116,CTL02,25,80825
3384,B,7,B7,116,CTL02,25,80825
3384,B,8,B8,859,CTL10,25,78071
3384,B,8,B8,859,CTL10,25,78071
3384,B,9,B9,235,SCZ07,25,97663
3384,B,9,B9,235,SCZ07,25,97663
3384,B,10,B10,565,SCZ15,25,91183
3384,B,10,B10,565,SCZ15,25,91183
3384,B,11,B11,335,LYS03,25,90474
3384,B,11,B11,335,LYS03,25,90474
3384,B,12,B12,RECOMBINANT ERK 1.5 nM,ERK_1.500nM,25,Inf
3384,B,12,B12,RECOMBINANT ERK 1.5 nM,ERK_1.500nM,25,Inf
3384,C,1,C1,167,CTL03,25,Inf
3384,C,1,C1,167,CTL03,25,Inf
3384,C,2,C2,874,CTL11,25,81517
3384,C,2,C2,874,CTL11,25,81517
3384,C,3,C3,262,SCZ08,25,98030
3384,C,3,C3,262,SCZ08,25,98030
3384,C,4,C4,737,SCZ16,25,91159
3384,C,4,C4,737,SCZ16,25,91159
3384,C,5,C5,907,LYS04,25,79990
3384,C,5,C5,907,LYS04,25,79990
3384,C,6,C6,RECOMBINANT ERK  1 nM,ERK_1.000nM,25,Inf
3384,C,6,C6,RECOMBINANT ERK  1 nM,ERK_1.000nM,25,Inf
3384,C,7,C7,167,CTL03,25,Inf
3384,C,7,C7,167,CTL03,25,Inf
3384,C,8,C8,874,CTL11,25,76705
3384,C,8,C8,874,CTL11,25,76705
3384,C,9,C9,262,SCZ08,25,88404
3384,C,9,C9,262,SCZ08,25,88404
3384,C,10,C10,737,SCZ16,25,86474
3384,C,10,C10,737,SCZ16,25,86474
3384,C,11,C11,907,LYS04,25,89106
3384,C,11,C11,907,LYS04,25,89106
3384,C,12,C12,RECOMBINANT ERK  1 nM,ERK_1.000nM,25,96377
3384,C,12,C12,RECOMBINANT ERK  1 nM,ERK_1.000nM,25,96377
3384,D,1,D1,195,CTL04,25,73836
3384,D,1,D1,195,CTL04,25,73836
3384,D,2,D2,11,SCZ01,25,93669
3384,D,2,D2,11,SCZ01,25,93669
3384,D,3,D3,291,SCZ09,25,87025
3384,D,3,D3,291,SCZ09,25,87025
3384,D,4,D4,802,SCZ17,25,63669
3384,D,4,D4,802,SCZ17,25,63669
3384,D,5,D5,5000ng lysate + HI,LYS_HI,25,90833
3384,D,5,D5,5000ng lysate + HI,LYS_HI,25,90833
3384,D,6,D6,RECOMBINANT ERK  0.75 nM,ERK_0.750nM,25,Inf
3384,D,6,D6,RECOMBINANT ERK  0.75 nM,ERK_0.750nM,25,Inf
3384,D,7,D7,195,CTL04,25,88326
3384,D,7,D7,195,CTL04,25,88326
3384,D,8,D8,11,SCZ01,25,86607
3384,D,8,D8,11,SCZ01,25,86607
3384,D,9,D9,291,SCZ09,25,80818
3384,D,9,D9,291,SCZ09,25,80818
3384,D,10,D10,802,SCZ17,25,82511
3384,D,10,D10,802,SCZ17,25,82511
3384,D,11,D11,5000ng lysate + HI,LYS_HI,25,93593
3384,D,11,D11,5000ng lysate + HI,LYS_HI,25,93593
3384,D,12,D12,RECOMBINANT ERK  0.75 nM,ERK_0.750nM,25,Inf
3384,D,12,D12,RECOMBINANT ERK  0.75 nM,ERK_0.750nM,25,Inf
3384,E,1,E1,223,CTL05,25,93361
3384,E,1,E1,223,CTL05,25,93361
3384,E,2,E2,22,SCZ02,25,Inf
3384,E,2,E2,22,SCZ02,25,Inf
3384,E,3,E3,329,SCZ10,25,Inf
3384,E,3,E3,329,SCZ10,25,Inf
3384,E,4,E4,930,SCZ18,25,65103
3384,E,4,E4,930,SCZ18,25,65103
3384,E,5,E5,5000ng lysate +ERK INHIBITOR,LYS_INH,25,87329
3384,E,5,E5,5000ng lysate +ERK INHIBITOR,LYS_INH,25,87329
3384,E,6,E6,RECOMBINANT ERK 0.5 nM,ERK_0.500nM,25,Inf
3384,E,6,E6,RECOMBINANT ERK 0.5 nM,ERK_0.500nM,25,Inf
3384,E,7,E7,223,CTL05,25,83552
3384,E,7,E7,223,CTL05,25,83552
3384,E,8,E8,22,SCZ02,25,85244
3384,E,8,E8,22,SCZ02,25,85244
3384,E,9,E9,329,SCZ10,25,79577
3384,E,9,E9,329,SCZ10,25,79577
3384,E,10,E10,930,SCZ18,25,67868
3384,E,10,E10,930,SCZ18,25,67868
3384,E,11,E11,5000ng lysate +ERK INHIBITOR,LYS_INH,25,89668
3384,E,11,E11,5000ng lysate +ERK INHIBITOR,LYS_INH,25,89668
3384,E,12,E12,RECOMBINANT ERK 0.5 nM,ERK_0.500nM,25,Inf
3384,E,12,E12,RECOMBINANT ERK 0.5 nM,ERK_0.500nM,25,Inf
3384,F,1,F1,524,CTL06,25,97858
3384,F,1,F1,524,CTL06,25,97858
3384,F,2,F2,29,SCZ03,25,91622
3384,F,2,F2,29,SCZ03,25,91622
3384,F,3,F3,446,SCZ11,25,83415
3384,F,3,F3,446,SCZ11,25,83415
3384,F,4,F4,931,SCZ19,25,76812
3384,F,4,F4,931,SCZ19,25,76812
3384,F,5,F5,"BLANK- Master Mix, no lysate",BLNK,25,86570
3384,F,5,F5,"BLANK- Master Mix, no lysate",BLNK,25,86570
3384,F,6,F6,RECOMBINANT ERK  0.25 nM,ERK_0.250nM,25,98955
3384,F,6,F6,RECOMBINANT ERK  0.25 nM,ERK_0.250nM,25,98955
3384,F,7,F7,524,CTL06,25,90767
3384,F,7,F7,524,CTL06,25,90767
3384,F,8,F8,29,SCZ03,25,99852
3384,F,8,F8,29,SCZ03,25,99852
3384,F,9,F9,446,SCZ11,25,71469
3384,F,9,F9,446,SCZ11,25,71469
3384,F,10,F10,931,SCZ19,25,78092
3384,F,10,F10,931,SCZ19,25,78092
3384,F,11,F11,"BLANK- Master Mix, no lysate",BLNK,25,87737
3384,F,11,F11,"BLANK- Master Mix, no lysate",BLNK,25,87737
3384,F,12,F12,RECOMBINANT ERK  0.25 nM,ERK_0.250nM,25,79809
3384,F,12,F12,RECOMBINANT ERK  0.25 nM,ERK_0.250nM,25,79809
3384,G,1,G1,661,CTL07,25,87117
3384,G,1,G1,661,CTL07,25,87117
3384,G,2,G2,69,SCZ04,25,86061
3384,G,2,G2,69,SCZ04,25,86061
3384,G,3,G3,510,SCZ12,25,89106
3384,G,3,G3,510,SCZ12,25,89106
3384,G,4,G4,932,SCZ20,25,71502
3384,G,4,G4,932,SCZ20,25,71502
3384,G,5,G5,"BLANK- Master Mix, lysate, no reporter",BLNK_LYS,25,23657
3384,G,5,G5,"BLANK- Master Mix, lysate, no reporter",BLNK_LYS,25,23657
3384,G,6,G6,RECOMBINANT ERK  0.125 nM,ERK_0.125nM,25,99257
3384,G,6,G6,RECOMBINANT ERK  0.125 nM,ERK_0.125nM,25,99257
3384,G,7,G7,661,CTL07,25,81816
3384,G,7,G7,661,CTL07,25,81816
3384,G,8,G8,69,SCZ04,25,88165
3384,G,8,G8,69,SCZ04,25,88165
3384,G,9,G9,510,SCZ12,25,95026
3384,G,9,G9,510,SCZ12,25,95026
3384,G,10,G10,932,SCZ20,25,71842
3384,G,10,G10,932,SCZ20,25,71842
3384,G,11,G11,"BLANK- Master Mix, lysate, no reporter",BLNK_LYS,25,24708
3384,G,11,G11,"BLANK- Master Mix, lysate, no reporter",BLNK_LYS,25,24708
3384,G,12,G12,RECOMBINANT ERK  0.125 nM,ERK_0.125nM,25,95160
3384,G,12,G12,RECOMBINANT ERK  0.125 nM,ERK_0.125nM,25,95160
3384,H,1,H1,689,CTL08,25,93306
3384,H,1,H1,689,CTL08,25,93306
3384,H,2,H2,94,SCZ05,25,82621
3384,H,2,H2,94,SCZ05,25,82621
3384,H,3,H3,547,SCZ13,25,84393
3384,H,3,H3,547,SCZ13,25,84393
3384,H,4,H4,326,LYS01,25,87013
3384,H,4,H4,326,LYS01,25,87013
3384,H,5,H5,NA,EMPTY,25,91738
3384,H,5,H5,NA,EMPTY,25,91738
3384,H,6,H6,RECOMBINANT ERK 2nM + ERK INHIBITOR,ERK_2.000nM_INH,25,27329
3384,H,6,H6,RECOMBINANT ERK 2nM + ERK INHIBITOR,ERK_2.000nM_INH,25,27329
3384,H,7,H7,689,CTL08,25,Inf
3384,H,7,H7,689,CTL08,25,Inf
3384,H,8,H8,94,SCZ05,25,30159
3384,H,8,H8,94,SCZ05,25,30159
3384,H,9,H9,547,SCZ13,25,93268
3384,H,9,H9,547,SCZ13,25,93268
3384,H,10,H10,326,LYS01,25,96086
3384,H,10,H10,326,LYS01,25,96086
3384,H,11,H11,NA,EMPTY,25,23653
3384,H,11,H11,NA,EMPTY,25,23653
3384,H,12,H12,RECOMBINANT ERK 2nM + ERK INHIBITOR,ERK_2.000nM_INH,25,Inf
3384,H,12,H12,RECOMBINANT ERK 2nM + ERK INHIBITOR,ERK_2.000nM_INH,25,Inf
3525,A,1,A1,46,CTL01,25,96592
3525,A,1,A1,46,CTL01,25,96592
3525,A,2,A2,720,CTL09,25,Inf
3525,A,2,A2,720,CTL09,25,Inf
3525,A,3,A3,225,SCZ06,25,81010
3525,A,3,A3,225,SCZ06,25,81010
3525,A,4,A4,552,SCZ14,25,91360
3525,A,4,A4,552,SCZ14,25,91360
3525,A,5,A5,328,LYS02,25,89854
3525,A,5,A5,328,LYS02,25,89854
3525,A,6,A6,RECOMBINANT ERK  2nM,ERK_2.000nM,25,Inf
3525,A,6,A6,RECOMBINANT ERK  2nM,ERK_2.000nM,25,Inf
3525,A,7,A7,46,CTL01,25,97389
3525,A,7,A7,46,CTL01,25,97389
3525,A,8,A8,720,CTL09,25,89910
3525,A,8,A8,720,CTL09,25,89910
3525,A,9,A9,225,SCZ06,25,91774
3525,A,9,A9,225,SCZ06,25,91774
3525,A,10,A10,552,SCZ14,25,82370
3525,A,10,A10,552,SCZ14,25,82370
3525,A,11,A11,328,LYS02,25,92490
3525,A,11,A11,328,LYS02,25,92490
3525,A,12,A12,RECOMBINANT ERK  2nM,ERK_2.000nM,25,Inf
3525,A,12,A12,RECOMBINANT ERK  2nM,ERK_2.000nM,25,Inf
3525,B,1,B1,116,CTL02,25,88899
3525,B,1,B1,116,CTL02,25,88899
3525,B,2,B2,859,CTL10,25,95459
3525,B,2,B2,859,CTL10,25,95459
3525,B,3,B3,235,SCZ07,25,Inf
3525,B,3,B3,235,SCZ07,25,Inf
3525,B,4,B4,565,SCZ15,25,89932
3525,B,4,B4,565,SCZ15,25,89932
3525,B,5,B5,335,LYS03,25,87649
3525,B,5,B5,335,LYS03,25,87649
3525,B,6,B6,RECOMBINANT ERK 1.5 nM,ERK_1.500nM,25,Inf
3525,B,6,B6,RECOMBINANT ERK 1.5 nM,ERK_1.500nM,25,Inf
3525,B,7,B7,116,CTL02,25,80997
3525,B,7,B7,116,CTL02,25,80997
3525,B,8,B8,859,CTL10,25,77989
3525,B,8,B8,859,CTL10,25,77989
3525,B,9,B9,235,SCZ07,25,98069
3525,B,9,B9,235,SCZ07,25,98069
3525,B,10,B10,565,SCZ15,25,91348
3525,B,10,B10,565,SCZ15,25,91348
3525,B,11,B11,335,LYS03,25,90776
3525,B,11,B11,335,LYS03,25,90776
3525,B,12,B12,RECOMBINANT ERK 1.5 nM,ERK_1.500nM,25,Inf
3525,B,12,B12,RECOMBINANT ERK 1.5 nM,ERK_1.500nM,25,Inf
3525,C,1,C1,167,CTL03,25,Inf
3525,C,1,C1,167,CTL03,25,Inf
3525,C,2,C2,874,CTL11,25,81680
3525,C,2,C2,874,CTL11,25,81680
3525,C,3,C3,262,SCZ08,25,97397
3525,C,3,C3,262,SCZ08,25,97397
3525,C,4,C4,737,SCZ16,25,91151
3525,C,4,C4,737,SCZ16,25,91151
3525,C,5,C5,907,LYS04,25,79922
3525,C,5,C5,907,LYS04,25,79922
3525,C,6,C6,RECOMBINANT ERK  1 nM,ERK_1.000nM,25,Inf
3525,C,6,C6,RECOMBINANT ERK  1 nM,ERK_1.000nM,25,Inf
3525,C,7,C7,167,CTL03,25,Inf
3525,C,7,C7,167,CTL03,25,Inf
3525,C,8,C8,874,CTL11,25,75486
3525,C,8,C8,874,CTL11,25,75486
3525,C,9,C9,262,SCZ08,25,89013
3525,C,9,C9,262,SCZ08,25,89013
3525,C,10,C10,737,SCZ16,25,86816
3525,C,10,C10,737,SCZ16,25,86816
3525,C,11,C11,907,LYS04,25,89117
3525,C,11,C11,907,LYS04,25,89117
3525,C,12,C12,RECOMBINANT ERK  1 nM,ERK_1.000nM,25,97330
3525,C,12,C12,RECOMBINANT ERK  1 nM,ERK_1.000nM,25,97330
3525,D,1,D1,195,CTL04,25,73322
3525,D,1,D1,195,CTL04,25,73322
3525,D,2,D2,11,SCZ01,25,93971
3525,D,2,D2,11,SCZ01,25,93971
3525,D,3,D3,291,SCZ09,25,86920
3525,D,3,D3,291,SCZ09,25,86920
3525,D,4,D4,802,SCZ17,25,62593
3525,D,4,D4,802,SCZ17,25,62593
3525,D,5,D5,5000ng lysate + HI,LYS_HI,25,89999
3525,D,5,D5,5000ng lysate + HI,LYS_HI,25,89999
3525,D,6,D6,RECOMBINANT ERK  0.75 nM,ERK_0.750nM,25,Inf
3525,D,6,D6,RECOMBINANT ERK  0.75 nM,ERK_0.750nM,25,Inf
3525,D,7,D7,195,CTL04,25,87791
3525,D,7,D7,195,CTL04,25,87791
3525,D,8,D8,11,SCZ01,25,86730
3525,D,8,D8,11,SCZ01,25,86730
3525,D,9,D9,291,SCZ09,25,80615
3525,D,9,D9,291,SCZ09,25,80615
3525,D,10,D10,802,SCZ17,25,82352
3525,D,10,D10,802,SCZ17,25,82352
3525,D,11,D11,5000ng lysate + HI,LYS_HI,25,93283
3525,D,11,D11,5000ng lysate + HI,LYS_HI,25,93283
3525,D,12,D12,RECOMBINANT ERK  0.75 nM,ERK_0.750nM,25,Inf
3525,D,12,D12,RECOMBINANT ERK  0.75 nM,ERK_0.750nM,25,Inf
3525,E,1,E1,223,CTL05,25,94111
3525,E,1,E1,223,CTL05,25,94111
3525,E,2,E2,22,SCZ02,25,Inf
3525,E,2,E2,22,SCZ02,25,Inf
3525,E,3,E3,329,SCZ10,25,Inf
3525,E,3,E3,329,SCZ10,25,Inf
3525,E,4,E4,930,SCZ18,25,65403
3525,E,4,E4,930,SCZ18,25,65403
3525,E,5,E5,5000ng lysate +ERK INHIBITOR,LYS_INH,25,87435
3525,E,5,E5,5000ng lysate +ERK INHIBITOR,LYS_INH,25,87435
3525,E,6,E6,RECOMBINANT ERK 0.5 nM,ERK_0.500nM,25,Inf
3525,E,6,E6,RECOMBINANT ERK 0.5 nM,ERK_0.500nM,25,Inf
3525,E,7,E7,223,CTL05,25,83500
3525,E,7,E7,223,CTL05,25,83500
3525,E,8,E8,22,SCZ02,25,86119
3525,E,8,E8,22,SCZ02,25,86119
3525,E,9,E9,329,SCZ10,25,79708
3525,E,9,E9,329,SCZ10,25,79708
3525,E,10,E10,930,SCZ18,25,67955
3525,E,10,E10,930,SCZ18,25,67955
3525,E,11,E11,5000ng lysate +ERK INHIBITOR,LYS_INH,25,88608
3525,E,11,E11,5000ng lysate +ERK INHIBITOR,LYS_INH,25,88608
3525,E,12,E12,RECOMBINANT ERK 0.5 nM,ERK_0.500nM,25,Inf
3525,E,12,E12,RECOMBINANT ERK 0.5 nM,ERK_0.500nM,25,Inf
3525,F,1,F1,524,CTL06,25,97637
3525,F,1,F1,524,CTL06,25,97637
3525,F,2,F2,29,SCZ03,25,93072
3525,F,2,F2,29,SCZ03,25,93072
3525,F,3,F3,446,SCZ11,25,83047
3525,F,3,F3,446,SCZ11,25,83047
3525,F,4,F4,931,SCZ19,25,76511
3525,F,4,F4,931,SCZ19,25,76511
3525,F,5,F5,"BLANK- Master Mix, no lysate",BLNK,25,86219
3525,F,5,F5,"BLANK- Master Mix, no lysate",BLNK,25,86219
3525,F,6,F6,RECOMBINANT ERK  0.25 nM,ERK_0.250nM,25,99403
3525,F,6,F6,RECOMBINANT ERK  0.25 nM,ERK_0.250nM,25,99403
3525,F,7,F7,524,CTL06,25,89855
3525,F,7,F7,524,CTL06,25,89855
3525,F,8,F8,29,SCZ03,25,Inf
3525,F,8,F8,29,SCZ03,25,Inf
3525,F,9,F9,446,SCZ11,25,70446
3525,F,9,F9,446,SCZ11,25,70446
3525,F,10,F10,931,SCZ19,25,77839
3525,F,10,F10,931,SCZ19,25,77839
3525,F,11,F11,"BLANK- Master Mix, no lysate",BLNK,25,87412
3525,F,11,F11,"BLANK- Master Mix, no lysate",BLNK,25,87412
3525,F,12,F12,RECOMBINANT ERK  0.25 nM,ERK_0.250nM,25,79810
3525,F,12,F12,RECOMBINANT ERK  0.25 nM,ERK_0.250nM,25,79810
3525,G,1,G1,661,CTL07,25,87123
3525,G,1,G1,661,CTL07,25,87123
3525,G,2,G2,69,SCZ04,25,86206
3525,G,2,G2,69,SCZ04,25,86206
3525,G,3,G3,510,SCZ12,25,89376
3525,G,3,G3,510,SCZ12,25,89376
3525,G,4,G4,932,SCZ20,25,71352
3525,G,4,G4,932,SCZ20,25,71352
3525,G,5,G5,"BLANK- Master Mix, lysate, no reporter",BLNK_LYS,25,23394
3525,G,5,G5,"BLANK- Master Mix, lysate, no reporter",BLNK_LYS,25,23394
3525,G,6,G6,RECOMBINANT ERK  0.125 nM,ERK_0.125nM,25,99415
3525,G,6,G6,RECOMBINANT ERK  0.125 nM,ERK_0.125nM,25,99415
3525,G,7,G7,661,CTL07,25,82444
3525,G,7,G7,661,CTL07,25,82444
3525,G,8,G8,69,SCZ04,25,87784
3525,G,8,G8,69,SCZ04,25,87784
3525,G,9,G9,510,SCZ12,25,95004
3525,G,9,G9,510,SCZ12,25,95004
3525,G,10,G10,932,SCZ20,25,71999
3525,G,10,G10,932,SCZ20,25,71999
3525,G,11,G11,"BLANK- Master Mix, lysate, no reporter",BLNK_LYS,25,24433
3525,G,11,G11,"BLANK- Master Mix, lysate, no reporter",BLNK_LYS,25,24433
3525,G,12,G12,RECOMBINANT ERK  0.125 nM,ERK_0.125nM,25,95306
3525,G,12,G12,RECOMBINANT ERK  0.125 nM,ERK_0.125nM,25,95306
3525,H,1,H1,689,CTL08,25,92856
3525,H,1,H1,689,CTL08,25,92856
3525,H,2,H2,94,SCZ05,25,82094
3525,H,2,H2,94,SCZ05,25,82094
3525,H,3,H3,547,SCZ13,25,84696
3525,H,3,H3,547,SCZ13,25,84696
3525,H,4,H4,326,LYS01,25,86842
3525,H,4,H4,326,LYS01,25,86842
3525,H,5,H5,NA,EMPTY,25,91384
3525,H,5,H5,NA,EMPTY,25,91384
3525,H,6,H6,RECOMBINANT ERK 2nM + ERK INHIBITOR,ERK_2.000nM_INH,25,27376
3525,H,6,H6,RECOMBINANT ERK 2nM + ERK INHIBITOR,ERK_2.000nM_INH,25,27376
3525,H,7,H7,689,CTL08,25,Inf
3525,H,7,H7,689,CTL08,25,Inf
3525,H,8,H8,94,SCZ05,25,30548
3525,H,8,H8,94,SCZ05,25,30548
3525,H,9,H9,547,SCZ13,25,94367
3525,H,9,H9,547,SCZ13,25,94367
3525,H,10,H10,326,LYS01,25,96558
3525,H,10,H10,326,LYS01,25,96558
3525,H,11,H11,NA,EMPTY,25,24076
3525,H,11,H11,NA,EMPTY,25,24076
3525,H,12,H12,RECOMBINANT ERK 2nM + ERK INHIBITOR,ERK_2.000nM_INH,25,Inf
3525,H,12,H12,RECOMBINANT ERK 2nM + ERK INHIBITOR,ERK_2.000nM_INH,25,Inf
3666,A,1,A1,46,CTL01,25.1,96681
3666,A,1,A1,46,CTL01,25.1,96681
3666,A,2,A2,720,CTL09,25.1,Inf
3666,A,2,A2,720,CTL09,25.1,Inf
3666,A,3,A3,225,SCZ06,25.1,81273
3666,A,3,A3,225,SCZ06,25.1,81273
3666,A,4,A4,552,SCZ14,25.1,91756
3666,A,4,A4,552,SCZ14,25.1,91756
3666,A,5,A5,328,LYS02,25.1,89522
3666,A,5,A5,328,LYS02,25.1,89522
3666,A,6,A6,RECOMBINANT ERK  2nM,ERK_2.000nM,25.1,Inf
3666,A,6,A6,RECOMBINANT ERK  2nM,ERK_2.000nM,25.1,Inf
3666,A,7,A7,46,CTL01,25.1,97277
3666,A,7,A7,46,CTL01,25.1,97277
3666,A,8,A8,720,CTL09,25.1,89643
3666,A,8,A8,720,CTL09,25.1,89643
3666,A,9,A9,225,SCZ06,25.1,92228
3666,A,9,A9,225,SCZ06,25.1,92228
3666,A,10,A10,552,SCZ14,25.1,82249
3666,A,10,A10,552,SCZ14,25.1,82249
3666,A,11,A11,328,LYS02,25.1,93394
3666,A,11,A11,328,LYS02,25.1,93394
3666,A,12,A12,RECOMBINANT ERK  2nM,ERK_2.000nM,25.1,Inf
3666,A,12,A12,RECOMBINANT ERK  2nM,ERK_2.000nM,25.1,Inf
3666,B,1,B1,116,CTL02,25.1,88758
3666,B,1,B1,116,CTL02,25.1,88758
3666,B,2,B2,859,CTL10,25.1,95843
3666,B,2,B2,859,CTL10,25.1,95843
3666,B,3,B3,235,SCZ07,25.1,Inf
3666,B,3,B3,235,SCZ07,25.1,Inf
3666,B,4,B4,565,SCZ15,25.1,89397
3666,B,4,B4,565,SCZ15,25.1,89397
3666,B,5,B5,335,LYS03,25.1,88354
3666,B,5,B5,335,LYS03,25.1,88354
3666,B,6,B6,RECOMBINANT ERK 1.5 nM,ERK_1.500nM,25.1,Inf
3666,B,6,B6,RECOMBINANT ERK 1.5 nM,ERK_1.500nM,25.1,Inf
3666,B,7,B7,116,CTL02,25.1,80907
3666,B,7,B7,116,CTL02,25.1,80907
3666,B,8,B8,859,CTL10,25.1,78257
3666,B,8,B8,859,CTL10,25.1,78257
3666,B,9,B9,235,SCZ07,25.1,97612
3666,B,9,B9,235,SCZ07,25.1,97612
3666,B,10,B10,565,SCZ15,25.1,91862
3666,B,10,B10,565,SCZ15,25.1,91862
3666,B,11,B11,335,LYS03,25.1,90069
3666,B,11,B11,335,LYS03,25.1,90069
3666,B,12,B12,RECOMBINANT ERK 1.5 nM,ERK_1.500nM,25.1,Inf
3666,B,12,B12,RECOMBINANT ERK 1.5 nM,ERK_1.500nM,25.1,Inf
3666,C,1,C1,167,CTL03,25.1,Inf
3666,C,1,C1,167,CTL03,25.1,Inf
3666,C,2,C2,874,CTL11,25.1,81197
3666,C,2,C2,874,CTL11,25.1,81197
3666,C,3,C3,262,SCZ08,25.1,97409
3666,C,3,C3,262,SCZ08,25.1,97409
3666,C,4,C4,737,SCZ16,25.1,91761
3666,C,4,C4,737,SCZ16,25.1,91761
3666,C,5,C5,907,LYS04,25.1,79382
3666,C,5,C5,907,LYS04,25.1,79382
3666,C,6,C6,RECOMBINANT ERK  1 nM,ERK_1.000nM,25.1,Inf
3666,C,6,C6,RECOMBINANT ERK  1 nM,ERK_1.000nM,25.1,Inf
3666,C,7,C7,167,CTL03,25.1,Inf
3666,C,7,C7,167,CTL03,25.1,Inf
3666,C,8,C8,874,CTL11,25.1,75606
3666,C,8,C8,874,CTL11,25.1,75606
3666,C,9,C9,262,SCZ08,25.1,88840
3666,C,9,C9,262,SCZ08,25.1,88840
3666,C,10,C10,737,SCZ16,25.1,86735
3666,C,10,C10,737,SCZ16,25.1,86735
3666,C,11,C11,907,LYS04,25.1,89386
3666,C,11,C11,907,LYS04,25.1,89386
3666,C,12,C12,RECOMBINANT ERK  1 nM,ERK_1.000nM,25.1,97016
3666,C,12,C12,RECOMBINANT ERK  1 nM,ERK_1.000nM,25.1,97016
3666,D,1,D1,195,CTL04,25.1,73034
3666,D,1,D1,195,CTL04,25.1,73034
3666,D,2,D2,11,SCZ01,25.1,93696
3666,D,2,D2,11,SCZ01,25.1,93696
3666,D,3,D3,291,SCZ09,25.1,87855
3666,D,3,D3,291,SCZ09,25.1,87855
3666,D,4,D4,802,SCZ17,25.1,62567
3666,D,4,D4,802,SCZ17,25.1,62567
3666,D,5,D5,5000ng lysate + HI,LYS_HI,25.1,89491
3666,D,5,D5,5000ng lysate + HI,LYS_HI,25.1,89491
3666,D,6,D6,RECOMBINANT ERK  0.75 nM,ERK_0.750nM,25.1,Inf
3666,D,6,D6,RECOMBINANT ERK  0.75 nM,ERK_0.750nM,25.1,Inf
3666,D,7,D7,195,CTL04,25.1,87712
3666,D,7,D7,195,CTL04,25.1,87712
3666,D,8,D8,11,SCZ01,25.1,86354
3666,D,8,D8,11,SCZ01,25.1,86354
3666,D,9,D9,291,SCZ09,25.1,80860
3666,D,9,D9,291,SCZ09,25.1,80860
3666,D,10,D10,802,SCZ17,25.1,82152
3666,D,10,D10,802,SCZ17,25.1,82152
3666,D,11,D11,5000ng lysate + HI,LYS_HI,25.1,92400
3666,D,11,D11,5000ng lysate + HI,LYS_HI,25.1,92400
3666,D,12,D12,RECOMBINANT ERK  0.75 nM,ERK_0.750nM,25.1,Inf
3666,D,12,D12,RECOMBINANT ERK  0.75 nM,ERK_0.750nM,25.1,Inf
3666,E,1,E1,223,CTL05,25.1,94018
3666,E,1,E1,223,CTL05,25.1,94018
3666,E,2,E2,22,SCZ02,25.1,Inf
3666,E,2,E2,22,SCZ02,25.1,Inf
3666,E,3,E3,329,SCZ10,25.1,Inf
3666,E,3,E3,329,SCZ10,25.1,Inf
3666,E,4,E4,930,SCZ18,25.1,64906
3666,E,4,E4,930,SCZ18,25.1,64906
3666,E,5,E5,5000ng lysate +ERK INHIBITOR,LYS_INH,25.1,87542
3666,E,5,E5,5000ng lysate +ERK INHIBITOR,LYS_INH,25.1,87542
3666,E,6,E6,RECOMBINANT ERK 0.5 nM,ERK_0.500nM,25.1,Inf
3666,E,6,E6,RECOMBINANT ERK 0.5 nM,ERK_0.500nM,25.1,Inf
3666,E,7,E7,223,CTL05,25.1,83627
3666,E,7,E7,223,CTL05,25.1,83627
3666,E,8,E8,22,SCZ02,25.1,87746
3666,E,8,E8,22,SCZ02,25.1,87746
3666,E,9,E9,329,SCZ10,25.1,81232
3666,E,9,E9,329,SCZ10,25.1,81232
3666,E,10,E10,930,SCZ18,25.1,68126
3666,E,10,E10,930,SCZ18,25.1,68126
3666,E,11,E11,5000ng lysate +ERK INHIBITOR,LYS_INH,25.1,88367
3666,E,11,E11,5000ng lysate +ERK INHIBITOR,LYS_INH,25.1,88367
3666,E,12,E12,RECOMBINANT ERK 0.5 nM,ERK_0.500nM,25.1,Inf
3666,E,12,E12,RECOMBINANT ERK 0.5 nM,ERK_0.500nM,25.1,Inf
3666,F,1,F1,524,CTL06,25.1,98658
3666,F,1,F1,524,CTL06,25.1,98658
3666,F,2,F2,29,SCZ03,25.1,94099
3666,F,2,F2,29,SCZ03,25.1,94099
3666,F,3,F3,446,SCZ11,25.1,83483
3666,F,3,F3,446,SCZ11,25.1,83483
3666,F,4,F4,931,SCZ19,25.1,76352
3666,F,4,F4,931,SCZ19,25.1,76352
3666,F,5,F5,"BLANK- Master Mix, no lysate",BLNK,25.1,86397
3666,F,5,F5,"BLANK- Master Mix, no lysate",BLNK,25.1,86397
3666,F,6,F6,RECOMBINANT ERK  0.25 nM,ERK_0.250nM,25.1,99244
3666,F,6,F6,RECOMBINANT ERK  0.25 nM,ERK_0.250nM,25.1,99244
3666,F,7,F7,524,CTL06,25.1,90369
3666,F,7,F7,524,CTL06,25.1,90369
3666,F,8,F8,29,SCZ03,25.1,Inf
3666,F,8,F8,29,SCZ03,25.1,Inf
3666,F,9,F9,446,SCZ11,25.1,69959
3666,F,9,F9,446,SCZ11,25.1,69959
3666,F,10,F10,931,SCZ19,25.1,77359
3666,F,10,F10,931,SCZ19,25.1,77359
3666,F,11,F11,"BLANK- Master Mix, no lysate",BLNK,25.1,87844
3666,F,11,F11,"BLANK- Master Mix, no lysate",BLNK,25.1,87844
3666,F,12,F12,RECOMBINANT ERK  0.25 nM,ERK_0.250nM,25.1,79590
3666,F,12,F12,RECOMBINANT ERK  0.25 nM,ERK_0.250nM,25.1,79590
3666,G,1,G1,661,CTL07,25.1,87423
3666,G,1,G1,661,CTL07,25.1,87423
3666,G,2,G2,69,SCZ04,25.1,85160
3666,G,2,G2,69,SCZ04,25.1,85160
3666,G,3,G3,510,SCZ12,25.1,89717
3666,G,3,G3,510,SCZ12,25.1,89717
3666,G,4,G4,932,SCZ20,25.1,71647
3666,G,4,G4,932,SCZ20,25.1,71647
3666,G,5,G5,"BLANK- Master Mix, lysate, no reporter",BLNK_LYS,25.1,23330
3666,G,5,G5,"BLANK- Master Mix, lysate, no reporter",BLNK_LYS,25.1,23330
3666,G,6,G6,RECOMBINANT ERK  0.125 nM,ERK_0.125nM,25.1,99447
3666,G,6,G6,RECOMBINANT ERK  0.125 nM,ERK_0.125nM,25.1,99447
3666,G,7,G7,661,CTL07,25.1,82233
3666,G,7,G7,661,CTL07,25.1,82233
3666,G,8,G8,69,SCZ04,25.1,87907
3666,G,8,G8,69,SCZ04,25.1,87907
3666,G,9,G9,510,SCZ12,25.1,96682
3666,G,9,G9,510,SCZ12,25.1,96682
3666,G,10,G10,932,SCZ20,25.1,71573
3666,G,10,G10,932,SCZ20,25.1,71573
3666,G,11,G11,"BLANK- Master Mix, lysate, no reporter",BLNK_LYS,25.1,24614
3666,G,11,G11,"BLANK- Master Mix, lysate, no reporter",BLNK_LYS,25.1,24614
3666,G,12,G12,RECOMBINANT ERK  0.125 nM,ERK_0.125nM,25.1,95274
3666,G,12,G12,RECOMBINANT ERK  0.125 nM,ERK_0.125nM,25.1,95274
3666,H,1,H1,689,CTL08,25.1,93174
3666,H,1,H1,689,CTL08,25.1,93174
3666,H,2,H2,94,SCZ05,25.1,82321
3666,H,2,H2,94,SCZ05,25.1,82321
3666,H,3,H3,547,SCZ13,25.1,84405
3666,H,3,H3,547,SCZ13,25.1,84405
3666,H,4,H4,326,LYS01,25.1,86887
3666,H,4,H4,326,LYS01,25.1,86887
3666,H,5,H5,NA,EMPTY,25.1,90732
3666,H,5,H5,NA,EMPTY,25.1,90732
3666,H,6,H6,RECOMBINANT ERK 2nM + ERK INHIBITOR,ERK_2.000nM_INH,25.1,27082
3666,H,6,H6,RECOMBINANT ERK 2nM + ERK INHIBITOR,ERK_2.000nM_INH,25.1,27082
3666,H,7,H7,689,CTL08,25.1,Inf
3666,H,7,H7,689,CTL08,25.1,Inf
3666,H,8,H8,94,SCZ05,25.1,30126
3666,H,8,H8,94,SCZ05,25.1,30126
3666,H,9,H9,547,SCZ13,25.1,93810
3666,H,9,H9,547,SCZ13,25.1,93810
3666,H,10,H10,326,LYS01,25.1,97276
3666,H,10,H10,326,LYS01,25.1,97276
3666,H,11,H11,NA,EMPTY,25.1,23947
3666,H,11,H11,NA,EMPTY,25.1,23947
3666,H,12,H12,RECOMBINANT ERK 2nM + ERK INHIBITOR,ERK_2.000nM_INH,25.1,Inf
3666,H,12,H12,RECOMBINANT ERK 2nM + ERK INHIBITOR,ERK_2.000nM_INH,25.1,Inf
3807,A,1,A1,46,CTL01,25.1,96610
3807,A,1,A1,46,CTL01,25.1,96610
3807,A,2,A2,720,CTL09,25.1,Inf
3807,A,2,A2,720,CTL09,25.1,Inf
3807,A,3,A3,225,SCZ06,25.1,81319
3807,A,3,A3,225,SCZ06,25.1,81319
3807,A,4,A4,552,SCZ14,25.1,91307
3807,A,4,A4,552,SCZ14,25.1,91307
3807,A,5,A5,328,LYS02,25.1,90072
3807,A,5,A5,328,LYS02,25.1,90072
3807,A,6,A6,RECOMBINANT ERK  2nM,ERK_2.000nM,25.1,Inf
3807,A,6,A6,RECOMBINANT ERK  2nM,ERK_2.000nM,25.1,Inf
3807,A,7,A7,46,CTL01,25.1,97568
3807,A,7,A7,46,CTL01,25.1,97568
3807,A,8,A8,720,CTL09,25.1,90128
3807,A,8,A8,720,CTL09,25.1,90128
3807,A,9,A9,225,SCZ06,25.1,92441
3807,A,9,A9,225,SCZ06,25.1,92441
3807,A,10,A10,552,SCZ14,25.1,81970
3807,A,10,A10,552,SCZ14,25.1,81970
3807,A,11,A11,328,LYS02,25.1,93114
3807,A,11,A11,328,LYS02,25.1,93114
3807,A,12,A12,RECOMBINANT ERK  2nM,ERK_2.000nM,25.1,Inf
3807,A,12,A12,RECOMBINANT ERK  2nM,ERK_2.000nM,25.1,Inf
3807,B,1,B1,116,CTL02,25.1,88329
3807,B,1,B1,116,CTL02,25.1,88329
3807,B,2,B2,859,CTL10,25.1,95467
3807,B,2,B2,859,CTL10,25.1,95467
3807,B,3,B3,235,SCZ07,25.1,Inf
3807,B,3,B3,235,SCZ07,25.1,Inf
3807,B,4,B4,565,SCZ15,25.1,89875
3807,B,4,B4,565,SCZ15,25.1,89875
3807,B,5,B5,335,LYS03,25.1,88459
3807,B,5,B5,335,LYS03,25.1,88459
3807,B,6,B6,RECOMBINANT ERK 1.5 nM,ERK_1.500nM,25.1,Inf
3807,B,6,B6,RECOMBINANT ERK 1.5 nM,ERK_1.500nM,25.1,Inf
3807,B,7,B7,116,CTL02,25.1,80215
3807,B,7,B7,116,CTL02,25.1,80215
3807,B,8,B8,859,CTL10,25.1,78256
3807,B,8,B8,859,CTL10,25.1,78256
3807,B,9,B9,235,SCZ07,25.1,97091
3807,B,9,B9,235,SCZ07,25.1,97091
3807,B,10,B10,565,SCZ15,25.1,91703
3807,B,10,B10,565,SCZ15,25.1,91703
3807,B,11,B11,335,LYS03,25.1,90433
3807,B,11,B11,335,LYS03,25.1,90433
3807,B,12,B12,RECOMBINANT ERK 1.5 nM,ERK_1.500nM,25.1,Inf
3807,B,12,B12,RECOMBINANT ERK 1.5 nM,ERK_1.500nM,25.1,Inf
3807,C,1,C1,167,CTL03,25.1,Inf
3807,C,1,C1,167,CTL03,25.1,Inf
3807,C,2,C2,874,CTL11,25.1,80821
3807,C,2,C2,874,CTL11,25.1,80821
3807,C,3,C3,262,SCZ08,25.1,97330
3807,C,3,C3,262,SCZ08,25.1,97330
3807,C,4,C4,737,SCZ16,25.1,91271
3807,C,4,C4,737,SCZ16,25.1,91271
3807,C,5,C5,907,LYS04,25.1,79240
3807,C,5,C5,907,LYS04,25.1,79240
3807,C,6,C6,RECOMBINANT ERK  1 nM,ERK_1.000nM,25.1,Inf
3807,C,6,C6,RECOMBINANT ERK  1 nM,ERK_1.000nM,25.1,Inf
3807,C,7,C7,167,CTL03,25.1,Inf
3807,C,7,C7,167,CTL03,25.1,Inf
3807,C,8,C8,874,CTL11,25.1,74521
3807,C,8,C8,874,CTL11,25.1,74521
3807,C,9,C9,262,SCZ08,25.1,87669
3807,C,9,C9,262,SCZ08,25.1,87669
3807,C,10,C10,737,SCZ16,25.1,86323
3807,C,10,C10,737,SCZ16,25.1,86323
3807,C,11,C11,907,LYS04,25.1,89097
3807,C,11,C11,907,LYS04,25.1,89097
3807,C,12,C12,RECOMBINANT ERK  1 nM,ERK_1.000nM,25.1,97564
3807,C,12,C12,RECOMBINANT ERK  1 nM,ERK_1.000nM,25.1,97564
3807,D,1,D1,195,CTL04,25.1,73334
3807,D,1,D1,195,CTL04,25.1,73334
3807,D,2,D2,11,SCZ01,25.1,93549
3807,D,2,D2,11,SCZ01,25.1,93549
3807,D,3,D3,291,SCZ09,25.1,86789
3807,D,3,D3,291,SCZ09,25.1,86789
3807,D,4,D4,802,SCZ17,25.1,62470
3807,D,4,D4,802,SCZ17,25.1,62470
3807,D,5,D5,5000ng lysate + HI,LYS_HI,25.1,88128
3807,D,5,D5,5000ng lysate + HI,LYS_HI,25.1,88128
3807,D,6,D6,RECOMBINANT ERK  0.75 nM,ERK_0.750nM,25.1,Inf
3807,D,6,D6,RECOMBINANT ERK  0.75 nM,ERK_0.750nM,25.1,Inf
3807,D,7,D7,195,CTL04,25.1,88287
3807,D,7,D7,195,CTL04,25.1,88287
3807,D,8,D8,11,SCZ01,25.1,86313
3807,D,8,D8,11,SCZ01,25.1,86313
3807,D,9,D9,291,SCZ09,25.1,80499
3807,D,9,D9,291,SCZ09,25.1,80499
3807,D,10,D10,802,SCZ17,25.1,82223
3807,D,10,D10,802,SCZ17,25.1,82223
3807,D,11,D11,5000ng lysate + HI,LYS_HI,25.1,92927
3807,D,11,D11,5000ng lysate + HI,LYS_HI,25.1,92927
3807,D,12,D12,RECOMBINANT ERK  0.75 nM,ERK_0.750nM,25.1,Inf
3807,D,12,D12,RECOMBINANT ERK  0.75 nM,ERK_0.750nM,25.1,Inf
3807,E,1,E1,223,CTL05,25.1,93821
3807,E,1,E1,223,CTL05,25.1,93821
3807,E,2,E2,22,SCZ02,25.1,Inf
3807,E,2,E2,22,SCZ02,25.1,Inf
3807,E,3,E3,329,SCZ10,25.1,Inf
3807,E,3,E3,329,SCZ10,25.1,Inf
3807,E,4,E4,930,SCZ18,25.1,64498
3807,E,4,E4,930,SCZ18,25.1,64498
3807,E,5,E5,5000ng lysate +ERK INHIBITOR,LYS_INH,25.1,86794
3807,E,5,E5,5000ng lysate +ERK INHIBITOR,LYS_INH,25.1,86794
3807,E,6,E6,RECOMBINANT ERK 0.5 nM,ERK_0.500nM,25.1,Inf
3807,E,6,E6,RECOMBINANT ERK 0.5 nM,ERK_0.500nM,25.1,Inf
3807,E,7,E7,223,CTL05,25.1,83891
3807,E,7,E7,223,CTL05,25.1,83891
3807,E,8,E8,22,SCZ02,25.1,89721
3807,E,8,E8,22,SCZ02,25.1,89721
3807,E,9,E9,329,SCZ10,25.1,81136
3807,E,9,E9,329,SCZ10,25.1,81136
3807,E,10,E10,930,SCZ18,25.1,67733
3807,E,10,E10,930,SCZ18,25.1,67733
3807,E,11,E11,5000ng lysate +ERK INHIBITOR,LYS_INH,25.1,88666
3807,E,11,E11,5000ng lysate +ERK INHIBITOR,LYS_INH,25.1,88666
3807,E,12,E12,RECOMBINANT ERK 0.5 nM,ERK_0.500nM,25.1,Inf
3807,E,12,E12,RECOMBINANT ERK 0.5 nM,ERK_0.500nM,25.1,Inf
3807,F,1,F1,524,CTL06,25.1,98911
3807,F,1,F1,524,CTL06,25.1,98911
3807,F,2,F2,29,SCZ03,25.1,95640
3807,F,2,F2,29,SCZ03,25.1,95640
3807,F,3,F3,446,SCZ11,25.1,84228
3807,F,3,F3,446,SCZ11,25.1,84228
3807,F,4,F4,931,SCZ19,25.1,75855
3807,F,4,F4,931,SCZ19,25.1,75855
3807,F,5,F5,"BLANK- Master Mix, no lysate",BLNK,25.1,86049
3807,F,5,F5,"BLANK- Master Mix, no lysate",BLNK,25.1,86049
3807,F,6,F6,RECOMBINANT ERK  0.25 nM,ERK_0.250nM,25.1,99695
3807,F,6,F6,RECOMBINANT ERK  0.25 nM,ERK_0.250nM,25.1,99695
3807,F,7,F7,524,CTL06,25.1,90843
3807,F,7,F7,524,CTL06,25.1,90843
3807,F,8,F8,29,SCZ03,25.1,Inf
3807,F,8,F8,29,SCZ03,25.1,Inf
3807,F,9,F9,446,SCZ11,25.1,70096
3807,F,9,F9,446,SCZ11,25.1,70096
3807,F,10,F10,931,SCZ19,25.1,77248
3807,F,10,F10,931,SCZ19,25.1,77248
3807,F,11,F11,"BLANK- Master Mix, no lysate",BLNK,25.1,87707
3807,F,11,F11,"BLANK- Master Mix, no lysate",BLNK,25.1,87707
3807,F,12,F12,RECOMBINANT ERK  0.25 nM,ERK_0.250nM,25.1,79700
3807,F,12,F12,RECOMBINANT ERK  0.25 nM,ERK_0.250nM,25.1,79700
3807,G,1,G1,661,CTL07,25.1,87166
3807,G,1,G1,661,CTL07,25.1,87166
3807,G,2,G2,69,SCZ04,25.1,85206
3807,G,2,G2,69,SCZ04,25.1,85206
3807,G,3,G3,510,SCZ12,25.1,90212
3807,G,3,G3,510,SCZ12,25.1,90212
3807,G,4,G4,932,SCZ20,25.1,71651
3807,G,4,G4,932,SCZ20,25.1,71651
3807,G,5,G5,"BLANK- Master Mix, lysate, no reporter",BLNK_LYS,25.1,23429
3807,G,5,G5,"BLANK- Master Mix, lysate, no reporter",BLNK_LYS,25.1,23429
3807,G,6,G6,RECOMBINANT ERK  0.125 nM,ERK_0.125nM,25.1,99359
3807,G,6,G6,RECOMBINANT ERK  0.125 nM,ERK_0.125nM,25.1,99359
3807,G,7,G7,661,CTL07,25.1,82028
3807,G,7,G7,661,CTL07,25.1,82028
3807,G,8,G8,69,SCZ04,25.1,88084
3807,G,8,G8,69,SCZ04,25.1,88084
3807,G,9,G9,510,SCZ12,25.1,96609
3807,G,9,G9,510,SCZ12,25.1,96609
3807,G,10,G10,932,SCZ20,25.1,71206
3807,G,10,G10,932,SCZ20,25.1,71206
3807,G,11,G11,"BLANK- Master Mix, lysate, no reporter",BLNK_LYS,25.1,24680
3807,G,11,G11,"BLANK- Master Mix, lysate, no reporter",BLNK_LYS,25.1,24680
3807,G,12,G12,RECOMBINANT ERK  0.125 nM,ERK_0.125nM,25.1,94586
3807,G,12,G12,RECOMBINANT ERK  0.125 nM,ERK_0.125nM,25.1,94586
3807,H,1,H1,689,CTL08,25.1,93936
3807,H,1,H1,689,CTL08,25.1,93936
3807,H,2,H2,94,SCZ05,25.1,82086
3807,H,2,H2,94,SCZ05,25.1,82086
3807,H,3,H3,547,SCZ13,25.1,83365
3807,H,3,H3,547,SCZ13,25.1,83365
3807,H,4,H4,326,LYS01,25.1,87109
3807,H,4,H4,326,LYS01,25.1,87109
3807,H,5,H5,NA,EMPTY,25.1,91220
3807,H,5,H5,NA,EMPTY,25.1,91220
3807,H,6,H6,RECOMBINANT ERK 2nM + ERK INHIBITOR,ERK_2.000nM_INH,25.1,27019
3807,H,6,H6,RECOMBINANT ERK 2nM + ERK INHIBITOR,ERK_2.000nM_INH,25.1,27019
3807,H,7,H7,689,CTL08,25.1,Inf
3807,H,7,H7,689,CTL08,25.1,Inf
3807,H,8,H8,94,SCZ05,25.1,30078
3807,H,8,H8,94,SCZ05,25.1,30078
3807,H,9,H9,547,SCZ13,25.1,93532
3807,H,9,H9,547,SCZ13,25.1,93532
3807,H,10,H10,326,LYS01,25.1,97371
3807,H,10,H10,326,LYS01,25.1,97371
3807,H,11,H11,NA,EMPTY,25.1,23849
3807,H,11,H11,NA,EMPTY,25.1,23849
3807,H,12,H12,RECOMBINANT ERK 2nM + ERK INHIBITOR,ERK_2.000nM_INH,25.1,Inf
3807,H,12,H12,RECOMBINANT ERK 2nM + ERK INHIBITOR,ERK_2.000nM_INH,25.1,Inf
3948,A,1,A1,46,CTL01,25.1,97230
3948,A,1,A1,46,CTL01,25.1,97230
3948,A,2,A2,720,CTL09,25.1,Inf
3948,A,2,A2,720,CTL09,25.1,Inf
3948,A,3,A3,225,SCZ06,25.1,81969
3948,A,3,A3,225,SCZ06,25.1,81969
3948,A,4,A4,552,SCZ14,25.1,91936
3948,A,4,A4,552,SCZ14,25.1,91936
3948,A,5,A5,328,LYS02,25.1,89626
3948,A,5,A5,328,LYS02,25.1,89626
3948,A,6,A6,RECOMBINANT ERK  2nM,ERK_2.000nM,25.1,Inf
3948,A,6,A6,RECOMBINANT ERK  2nM,ERK_2.000nM,25.1,Inf
3948,A,7,A7,46,CTL01,25.1,96829
3948,A,7,A7,46,CTL01,25.1,96829
3948,A,8,A8,720,CTL09,25.1,91196
3948,A,8,A8,720,CTL09,25.1,91196
3948,A,9,A9,225,SCZ06,25.1,92459
3948,A,9,A9,225,SCZ06,25.1,92459
3948,A,10,A10,552,SCZ14,25.1,81569
3948,A,10,A10,552,SCZ14,25.1,81569
3948,A,11,A11,328,LYS02,25.1,93421
3948,A,11,A11,328,LYS02,25.1,93421
3948,A,12,A12,RECOMBINANT ERK  2nM,ERK_2.000nM,25.1,Inf
3948,A,12,A12,RECOMBINANT ERK  2nM,ERK_2.000nM,25.1,Inf
3948,B,1,B1,116,CTL02,25.1,88857
3948,B,1,B1,116,CTL02,25.1,88857
3948,B,2,B2,859,CTL10,25.1,95867
3948,B,2,B2,859,CTL10,25.1,95867
3948,B,3,B3,235,SCZ07,25.1,Inf
3948,B,3,B3,235,SCZ07,25.1,Inf
3948,B,4,B4,565,SCZ15,25.1,90105
3948,B,4,B4,565,SCZ15,25.1,90105
3948,B,5,B5,335,LYS03,25.1,88585
3948,B,5,B5,335,LYS03,25.1,88585
3948,B,6,B6,RECOMBINANT ERK 1.5 nM,ERK_1.500nM,25.1,Inf
3948,B,6,B6,RECOMBINANT ERK 1.5 nM,ERK_1.500nM,25.1,Inf
3948,B,7,B7,116,CTL02,25.1,80797
3948,B,7,B7,116,CTL02,25.1,80797
3948,B,8,B8,859,CTL10,25.1,78195
3948,B,8,B8,859,CTL10,25.1,78195
3948,B,9,B9,235,SCZ07,25.1,97219
3948,B,9,B9,235,SCZ07,25.1,97219
3948,B,10,B10,565,SCZ15,25.1,90664
3948,B,10,B10,565,SCZ15,25.1,90664
3948,B,11,B11,335,LYS03,25.1,91048
3948,B,11,B11,335,LYS03,25.1,91048
3948,B,12,B12,RECOMBINANT ERK 1.5 nM,ERK_1.500nM,25.1,Inf
3948,B,12,B12,RECOMBINANT ERK 1.5 nM,ERK_1.500nM,25.1,Inf
3948,C,1,C1,167,CTL03,25.1,Inf
3948,C,1,C1,167,CTL03,25.1,Inf
3948,C,2,C2,874,CTL11,25.1,81217
3948,C,2,C2,874,CTL11,25.1,81217
3948,C,3,C3,262,SCZ08,25.1,97741
3948,C,3,C3,262,SCZ08,25.1,97741
3948,C,4,C4,737,SCZ16,25.1,91490
3948,C,4,C4,737,SCZ16,25.1,91490
3948,C,5,C5,907,LYS04,25.1,79190
3948,C,5,C5,907,LYS04,25.1,79190
3948,C,6,C6,RECOMBINANT ERK  1 nM,ERK_1.000nM,25.1,Inf
3948,C,6,C6,RECOMBINANT ERK  1 nM,ERK_1.000nM,25.1,Inf
3948,C,7,C7,167,CTL03,25.1,Inf
3948,C,7,C7,167,CTL03,25.1,Inf
3948,C,8,C8,874,CTL11,25.1,74003
3948,C,8,C8,874,CTL11,25.1,74003
3948,C,9,C9,262,SCZ08,25.1,88742
3948,C,9,C9,262,SCZ08,25.1,88742
3948,C,10,C10,737,SCZ16,25.1,86757
3948,C,10,C10,737,SCZ16,25.1,86757
3948,C,11,C11,907,LYS04,25.1,88943
3948,C,11,C11,907,LYS04,25.1,88943
3948,C,12,C12,RECOMBINANT ERK  1 nM,ERK_1.000nM,25.1,98500
3948,C,12,C12,RECOMBINANT ERK  1 nM,ERK_1.000nM,25.1,98500
3948,D,1,D1,195,CTL04,25.1,72744
3948,D,1,D1,195,CTL04,25.1,72744
3948,D,2,D2,11,SCZ01,25.1,93232
3948,D,2,D2,11,SCZ01,25.1,93232
3948,D,3,D3,291,SCZ09,25.1,85877
3948,D,3,D3,291,SCZ09,25.1,85877
3948,D,4,D4,802,SCZ17,25.1,61910
3948,D,4,D4,802,SCZ17,25.1,61910
3948,D,5,D5,5000ng lysate + HI,LYS_HI,25.1,89251
3948,D,5,D5,5000ng lysate + HI,LYS_HI,25.1,89251
3948,D,6,D6,RECOMBINANT ERK  0.75 nM,ERK_0.750nM,25.1,Inf
3948,D,6,D6,RECOMBINANT ERK  0.75 nM,ERK_0.750nM,25.1,Inf
3948,D,7,D7,195,CTL04,25.1,88690
3948,D,7,D7,195,CTL04,25.1,88690
3948,D,8,D8,11,SCZ01,25.1,87508
3948,D,8,D8,11,SCZ01,25.1,87508
3948,D,9,D9,291,SCZ09,25.1,80620
3948,D,9,D9,291,SCZ09,25.1,80620
3948,D,10,D10,802,SCZ17,25.1,82323
3948,D,10,D10,802,SCZ17,25.1,82323
3948,D,11,D11,5000ng lysate + HI,LYS_HI,25.1,92475
3948,D,11,D11,5000ng lysate + HI,LYS_HI,25.1,92475
3948,D,12,D12,RECOMBINANT ERK  0.75 nM,ERK_0.750nM,25.1,Inf
3948,D,12,D12,RECOMBINANT ERK  0.75 nM,ERK_0.750nM,25.1,Inf
3948,E,1,E1,223,CTL05,25.1,94261
3948,E,1,E1,223,CTL05,25.1,94261
3948,E,2,E2,22,SCZ02,25.1,Inf
3948,E,2,E2,22,SCZ02,25.1,Inf
3948,E,3,E3,329,SCZ10,25.1,Inf
3948,E,3,E3,329,SCZ10,25.1,Inf
3948,E,4,E4,930,SCZ18,25.1,64296
3948,E,4,E4,930,SCZ18,25.1,64296
3948,E,5,E5,5000ng lysate +ERK INHIBITOR,LYS_INH,25.1,86603
3948,E,5,E5,5000ng lysate +ERK INHIBITOR,LYS_INH,25.1,86603
3948,E,6,E6,RECOMBINANT ERK 0.5 nM,ERK_0.500nM,25.1,Inf
3948,E,6,E6,RECOMBINANT ERK 0.5 nM,ERK_0.500nM,25.1,Inf
3948,E,7,E7,223,CTL05,25.1,84159
3948,E,7,E7,223,CTL05,25.1,84159
3948,E,8,E8,22,SCZ02,25.1,91023
3948,E,8,E8,22,SCZ02,25.1,91023
3948,E,9,E9,329,SCZ10,25.1,81645
3948,E,9,E9,329,SCZ10,25.1,81645
3948,E,10,E10,930,SCZ18,25.1,67941
3948,E,10,E10,930,SCZ18,25.1,67941
3948,E,11,E11,5000ng lysate +ERK INHIBITOR,LYS_INH,25.1,89046
3948,E,11,E11,5000ng lysate +ERK INHIBITOR,LYS_INH,25.1,89046
3948,E,12,E12,RECOMBINANT ERK 0.5 nM,ERK_0.500nM,25.1,Inf
3948,E,12,E12,RECOMBINANT ERK 0.5 nM,ERK_0.500nM,25.1,Inf
3948,F,1,F1,524,CTL06,25.1,99047
3948,F,1,F1,524,CTL06,25.1,99047
3948,F,2,F2,29,SCZ03,25.1,96329
3948,F,2,F2,29,SCZ03,25.1,96329
3948,F,3,F3,446,SCZ11,25.1,84569
3948,F,3,F3,446,SCZ11,25.1,84569
3948,F,4,F4,931,SCZ19,25.1,76221
3948,F,4,F4,931,SCZ19,25.1,76221
3948,F,5,F5,"BLANK- Master Mix, no lysate",BLNK,25.1,86507
3948,F,5,F5,"BLANK- Master Mix, no lysate",BLNK,25.1,86507
3948,F,6,F6,RECOMBINANT ERK  0.25 nM,ERK_0.250nM,25.1,99972
3948,F,6,F6,RECOMBINANT ERK  0.25 nM,ERK_0.250nM,25.1,99972
3948,F,7,F7,524,CTL06,25.1,90744
3948,F,7,F7,524,CTL06,25.1,90744
3948,F,8,F8,29,SCZ03,25.1,Inf
3948,F,8,F8,29,SCZ03,25.1,Inf
3948,F,9,F9,446,SCZ11,25.1,69503
3948,F,9,F9,446,SCZ11,25.1,69503
3948,F,10,F10,931,SCZ19,25.1,77233
3948,F,10,F10,931,SCZ19,25.1,77233
3948,F,11,F11,"BLANK- Master Mix, no lysate",BLNK,25.1,87563
3948,F,11,F11,"BLANK- Master Mix, no lysate",BLNK,25.1,87563
3948,F,12,F12,RECOMBINANT ERK  0.25 nM,ERK_0.250nM,25.1,79687
3948,F,12,F12,RECOMBINANT ERK  0.25 nM,ERK_0.250nM,25.1,79687
3948,G,1,G1,661,CTL07,25.1,86832
3948,G,1,G1,661,CTL07,25.1,86832
3948,G,2,G2,69,SCZ04,25.1,85733
3948,G,2,G2,69,SCZ04,25.1,85733
3948,G,3,G3,510,SCZ12,25.1,90785
3948,G,3,G3,510,SCZ12,25.1,90785
3948,G,4,G4,932,SCZ20,25.1,71163
3948,G,4,G4,932,SCZ20,25.1,71163
3948,G,5,G5,"BLANK- Master Mix, lysate, no reporter",BLNK_LYS,25.1,23839
3948,G,5,G5,"BLANK- Master Mix, lysate, no reporter",BLNK_LYS,25.1,23839
3948,G,6,G6,RECOMBINANT ERK  0.125 nM,ERK_0.125nM,25.1,99703
3948,G,6,G6,RECOMBINANT ERK  0.125 nM,ERK_0.125nM,25.1,99703
3948,G,7,G7,661,CTL07,25.1,82054
3948,G,7,G7,661,CTL07,25.1,82054
3948,G,8,G8,69,SCZ04,25.1,88479
3948,G,8,G8,69,SCZ04,25.1,88479
3948,G,9,G9,510,SCZ12,25.1,97547
3948,G,9,G9,510,SCZ12,25.1,97547
3948,G,10,G10,932,SCZ20,25.1,71506
3948,G,10,G10,932,SCZ20,25.1,71506
3948,G,11,G11,"BLANK- Master Mix, lysate, no reporter",BLNK_LYS,25.1,24518
3948,G,11,G11,"BLANK- Master Mix, lysate, no reporter",BLNK_LYS,25.1,24518
3948,G,12,G12,RECOMBINANT ERK  0.125 nM,ERK_0.125nM,25.1,95147
3948,G,12,G12,RECOMBINANT ERK  0.125 nM,ERK_0.125nM,25.1,95147
3948,H,1,H1,689,CTL08,25.1,93442
3948,H,1,H1,689,CTL08,25.1,93442
3948,H,2,H2,94,SCZ05,25.1,82121
3948,H,2,H2,94,SCZ05,25.1,82121
3948,H,3,H3,547,SCZ13,25.1,83890
3948,H,3,H3,547,SCZ13,25.1,83890
3948,H,4,H4,326,LYS01,25.1,87682
3948,H,4,H4,326,LYS01,25.1,87682
3948,H,5,H5,NA,EMPTY,25.1,91217
3948,H,5,H5,NA,EMPTY,25.1,91217
3948,H,6,H6,RECOMBINANT ERK 2nM + ERK INHIBITOR,ERK_2.000nM_INH,25.1,27426
3948,H,6,H6,RECOMBINANT ERK 2nM + ERK INHIBITOR,ERK_2.000nM_INH,25.1,27426
3948,H,7,H7,689,CTL08,25.1,Inf
3948,H,7,H7,689,CTL08,25.1,Inf
3948,H,8,H8,94,SCZ05,25.1,30362
3948,H,8,H8,94,SCZ05,25.1,30362
3948,H,9,H9,547,SCZ13,25.1,93148
3948,H,9,H9,547,SCZ13,25.1,93148
3948,H,10,H10,326,LYS01,25.1,96659
3948,H,10,H10,326,LYS01,25.1,96659
3948,H,11,H11,NA,EMPTY,25.1,23383
3948,H,11,H11,NA,EMPTY,25.1,23383
3948,H,12,H12,RECOMBINANT ERK 2nM + ERK INHIBITOR,ERK_2.000nM_INH,25.1,Inf
3948,H,12,H12,RECOMBINANT ERK 2nM + ERK INHIBITOR,ERK_2.000nM_INH,25.1,Inf
4089,A,1,A1,46,CTL01,25.1,96711
4089,A,1,A1,46,CTL01,25.1,96711
4089,A,2,A2,720,CTL09,25.1,Inf
4089,A,2,A2,720,CTL09,25.1,Inf
4089,A,3,A3,225,SCZ06,25.1,81347
4089,A,3,A3,225,SCZ06,25.1,81347
4089,A,4,A4,552,SCZ14,25.1,91452
4089,A,4,A4,552,SCZ14,25.1,91452
4089,A,5,A5,328,LYS02,25.1,90332
4089,A,5,A5,328,LYS02,25.1,90332
4089,A,6,A6,RECOMBINANT ERK  2nM,ERK_2.000nM,25.1,Inf
4089,A,6,A6,RECOMBINANT ERK  2nM,ERK_2.000nM,25.1,Inf
4089,A,7,A7,46,CTL01,25.1,96852
4089,A,7,A7,46,CTL01,25.1,96852
4089,A,8,A8,720,CTL09,25.1,91080
4089,A,8,A8,720,CTL09,25.1,91080
4089,A,9,A9,225,SCZ06,25.1,93032
4089,A,9,A9,225,SCZ06,25.1,93032
4089,A,10,A10,552,SCZ14,25.1,81791
4089,A,10,A10,552,SCZ14,25.1,81791
4089,A,11,A11,328,LYS02,25.1,93392
4089,A,11,A11,328,LYS02,25.1,93392
4089,A,12,A12,RECOMBINANT ERK  2nM,ERK_2.000nM,25.1,Inf
4089,A,12,A12,RECOMBINANT ERK  2nM,ERK_2.000nM,25.1,Inf
4089,B,1,B1,116,CTL02,25.1,89356
4089,B,1,B1,116,CTL02,25.1,89356
4089,B,2,B2,859,CTL10,25.1,96667
4089,B,2,B2,859,CTL10,25.1,96667
4089,B,3,B3,235,SCZ07,25.1,Inf
4089,B,3,B3,235,SCZ07,25.1,Inf
4089,B,4,B4,565,SCZ15,25.1,89174
4089,B,4,B4,565,SCZ15,25.1,89174
4089,B,5,B5,335,LYS03,25.1,88708
4089,B,5,B5,335,LYS03,25.1,88708
4089,B,6,B6,RECOMBINANT ERK 1.5 nM,ERK_1.500nM,25.1,Inf
4089,B,6,B6,RECOMBINANT ERK 1.5 nM,ERK_1.500nM,25.1,Inf
4089,B,7,B7,116,CTL02,25.1,80864
4089,B,7,B7,116,CTL02,25.1,80864
4089,B,8,B8,859,CTL10,25.1,78524
4089,B,8,B8,859,CTL10,25.1,78524
4089,B,9,B9,235,SCZ07,25.1,96452
4089,B,9,B9,235,SCZ07,25.1,96452
4089,B,10,B10,565,SCZ15,25.1,91354
4089,B,10,B10,565,SCZ15,25.1,91354
4089,B,11,B11,335,LYS03,25.1,91267
4089,B,11,B11,335,LYS03,25.1,91267
4089,B,12,B12,RECOMBINANT ERK 1.5 nM,ERK_1.500nM,25.1,Inf
4089,B,12,B12,RECOMBINANT ERK 1.5 nM,ERK_1.500nM,25.1,Inf
4089,C,1,C1,167,CTL03,25.1,Inf
4089,C,1,C1,167,CTL03,25.1,Inf
4089,C,2,C2,874,CTL11,25.1,82058
4089,C,2,C2,874,CTL11,25.1,82058
4089,C,3,C3,262,SCZ08,25.1,97347
4089,C,3,C3,262,SCZ08,25.1,97347
4089,C,4,C4,737,SCZ16,25.1,91331
4089,C,4,C4,737,SCZ16,25.1,91331
4089,C,5,C5,907,LYS04,25.1,79626
4089,C,5,C5,907,LYS04,25.1,79626
4089,C,6,C6,RECOMBINANT ERK  1 nM,ERK_1.000nM,25.1,Inf
4089,C,6,C6,RECOMBINANT ERK  1 nM,ERK_1.000nM,25.1,Inf
4089,C,7,C7,167,CTL03,25.1,Inf
4089,C,7,C7,167,CTL03,25.1,Inf
4089,C,8,C8,874,CTL11,25.1,74613
4089,C,8,C8,874,CTL11,25.1,74613
4089,C,9,C9,262,SCZ08,25.1,89140
4089,C,9,C9,262,SCZ08,25.1,89140
4089,C,10,C10,737,SCZ16,25.1,86491
4089,C,10,C10,737,SCZ16,25.1,86491
4089,C,11,C11,907,LYS04,25.1,89768
4089,C,11,C11,907,LYS04,25.1,89768
4089,C,12,C12,RECOMBINANT ERK  1 nM,ERK_1.000nM,25.1,98864
4089,C,12,C12,RECOMBINANT ERK  1 nM,ERK_1.000nM,25.1,98864
4089,D,1,D1,195,CTL04,25.1,72438
4089,D,1,D1,195,CTL04,25.1,72438
4089,D,2,D2,11,SCZ01,25.1,93007
4089,D,2,D2,11,SCZ01,25.1,93007
4089,D,3,D3,291,SCZ09,25.1,86693
4089,D,3,D3,291,SCZ09,25.1,86693
4089,D,4,D4,802,SCZ17,25.1,62123
4089,D,4,D4,802,SCZ17,25.1,62123
4089,D,5,D5,5000ng lysate + HI,LYS_HI,25.1,88132
4089,D,5,D5,5000ng lysate + HI,LYS_HI,25.1,88132
4089,D,6,D6,RECOMBINANT ERK  0.75 nM,ERK_0.750nM,25.1,Inf
4089,D,6,D6,RECOMBINANT ERK  0.75 nM,ERK_0.750nM,25.1,Inf
4089,D,7,D7,195,CTL04,25.1,88583
4089,D,7,D7,195,CTL04,25.1,88583
4089,D,8,D8,11,SCZ01,25.1,86415
4089,D,8,D8,11,SCZ01,25.1,86415
4089,D,9,D9,291,SCZ09,25.1,80516
4089,D,9,D9,291,SCZ09,25.1,80516
4089,D,10,D10,802,SCZ17,25.1,82088
4089,D,10,D10,802,SCZ17,25.1,82088
4089,D,11,D11,5000ng lysate + HI,LYS_HI,25.1,92526
4089,D,11,D11,5000ng lysate + HI,LYS_HI,25.1,92526
4089,D,12,D12,RECOMBINANT ERK  0.75 nM,ERK_0.750nM,25.1,Inf
4089,D,12,D12,RECOMBINANT ERK  0.75 nM,ERK_0.750nM,25.1,Inf
4089,E,1,E1,223,CTL05,25.1,94196
4089,E,1,E1,223,CTL05,25.1,94196
4089,E,2,E2,22,SCZ02,25.1,Inf
4089,E,2,E2,22,SCZ02,25.1,Inf
4089,E,3,E3,329,SCZ10,25.1,Inf
4089,E,3,E3,329,SCZ10,25.1,Inf
4089,E,4,E4,930,SCZ18,25.1,64736
4089,E,4,E4,930,SCZ18,25.1,64736
4089,E,5,E5,5000ng lysate +ERK INHIBITOR,LYS_INH,25.1,87453
4089,E,5,E5,5000ng lysate +ERK INHIBITOR,LYS_INH,25.1,87453
4089,E,6,E6,RECOMBINANT ERK 0.5 nM,ERK_0.500nM,25.1,Inf
4089,E,6,E6,RECOMBINANT ERK 0.5 nM,ERK_0.500nM,25.1,Inf
4089,E,7,E7,223,CTL05,25.1,83939
4089,E,7,E7,223,CTL05,25.1,83939
4089,E,8,E8,22,SCZ02,25.1,93082
4089,E,8,E8,22,SCZ02,25.1,93082
4089,E,9,E9,329,SCZ10,25.1,82890
4089,E,9,E9,329,SCZ10,25.1,82890
4089,E,10,E10,930,SCZ18,25.1,68561
4089,E,10,E10,930,SCZ18,25.1,68561
4089,E,11,E11,5000ng lysate +ERK INHIBITOR,LYS_INH,25.1,88448
4089,E,11,E11,5000ng lysate +ERK INHIBITOR,LYS_INH,25.1,88448
4089,E,12,E12,RECOMBINANT ERK 0.5 nM,ERK_0.500nM,25.1,Inf
4089,E,12,E12,RECOMBINANT ERK 0.5 nM,ERK_0.500nM,25.1,Inf
4089,F,1,F1,524,CTL06,25.1,98909
4089,F,1,F1,524,CTL06,25.1,98909
4089,F,2,F2,29,SCZ03,25.1,97871
4089,F,2,F2,29,SCZ03,25.1,97871
4089,F,3,F3,446,SCZ11,25.1,84998
4089,F,3,F3,446,SCZ11,25.1,84998
4089,F,4,F4,931,SCZ19,25.1,76041
4089,F,4,F4,931,SCZ19,25.1,76041
4089,F,5,F5,"BLANK- Master Mix, no lysate",BLNK,25.1,85972
4089,F,5,F5,"BLANK- Master Mix, no lysate",BLNK,25.1,85972
4089,F,6,F6,RECOMBINANT ERK  0.25 nM,ERK_0.250nM,25.1,99929
4089,F,6,F6,RECOMBINANT ERK  0.25 nM,ERK_0.250nM,25.1,99929
4089,F,7,F7,524,CTL06,25.1,91056
4089,F,7,F7,524,CTL06,25.1,91056
4089,F,8,F8,29,SCZ03,25.1,Inf
4089,F,8,F8,29,SCZ03,25.1,Inf
4089,F,9,F9,446,SCZ11,25.1,69574
4089,F,9,F9,446,SCZ11,25.1,69574
4089,F,10,F10,931,SCZ19,25.1,77921
4089,F,10,F10,931,SCZ19,25.1,77921
4089,F,11,F11,"BLANK- Master Mix, no lysate",BLNK,25.1,87398
4089,F,11,F11,"BLANK- Master Mix, no lysate",BLNK,25.1,87398
4089,F,12,F12,RECOMBINANT ERK  0.25 nM,ERK_0.250nM,25.1,80133
4089,F,12,F12,RECOMBINANT ERK  0.25 nM,ERK_0.250nM,25.1,80133
4089,G,1,G1,661,CTL07,25.1,87188
4089,G,1,G1,661,CTL07,25.1,87188
4089,G,2,G2,69,SCZ04,25.1,86484
4089,G,2,G2,69,SCZ04,25.1,86484
4089,G,3,G3,510,SCZ12,25.1,90442
4089,G,3,G3,510,SCZ12,25.1,90442
4089,G,4,G4,932,SCZ20,25.1,71896
4089,G,4,G4,932,SCZ20,25.1,71896
4089,G,5,G5,"BLANK- Master Mix, lysate, no reporter",BLNK_LYS,25.1,23906
4089,G,5,G5,"BLANK- Master Mix, lysate, no reporter",BLNK_LYS,25.1,23906
4089,G,6,G6,RECOMBINANT ERK  0.125 nM,ERK_0.125nM,25.1,Inf
4089,G,6,G6,RECOMBINANT ERK  0.125 nM,ERK_0.125nM,25.1,Inf
4089,G,7,G7,661,CTL07,25.1,82648
4089,G,7,G7,661,CTL07,25.1,82648
4089,G,8,G8,69,SCZ04,25.1,87568
4089,G,8,G8,69,SCZ04,25.1,87568
4089,G,9,G9,510,SCZ12,25.1,97274
4089,G,9,G9,510,SCZ12,25.1,97274
4089,G,10,G10,932,SCZ20,25.1,70942
4089,G,10,G10,932,SCZ20,25.1,70942
4089,G,11,G11,"BLANK- Master Mix, lysate, no reporter",BLNK_LYS,25.1,24725
4089,G,11,G11,"BLANK- Master Mix, lysate, no reporter",BLNK_LYS,25.1,24725
4089,G,12,G12,RECOMBINANT ERK  0.125 nM,ERK_0.125nM,25.1,95292
4089,G,12,G12,RECOMBINANT ERK  0.125 nM,ERK_0.125nM,25.1,95292
4089,H,1,H1,689,CTL08,25.1,94343
4089,H,1,H1,689,CTL08,25.1,94343
4089,H,2,H2,94,SCZ05,25.1,82225
4089,H,2,H2,94,SCZ05,25.1,82225
4089,H,3,H3,547,SCZ13,25.1,83822
4089,H,3,H3,547,SCZ13,25.1,83822
4089,H,4,H4,326,LYS01,25.1,87411
4089,H,4,H4,326,LYS01,25.1,87411
4089,H,5,H5,NA,EMPTY,25.1,91116
4089,H,5,H5,NA,EMPTY,25.1,91116
4089,H,6,H6,RECOMBINANT ERK 2nM + ERK INHIBITOR,ERK_2.000nM_INH,25.1,27116
4089,H,6,H6,RECOMBINANT ERK 2nM + ERK INHIBITOR,ERK_2.000nM_INH,25.1,27116
4089,H,7,H7,689,CTL08,25.1,Inf
4089,H,7,H7,689,CTL08,25.1,Inf
4089,H,8,H8,94,SCZ05,25.1,30009
4089,H,8,H8,94,SCZ05,25.1,30009
4089,H,9,H9,547,SCZ13,25.1,94116
4089,H,9,H9,547,SCZ13,25.1,94116
4089,H,10,H10,326,LYS01,25.1,97611
4089,H,10,H10,326,LYS01,25.1,97611
4089,H,11,H11,NA,EMPTY,25.1,24011
4089,H,11,H11,NA,EMPTY,25.1,24011
4089,H,12,H12,RECOMBINANT ERK 2nM + ERK INHIBITOR,ERK_2.000nM_INH,25.1,Inf
4089,H,12,H12,RECOMBINANT ERK 2nM + ERK INHIBITOR,ERK_2.000nM_INH,25.1,Inf
4230,A,1,A1,46,CTL01,25.1,96823
4230,A,1,A1,46,CTL01,25.1,96823
4230,A,2,A2,720,CTL09,25.1,Inf
4230,A,2,A2,720,CTL09,25.1,Inf
4230,A,3,A3,225,SCZ06,25.1,81419
4230,A,3,A3,225,SCZ06,25.1,81419
4230,A,4,A4,552,SCZ14,25.1,91238
4230,A,4,A4,552,SCZ14,25.1,91238
4230,A,5,A5,328,LYS02,25.1,90854
4230,A,5,A5,328,LYS02,25.1,90854
4230,A,6,A6,RECOMBINANT ERK  2nM,ERK_2.000nM,25.1,Inf
4230,A,6,A6,RECOMBINANT ERK  2nM,ERK_2.000nM,25.1,Inf
4230,A,7,A7,46,CTL01,25.1,96988
4230,A,7,A7,46,CTL01,25.1,96988
4230,A,8,A8,720,CTL09,25.1,91317
4230,A,8,A8,720,CTL09,25.1,91317
4230,A,9,A9,225,SCZ06,25.1,92525
4230,A,9,A9,225,SCZ06,25.1,92525
4230,A,10,A10,552,SCZ14,25.1,81860
4230,A,10,A10,552,SCZ14,25.1,81860
4230,A,11,A11,328,LYS02,25.1,93694
4230,A,11,A11,328,LYS02,25.1,93694
4230,A,12,A12,RECOMBINANT ERK  2nM,ERK_2.000nM,25.1,Inf
4230,A,12,A12,RECOMBINANT ERK  2nM,ERK_2.000nM,25.1,Inf
4230,B,1,B1,116,CTL02,25.1,88726
4230,B,1,B1,116,CTL02,25.1,88726
4230,B,2,B2,859,CTL10,25.1,96438
4230,B,2,B2,859,CTL10,25.1,96438
4230,B,3,B3,235,SCZ07,25.1,Inf
4230,B,3,B3,235,SCZ07,25.1,Inf
4230,B,4,B4,565,SCZ15,25.1,89900
4230,B,4,B4,565,SCZ15,25.1,89900
4230,B,5,B5,335,LYS03,25.1,89243
4230,B,5,B5,335,LYS03,25.1,89243
4230,B,6,B6,RECOMBINANT ERK 1.5 nM,ERK_1.500nM,25.1,Inf
4230,B,6,B6,RECOMBINANT ERK 1.5 nM,ERK_1.500nM,25.1,Inf
4230,B,7,B7,116,CTL02,25.1,80323
4230,B,7,B7,116,CTL02,25.1,80323
4230,B,8,B8,859,CTL10,25.1,78546
4230,B,8,B8,859,CTL10,25.1,78546
4230,B,9,B9,235,SCZ07,25.1,96917
4230,B,9,B9,235,SCZ07,25.1,96917
4230,B,10,B10,565,SCZ15,25.1,90604
4230,B,10,B10,565,SCZ15,25.1,90604
4230,B,11,B11,335,LYS03,25.1,91720
4230,B,11,B11,335,LYS03,25.1,91720
4230,B,12,B12,RECOMBINANT ERK 1.5 nM,ERK_1.500nM,25.1,Inf
4230,B,12,B12,RECOMBINANT ERK 1.5 nM,ERK_1.500nM,25.1,Inf
4230,C,1,C1,167,CTL03,25.1,Inf
4230,C,1,C1,167,CTL03,25.1,Inf
4230,C,2,C2,874,CTL11,25.1,81553
4230,C,2,C2,874,CTL11,25.1,81553
4230,C,3,C3,262,SCZ08,25.1,97931
4230,C,3,C3,262,SCZ08,25.1,97931
4230,C,4,C4,737,SCZ16,25.1,90949
4230,C,4,C4,737,SCZ16,25.1,90949
4230,C,5,C5,907,LYS04,25.1,79521
4230,C,5,C5,907,LYS04,25.1,79521
4230,C,6,C6,RECOMBINANT ERK  1 nM,ERK_1.000nM,25.1,Inf
4230,C,6,C6,RECOMBINANT ERK  1 nM,ERK_1.000nM,25.1,Inf
4230,C,7,C7,167,CTL03,25.1,Inf
4230,C,7,C7,167,CTL03,25.1,Inf
4230,C,8,C8,874,CTL11,25.1,74544
4230,C,8,C8,874,CTL11,25.1,74544
4230,C,9,C9,262,SCZ08,25.1,89521
4230,C,9,C9,262,SCZ08,25.1,89521
4230,C,10,C10,737,SCZ16,25.1,86746
4230,C,10,C10,737,SCZ16,25.1,86746
4230,C,11,C11,907,LYS04,25.1,90089
4230,C,11,C11,907,LYS04,25.1,90089
4230,C,12,C12,RECOMBINANT ERK  1 nM,ERK_1.000nM,25.1,99605
4230,C,12,C12,RECOMBINANT ERK  1 nM,ERK_1.000nM,25.1,99605
4230,D,1,D1,195,CTL04,25.1,71941
4230,D,1,D1,195,CTL04,25.1,71941
4230,D,2,D2,11,SCZ01,25.1,92976
4230,D,2,D2,11,SCZ01,25.1,92976
4230,D,3,D3,291,SCZ09,25.1,86461
4230,D,3,D3,291,SCZ09,25.1,86461
4230,D,4,D4,802,SCZ17,25.1,61508
4230,D,4,D4,802,SCZ17,25.1,61508
4230,D,5,D5,5000ng lysate + HI,LYS_HI,25.1,88030
4230,D,5,D5,5000ng lysate + HI,LYS_HI,25.1,88030
4230,D,6,D6,RECOMBINANT ERK  0.75 nM,ERK_0.750nM,25.1,Inf
4230,D,6,D6,RECOMBINANT ERK  0.75 nM,ERK_0.750nM,25.1,Inf
4230,D,7,D7,195,CTL04,25.1,89060
4230,D,7,D7,195,CTL04,25.1,89060
4230,D,8,D8,11,SCZ01,25.1,86794
4230,D,8,D8,11,SCZ01,25.1,86794
4230,D,9,D9,291,SCZ09,25.1,80965
4230,D,9,D9,291,SCZ09,25.1,80965
4230,D,10,D10,802,SCZ17,25.1,82527
4230,D,10,D10,802,SCZ17,25.1,82527
4230,D,11,D11,5000ng lysate + HI,LYS_HI,25.1,92388
4230,D,11,D11,5000ng lysate + HI,LYS_HI,25.1,92388
4230,D,12,D12,RECOMBINANT ERK  0.75 nM,ERK_0.750nM,25.1,Inf
4230,D,12,D12,RECOMBINANT ERK  0.75 nM,ERK_0.750nM,25.1,Inf
4230,E,1,E1,223,CTL05,25.1,94813
4230,E,1,E1,223,CTL05,25.1,94813
4230,E,2,E2,22,SCZ02,25.1,Inf
4230,E,2,E2,22,SCZ02,25.1,Inf
4230,E,3,E3,329,SCZ10,25.1,Inf
4230,E,3,E3,329,SCZ10,25.1,Inf
4230,E,4,E4,930,SCZ18,25.1,64749
4230,E,4,E4,930,SCZ18,25.1,64749
4230,E,5,E5,5000ng lysate +ERK INHIBITOR,LYS_INH,25.1,86592
4230,E,5,E5,5000ng lysate +ERK INHIBITOR,LYS_INH,25.1,86592
4230,E,6,E6,RECOMBINANT ERK 0.5 nM,ERK_0.500nM,25.1,Inf
4230,E,6,E6,RECOMBINANT ERK 0.5 nM,ERK_0.500nM,25.1,Inf
4230,E,7,E7,223,CTL05,25.1,84406
4230,E,7,E7,223,CTL05,25.1,84406
4230,E,8,E8,22,SCZ02,25.1,94913
4230,E,8,E8,22,SCZ02,25.1,94913
4230,E,9,E9,329,SCZ10,25.1,83473
4230,E,9,E9,329,SCZ10,25.1,83473
4230,E,10,E10,930,SCZ18,25.1,68634
4230,E,10,E10,930,SCZ18,25.1,68634
4230,E,11,E11,5000ng lysate +ERK INHIBITOR,LYS_INH,25.1,88147
4230,E,11,E11,5000ng lysate +ERK INHIBITOR,LYS_INH,25.1,88147
4230,E,12,E12,RECOMBINANT ERK 0.5 nM,ERK_0.500nM,25.1,Inf
4230,E,12,E12,RECOMBINANT ERK 0.5 nM,ERK_0.500nM,25.1,Inf
4230,F,1,F1,524,CTL06,25.1,Inf
4230,F,1,F1,524,CTL06,25.1,Inf
4230,F,2,F2,29,SCZ03,25.1,99467
4230,F,2,F2,29,SCZ03,25.1,99467
4230,F,3,F3,446,SCZ11,25.1,85968
4230,F,3,F3,446,SCZ11,25.1,85968
4230,F,4,F4,931,SCZ19,25.1,75665
4230,F,4,F4,931,SCZ19,25.1,75665
4230,F,5,F5,"BLANK- Master Mix, no lysate",BLNK,25.1,86272
4230,F,5,F5,"BLANK- Master Mix, no lysate",BLNK,25.1,86272
4230,F,6,F6,RECOMBINANT ERK  0.25 nM,ERK_0.250nM,25.1,Inf
4230,F,6,F6,RECOMBINANT ERK  0.25 nM,ERK_0.250nM,25.1,Inf
4230,F,7,F7,524,CTL06,25.1,92097
4230,F,7,F7,524,CTL06,25.1,92097
4230,F,8,F8,29,SCZ03,25.1,Inf
4230,F,8,F8,29,SCZ03,25.1,Inf
4230,F,9,F9,446,SCZ11,25.1,69850
4230,F,9,F9,446,SCZ11,25.1,69850
4230,F,10,F10,931,SCZ19,25.1,77550
4230,F,10,F10,931,SCZ19,25.1,77550
4230,F,11,F11,"BLANK- Master Mix, no lysate",BLNK,25.1,87927
4230,F,11,F11,"BLANK- Master Mix, no lysate",BLNK,25.1,87927
4230,F,12,F12,RECOMBINANT ERK  0.25 nM,ERK_0.250nM,25.1,79591
4230,F,12,F12,RECOMBINANT ERK  0.25 nM,ERK_0.250nM,25.1,79591
4230,G,1,G1,661,CTL07,25.1,87454
4230,G,1,G1,661,CTL07,25.1,87454
4230,G,2,G2,69,SCZ04,25.1,85917
4230,G,2,G2,69,SCZ04,25.1,85917
4230,G,3,G3,510,SCZ12,25.1,90993
4230,G,3,G3,510,SCZ12,25.1,90993
4230,G,4,G4,932,SCZ20,25.1,70898
4230,G,4,G4,932,SCZ20,25.1,70898
4230,G,5,G5,"BLANK- Master Mix, lysate, no reporter",BLNK_LYS,25.1,23340
4230,G,5,G5,"BLANK- Master Mix, lysate, no reporter",BLNK_LYS,25.1,23340
4230,G,6,G6,RECOMBINANT ERK  0.125 nM,ERK_0.125nM,25.1,99256
4230,G,6,G6,RECOMBINANT ERK  0.125 nM,ERK_0.125nM,25.1,99256
4230,G,7,G7,661,CTL07,25.1,81126
4230,G,7,G7,661,CTL07,25.1,81126
4230,G,8,G8,69,SCZ04,25.1,88072
4230,G,8,G8,69,SCZ04,25.1,88072
4230,G,9,G9,510,SCZ12,25.1,97435
4230,G,9,G9,510,SCZ12,25.1,97435
4230,G,10,G10,932,SCZ20,25.1,71864
4230,G,10,G10,932,SCZ20,25.1,71864
4230,G,11,G11,"BLANK- Master Mix, lysate, no reporter",BLNK_LYS,25.1,24415
4230,G,11,G11,"BLANK- Master Mix, lysate, no reporter",BLNK_LYS,25.1,24415
4230,G,12,G12,RECOMBINANT ERK  0.125 nM,ERK_0.125nM,25.1,95116
4230,G,12,G12,RECOMBINANT ERK  0.125 nM,ERK_0.125nM,25.1,95116
4230,H,1,H1,689,CTL08,25.1,94415
4230,H,1,H1,689,CTL08,25.1,94415
4230,H,2,H2,94,SCZ05,25.1,81453
4230,H,2,H2,94,SCZ05,25.1,81453
4230,H,3,H3,547,SCZ13,25.1,83506
4230,H,3,H3,547,SCZ13,25.1,83506
4230,H,4,H4,326,LYS01,25.1,87314
4230,H,4,H4,326,LYS01,25.1,87314
4230,H,5,H5,NA,EMPTY,25.1,91433
4230,H,5,H5,NA,EMPTY,25.1,91433
4230,H,6,H6,RECOMBINANT ERK 2nM + ERK INHIBITOR,ERK_2.000nM_INH,25.1,26954
4230,H,6,H6,RECOMBINANT ERK 2nM + ERK INHIBITOR,ERK_2.000nM_INH,25.1,26954
4230,H,7,H7,689,CTL08,25.1,Inf
4230,H,7,H7,689,CTL08,25.1,Inf
4230,H,8,H8,94,SCZ05,25.1,30278
4230,H,8,H8,94,SCZ05,25.1,30278
4230,H,9,H9,547,SCZ13,25.1,93718
4230,H,9,H9,547,SCZ13,25.1,93718
4230,H,10,H10,326,LYS01,25.1,97501
4230,H,10,H10,326,LYS01,25.1,97501
4230,H,11,H11,NA,EMPTY,25.1,23880
4230,H,11,H11,NA,EMPTY,25.1,23880
4230,H,12,H12,RECOMBINANT ERK 2nM + ERK INHIBITOR,ERK_2.000nM_INH,25.1,Inf
4230,H,12,H12,RECOMBINANT ERK 2nM + ERK INHIBITOR,ERK_2.000nM_INH,25.1,Inf
4371,A,1,A1,46,CTL01,25.2,97561
4371,A,1,A1,46,CTL01,25.2,97561
4371,A,2,A2,720,CTL09,25.2,Inf
4371,A,2,A2,720,CTL09,25.2,Inf
4371,A,3,A3,225,SCZ06,25.2,81687
4371,A,3,A3,225,SCZ06,25.2,81687
4371,A,4,A4,552,SCZ14,25.2,91808
4371,A,4,A4,552,SCZ14,25.2,91808
4371,A,5,A5,328,LYS02,25.2,90127
4371,A,5,A5,328,LYS02,25.2,90127
4371,A,6,A6,RECOMBINANT ERK  2nM,ERK_2.000nM,25.2,Inf
4371,A,6,A6,RECOMBINANT ERK  2nM,ERK_2.000nM,25.2,Inf
4371,A,7,A7,46,CTL01,25.2,96813
4371,A,7,A7,46,CTL01,25.2,96813
4371,A,8,A8,720,CTL09,25.2,91726
4371,A,8,A8,720,CTL09,25.2,91726
4371,A,9,A9,225,SCZ06,25.2,93292
4371,A,9,A9,225,SCZ06,25.2,93292
4371,A,10,A10,552,SCZ14,25.2,81471
4371,A,10,A10,552,SCZ14,25.2,81471
4371,A,11,A11,328,LYS02,25.2,93131
4371,A,11,A11,328,LYS02,25.2,93131
4371,A,12,A12,RECOMBINANT ERK  2nM,ERK_2.000nM,25.2,Inf
4371,A,12,A12,RECOMBINANT ERK  2nM,ERK_2.000nM,25.2,Inf
4371,B,1,B1,116,CTL02,25.2,88773
4371,B,1,B1,116,CTL02,25.2,88773
4371,B,2,B2,859,CTL10,25.2,96804
4371,B,2,B2,859,CTL10,25.2,96804
4371,B,3,B3,235,SCZ07,25.2,Inf
4371,B,3,B3,235,SCZ07,25.2,Inf
4371,B,4,B4,565,SCZ15,25.2,89401
4371,B,4,B4,565,SCZ15,25.2,89401
4371,B,5,B5,335,LYS03,25.2,89331
4371,B,5,B5,335,LYS03,25.2,89331
4371,B,6,B6,RECOMBINANT ERK 1.5 nM,ERK_1.500nM,25.2,Inf
4371,B,6,B6,RECOMBINANT ERK 1.5 nM,ERK_1.500nM,25.2,Inf
4371,B,7,B7,116,CTL02,25.2,81360
4371,B,7,B7,116,CTL02,25.2,81360
4371,B,8,B8,859,CTL10,25.2,79344
4371,B,8,B8,859,CTL10,25.2,79344
4371,B,9,B9,235,SCZ07,25.2,96813
4371,B,9,B9,235,SCZ07,25.2,96813
4371,B,10,B10,565,SCZ15,25.2,91412
4371,B,10,B10,565,SCZ15,25.2,91412
4371,B,11,B11,335,LYS03,25.2,91655
4371,B,11,B11,335,LYS03,25.2,91655
4371,B,12,B12,RECOMBINANT ERK 1.5 nM,ERK_1.500nM,25.2,Inf
4371,B,12,B12,RECOMBINANT ERK 1.5 nM,ERK_1.500nM,25.2,Inf
4371,C,1,C1,167,CTL03,25.2,Inf
4371,C,1,C1,167,CTL03,25.2,Inf
4371,C,2,C2,874,CTL11,25.2,81397
4371,C,2,C2,874,CTL11,25.2,81397
4371,C,3,C3,262,SCZ08,25.2,97220
4371,C,3,C3,262,SCZ08,25.2,97220
4371,C,4,C4,737,SCZ16,25.2,91059
4371,C,4,C4,737,SCZ16,25.2,91059
4371,C,5,C5,907,LYS04,25.2,79939
4371,C,5,C5,907,LYS04,25.2,79939
4371,C,6,C6,RECOMBINANT ERK  1 nM,ERK_1.000nM,25.2,Inf
4371,C,6,C6,RECOMBINANT ERK  1 nM,ERK_1.000nM,25.2,Inf
4371,C,7,C7,167,CTL03,25.2,Inf
4371,C,7,C7,167,CTL03,25.2,Inf
4371,C,8,C8,874,CTL11,25.2,74586
4371,C,8,C8,874,CTL11,25.2,74586
4371,C,9,C9,262,SCZ08,25.2,88433
4371,C,9,C9,262,SCZ08,25.2,88433
4371,C,10,C10,737,SCZ16,25.2,86354
4371,C,10,C10,737,SCZ16,25.2,86354
4371,C,11,C11,907,LYS04,25.2,90528
4371,C,11,C11,907,LYS04,25.2,90528
4371,C,12,C12,RECOMBINANT ERK  1 nM,ERK_1.000nM,25.2,Inf
4371,C,12,C12,RECOMBINANT ERK  1 nM,ERK_1.000nM,25.2,Inf
4371,D,1,D1,195,CTL04,25.2,72280
4371,D,1,D1,195,CTL04,25.2,72280
4371,D,2,D2,11,SCZ01,25.2,93656
4371,D,2,D2,11,SCZ01,25.2,93656
4371,D,3,D3,291,SCZ09,25.2,86149
4371,D,3,D3,291,SCZ09,25.2,86149
4371,D,4,D4,802,SCZ17,25.2,61340
4371,D,4,D4,802,SCZ17,25.2,61340
4371,D,5,D5,5000ng lysate + HI,LYS_HI,25.2,87435
4371,D,5,D5,5000ng lysate + HI,LYS_HI,25.2,87435
4371,D,6,D6,RECOMBINANT ERK  0.75 nM,ERK_0.750nM,25.2,Inf
4371,D,6,D6,RECOMBINANT ERK  0.75 nM,ERK_0.750nM,25.2,Inf
4371,D,7,D7,195,CTL04,25.2,88192
4371,D,7,D7,195,CTL04,25.2,88192
4371,D,8,D8,11,SCZ01,25.2,87089
4371,D,8,D8,11,SCZ01,25.2,87089
4371,D,9,D9,291,SCZ09,25.2,81044
4371,D,9,D9,291,SCZ09,25.2,81044
4371,D,10,D10,802,SCZ17,25.2,82003
4371,D,10,D10,802,SCZ17,25.2,82003
4371,D,11,D11,5000ng lysate + HI,LYS_HI,25.2,92057
4371,D,11,D11,5000ng lysate + HI,LYS_HI,25.2,92057
4371,D,12,D12,RECOMBINANT ERK  0.75 nM,ERK_0.750nM,25.2,Inf
4371,D,12,D12,RECOMBINANT ERK  0.75 nM,ERK_0.750nM,25.2,Inf
4371,E,1,E1,223,CTL05,25.2,94600
4371,E,1,E1,223,CTL05,25.2,94600
4371,E,2,E2,22,SCZ02,25.2,Inf
4371,E,2,E2,22,SCZ02,25.2,Inf
4371,E,3,E3,329,SCZ10,25.2,Inf
4371,E,3,E3,329,SCZ10,25.2,Inf
4371,E,4,E4,930,SCZ18,25.2,64959
4371,E,4,E4,930,SCZ18,25.2,64959
4371,E,5,E5,5000ng lysate +ERK INHIBITOR,LYS_INH,25.2,86957
4371,E,5,E5,5000ng lysate +ERK INHIBITOR,LYS_INH,25.2,86957
4371,E,6,E6,RECOMBINANT ERK 0.5 nM,ERK_0.500nM,25.2,Inf
4371,E,6,E6,RECOMBINANT ERK 0.5 nM,ERK_0.500nM,25.2,Inf
4371,E,7,E7,223,CTL05,25.2,84760
4371,E,7,E7,223,CTL05,25.2,84760
4371,E,8,E8,22,SCZ02,25.2,96150
4371,E,8,E8,22,SCZ02,25.2,96150
4371,E,9,E9,329,SCZ10,25.2,84156
4371,E,9,E9,329,SCZ10,25.2,84156
4371,E,10,E10,930,SCZ18,25.2,68342
4371,E,10,E10,930,SCZ18,25.2,68342
4371,E,11,E11,5000ng lysate +ERK INHIBITOR,LYS_INH,25.2,88263
4371,E,11,E11,5000ng lysate +ERK INHIBITOR,LYS_INH,25.2,88263
4371,E,12,E12,RECOMBINANT ERK 0.5 nM,ERK_0.500nM,25.2,Inf
4371,E,12,E12,RECOMBINANT ERK 0.5 nM,ERK_0.500nM,25.2,Inf
4371,F,1,F1,524,CTL06,25.2,99518
4371,F,1,F1,524,CTL06,25.2,99518
4371,F,2,F2,29,SCZ03,25.2,Inf
4371,F,2,F2,29,SCZ03,25.2,Inf
4371,F,3,F3,446,SCZ11,25.2,86144
4371,F,3,F3,446,SCZ11,25.2,86144
4371,F,4,F4,931,SCZ19,25.2,75798
4371,F,4,F4,931,SCZ19,25.2,75798
4371,F,5,F5,"BLANK- Master Mix, no lysate",BLNK,25.2,86236
4371,F,5,F5,"BLANK- Master Mix, no lysate",BLNK,25.2,86236
4371,F,6,F6,RECOMBINANT ERK  0.25 nM,ERK_0.250nM,25.2,Inf
4371,F,6,F6,RECOMBINANT ERK  0.25 nM,ERK_0.250nM,25.2,Inf
4371,F,7,F7,524,CTL06,25.2,92046
4371,F,7,F7,524,CTL06,25.2,92046
4371,F,8,F8,29,SCZ03,25.2,Inf
4371,F,8,F8,29,SCZ03,25.2,Inf
4371,F,9,F9,446,SCZ11,25.2,69682
4371,F,9,F9,446,SCZ11,25.2,69682
4371,F,10,F10,931,SCZ19,25.2,77019
4371,F,10,F10,931,SCZ19,25.2,77019
4371,F,11,F11,"BLANK- Master Mix, no lysate",BLNK,25.2,86577
4371,F,11,F11,"BLANK- Master Mix, no lysate",BLNK,25.2,86577
4371,F,12,F12,RECOMBINANT ERK  0.25 nM,ERK_0.250nM,25.2,80020
4371,F,12,F12,RECOMBINANT ERK  0.25 nM,ERK_0.250nM,25.2,80020
4371,G,1,G1,661,CTL07,25.2,87533
4371,G,1,G1,661,CTL07,25.2,87533
4371,G,2,G2,69,SCZ04,25.2,86872
4371,G,2,G2,69,SCZ04,25.2,86872
4371,G,3,G3,510,SCZ12,25.2,91642
4371,G,3,G3,510,SCZ12,25.2,91642
4371,G,4,G4,932,SCZ20,25.2,71919
4371,G,4,G4,932,SCZ20,25.2,71919
4371,G,5,G5,"BLANK- Master Mix, lysate, no reporter",BLNK_LYS,25.2,23444
4371,G,5,G5,"BLANK- Master Mix, lysate, no reporter",BLNK_LYS,25.2,23444
4371,G,6,G6,RECOMBINANT ERK  0.125 nM,ERK_0.125nM,25.2,98994
4371,G,6,G6,RECOMBINANT ERK  0.125 nM,ERK_0.125nM,25.2,98994
4371,G,7,G7,661,CTL07,25.2,81588
4371,G,7,G7,661,CTL07,25.2,81588
4371,G,8,G8,69,SCZ04,25.2,89050
4371,G,8,G8,69,SCZ04,25.2,89050
4371,G,9,G9,510,SCZ12,25.2,98861
4371,G,9,G9,510,SCZ12,25.2,98861
4371,G,10,G10,932,SCZ20,25.2,71466
4371,G,10,G10,932,SCZ20,25.2,71466
4371,G,11,G11,"BLANK- Master Mix, lysate, no reporter",BLNK_LYS,25.2,24493
4371,G,11,G11,"BLANK- Master Mix, lysate, no reporter",BLNK_LYS,25.2,24493
4371,G,12,G12,RECOMBINANT ERK  0.125 nM,ERK_0.125nM,25.2,95486
4371,G,12,G12,RECOMBINANT ERK  0.125 nM,ERK_0.125nM,25.2,95486
4371,H,1,H1,689,CTL08,25.2,93817
4371,H,1,H1,689,CTL08,25.2,93817
4371,H,2,H2,94,SCZ05,25.2,82212
4371,H,2,H2,94,SCZ05,25.2,82212
4371,H,3,H3,547,SCZ13,25.2,83752
4371,H,3,H3,547,SCZ13,25.2,83752
4371,H,4,H4,326,LYS01,25.2,87407
4371,H,4,H4,326,LYS01,25.2,87407
4371,H,5,H5,NA,EMPTY,25.2,90687
4371,H,5,H5,NA,EMPTY,25.2,90687
4371,H,6,H6,RECOMBINANT ERK 2nM + ERK INHIBITOR,ERK_2.000nM_INH,25.2,27412
4371,H,6,H6,RECOMBINANT ERK 2nM + ERK INHIBITOR,ERK_2.000nM_INH,25.2,27412
4371,H,7,H7,689,CTL08,25.2,Inf
4371,H,7,H7,689,CTL08,25.2,Inf
4371,H,8,H8,94,SCZ05,25.2,29811
4371,H,8,H8,94,SCZ05,25.2,29811
4371,H,9,H9,547,SCZ13,25.2,93767
4371,H,9,H9,547,SCZ13,25.2,93767
4371,H,10,H10,326,LYS01,25.2,97694
4371,H,10,H10,326,LYS01,25.2,97694
4371,H,11,H11,NA,EMPTY,25.2,23643
4371,H,11,H11,NA,EMPTY,25.2,23643
4371,H,12,H12,RECOMBINANT ERK 2nM + ERK INHIBITOR,ERK_2.000nM_INH,25.2,Inf
4371,H,12,H12,RECOMBINANT ERK 2nM + ERK INHIBITOR,ERK_2.000nM_INH,25.2,Inf
4512,A,1,A1,46,CTL01,25.2,96627
4512,A,1,A1,46,CTL01,25.2,96627
4512,A,2,A2,720,CTL09,25.2,Inf
4512,A,2,A2,720,CTL09,25.2,Inf
4512,A,3,A3,225,SCZ06,25.2,81747
4512,A,3,A3,225,SCZ06,25.2,81747
4512,A,4,A4,552,SCZ14,25.2,92174
4512,A,4,A4,552,SCZ14,25.2,92174
4512,A,5,A5,328,LYS02,25.2,90119
4512,A,5,A5,328,LYS02,25.2,90119
4512,A,6,A6,RECOMBINANT ERK  2nM,ERK_2.000nM,25.2,Inf
4512,A,6,A6,RECOMBINANT ERK  2nM,ERK_2.000nM,25.2,Inf
4512,A,7,A7,46,CTL01,25.2,97704
4512,A,7,A7,46,CTL01,25.2,97704
4512,A,8,A8,720,CTL09,25.2,92380
4512,A,8,A8,720,CTL09,25.2,92380
4512,A,9,A9,225,SCZ06,25.2,92665
4512,A,9,A9,225,SCZ06,25.2,92665
4512,A,10,A10,552,SCZ14,25.2,81524
4512,A,10,A10,552,SCZ14,25.2,81524
4512,A,11,A11,328,LYS02,25.2,93117
4512,A,11,A11,328,LYS02,25.2,93117
4512,A,12,A12,RECOMBINANT ERK  2nM,ERK_2.000nM,25.2,Inf
4512,A,12,A12,RECOMBINANT ERK  2nM,ERK_2.000nM,25.2,Inf
4512,B,1,B1,116,CTL02,25.2,88915
4512,B,1,B1,116,CTL02,25.2,88915
4512,B,2,B2,859,CTL10,25.2,97255
4512,B,2,B2,859,CTL10,25.2,97255
4512,B,3,B3,235,SCZ07,25.2,Inf
4512,B,3,B3,235,SCZ07,25.2,Inf
4512,B,4,B4,565,SCZ15,25.2,89494
4512,B,4,B4,565,SCZ15,25.2,89494
4512,B,5,B5,335,LYS03,25.2,89976
4512,B,5,B5,335,LYS03,25.2,89976
4512,B,6,B6,RECOMBINANT ERK 1.5 nM,ERK_1.500nM,25.2,Inf
4512,B,6,B6,RECOMBINANT ERK 1.5 nM,ERK_1.500nM,25.2,Inf
4512,B,7,B7,116,CTL02,25.2,80640
4512,B,7,B7,116,CTL02,25.2,80640
4512,B,8,B8,859,CTL10,25.2,78757
4512,B,8,B8,859,CTL10,25.2,78757
4512,B,9,B9,235,SCZ07,25.2,97546
4512,B,9,B9,235,SCZ07,25.2,97546
4512,B,10,B10,565,SCZ15,25.2,91484
4512,B,10,B10,565,SCZ15,25.2,91484
4512,B,11,B11,335,LYS03,25.2,92544
4512,B,11,B11,335,LYS03,25.2,92544
4512,B,12,B12,RECOMBINANT ERK 1.5 nM,ERK_1.500nM,25.2,Inf
4512,B,12,B12,RECOMBINANT ERK 1.5 nM,ERK_1.500nM,25.2,Inf
4512,C,1,C1,167,CTL03,25.2,Inf
4512,C,1,C1,167,CTL03,25.2,Inf
4512,C,2,C2,874,CTL11,25.2,81863
4512,C,2,C2,874,CTL11,25.2,81863
4512,C,3,C3,262,SCZ08,25.2,97311
4512,C,3,C3,262,SCZ08,25.2,97311
4512,C,4,C4,737,SCZ16,25.2,91160
4512,C,4,C4,737,SCZ16,25.2,91160
4512,C,5,C5,907,LYS04,25.2,79862
4512,C,5,C5,907,LYS04,25.2,79862
4512,C,6,C6,RECOMBINANT ERK  1 nM,ERK_1.000nM,25.2,Inf
4512,C,6,C6,RECOMBINANT ERK  1 nM,ERK_1.000nM,25.2,Inf
4512,C,7,C7,167,CTL03,25.2,Inf
4512,C,7,C7,167,CTL03,25.2,Inf
4512,C,8,C8,874,CTL11,25.2,73232
4512,C,8,C8,874,CTL11,25.2,73232
4512,C,9,C9,262,SCZ08,25.2,88891
4512,C,9,C9,262,SCZ08,25.2,88891
4512,C,10,C10,737,SCZ16,25.2,86886
4512,C,10,C10,737,SCZ16,25.2,86886
4512,C,11,C11,907,LYS04,25.2,90323
4512,C,11,C11,907,LYS04,25.2,90323
4512,C,12,C12,RECOMBINANT ERK  1 nM,ERK_1.000nM,25.2,Inf
4512,C,12,C12,RECOMBINANT ERK  1 nM,ERK_1.000nM,25.2,Inf
4512,D,1,D1,195,CTL04,25.2,72240
4512,D,1,D1,195,CTL04,25.2,72240
4512,D,2,D2,11,SCZ01,25.2,93654
4512,D,2,D2,11,SCZ01,25.2,93654
4512,D,3,D3,291,SCZ09,25.2,86615
4512,D,3,D3,291,SCZ09,25.2,86615
4512,D,4,D4,802,SCZ17,25.2,61424
4512,D,4,D4,802,SCZ17,25.2,61424
4512,D,5,D5,5000ng lysate + HI,LYS_HI,25.2,86917
4512,D,5,D5,5000ng lysate + HI,LYS_HI,25.2,86917
4512,D,6,D6,RECOMBINANT ERK  0.75 nM,ERK_0.750nM,25.2,Inf
4512,D,6,D6,RECOMBINANT ERK  0.75 nM,ERK_0.750nM,25.2,Inf
4512,D,7,D7,195,CTL04,25.2,88182
4512,D,7,D7,195,CTL04,25.2,88182
4512,D,8,D8,11,SCZ01,25.2,86466
4512,D,8,D8,11,SCZ01,25.2,86466
4512,D,9,D9,291,SCZ09,25.2,80760
4512,D,9,D9,291,SCZ09,25.2,80760
4512,D,10,D10,802,SCZ17,25.2,82033
4512,D,10,D10,802,SCZ17,25.2,82033
4512,D,11,D11,5000ng lysate + HI,LYS_HI,25.2,92126
4512,D,11,D11,5000ng lysate + HI,LYS_HI,25.2,92126
4512,D,12,D12,RECOMBINANT ERK  0.75 nM,ERK_0.750nM,25.2,Inf
4512,D,12,D12,RECOMBINANT ERK  0.75 nM,ERK_0.750nM,25.2,Inf
4512,E,1,E1,223,CTL05,25.2,94903
4512,E,1,E1,223,CTL05,25.2,94903
4512,E,2,E2,22,SCZ02,25.2,Inf
4512,E,2,E2,22,SCZ02,25.2,Inf
4512,E,3,E3,329,SCZ10,25.2,Inf
4512,E,3,E3,329,SCZ10,25.2,Inf
4512,E,4,E4,930,SCZ18,25.2,64393
4512,E,4,E4,930,SCZ18,25.2,64393
4512,E,5,E5,5000ng lysate +ERK INHIBITOR,LYS_INH,25.2,86366
4512,E,5,E5,5000ng lysate +ERK INHIBITOR,LYS_INH,25.2,86366
4512,E,6,E6,RECOMBINANT ERK 0.5 nM,ERK_0.500nM,25.2,Inf
4512,E,6,E6,RECOMBINANT ERK 0.5 nM,ERK_0.500nM,25.2,Inf
4512,E,7,E7,223,CTL05,25.2,85436
4512,E,7,E7,223,CTL05,25.2,85436
4512,E,8,E8,22,SCZ02,25.2,97736
4512,E,8,E8,22,SCZ02,25.2,97736
4512,E,9,E9,329,SCZ10,25.2,84313
4512,E,9,E9,329,SCZ10,25.2,84313
4512,E,10,E10,930,SCZ18,25.2,68496
4512,E,10,E10,930,SCZ18,25.2,68496
4512,E,11,E11,5000ng lysate +ERK INHIBITOR,LYS_INH,25.2,88581
4512,E,11,E11,5000ng lysate +ERK INHIBITOR,LYS_INH,25.2,88581
4512,E,12,E12,RECOMBINANT ERK 0.5 nM,ERK_0.500nM,25.2,Inf
4512,E,12,E12,RECOMBINANT ERK 0.5 nM,ERK_0.500nM,25.2,Inf
4512,F,1,F1,524,CTL06,25.2,Inf
4512,F,1,F1,524,CTL06,25.2,Inf
4512,F,2,F2,29,SCZ03,25.2,Inf
4512,F,2,F2,29,SCZ03,25.2,Inf
4512,F,3,F3,446,SCZ11,25.2,86284
4512,F,3,F3,446,SCZ11,25.2,86284
4512,F,4,F4,931,SCZ19,25.2,75467
4512,F,4,F4,931,SCZ19,25.2,75467
4512,F,5,F5,"BLANK- Master Mix, no lysate",BLNK,25.2,85941
4512,F,5,F5,"BLANK- Master Mix, no lysate",BLNK,25.2,85941
4512,F,6,F6,RECOMBINANT ERK  0.25 nM,ERK_0.250nM,25.2,Inf
4512,F,6,F6,RECOMBINANT ERK  0.25 nM,ERK_0.250nM,25.2,Inf
4512,F,7,F7,524,CTL06,25.2,92373
4512,F,7,F7,524,CTL06,25.2,92373
4512,F,8,F8,29,SCZ03,25.2,Inf
4512,F,8,F8,29,SCZ03,25.2,Inf
4512,F,9,F9,446,SCZ11,25.2,69307
4512,F,9,F9,446,SCZ11,25.2,69307
4512,F,10,F10,931,SCZ19,25.2,76898
4512,F,10,F10,931,SCZ19,25.2,76898
4512,F,11,F11,"BLANK- Master Mix, no lysate",BLNK,25.2,86471
4512,F,11,F11,"BLANK- Master Mix, no lysate",BLNK,25.2,86471
4512,F,12,F12,RECOMBINANT ERK  0.25 nM,ERK_0.250nM,25.2,81203
4512,F,12,F12,RECOMBINANT ERK  0.25 nM,ERK_0.250nM,25.2,81203
4512,G,1,G1,661,CTL07,25.2,86540
4512,G,1,G1,661,CTL07,25.2,86540
4512,G,2,G2,69,SCZ04,25.2,86119
4512,G,2,G2,69,SCZ04,25.2,86119
4512,G,3,G3,510,SCZ12,25.2,91366
4512,G,3,G3,510,SCZ12,25.2,91366
4512,G,4,G4,932,SCZ20,25.2,71646
4512,G,4,G4,932,SCZ20,25.2,71646
4512,G,5,G5,"BLANK- Master Mix, lysate, no reporter",BLNK_LYS,25.2,23534
4512,G,5,G5,"BLANK- Master Mix, lysate, no reporter",BLNK_LYS,25.2,23534
4512,G,6,G6,RECOMBINANT ERK  0.125 nM,ERK_0.125nM,25.2,Inf
4512,G,6,G6,RECOMBINANT ERK  0.125 nM,ERK_0.125nM,25.2,Inf
4512,G,7,G7,661,CTL07,25.2,82200
4512,G,7,G7,661,CTL07,25.2,82200
4512,G,8,G8,69,SCZ04,25.2,89027
4512,G,8,G8,69,SCZ04,25.2,89027
4512,G,9,G9,510,SCZ12,25.2,98721
4512,G,9,G9,510,SCZ12,25.2,98721
4512,G,10,G10,932,SCZ20,25.2,71917
4512,G,10,G10,932,SCZ20,25.2,71917
4512,G,11,G11,"BLANK- Master Mix, lysate, no reporter",BLNK_LYS,25.2,24330
4512,G,11,G11,"BLANK- Master Mix, lysate, no reporter",BLNK_LYS,25.2,24330
4512,G,12,G12,RECOMBINANT ERK  0.125 nM,ERK_0.125nM,25.2,95805
4512,G,12,G12,RECOMBINANT ERK  0.125 nM,ERK_0.125nM,25.2,95805
4512,H,1,H1,689,CTL08,25.2,94364
4512,H,1,H1,689,CTL08,25.2,94364
4512,H,2,H2,94,SCZ05,25.2,81331
4512,H,2,H2,94,SCZ05,25.2,81331
4512,H,3,H3,547,SCZ13,25.2,83433
4512,H,3,H3,547,SCZ13,25.2,83433
4512,H,4,H4,326,LYS01,25.2,87812
4512,H,4,H4,326,LYS01,25.2,87812
4512,H,5,H5,NA,EMPTY,25.2,90488
4512,H,5,H5,NA,EMPTY,25.2,90488
4512,H,6,H6,RECOMBINANT ERK 2nM + ERK INHIBITOR,ERK_2.000nM_INH,25.2,26838
4512,H,6,H6,RECOMBINANT ERK 2nM + ERK INHIBITOR,ERK_2.000nM_INH,25.2,26838
4512,H,7,H7,689,CTL08,25.2,Inf
4512,H,7,H7,689,CTL08,25.2,Inf
4512,H,8,H8,94,SCZ05,25.2,30144
4512,H,8,H8,94,SCZ05,25.2,30144
4512,H,9,H9,547,SCZ13,25.2,93382
4512,H,9,H9,547,SCZ13,25.2,93382
4512,H,10,H10,326,LYS01,25.2,97989
4512,H,10,H10,326,LYS01,25.2,97989
4512,H,11,H11,NA,EMPTY,25.2,23720
4512,H,11,H11,NA,EMPTY,25.2,23720
4512,H,12,H12,RECOMBINANT ERK 2nM + ERK INHIBITOR,ERK_2.000nM_INH,25.2,Inf
4512,H,12,H12,RECOMBINANT ERK 2nM + ERK INHIBITOR,ERK_2.000nM_INH,25.2,Inf
4653,A,1,A1,46,CTL01,25.2,97733
4653,A,1,A1,46,CTL01,25.2,97733
4653,A,2,A2,720,CTL09,25.2,Inf
4653,A,2,A2,720,CTL09,25.2,Inf
4653,A,3,A3,225,SCZ06,25.2,81692
4653,A,3,A3,225,SCZ06,25.2,81692
4653,A,4,A4,552,SCZ14,25.2,91290
4653,A,4,A4,552,SCZ14,25.2,91290
4653,A,5,A5,328,LYS02,25.2,90424
4653,A,5,A5,328,LYS02,25.2,90424
4653,A,6,A6,RECOMBINANT ERK  2nM,ERK_2.000nM,25.2,Inf
4653,A,6,A6,RECOMBINANT ERK  2nM,ERK_2.000nM,25.2,Inf
4653,A,7,A7,46,CTL01,25.2,96829
4653,A,7,A7,46,CTL01,25.2,96829
4653,A,8,A8,720,CTL09,25.2,92629
4653,A,8,A8,720,CTL09,25.2,92629
4653,A,9,A9,225,SCZ06,25.2,92846
4653,A,9,A9,225,SCZ06,25.2,92846
4653,A,10,A10,552,SCZ14,25.2,81697
4653,A,10,A10,552,SCZ14,25.2,81697
4653,A,11,A11,328,LYS02,25.2,93402
4653,A,11,A11,328,LYS02,25.2,93402
4653,A,12,A12,RECOMBINANT ERK  2nM,ERK_2.000nM,25.2,Inf
4653,A,12,A12,RECOMBINANT ERK  2nM,ERK_2.000nM,25.2,Inf
4653,B,1,B1,116,CTL02,25.2,88504
4653,B,1,B1,116,CTL02,25.2,88504
4653,B,2,B2,859,CTL10,25.2,98106
4653,B,2,B2,859,CTL10,25.2,98106
4653,B,3,B3,235,SCZ07,25.2,Inf
4653,B,3,B3,235,SCZ07,25.2,Inf
4653,B,4,B4,565,SCZ15,25.2,89564
4653,B,4,B4,565,SCZ15,25.2,89564
4653,B,5,B5,335,LYS03,25.2,90810
4653,B,5,B5,335,LYS03,25.2,90810
4653,B,6,B6,RECOMBINANT ERK 1.5 nM,ERK_1.500nM,25.2,Inf
4653,B,6,B6,RECOMBINANT ERK 1.5 nM,ERK_1.500nM,25.2,Inf
4653,B,7,B7,116,CTL02,25.2,80951
4653,B,7,B7,116,CTL02,25.2,80951
4653,B,8,B8,859,CTL10,25.2,79429
4653,B,8,B8,859,CTL10,25.2,79429
4653,B,9,B9,235,SCZ07,25.2,96782
4653,B,9,B9,235,SCZ07,25.2,96782
4653,B,10,B10,565,SCZ15,25.2,91329
4653,B,10,B10,565,SCZ15,25.2,91329
4653,B,11,B11,335,LYS03,25.2,92491
4653,B,11,B11,335,LYS03,25.2,92491
4653,B,12,B12,RECOMBINANT ERK 1.5 nM,ERK_1.500nM,25.2,Inf
4653,B,12,B12,RECOMBINANT ERK 1.5 nM,ERK_1.500nM,25.2,Inf
4653,C,1,C1,167,CTL03,25.2,Inf
4653,C,1,C1,167,CTL03,25.2,Inf
4653,C,2,C2,874,CTL11,25.2,81349
4653,C,2,C2,874,CTL11,25.2,81349
4653,C,3,C3,262,SCZ08,25.2,97613
4653,C,3,C3,262,SCZ08,25.2,97613
4653,C,4,C4,737,SCZ16,25.2,90785
4653,C,4,C4,737,SCZ16,25.2,90785
4653,C,5,C5,907,LYS04,25.2,80224
4653,C,5,C5,907,LYS04,25.2,80224
4653,C,6,C6,RECOMBINANT ERK  1 nM,ERK_1.000nM,25.2,Inf
4653,C,6,C6,RECOMBINANT ERK  1 nM,ERK_1.000nM,25.2,Inf
4653,C,7,C7,167,CTL03,25.2,Inf
4653,C,7,C7,167,CTL03,25.2,Inf
4653,C,8,C8,874,CTL11,25.2,73780
4653,C,8,C8,874,CTL11,25.2,73780
4653,C,9,C9,262,SCZ08,25.2,88690
4653,C,9,C9,262,SCZ08,25.2,88690
4653,C,10,C10,737,SCZ16,25.2,86409
4653,C,10,C10,737,SCZ16,25.2,86409
4653,C,11,C11,907,LYS04,25.2,90548
4653,C,11,C11,907,LYS04,25.2,90548
4653,C,12,C12,RECOMBINANT ERK  1 nM,ERK_1.000nM,25.2,Inf
4653,C,12,C12,RECOMBINANT ERK  1 nM,ERK_1.000nM,25.2,Inf
4653,D,1,D1,195,CTL04,25.2,72472
4653,D,1,D1,195,CTL04,25.2,72472
4653,D,2,D2,11,SCZ01,25.2,93210
4653,D,2,D2,11,SCZ01,25.2,93210
4653,D,3,D3,291,SCZ09,25.2,86446
4653,D,3,D3,291,SCZ09,25.2,86446
4653,D,4,D4,802,SCZ17,25.2,61187
4653,D,4,D4,802,SCZ17,25.2,61187
4653,D,5,D5,5000ng lysate + HI,LYS_HI,25.2,87176
4653,D,5,D5,5000ng lysate + HI,LYS_HI,25.2,87176
4653,D,6,D6,RECOMBINANT ERK  0.75 nM,ERK_0.750nM,25.2,Inf
4653,D,6,D6,RECOMBINANT ERK  0.75 nM,ERK_0.750nM,25.2,Inf
4653,D,7,D7,195,CTL04,25.2,89023
4653,D,7,D7,195,CTL04,25.2,89023
4653,D,8,D8,11,SCZ01,25.2,86505
4653,D,8,D8,11,SCZ01,25.2,86505
4653,D,9,D9,291,SCZ09,25.2,80737
4653,D,9,D9,291,SCZ09,25.2,80737
4653,D,10,D10,802,SCZ17,25.2,82027
4653,D,10,D10,802,SCZ17,25.2,82027
4653,D,11,D11,5000ng lysate + HI,LYS_HI,25.2,91809
4653,D,11,D11,5000ng lysate + HI,LYS_HI,25.2,91809
4653,D,12,D12,RECOMBINANT ERK  0.75 nM,ERK_0.750nM,25.2,Inf
4653,D,12,D12,RECOMBINANT ERK  0.75 nM,ERK_0.750nM,25.2,Inf
4653,E,1,E1,223,CTL05,25.2,95760
4653,E,1,E1,223,CTL05,25.2,95760
4653,E,2,E2,22,SCZ02,25.2,Inf
4653,E,2,E2,22,SCZ02,25.2,Inf
4653,E,3,E3,329,SCZ10,25.2,Inf
4653,E,3,E3,329,SCZ10,25.2,Inf
4653,E,4,E4,930,SCZ18,25.2,64040
4653,E,4,E4,930,SCZ18,25.2,64040
4653,E,5,E5,5000ng lysate +ERK INHIBITOR,LYS_INH,25.2,86735
4653,E,5,E5,5000ng lysate +ERK INHIBITOR,LYS_INH,25.2,86735
4653,E,6,E6,RECOMBINANT ERK 0.5 nM,ERK_0.500nM,25.2,Inf
4653,E,6,E6,RECOMBINANT ERK 0.5 nM,ERK_0.500nM,25.2,Inf
4653,E,7,E7,223,CTL05,25.2,85103
4653,E,7,E7,223,CTL05,25.2,85103
4653,E,8,E8,22,SCZ02,25.2,99694
4653,E,8,E8,22,SCZ02,25.2,99694
4653,E,9,E9,329,SCZ10,25.2,85042
4653,E,9,E9,329,SCZ10,25.2,85042
4653,E,10,E10,930,SCZ18,25.2,68517
4653,E,10,E10,930,SCZ18,25.2,68517
4653,E,11,E11,5000ng lysate +ERK INHIBITOR,LYS_INH,25.2,87426
4653,E,11,E11,5000ng lysate +ERK INHIBITOR,LYS_INH,25.2,87426
4653,E,12,E12,RECOMBINANT ERK 0.5 nM,ERK_0.500nM,25.2,Inf
4653,E,12,E12,RECOMBINANT ERK 0.5 nM,ERK_0.500nM,25.2,Inf
4653,F,1,F1,524,CTL06,25.2,Inf
4653,F,1,F1,524,CTL06,25.2,Inf
4653,F,2,F2,29,SCZ03,25.2,Inf
4653,F,2,F2,29,SCZ03,25.2,Inf
4653,F,3,F3,446,SCZ11,25.2,86753
4653,F,3,F3,446,SCZ11,25.2,86753
4653,F,4,F4,931,SCZ19,25.2,75743
4653,F,4,F4,931,SCZ19,25.2,75743
4653,F,5,F5,"BLANK- Master Mix, no lysate",BLNK,25.2,85921
4653,F,5,F5,"BLANK- Master Mix, no lysate",BLNK,25.2,85921
4653,F,6,F6,RECOMBINANT ERK  0.25 nM,ERK_0.250nM,25.2,Inf
4653,F,6,F6,RECOMBINANT ERK  0.25 nM,ERK_0.250nM,25.2,Inf
4653,F,7,F7,524,CTL06,25.2,92770
4653,F,7,F7,524,CTL06,25.2,92770
4653,F,8,F8,29,SCZ03,25.2,Inf
4653,F,8,F8,29,SCZ03,25.2,Inf
4653,F,9,F9,446,SCZ11,25.2,69303
4653,F,9,F9,446,SCZ11,25.2,69303
4653,F,10,F10,931,SCZ19,25.2,76938
4653,F,10,F10,931,SCZ19,25.2,76938
4653,F,11,F11,"BLANK- Master Mix, no lysate",BLNK,25.2,87481
4653,F,11,F11,"BLANK- Master Mix, no lysate",BLNK,25.2,87481
4653,F,12,F12,RECOMBINANT ERK  0.25 nM,ERK_0.250nM,25.2,82120
4653,F,12,F12,RECOMBINANT ERK  0.25 nM,ERK_0.250nM,25.2,82120
4653,G,1,G1,661,CTL07,25.2,87156
4653,G,1,G1,661,CTL07,25.2,87156
4653,G,2,G2,69,SCZ04,25.2,86387
4653,G,2,G2,69,SCZ04,25.2,86387
4653,G,3,G3,510,SCZ12,25.2,93057
4653,G,3,G3,510,SCZ12,25.2,93057
4653,G,4,G4,932,SCZ20,25.2,71442
4653,G,4,G4,932,SCZ20,25.2,71442
4653,G,5,G5,"BLANK- Master Mix, lysate, no reporter",BLNK_LYS,25.2,23456
4653,G,5,G5,"BLANK- Master Mix, lysate, no reporter",BLNK_LYS,25.2,23456
4653,G,6,G6,RECOMBINANT ERK  0.125 nM,ERK_0.125nM,25.2,99560
4653,G,6,G6,RECOMBINANT ERK  0.125 nM,ERK_0.125nM,25.2,99560
4653,G,7,G7,661,CTL07,25.2,82573
4653,G,7,G7,661,CTL07,25.2,82573
4653,G,8,G8,69,SCZ04,25.2,88845
4653,G,8,G8,69,SCZ04,25.2,88845
4653,G,9,G9,510,SCZ12,25.2,99439
4653,G,9,G9,510,SCZ12,25.2,99439
4653,G,10,G10,932,SCZ20,25.2,71959
4653,G,10,G10,932,SCZ20,25.2,71959
4653,G,11,G11,"BLANK- Master Mix, lysate, no reporter",BLNK_LYS,25.2,24125
4653,G,11,G11,"BLANK- Master Mix, lysate, no reporter",BLNK_LYS,25.2,24125
4653,G,12,G12,RECOMBINANT ERK  0.125 nM,ERK_0.125nM,25.2,95801
4653,G,12,G12,RECOMBINANT ERK  0.125 nM,ERK_0.125nM,25.2,95801
4653,H,1,H1,689,CTL08,25.2,94447
4653,H,1,H1,689,CTL08,25.2,94447
4653,H,2,H2,94,SCZ05,25.2,81630
4653,H,2,H2,94,SCZ05,25.2,81630
4653,H,3,H3,547,SCZ13,25.2,83842
4653,H,3,H3,547,SCZ13,25.2,83842
4653,H,4,H4,326,LYS01,25.2,88210
4653,H,4,H4,326,LYS01,25.2,88210
4653,H,5,H5,NA,EMPTY,25.2,91027
4653,H,5,H5,NA,EMPTY,25.2,91027
4653,H,6,H6,RECOMBINANT ERK 2nM + ERK INHIBITOR,ERK_2.000nM_INH,25.2,26886
4653,H,6,H6,RECOMBINANT ERK 2nM + ERK INHIBITOR,ERK_2.000nM_INH,25.2,26886
4653,H,7,H7,689,CTL08,25.2,Inf
4653,H,7,H7,689,CTL08,25.2,Inf
4653,H,8,H8,94,SCZ05,25.2,29776
4653,H,8,H8,94,SCZ05,25.2,29776
4653,H,9,H9,547,SCZ13,25.2,93710
4653,H,9,H9,547,SCZ13,25.2,93710
4653,H,10,H10,326,LYS01,25.2,98489
4653,H,10,H10,326,LYS01,25.2,98489
4653,H,11,H11,NA,EMPTY,25.2,23933
4653,H,11,H11,NA,EMPTY,25.2,23933
4653,H,12,H12,RECOMBINANT ERK 2nM + ERK INHIBITOR,ERK_2.000nM_INH,25.2,Inf
4653,H,12,H12,RECOMBINANT ERK 2nM + ERK INHIBITOR,ERK_2.000nM_INH,25.2,Inf
4794,A,1,A1,46,CTL01,25.2,97062
4794,A,1,A1,46,CTL01,25.2,97062
4794,A,2,A2,720,CTL09,25.2,Inf
4794,A,2,A2,720,CTL09,25.2,Inf
4794,A,3,A3,225,SCZ06,25.2,82336
4794,A,3,A3,225,SCZ06,25.2,82336
4794,A,4,A4,552,SCZ14,25.2,91676
4794,A,4,A4,552,SCZ14,25.2,91676
4794,A,5,A5,328,LYS02,25.2,90358
4794,A,5,A5,328,LYS02,25.2,90358
4794,A,6,A6,RECOMBINANT ERK  2nM,ERK_2.000nM,25.2,Inf
4794,A,6,A6,RECOMBINANT ERK  2nM,ERK_2.000nM,25.2,Inf
4794,A,7,A7,46,CTL01,25.2,96705
4794,A,7,A7,46,CTL01,25.2,96705
4794,A,8,A8,720,CTL09,25.2,94167
4794,A,8,A8,720,CTL09,25.2,94167
4794,A,9,A9,225,SCZ06,25.2,93271
4794,A,9,A9,225,SCZ06,25.2,93271
4794,A,10,A10,552,SCZ14,25.2,81700
4794,A,10,A10,552,SCZ14,25.2,81700
4794,A,11,A11,328,LYS02,25.2,92971
4794,A,11,A11,328,LYS02,25.2,92971
4794,A,12,A12,RECOMBINANT ERK  2nM,ERK_2.000nM,25.2,Inf
4794,A,12,A12,RECOMBINANT ERK  2nM,ERK_2.000nM,25.2,Inf
4794,B,1,B1,116,CTL02,25.2,88745
4794,B,1,B1,116,CTL02,25.2,88745
4794,B,2,B2,859,CTL10,25.2,98485
4794,B,2,B2,859,CTL10,25.2,98485
4794,B,3,B3,235,SCZ07,25.2,Inf
4794,B,3,B3,235,SCZ07,25.2,Inf
4794,B,4,B4,565,SCZ15,25.2,89476
4794,B,4,B4,565,SCZ15,25.2,89476
4794,B,5,B5,335,LYS03,25.2,91243
4794,B,5,B5,335,LYS03,25.2,91243
4794,B,6,B6,RECOMBINANT ERK 1.5 nM,ERK_1.500nM,25.2,Inf
4794,B,6,B6,RECOMBINANT ERK 1.5 nM,ERK_1.500nM,25.2,Inf
4794,B,7,B7,116,CTL02,25.2,80683
4794,B,7,B7,116,CTL02,25.2,80683
4794,B,8,B8,859,CTL10,25.2,80301
4794,B,8,B8,859,CTL10,25.2,80301
4794,B,9,B9,235,SCZ07,25.2,96606
4794,B,9,B9,235,SCZ07,25.2,96606
4794,B,10,B10,565,SCZ15,25.2,90940
4794,B,10,B10,565,SCZ15,25.2,90940
4794,B,11,B11,335,LYS03,25.2,92593
4794,B,11,B11,335,LYS03,25.2,92593
4794,B,12,B12,RECOMBINANT ERK 1.5 nM,ERK_1.500nM,25.2,Inf
4794,B,12,B12,RECOMBINANT ERK 1.5 nM,ERK_1.500nM,25.2,Inf
4794,C,1,C1,167,CTL03,25.2,Inf
4794,C,1,C1,167,CTL03,25.2,Inf
4794,C,2,C2,874,CTL11,25.2,81951
4794,C,2,C2,874,CTL11,25.2,81951
4794,C,3,C3,262,SCZ08,25.2,98446
4794,C,3,C3,262,SCZ08,25.2,98446
4794,C,4,C4,737,SCZ16,25.2,91044
4794,C,4,C4,737,SCZ16,25.2,91044
4794,C,5,C5,907,LYS04,25.2,80700
4794,C,5,C5,907,LYS04,25.2,80700
4794,C,6,C6,RECOMBINANT ERK  1 nM,ERK_1.000nM,25.2,Inf
4794,C,6,C6,RECOMBINANT ERK  1 nM,ERK_1.000nM,25.2,Inf
4794,C,7,C7,167,CTL03,25.2,Inf
4794,C,7,C7,167,CTL03,25.2,Inf
4794,C,8,C8,874,CTL11,25.2,73354
4794,C,8,C8,874,CTL11,25.2,73354
4794,C,9,C9,262,SCZ08,25.2,89490
4794,C,9,C9,262,SCZ08,25.2,89490
4794,C,10,C10,737,SCZ16,25.2,86244
4794,C,10,C10,737,SCZ16,25.2,86244
4794,C,11,C11,907,LYS04,25.2,91488
4794,C,11,C11,907,LYS04,25.2,91488
4794,C,12,C12,RECOMBINANT ERK  1 nM,ERK_1.000nM,25.2,Inf
4794,C,12,C12,RECOMBINANT ERK  1 nM,ERK_1.000nM,25.2,Inf
4794,D,1,D1,195,CTL04,25.2,72462
4794,D,1,D1,195,CTL04,25.2,72462
4794,D,2,D2,11,SCZ01,25.2,93585
4794,D,2,D2,11,SCZ01,25.2,93585
4794,D,3,D3,291,SCZ09,25.2,86072
4794,D,3,D3,291,SCZ09,25.2,86072
4794,D,4,D4,802,SCZ17,25.2,61299
4794,D,4,D4,802,SCZ17,25.2,61299
4794,D,5,D5,5000ng lysate + HI,LYS_HI,25.2,87528
4794,D,5,D5,5000ng lysate + HI,LYS_HI,25.2,87528
4794,D,6,D6,RECOMBINANT ERK  0.75 nM,ERK_0.750nM,25.2,Inf
4794,D,6,D6,RECOMBINANT ERK  0.75 nM,ERK_0.750nM,25.2,Inf
4794,D,7,D7,195,CTL04,25.2,88864
4794,D,7,D7,195,CTL04,25.2,88864
4794,D,8,D8,11,SCZ01,25.2,86775
4794,D,8,D8,11,SCZ01,25.2,86775
4794,D,9,D9,291,SCZ09,25.2,80880
4794,D,9,D9,291,SCZ09,25.2,80880
4794,D,10,D10,802,SCZ17,25.2,81609
4794,D,10,D10,802,SCZ17,25.2,81609
4794,D,11,D11,5000ng lysate + HI,LYS_HI,25.2,92247
4794,D,11,D11,5000ng lysate + HI,LYS_HI,25.2,92247
4794,D,12,D12,RECOMBINANT ERK  0.75 nM,ERK_0.750nM,25.2,Inf
4794,D,12,D12,RECOMBINANT ERK  0.75 nM,ERK_0.750nM,25.2,Inf
4794,E,1,E1,223,CTL05,25.2,95340
4794,E,1,E1,223,CTL05,25.2,95340
4794,E,2,E2,22,SCZ02,25.2,Inf
4794,E,2,E2,22,SCZ02,25.2,Inf
4794,E,3,E3,329,SCZ10,25.2,Inf
4794,E,3,E3,329,SCZ10,25.2,Inf
4794,E,4,E4,930,SCZ18,25.2,64600
4794,E,4,E4,930,SCZ18,25.2,64600
4794,E,5,E5,5000ng lysate +ERK INHIBITOR,LYS_INH,25.2,86281
4794,E,5,E5,5000ng lysate +ERK INHIBITOR,LYS_INH,25.2,86281
4794,E,6,E6,RECOMBINANT ERK 0.5 nM,ERK_0.500nM,25.2,Inf
4794,E,6,E6,RECOMBINANT ERK 0.5 nM,ERK_0.500nM,25.2,Inf
4794,E,7,E7,223,CTL05,25.2,85021
4794,E,7,E7,223,CTL05,25.2,85021
4794,E,8,E8,22,SCZ02,25.2,Inf
4794,E,8,E8,22,SCZ02,25.2,Inf
4794,E,9,E9,329,SCZ10,25.2,86394
4794,E,9,E9,329,SCZ10,25.2,86394
4794,E,10,E10,930,SCZ18,25.2,69067
4794,E,10,E10,930,SCZ18,25.2,69067
4794,E,11,E11,5000ng lysate +ERK INHIBITOR,LYS_INH,25.2,88040
4794,E,11,E11,5000ng lysate +ERK INHIBITOR,LYS_INH,25.2,88040
4794,E,12,E12,RECOMBINANT ERK 0.5 nM,ERK_0.500nM,25.2,Inf
4794,E,12,E12,RECOMBINANT ERK 0.5 nM,ERK_0.500nM,25.2,Inf
4794,F,1,F1,524,CTL06,25.2,Inf
4794,F,1,F1,524,CTL06,25.2,Inf
4794,F,2,F2,29,SCZ03,25.2,Inf
4794,F,2,F2,29,SCZ03,25.2,Inf
4794,F,3,F3,446,SCZ11,25.2,88444
4794,F,3,F3,446,SCZ11,25.2,88444
4794,F,4,F4,931,SCZ19,25.2,75867
4794,F,4,F4,931,SCZ19,25.2,75867
4794,F,5,F5,"BLANK- Master Mix, no lysate",BLNK,25.2,85894
4794,F,5,F5,"BLANK- Master Mix, no lysate",BLNK,25.2,85894
4794,F,6,F6,RECOMBINANT ERK  0.25 nM,ERK_0.250nM,25.2,Inf
4794,F,6,F6,RECOMBINANT ERK  0.25 nM,ERK_0.250nM,25.2,Inf
4794,F,7,F7,524,CTL06,25.2,92922
4794,F,7,F7,524,CTL06,25.2,92922
4794,F,8,F8,29,SCZ03,25.2,Inf
4794,F,8,F8,29,SCZ03,25.2,Inf
4794,F,9,F9,446,SCZ11,25.2,69540
4794,F,9,F9,446,SCZ11,25.2,69540
4794,F,10,F10,931,SCZ19,25.2,76931
4794,F,10,F10,931,SCZ19,25.2,76931
4794,F,11,F11,"BLANK- Master Mix, no lysate",BLNK,25.2,86730
4794,F,11,F11,"BLANK- Master Mix, no lysate",BLNK,25.2,86730
4794,F,12,F12,RECOMBINANT ERK  0.25 nM,ERK_0.250nM,25.2,82919
4794,F,12,F12,RECOMBINANT ERK  0.25 nM,ERK_0.250nM,25.2,82919
4794,G,1,G1,661,CTL07,25.2,86908
4794,G,1,G1,661,CTL07,25.2,86908
4794,G,2,G2,69,SCZ04,25.2,86644
4794,G,2,G2,69,SCZ04,25.2,86644
4794,G,3,G3,510,SCZ12,25.2,93117
4794,G,3,G3,510,SCZ12,25.2,93117
4794,G,4,G4,932,SCZ20,25.2,71954
4794,G,4,G4,932,SCZ20,25.2,71954
4794,G,5,G5,"BLANK- Master Mix, lysate, no reporter",BLNK_LYS,25.2,23096
4794,G,5,G5,"BLANK- Master Mix, lysate, no reporter",BLNK_LYS,25.2,23096
4794,G,6,G6,RECOMBINANT ERK  0.125 nM,ERK_0.125nM,25.2,99262
4794,G,6,G6,RECOMBINANT ERK  0.125 nM,ERK_0.125nM,25.2,99262
4794,G,7,G7,661,CTL07,25.2,82159
4794,G,7,G7,661,CTL07,25.2,82159
4794,G,8,G8,69,SCZ04,25.2,88768
4794,G,8,G8,69,SCZ04,25.2,88768
4794,G,9,G9,510,SCZ12,25.2,Inf
4794,G,9,G9,510,SCZ12,25.2,Inf
4794,G,10,G10,932,SCZ20,25.2,72338
4794,G,10,G10,932,SCZ20,25.2,72338
4794,G,11,G11,"BLANK- Master Mix, lysate, no reporter",BLNK_LYS,25.2,24199
4794,G,11,G11,"BLANK- Master Mix, lysate, no reporter",BLNK_LYS,25.2,24199
4794,G,12,G12,RECOMBINANT ERK  0.125 nM,ERK_0.125nM,25.2,95507
4794,G,12,G12,RECOMBINANT ERK  0.125 nM,ERK_0.125nM,25.2,95507
4794,H,1,H1,689,CTL08,25.2,95167
4794,H,1,H1,689,CTL08,25.2,95167
4794,H,2,H2,94,SCZ05,25.2,81720
4794,H,2,H2,94,SCZ05,25.2,81720
4794,H,3,H3,547,SCZ13,25.2,83972
4794,H,3,H3,547,SCZ13,25.2,83972
4794,H,4,H4,326,LYS01,25.2,88333
4794,H,4,H4,326,LYS01,25.2,88333
4794,H,5,H5,NA,EMPTY,25.2,90676
4794,H,5,H5,NA,EMPTY,25.2,90676
4794,H,6,H6,RECOMBINANT ERK 2nM + ERK INHIBITOR,ERK_2.000nM_INH,25.2,27220
4794,H,6,H6,RECOMBINANT ERK 2nM + ERK INHIBITOR,ERK_2.000nM_INH,25.2,27220
4794,H,7,H7,689,CTL08,25.2,Inf
4794,H,7,H7,689,CTL08,25.2,Inf
4794,H,8,H8,94,SCZ05,25.2,29917
4794,H,8,H8,94,SCZ05,25.2,29917
4794,H,9,H9,547,SCZ13,25.2,93590
4794,H,9,H9,547,SCZ13,25.2,93590
4794,H,10,H10,326,LYS01,25.2,98303
4794,H,10,H10,326,LYS01,25.2,98303
4794,H,11,H11,NA,EMPTY,25.2,23583
4794,H,11,H11,NA,EMPTY,25.2,23583
4794,H,12,H12,RECOMBINANT ERK 2nM + ERK INHIBITOR,ERK_2.000nM_INH,25.2,Inf
4794,H,12,H12,RECOMBINANT ERK 2nM + ERK INHIBITOR,ERK_2.000nM_INH,25.2,Inf
4935,A,1,A1,46,CTL01,25.2,96243
4935,A,1,A1,46,CTL01,25.2,96243
4935,A,2,A2,720,CTL09,25.2,Inf
4935,A,2,A2,720,CTL09,25.2,Inf
4935,A,3,A3,225,SCZ06,25.2,82384
4935,A,3,A3,225,SCZ06,25.2,82384
4935,A,4,A4,552,SCZ14,25.2,92257
4935,A,4,A4,552,SCZ14,25.2,92257
4935,A,5,A5,328,LYS02,25.2,90694
4935,A,5,A5,328,LYS02,25.2,90694
4935,A,6,A6,RECOMBINANT ERK  2nM,ERK_2.000nM,25.2,Inf
4935,A,6,A6,RECOMBINANT ERK  2nM,ERK_2.000nM,25.2,Inf
4935,A,7,A7,46,CTL01,25.2,97585
4935,A,7,A7,46,CTL01,25.2,97585
4935,A,8,A8,720,CTL09,25.2,93573
4935,A,8,A8,720,CTL09,25.2,93573
4935,A,9,A9,225,SCZ06,25.2,92694
4935,A,9,A9,225,SCZ06,25.2,92694
4935,A,10,A10,552,SCZ14,25.2,82131
4935,A,10,A10,552,SCZ14,25.2,82131
4935,A,11,A11,328,LYS02,25.2,94188
4935,A,11,A11,328,LYS02,25.2,94188
4935,A,12,A12,RECOMBINANT ERK  2nM,ERK_2.000nM,25.2,Inf
4935,A,12,A12,RECOMBINANT ERK  2nM,ERK_2.000nM,25.2,Inf
4935,B,1,B1,116,CTL02,25.2,88493
4935,B,1,B1,116,CTL02,25.2,88493
4935,B,2,B2,859,CTL10,25.2,98247
4935,B,2,B2,859,CTL10,25.2,98247
4935,B,3,B3,235,SCZ07,25.2,Inf
4935,B,3,B3,235,SCZ07,25.2,Inf
4935,B,4,B4,565,SCZ15,25.2,88923
4935,B,4,B4,565,SCZ15,25.2,88923
4935,B,5,B5,335,LYS03,25.2,91208
4935,B,5,B5,335,LYS03,25.2,91208
4935,B,6,B6,RECOMBINANT ERK 1.5 nM,ERK_1.500nM,25.2,Inf
4935,B,6,B6,RECOMBINANT ERK 1.5 nM,ERK_1.500nM,25.2,Inf
4935,B,7,B7,116,CTL02,25.2,80384
4935,B,7,B7,116,CTL02,25.2,80384
4935,B,8,B8,859,CTL10,25.2,80111
4935,B,8,B8,859,CTL10,25.2,80111
4935,B,9,B9,235,SCZ07,25.2,97124
4935,B,9,B9,235,SCZ07,25.2,97124
4935,B,10,B10,565,SCZ15,25.2,91771
4935,B,10,B10,565,SCZ15,25.2,91771
4935,B,11,B11,335,LYS03,25.2,93402
4935,B,11,B11,335,LYS03,25.2,93402
4935,B,12,B12,RECOMBINANT ERK 1.5 nM,ERK_1.500nM,25.2,Inf
4935,B,12,B12,RECOMBINANT ERK 1.5 nM,ERK_1.500nM,25.2,Inf
4935,C,1,C1,167,CTL03,25.2,Inf
4935,C,1,C1,167,CTL03,25.2,Inf
4935,C,2,C2,874,CTL11,25.2,81746
4935,C,2,C2,874,CTL11,25.2,81746
4935,C,3,C3,262,SCZ08,25.2,97889
4935,C,3,C3,262,SCZ08,25.2,97889
4935,C,4,C4,737,SCZ16,25.2,90874
4935,C,4,C4,737,SCZ16,25.2,90874
4935,C,5,C5,907,LYS04,25.2,81845
4935,C,5,C5,907,LYS04,25.2,81845
4935,C,6,C6,RECOMBINANT ERK  1 nM,ERK_1.000nM,25.2,Inf
4935,C,6,C6,RECOMBINANT ERK  1 nM,ERK_1.000nM,25.2,Inf
4935,C,7,C7,167,CTL03,25.2,Inf
4935,C,7,C7,167,CTL03,25.2,Inf
4935,C,8,C8,874,CTL11,25.2,73986
4935,C,8,C8,874,CTL11,25.2,73986
4935,C,9,C9,262,SCZ08,25.2,89190
4935,C,9,C9,262,SCZ08,25.2,89190
4935,C,10,C10,737,SCZ16,25.2,86982
4935,C,10,C10,737,SCZ16,25.2,86982
4935,C,11,C11,907,LYS04,25.2,90617
4935,C,11,C11,907,LYS04,25.2,90617
4935,C,12,C12,RECOMBINANT ERK  1 nM,ERK_1.000nM,25.2,Inf
4935,C,12,C12,RECOMBINANT ERK  1 nM,ERK_1.000nM,25.2,Inf
4935,D,1,D1,195,CTL04,25.2,72684
4935,D,1,D1,195,CTL04,25.2,72684
4935,D,2,D2,11,SCZ01,25.2,93300
4935,D,2,D2,11,SCZ01,25.2,93300
4935,D,3,D3,291,SCZ09,25.2,86679
4935,D,3,D3,291,SCZ09,25.2,86679
4935,D,4,D4,802,SCZ17,25.2,61385
4935,D,4,D4,802,SCZ17,25.2,61385
4935,D,5,D5,5000ng lysate + HI,LYS_HI,25.2,86974
4935,D,5,D5,5000ng lysate + HI,LYS_HI,25.2,86974
4935,D,6,D6,RECOMBINANT ERK  0.75 nM,ERK_0.750nM,25.2,Inf
4935,D,6,D6,RECOMBINANT ERK  0.75 nM,ERK_0.750nM,25.2,Inf
4935,D,7,D7,195,CTL04,25.2,88849
4935,D,7,D7,195,CTL04,25.2,88849
4935,D,8,D8,11,SCZ01,25.2,86062
4935,D,8,D8,11,SCZ01,25.2,86062
4935,D,9,D9,291,SCZ09,25.2,80539
4935,D,9,D9,291,SCZ09,25.2,80539
4935,D,10,D10,802,SCZ17,25.2,82142
4935,D,10,D10,802,SCZ17,25.2,82142
4935,D,11,D11,5000ng lysate + HI,LYS_HI,25.2,92008
4935,D,11,D11,5000ng lysate + HI,LYS_HI,25.2,92008
4935,D,12,D12,RECOMBINANT ERK  0.75 nM,ERK_0.750nM,25.2,Inf
4935,D,12,D12,RECOMBINANT ERK  0.75 nM,ERK_0.750nM,25.2,Inf
4935,E,1,E1,223,CTL05,25.2,95979
4935,E,1,E1,223,CTL05,25.2,95979
4935,E,2,E2,22,SCZ02,25.2,Inf
4935,E,2,E2,22,SCZ02,25.2,Inf
4935,E,3,E3,329,SCZ10,25.2,Inf
4935,E,3,E3,329,SCZ10,25.2,Inf
4935,E,4,E4,930,SCZ18,25.2,64464
4935,E,4,E4,930,SCZ18,25.2,64464
4935,E,5,E5,5000ng lysate +ERK INHIBITOR,LYS_INH,25.2,87421
4935,E,5,E5,5000ng lysate +ERK INHIBITOR,LYS_INH,25.2,87421
4935,E,6,E6,RECOMBINANT ERK 0.5 nM,ERK_0.500nM,25.2,Inf
4935,E,6,E6,RECOMBINANT ERK 0.5 nM,ERK_0.500nM,25.2,Inf
4935,E,7,E7,223,CTL05,25.2,85418
4935,E,7,E7,223,CTL05,25.2,85418
4935,E,8,E8,22,SCZ02,25.2,Inf
4935,E,8,E8,22,SCZ02,25.2,Inf
4935,E,9,E9,329,SCZ10,25.2,87019
4935,E,9,E9,329,SCZ10,25.2,87019
4935,E,10,E10,930,SCZ18,25.2,68947
4935,E,10,E10,930,SCZ18,25.2,68947
4935,E,11,E11,5000ng lysate +ERK INHIBITOR,LYS_INH,25.2,88185
4935,E,11,E11,5000ng lysate +ERK INHIBITOR,LYS_INH,25.2,88185
4935,E,12,E12,RECOMBINANT ERK 0.5 nM,ERK_0.500nM,25.2,Inf
4935,E,12,E12,RECOMBINANT ERK 0.5 nM,ERK_0.500nM,25.2,Inf
4935,F,1,F1,524,CTL06,25.2,Inf
4935,F,1,F1,524,CTL06,25.2,Inf
4935,F,2,F2,29,SCZ03,25.2,Inf
4935,F,2,F2,29,SCZ03,25.2,Inf
4935,F,3,F3,446,SCZ11,25.2,88532
4935,F,3,F3,446,SCZ11,25.2,88532
4935,F,4,F4,931,SCZ19,25.2,76046
4935,F,4,F4,931,SCZ19,25.2,76046
4935,F,5,F5,"BLANK- Master Mix, no lysate",BLNK,25.2,86523
4935,F,5,F5,"BLANK- Master Mix, no lysate",BLNK,25.2,86523
4935,F,6,F6,RECOMBINANT ERK  0.25 nM,ERK_0.250nM,25.2,Inf
4935,F,6,F6,RECOMBINANT ERK  0.25 nM,ERK_0.250nM,25.2,Inf
4935,F,7,F7,524,CTL06,25.2,93045
4935,F,7,F7,524,CTL06,25.2,93045
4935,F,8,F8,29,SCZ03,25.2,Inf
4935,F,8,F8,29,SCZ03,25.2,Inf
4935,F,9,F9,446,SCZ11,25.2,69580
4935,F,9,F9,446,SCZ11,25.2,69580
4935,F,10,F10,931,SCZ19,25.2,77481
4935,F,10,F10,931,SCZ19,25.2,77481
4935,F,11,F11,"BLANK- Master Mix, no lysate",BLNK,25.2,86910
4935,F,11,F11,"BLANK- Master Mix, no lysate",BLNK,25.2,86910
4935,F,12,F12,RECOMBINANT ERK  0.25 nM,ERK_0.250nM,25.2,84137
4935,F,12,F12,RECOMBINANT ERK  0.25 nM,ERK_0.250nM,25.2,84137
4935,G,1,G1,661,CTL07,25.2,87371
4935,G,1,G1,661,CTL07,25.2,87371
4935,G,2,G2,69,SCZ04,25.2,87102
4935,G,2,G2,69,SCZ04,25.2,87102
4935,G,3,G3,510,SCZ12,25.2,93486
4935,G,3,G3,510,SCZ12,25.2,93486
4935,G,4,G4,932,SCZ20,25.2,72011
4935,G,4,G4,932,SCZ20,25.2,72011
4935,G,5,G5,"BLANK- Master Mix, lysate, no reporter",BLNK_LYS,25.2,23412
4935,G,5,G5,"BLANK- Master Mix, lysate, no reporter",BLNK_LYS,25.2,23412
4935,G,6,G6,RECOMBINANT ERK  0.125 nM,ERK_0.125nM,25.2,99178
4935,G,6,G6,RECOMBINANT ERK  0.125 nM,ERK_0.125nM,25.2,99178
4935,G,7,G7,661,CTL07,25.2,82713
4935,G,7,G7,661,CTL07,25.2,82713
4935,G,8,G8,69,SCZ04,25.2,88043
4935,G,8,G8,69,SCZ04,25.2,88043
4935,G,9,G9,510,SCZ12,25.2,Inf
4935,G,9,G9,510,SCZ12,25.2,Inf
4935,G,10,G10,932,SCZ20,25.2,72044
4935,G,10,G10,932,SCZ20,25.2,72044
4935,G,11,G11,"BLANK- Master Mix, lysate, no reporter",BLNK_LYS,25.2,24350
4935,G,11,G11,"BLANK- Master Mix, lysate, no reporter",BLNK_LYS,25.2,24350
4935,G,12,G12,RECOMBINANT ERK  0.125 nM,ERK_0.125nM,25.2,95642
4935,G,12,G12,RECOMBINANT ERK  0.125 nM,ERK_0.125nM,25.2,95642
4935,H,1,H1,689,CTL08,25.2,95407
4935,H,1,H1,689,CTL08,25.2,95407
4935,H,2,H2,94,SCZ05,25.2,82170
4935,H,2,H2,94,SCZ05,25.2,82170
4935,H,3,H3,547,SCZ13,25.2,84189
4935,H,3,H3,547,SCZ13,25.2,84189
4935,H,4,H4,326,LYS01,25.2,88862
4935,H,4,H4,326,LYS01,25.2,88862
4935,H,5,H5,NA,EMPTY,25.2,90424
4935,H,5,H5,NA,EMPTY,25.2,90424
4935,H,6,H6,RECOMBINANT ERK 2nM + ERK INHIBITOR,ERK_2.000nM_INH,25.2,26831
4935,H,6,H6,RECOMBINANT ERK 2nM + ERK INHIBITOR,ERK_2.000nM_INH,25.2,26831
4935,H,7,H7,689,CTL08,25.2,Inf
4935,H,7,H7,689,CTL08,25.2,Inf
4935,H,8,H8,94,SCZ05,25.2,30274
4935,H,8,H8,94,SCZ05,25.2,30274
4935,H,9,H9,547,SCZ13,25.2,93543
4935,H,9,H9,547,SCZ13,25.2,93543
4935,H,10,H10,326,LYS01,25.2,98584
4935,H,10,H10,326,LYS01,25.2,98584
4935,H,11,H11,NA,EMPTY,25.2,23625
4935,H,11,H11,NA,EMPTY,25.2,23625
4935,H,12,H12,RECOMBINANT ERK 2nM + ERK INHIBITOR,ERK_2.000nM_INH,25.2,Inf
4935,H,12,H12,RECOMBINANT ERK 2nM + ERK INHIBITOR,ERK_2.000nM_INH,25.2,Inf
5076,A,1,A1,46,CTL01,25.3,97729
5076,A,1,A1,46,CTL01,25.3,97729
5076,A,2,A2,720,CTL09,25.3,Inf
5076,A,2,A2,720,CTL09,25.3,Inf
5076,A,3,A3,225,SCZ06,25.3,82404
5076,A,3,A3,225,SCZ06,25.3,82404
5076,A,4,A4,552,SCZ14,25.3,92205
5076,A,4,A4,552,SCZ14,25.3,92205
5076,A,5,A5,328,LYS02,25.3,91515
5076,A,5,A5,328,LYS02,25.3,91515
5076,A,6,A6,RECOMBINANT ERK  2nM,ERK_2.000nM,25.3,Inf
5076,A,6,A6,RECOMBINANT ERK  2nM,ERK_2.000nM,25.3,Inf
5076,A,7,A7,46,CTL01,25.3,96997
5076,A,7,A7,46,CTL01,25.3,96997
5076,A,8,A8,720,CTL09,25.3,93964
5076,A,8,A8,720,CTL09,25.3,93964
5076,A,9,A9,225,SCZ06,25.3,92400
5076,A,9,A9,225,SCZ06,25.3,92400
5076,A,10,A10,552,SCZ14,25.3,82299
5076,A,10,A10,552,SCZ14,25.3,82299
5076,A,11,A11,328,LYS02,25.3,93730
5076,A,11,A11,328,LYS02,25.3,93730
5076,A,12,A12,RECOMBINANT ERK  2nM,ERK_2.000nM,25.3,Inf
5076,A,12,A12,RECOMBINANT ERK  2nM,ERK_2.000nM,25.3,Inf
5076,B,1,B1,116,CTL02,25.3,88420
5076,B,1,B1,116,CTL02,25.3,88420
5076,B,2,B2,859,CTL10,25.3,98734
5076,B,2,B2,859,CTL10,25.3,98734
5076,B,3,B3,235,SCZ07,25.3,Inf
5076,B,3,B3,235,SCZ07,25.3,Inf
5076,B,4,B4,565,SCZ15,25.3,89628
5076,B,4,B4,565,SCZ15,25.3,89628
5076,B,5,B5,335,LYS03,25.3,92092
5076,B,5,B5,335,LYS03,25.3,92092
5076,B,6,B6,RECOMBINANT ERK 1.5 nM,ERK_1.500nM,25.3,Inf
5076,B,6,B6,RECOMBINANT ERK 1.5 nM,ERK_1.500nM,25.3,Inf
5076,B,7,B7,116,CTL02,25.3,80915
5076,B,7,B7,116,CTL02,25.3,80915
5076,B,8,B8,859,CTL10,25.3,80338
5076,B,8,B8,859,CTL10,25.3,80338
5076,B,9,B9,235,SCZ07,25.3,96907
5076,B,9,B9,235,SCZ07,25.3,96907
5076,B,10,B10,565,SCZ15,25.3,91129
5076,B,10,B10,565,SCZ15,25.3,91129
5076,B,11,B11,335,LYS03,25.3,94052
5076,B,11,B11,335,LYS03,25.3,94052
5076,B,12,B12,RECOMBINANT ERK 1.5 nM,ERK_1.500nM,25.3,Inf
5076,B,12,B12,RECOMBINANT ERK 1.5 nM,ERK_1.500nM,25.3,Inf
5076,C,1,C1,167,CTL03,25.3,Inf
5076,C,1,C1,167,CTL03,25.3,Inf
5076,C,2,C2,874,CTL11,25.3,82513
5076,C,2,C2,874,CTL11,25.3,82513
5076,C,3,C3,262,SCZ08,25.3,97541
5076,C,3,C3,262,SCZ08,25.3,97541
5076,C,4,C4,737,SCZ16,25.3,91622
5076,C,4,C4,737,SCZ16,25.3,91622
5076,C,5,C5,907,LYS04,25.3,80586
5076,C,5,C5,907,LYS04,25.3,80586
5076,C,6,C6,RECOMBINANT ERK  1 nM,ERK_1.000nM,25.3,Inf
5076,C,6,C6,RECOMBINANT ERK  1 nM,ERK_1.000nM,25.3,Inf
5076,C,7,C7,167,CTL03,25.3,Inf
5076,C,7,C7,167,CTL03,25.3,Inf
5076,C,8,C8,874,CTL11,25.3,73135
5076,C,8,C8,874,CTL11,25.3,73135
5076,C,9,C9,262,SCZ08,25.3,89702
5076,C,9,C9,262,SCZ08,25.3,89702
5076,C,10,C10,737,SCZ16,25.3,86218
5076,C,10,C10,737,SCZ16,25.3,86218
5076,C,11,C11,907,LYS04,25.3,91429
5076,C,11,C11,907,LYS04,25.3,91429
5076,C,12,C12,RECOMBINANT ERK  1 nM,ERK_1.000nM,25.3,Inf
5076,C,12,C12,RECOMBINANT ERK  1 nM,ERK_1.000nM,25.3,Inf
5076,D,1,D1,195,CTL04,25.3,72558
5076,D,1,D1,195,CTL04,25.3,72558
5076,D,2,D2,11,SCZ01,25.3,93964
5076,D,2,D2,11,SCZ01,25.3,93964
5076,D,3,D3,291,SCZ09,25.3,86176
5076,D,3,D3,291,SCZ09,25.3,86176
5076,D,4,D4,802,SCZ17,25.3,60843
5076,D,4,D4,802,SCZ17,25.3,60843
5076,D,5,D5,5000ng lysate + HI,LYS_HI,25.3,87563
5076,D,5,D5,5000ng lysate + HI,LYS_HI,25.3,87563
5076,D,6,D6,RECOMBINANT ERK  0.75 nM,ERK_0.750nM,25.3,Inf
5076,D,6,D6,RECOMBINANT ERK  0.75 nM,ERK_0.750nM,25.3,Inf
5076,D,7,D7,195,CTL04,25.3,88526
5076,D,7,D7,195,CTL04,25.3,88526
5076,D,8,D8,11,SCZ01,25.3,86670
5076,D,8,D8,11,SCZ01,25.3,86670
5076,D,9,D9,291,SCZ09,25.3,81153
5076,D,9,D9,291,SCZ09,25.3,81153
5076,D,10,D10,802,SCZ17,25.3,81906
5076,D,10,D10,802,SCZ17,25.3,81906
5076,D,11,D11,5000ng lysate + HI,LYS_HI,25.3,91594
5076,D,11,D11,5000ng lysate + HI,LYS_HI,25.3,91594
5076,D,12,D12,RECOMBINANT ERK  0.75 nM,ERK_0.750nM,25.3,Inf
5076,D,12,D12,RECOMBINANT ERK  0.75 nM,ERK_0.750nM,25.3,Inf
5076,E,1,E1,223,CTL05,25.3,96433
5076,E,1,E1,223,CTL05,25.3,96433
5076,E,2,E2,22,SCZ02,25.3,Inf
5076,E,2,E2,22,SCZ02,25.3,Inf
5076,E,3,E3,329,SCZ10,25.3,Inf
5076,E,3,E3,329,SCZ10,25.3,Inf
5076,E,4,E4,930,SCZ18,25.3,64248
5076,E,4,E4,930,SCZ18,25.3,64248
5076,E,5,E5,5000ng lysate +ERK INHIBITOR,LYS_INH,25.3,86585
5076,E,5,E5,5000ng lysate +ERK INHIBITOR,LYS_INH,25.3,86585
5076,E,6,E6,RECOMBINANT ERK 0.5 nM,ERK_0.500nM,25.3,Inf
5076,E,6,E6,RECOMBINANT ERK 0.5 nM,ERK_0.500nM,25.3,Inf
5076,E,7,E7,223,CTL05,25.3,86357
5076,E,7,E7,223,CTL05,25.3,86357
5076,E,8,E8,22,SCZ02,25.3,Inf
5076,E,8,E8,22,SCZ02,25.3,Inf
5076,E,9,E9,329,SCZ10,25.3,87320
5076,E,9,E9,329,SCZ10,25.3,87320
5076,E,10,E10,930,SCZ18,25.3,68657
5076,E,10,E10,930,SCZ18,25.3,68657
5076,E,11,E11,5000ng lysate +ERK INHIBITOR,LYS_INH,25.3,87698
5076,E,11,E11,5000ng lysate +ERK INHIBITOR,LYS_INH,25.3,87698
5076,E,12,E12,RECOMBINANT ERK 0.5 nM,ERK_0.500nM,25.3,Inf
5076,E,12,E12,RECOMBINANT ERK 0.5 nM,ERK_0.500nM,25.3,Inf
5076,F,1,F1,524,CTL06,25.3,Inf
5076,F,1,F1,524,CTL06,25.3,Inf
5076,F,2,F2,29,SCZ03,25.3,Inf
5076,F,2,F2,29,SCZ03,25.3,Inf
5076,F,3,F3,446,SCZ11,25.3,89088
5076,F,3,F3,446,SCZ11,25.3,89088
5076,F,4,F4,931,SCZ19,25.3,76701
5076,F,4,F4,931,SCZ19,25.3,76701
5076,F,5,F5,"BLANK- Master Mix, no lysate",BLNK,25.3,85619
5076,F,5,F5,"BLANK- Master Mix, no lysate",BLNK,25.3,85619
5076,F,6,F6,RECOMBINANT ERK  0.25 nM,ERK_0.250nM,25.3,Inf
5076,F,6,F6,RECOMBINANT ERK  0.25 nM,ERK_0.250nM,25.3,Inf
5076,F,7,F7,524,CTL06,25.3,93529
5076,F,7,F7,524,CTL06,25.3,93529
5076,F,8,F8,29,SCZ03,25.3,Inf
5076,F,8,F8,29,SCZ03,25.3,Inf
5076,F,9,F9,446,SCZ11,25.3,69553
5076,F,9,F9,446,SCZ11,25.3,69553
5076,F,10,F10,931,SCZ19,25.3,77384
5076,F,10,F10,931,SCZ19,25.3,77384
5076,F,11,F11,"BLANK- Master Mix, no lysate",BLNK,25.3,86975
5076,F,11,F11,"BLANK- Master Mix, no lysate",BLNK,25.3,86975
5076,F,12,F12,RECOMBINANT ERK  0.25 nM,ERK_0.250nM,25.3,84003
5076,F,12,F12,RECOMBINANT ERK  0.25 nM,ERK_0.250nM,25.3,84003
5076,G,1,G1,661,CTL07,25.3,86919
5076,G,1,G1,661,CTL07,25.3,86919
5076,G,2,G2,69,SCZ04,25.3,86983
5076,G,2,G2,69,SCZ04,25.3,86983
5076,G,3,G3,510,SCZ12,25.3,93800
5076,G,3,G3,510,SCZ12,25.3,93800
5076,G,4,G4,932,SCZ20,25.3,71868
5076,G,4,G4,932,SCZ20,25.3,71868
5076,G,5,G5,"BLANK- Master Mix, lysate, no reporter",BLNK_LYS,25.3,23225
5076,G,5,G5,"BLANK- Master Mix, lysate, no reporter",BLNK_LYS,25.3,23225
5076,G,6,G6,RECOMBINANT ERK  0.125 nM,ERK_0.125nM,25.3,Inf
5076,G,6,G6,RECOMBINANT ERK  0.125 nM,ERK_0.125nM,25.3,Inf
5076,G,7,G7,661,CTL07,25.3,82087
5076,G,7,G7,661,CTL07,25.3,82087
5076,G,8,G8,69,SCZ04,25.3,89314
5076,G,8,G8,69,SCZ04,25.3,89314
5076,G,9,G9,510,SCZ12,25.3,Inf
5076,G,9,G9,510,SCZ12,25.3,Inf
5076,G,10,G10,932,SCZ20,25.3,72095
5076,G,10,G10,932,SCZ20,25.3,72095
5076,G,11,G11,"BLANK- Master Mix, lysate, no reporter",BLNK_LYS,25.3,24421
5076,G,11,G11,"BLANK- Master Mix, lysate, no reporter",BLNK_LYS,25.3,24421
5076,G,12,G12,RECOMBINANT ERK  0.125 nM,ERK_0.125nM,25.3,95712
5076,G,12,G12,RECOMBINANT ERK  0.125 nM,ERK_0.125nM,25.3,95712
5076,H,1,H1,689,CTL08,25.3,95532
5076,H,1,H1,689,CTL08,25.3,95532
5076,H,2,H2,94,SCZ05,25.3,81494
5076,H,2,H2,94,SCZ05,25.3,81494
5076,H,3,H3,547,SCZ13,25.3,84071
5076,H,3,H3,547,SCZ13,25.3,84071
5076,H,4,H4,326,LYS01,25.3,88722
5076,H,4,H4,326,LYS01,25.3,88722
5076,H,5,H5,NA,EMPTY,25.3,90109
5076,H,5,H5,NA,EMPTY,25.3,90109
5076,H,6,H6,RECOMBINANT ERK 2nM + ERK INHIBITOR,ERK_2.000nM_INH,25.3,26672
5076,H,6,H6,RECOMBINANT ERK 2nM + ERK INHIBITOR,ERK_2.000nM_INH,25.3,26672
5076,H,7,H7,689,CTL08,25.3,Inf
5076,H,7,H7,689,CTL08,25.3,Inf
5076,H,8,H8,94,SCZ05,25.3,30025
5076,H,8,H8,94,SCZ05,25.3,30025
5076,H,9,H9,547,SCZ13,25.3,93351
5076,H,9,H9,547,SCZ13,25.3,93351
5076,H,10,H10,326,LYS01,25.3,98779
5076,H,10,H10,326,LYS01,25.3,98779
5076,H,11,H11,NA,EMPTY,25.3,23695
5076,H,11,H11,NA,EMPTY,25.3,23695
5076,H,12,H12,RECOMBINANT ERK 2nM + ERK INHIBITOR,ERK_2.000nM_INH,25.3,Inf
5076,H,12,H12,RECOMBINANT ERK 2nM + ERK INHIBITOR,ERK_2.000nM_INH,25.3,Inf
5217,A,1,A1,46,CTL01,25.3,97528
5217,A,1,A1,46,CTL01,25.3,97528
5217,A,2,A2,720,CTL09,25.3,Inf
5217,A,2,A2,720,CTL09,25.3,Inf
5217,A,3,A3,225,SCZ06,25.3,82909
5217,A,3,A3,225,SCZ06,25.3,82909
5217,A,4,A4,552,SCZ14,25.3,91967
5217,A,4,A4,552,SCZ14,25.3,91967
5217,A,5,A5,328,LYS02,25.3,91762
5217,A,5,A5,328,LYS02,25.3,91762
5217,A,6,A6,RECOMBINANT ERK  2nM,ERK_2.000nM,25.3,Inf
5217,A,6,A6,RECOMBINANT ERK  2nM,ERK_2.000nM,25.3,Inf
5217,A,7,A7,46,CTL01,25.3,96906
5217,A,7,A7,46,CTL01,25.3,96906
5217,A,8,A8,720,CTL09,25.3,94457
5217,A,8,A8,720,CTL09,25.3,94457
5217,A,9,A9,225,SCZ06,25.3,93144
5217,A,9,A9,225,SCZ06,25.3,93144
5217,A,10,A10,552,SCZ14,25.3,82532
5217,A,10,A10,552,SCZ14,25.3,82532
5217,A,11,A11,328,LYS02,25.3,93505
5217,A,11,A11,328,LYS02,25.3,93505
5217,A,12,A12,RECOMBINANT ERK  2nM,ERK_2.000nM,25.3,Inf
5217,A,12,A12,RECOMBINANT ERK  2nM,ERK_2.000nM,25.3,Inf
5217,B,1,B1,116,CTL02,25.3,88669
5217,B,1,B1,116,CTL02,25.3,88669
5217,B,2,B2,859,CTL10,25.3,98928
5217,B,2,B2,859,CTL10,25.3,98928
5217,B,3,B3,235,SCZ07,25.3,Inf
5217,B,3,B3,235,SCZ07,25.3,Inf
5217,B,4,B4,565,SCZ15,25.3,89677
5217,B,4,B4,565,SCZ15,25.3,89677
5217,B,5,B5,335,LYS03,25.3,91910
5217,B,5,B5,335,LYS03,25.3,91910
5217,B,6,B6,RECOMBINANT ERK 1.5 nM,ERK_1.500nM,25.3,Inf
5217,B,6,B6,RECOMBINANT ERK 1.5 nM,ERK_1.500nM,25.3,Inf
5217,B,7,B7,116,CTL02,25.3,80812
5217,B,7,B7,116,CTL02,25.3,80812
5217,B,8,B8,859,CTL10,25.3,80703
5217,B,8,B8,859,CTL10,25.3,80703
5217,B,9,B9,235,SCZ07,25.3,96826
5217,B,9,B9,235,SCZ07,25.3,96826
5217,B,10,B10,565,SCZ15,25.3,90438
5217,B,10,B10,565,SCZ15,25.3,90438
5217,B,11,B11,335,LYS03,25.3,93911
5217,B,11,B11,335,LYS03,25.3,93911
5217,B,12,B12,RECOMBINANT ERK 1.5 nM,ERK_1.500nM,25.3,Inf
5217,B,12,B12,RECOMBINANT ERK 1.5 nM,ERK_1.500nM,25.3,Inf
5217,C,1,C1,167,CTL03,25.3,Inf
5217,C,1,C1,167,CTL03,25.3,Inf
5217,C,2,C2,874,CTL11,25.3,81694
5217,C,2,C2,874,CTL11,25.3,81694
5217,C,3,C3,262,SCZ08,25.3,98037
5217,C,3,C3,262,SCZ08,25.3,98037
5217,C,4,C4,737,SCZ16,25.3,90754
5217,C,4,C4,737,SCZ16,25.3,90754
5217,C,5,C5,907,LYS04,25.3,81298
5217,C,5,C5,907,LYS04,25.3,81298
5217,C,6,C6,RECOMBINANT ERK  1 nM,ERK_1.000nM,25.3,Inf
5217,C,6,C6,RECOMBINANT ERK  1 nM,ERK_1.000nM,25.3,Inf
5217,C,7,C7,167,CTL03,25.3,Inf
5217,C,7,C7,167,CTL03,25.3,Inf
5217,C,8,C8,874,CTL11,25.3,73603
5217,C,8,C8,874,CTL11,25.3,73603
5217,C,9,C9,262,SCZ08,25.3,89575
5217,C,9,C9,262,SCZ08,25.3,89575
5217,C,10,C10,737,SCZ16,25.3,86933
5217,C,10,C10,737,SCZ16,25.3,86933
5217,C,11,C11,907,LYS04,25.3,91219
5217,C,11,C11,907,LYS04,25.3,91219
5217,C,12,C12,RECOMBINANT ERK  1 nM,ERK_1.000nM,25.3,Inf
5217,C,12,C12,RECOMBINANT ERK  1 nM,ERK_1.000nM,25.3,Inf
5217,D,1,D1,195,CTL04,25.3,72182
5217,D,1,D1,195,CTL04,25.3,72182
5217,D,2,D2,11,SCZ01,25.3,92910
5217,D,2,D2,11,SCZ01,25.3,92910
5217,D,3,D3,291,SCZ09,25.3,86032
5217,D,3,D3,291,SCZ09,25.3,86032
5217,D,4,D4,802,SCZ17,25.3,60911
5217,D,4,D4,802,SCZ17,25.3,60911
5217,D,5,D5,5000ng lysate + HI,LYS_HI,25.3,86924
5217,D,5,D5,5000ng lysate + HI,LYS_HI,25.3,86924
5217,D,6,D6,RECOMBINANT ERK  0.75 nM,ERK_0.750nM,25.3,Inf
5217,D,6,D6,RECOMBINANT ERK  0.75 nM,ERK_0.750nM,25.3,Inf
5217,D,7,D7,195,CTL04,25.3,88834
5217,D,7,D7,195,CTL04,25.3,88834
5217,D,8,D8,11,SCZ01,25.3,85785
5217,D,8,D8,11,SCZ01,25.3,85785
5217,D,9,D9,291,SCZ09,25.3,80620
5217,D,9,D9,291,SCZ09,25.3,80620
5217,D,10,D10,802,SCZ17,25.3,81489
5217,D,10,D10,802,SCZ17,25.3,81489
5217,D,11,D11,5000ng lysate + HI,LYS_HI,25.3,91845
5217,D,11,D11,5000ng lysate + HI,LYS_HI,25.3,91845
5217,D,12,D12,RECOMBINANT ERK  0.75 nM,ERK_0.750nM,25.3,Inf
5217,D,12,D12,RECOMBINANT ERK  0.75 nM,ERK_0.750nM,25.3,Inf
5217,E,1,E1,223,CTL05,25.3,96147
5217,E,1,E1,223,CTL05,25.3,96147
5217,E,2,E2,22,SCZ02,25.3,Inf
5217,E,2,E2,22,SCZ02,25.3,Inf
5217,E,3,E3,329,SCZ10,25.3,Inf
5217,E,3,E3,329,SCZ10,25.3,Inf
5217,E,4,E4,930,SCZ18,25.3,65005
5217,E,4,E4,930,SCZ18,25.3,65005
5217,E,5,E5,5000ng lysate +ERK INHIBITOR,LYS_INH,25.3,86346
5217,E,5,E5,5000ng lysate +ERK INHIBITOR,LYS_INH,25.3,86346
5217,E,6,E6,RECOMBINANT ERK 0.5 nM,ERK_0.500nM,25.3,Inf
5217,E,6,E6,RECOMBINANT ERK 0.5 nM,ERK_0.500nM,25.3,Inf
5217,E,7,E7,223,CTL05,25.3,86506
5217,E,7,E7,223,CTL05,25.3,86506
5217,E,8,E8,22,SCZ02,25.3,Inf
5217,E,8,E8,22,SCZ02,25.3,Inf
5217,E,9,E9,329,SCZ10,25.3,89497
5217,E,9,E9,329,SCZ10,25.3,89497
5217,E,10,E10,930,SCZ18,25.3,68953
5217,E,10,E10,930,SCZ18,25.3,68953
5217,E,11,E11,5000ng lysate +ERK INHIBITOR,LYS_INH,25.3,87990
5217,E,11,E11,5000ng lysate +ERK INHIBITOR,LYS_INH,25.3,87990
5217,E,12,E12,RECOMBINANT ERK 0.5 nM,ERK_0.500nM,25.3,Inf
5217,E,12,E12,RECOMBINANT ERK 0.5 nM,ERK_0.500nM,25.3,Inf
5217,F,1,F1,524,CTL06,25.3,Inf
5217,F,1,F1,524,CTL06,25.3,Inf
5217,F,2,F2,29,SCZ03,25.3,Inf
5217,F,2,F2,29,SCZ03,25.3,Inf
5217,F,3,F3,446,SCZ11,25.3,89970
5217,F,3,F3,446,SCZ11,25.3,89970
5217,F,4,F4,931,SCZ19,25.3,75705
5217,F,4,F4,931,SCZ19,25.3,75705
5217,F,5,F5,"BLANK- Master Mix, no lysate",BLNK,25.3,86274
5217,F,5,F5,"BLANK- Master Mix, no lysate",BLNK,25.3,86274
5217,F,6,F6,RECOMBINANT ERK  0.25 nM,ERK_0.250nM,25.3,Inf
5217,F,6,F6,RECOMBINANT ERK  0.25 nM,ERK_0.250nM,25.3,Inf
5217,F,7,F7,524,CTL06,25.3,94053
5217,F,7,F7,524,CTL06,25.3,94053
5217,F,8,F8,29,SCZ03,25.3,Inf
5217,F,8,F8,29,SCZ03,25.3,Inf
5217,F,9,F9,446,SCZ11,25.3,69205
5217,F,9,F9,446,SCZ11,25.3,69205
5217,F,10,F10,931,SCZ19,25.3,77272
5217,F,10,F10,931,SCZ19,25.3,77272
5217,F,11,F11,"BLANK- Master Mix, no lysate",BLNK,25.3,86719
5217,F,11,F11,"BLANK- Master Mix, no lysate",BLNK,25.3,86719
5217,F,12,F12,RECOMBINANT ERK  0.25 nM,ERK_0.250nM,25.3,84300
5217,F,12,F12,RECOMBINANT ERK  0.25 nM,ERK_0.250nM,25.3,84300
5217,G,1,G1,661,CTL07,25.3,87094
5217,G,1,G1,661,CTL07,25.3,87094
5217,G,2,G2,69,SCZ04,25.3,87519
5217,G,2,G2,69,SCZ04,25.3,87519
5217,G,3,G3,510,SCZ12,25.3,94921
5217,G,3,G3,510,SCZ12,25.3,94921
5217,G,4,G4,932,SCZ20,25.3,71885
5217,G,4,G4,932,SCZ20,25.3,71885
5217,G,5,G5,"BLANK- Master Mix, lysate, no reporter",BLNK_LYS,25.3,23363
5217,G,5,G5,"BLANK- Master Mix, lysate, no reporter",BLNK_LYS,25.3,23363
5217,G,6,G6,RECOMBINANT ERK  0.125 nM,ERK_0.125nM,25.3,Inf
5217,G,6,G6,RECOMBINANT ERK  0.125 nM,ERK_0.125nM,25.3,Inf
5217,G,7,G7,661,CTL07,25.3,81851
5217,G,7,G7,661,CTL07,25.3,81851
5217,G,8,G8,69,SCZ04,25.3,89614
5217,G,8,G8,69,SCZ04,25.3,89614
5217,G,9,G9,510,SCZ12,25.3,Inf
5217,G,9,G9,510,SCZ12,25.3,Inf
5217,G,10,G10,932,SCZ20,25.3,72293
5217,G,10,G10,932,SCZ20,25.3,72293
5217,G,11,G11,"BLANK- Master Mix, lysate, no reporter",BLNK_LYS,25.3,24324
5217,G,11,G11,"BLANK- Master Mix, lysate, no reporter",BLNK_LYS,25.3,24324
5217,G,12,G12,RECOMBINANT ERK  0.125 nM,ERK_0.125nM,25.3,95589
5217,G,12,G12,RECOMBINANT ERK  0.125 nM,ERK_0.125nM,25.3,95589
5217,H,1,H1,689,CTL08,25.3,95406
5217,H,1,H1,689,CTL08,25.3,95406
5217,H,2,H2,94,SCZ05,25.3,82397
5217,H,2,H2,94,SCZ05,25.3,82397
5217,H,3,H3,547,SCZ13,25.3,84269
5217,H,3,H3,547,SCZ13,25.3,84269
5217,H,4,H4,326,LYS01,25.3,89378
5217,H,4,H4,326,LYS01,25.3,89378
5217,H,5,H5,NA,EMPTY,25.3,90248
5217,H,5,H5,NA,EMPTY,25.3,90248
5217,H,6,H6,RECOMBINANT ERK 2nM + ERK INHIBITOR,ERK_2.000nM_INH,25.3,26831
5217,H,6,H6,RECOMBINANT ERK 2nM + ERK INHIBITOR,ERK_2.000nM_INH,25.3,26831
5217,H,7,H7,689,CTL08,25.3,Inf
5217,H,7,H7,689,CTL08,25.3,Inf
5217,H,8,H8,94,SCZ05,25.3,29776
5217,H,8,H8,94,SCZ05,25.3,29776
5217,H,9,H9,547,SCZ13,25.3,93389
5217,H,9,H9,547,SCZ13,25.3,93389
5217,H,10,H10,326,LYS01,25.3,99300
5217,H,10,H10,326,LYS01,25.3,99300
5217,H,11,H11,NA,EMPTY,25.3,23665
5217,H,11,H11,NA,EMPTY,25.3,23665
5217,H,12,H12,RECOMBINANT ERK 2nM + ERK INHIBITOR,ERK_2.000nM_INH,25.3,Inf
5217,H,12,H12,RECOMBINANT ERK 2nM + ERK INHIBITOR,ERK_2.000nM_INH,25.3,Inf
5358,A,1,A1,46,CTL01,25.3,97148
5358,A,1,A1,46,CTL01,25.3,97148
5358,A,2,A2,720,CTL09,25.3,Inf
5358,A,2,A2,720,CTL09,25.3,Inf
5358,A,3,A3,225,SCZ06,25.3,82996
5358,A,3,A3,225,SCZ06,25.3,82996
5358,A,4,A4,552,SCZ14,25.3,92417
5358,A,4,A4,552,SCZ14,25.3,92417
5358,A,5,A5,328,LYS02,25.3,91590
5358,A,5,A5,328,LYS02,25.3,91590
5358,A,6,A6,RECOMBINANT ERK  2nM,ERK_2.000nM,25.3,Inf
5358,A,6,A6,RECOMBINANT ERK  2nM,ERK_2.000nM,25.3,Inf
5358,A,7,A7,46,CTL01,25.3,96500
5358,A,7,A7,46,CTL01,25.3,96500
5358,A,8,A8,720,CTL09,25.3,94311
5358,A,8,A8,720,CTL09,25.3,94311
5358,A,9,A9,225,SCZ06,25.3,93313
5358,A,9,A9,225,SCZ06,25.3,93313
5358,A,10,A10,552,SCZ14,25.3,82620
5358,A,10,A10,552,SCZ14,25.3,82620
5358,A,11,A11,328,LYS02,25.3,94050
5358,A,11,A11,328,LYS02,25.3,94050
5358,A,12,A12,RECOMBINANT ERK  2nM,ERK_2.000nM,25.3,Inf
5358,A,12,A12,RECOMBINANT ERK  2nM,ERK_2.000nM,25.3,Inf
5358,B,1,B1,116,CTL02,25.3,88829
5358,B,1,B1,116,CTL02,25.3,88829
5358,B,2,B2,859,CTL10,25.3,Inf
5358,B,2,B2,859,CTL10,25.3,Inf
5358,B,3,B3,235,SCZ07,25.3,Inf
5358,B,3,B3,235,SCZ07,25.3,Inf
5358,B,4,B4,565,SCZ15,25.3,89137
5358,B,4,B4,565,SCZ15,25.3,89137
5358,B,5,B5,335,LYS03,25.3,92830
5358,B,5,B5,335,LYS03,25.3,92830
5358,B,6,B6,RECOMBINANT ERK 1.5 nM,ERK_1.500nM,25.3,Inf
5358,B,6,B6,RECOMBINANT ERK 1.5 nM,ERK_1.500nM,25.3,Inf
5358,B,7,B7,116,CTL02,25.3,80337
5358,B,7,B7,116,CTL02,25.3,80337
5358,B,8,B8,859,CTL10,25.3,81452
5358,B,8,B8,859,CTL10,25.3,81452
5358,B,9,B9,235,SCZ07,25.3,95924
5358,B,9,B9,235,SCZ07,25.3,95924
5358,B,10,B10,565,SCZ15,25.3,90460
5358,B,10,B10,565,SCZ15,25.3,90460
5358,B,11,B11,335,LYS03,25.3,94700
5358,B,11,B11,335,LYS03,25.3,94700
5358,B,12,B12,RECOMBINANT ERK 1.5 nM,ERK_1.500nM,25.3,Inf
5358,B,12,B12,RECOMBINANT ERK 1.5 nM,ERK_1.500nM,25.3,Inf
5358,C,1,C1,167,CTL03,25.3,Inf
5358,C,1,C1,167,CTL03,25.3,Inf
5358,C,2,C2,874,CTL11,25.3,82279
5358,C,2,C2,874,CTL11,25.3,82279
5358,C,3,C3,262,SCZ08,25.3,98356
5358,C,3,C3,262,SCZ08,25.3,98356
5358,C,4,C4,737,SCZ16,25.3,90486
5358,C,4,C4,737,SCZ16,25.3,90486
5358,C,5,C5,907,LYS04,25.3,82417
5358,C,5,C5,907,LYS04,25.3,82417
5358,C,6,C6,RECOMBINANT ERK  1 nM,ERK_1.000nM,25.3,Inf
5358,C,6,C6,RECOMBINANT ERK  1 nM,ERK_1.000nM,25.3,Inf
5358,C,7,C7,167,CTL03,25.3,Inf
5358,C,7,C7,167,CTL03,25.3,Inf
5358,C,8,C8,874,CTL11,25.3,73258
5358,C,8,C8,874,CTL11,25.3,73258
5358,C,9,C9,262,SCZ08,25.3,90519
5358,C,9,C9,262,SCZ08,25.3,90519
5358,C,10,C10,737,SCZ16,25.3,86392
5358,C,10,C10,737,SCZ16,25.3,86392
5358,C,11,C11,907,LYS04,25.3,91306
5358,C,11,C11,907,LYS04,25.3,91306
5358,C,12,C12,RECOMBINANT ERK  1 nM,ERK_1.000nM,25.3,Inf
5358,C,12,C12,RECOMBINANT ERK  1 nM,ERK_1.000nM,25.3,Inf
5358,D,1,D1,195,CTL04,25.3,72079
5358,D,1,D1,195,CTL04,25.3,72079
5358,D,2,D2,11,SCZ01,25.3,93480
5358,D,2,D2,11,SCZ01,25.3,93480
5358,D,3,D3,291,SCZ09,25.3,86685
5358,D,3,D3,291,SCZ09,25.3,86685
5358,D,4,D4,802,SCZ17,25.3,61480
5358,D,4,D4,802,SCZ17,25.3,61480
5358,D,5,D5,5000ng lysate + HI,LYS_HI,25.3,86856
5358,D,5,D5,5000ng lysate + HI,LYS_HI,25.3,86856
5358,D,6,D6,RECOMBINANT ERK  0.75 nM,ERK_0.750nM,25.3,Inf
5358,D,6,D6,RECOMBINANT ERK  0.75 nM,ERK_0.750nM,25.3,Inf
5358,D,7,D7,195,CTL04,25.3,88628
5358,D,7,D7,195,CTL04,25.3,88628
5358,D,8,D8,11,SCZ01,25.3,86263
5358,D,8,D8,11,SCZ01,25.3,86263
5358,D,9,D9,291,SCZ09,25.3,80463
5358,D,9,D9,291,SCZ09,25.3,80463
5358,D,10,D10,802,SCZ17,25.3,81656
5358,D,10,D10,802,SCZ17,25.3,81656
5358,D,11,D11,5000ng lysate + HI,LYS_HI,25.3,91881
5358,D,11,D11,5000ng lysate + HI,LYS_HI,25.3,91881
5358,D,12,D12,RECOMBINANT ERK  0.75 nM,ERK_0.750nM,25.3,Inf
5358,D,12,D12,RECOMBINANT ERK  0.75 nM,ERK_0.750nM,25.3,Inf
5358,E,1,E1,223,CTL05,25.3,96832
5358,E,1,E1,223,CTL05,25.3,96832
5358,E,2,E2,22,SCZ02,25.3,Inf
5358,E,2,E2,22,SCZ02,25.3,Inf
5358,E,3,E3,329,SCZ10,25.3,99758
5358,E,3,E3,329,SCZ10,25.3,99758
5358,E,4,E4,930,SCZ18,25.3,65205
5358,E,4,E4,930,SCZ18,25.3,65205
5358,E,5,E5,5000ng lysate +ERK INHIBITOR,LYS_INH,25.3,86548
5358,E,5,E5,5000ng lysate +ERK INHIBITOR,LYS_INH,25.3,86548
5358,E,6,E6,RECOMBINANT ERK 0.5 nM,ERK_0.500nM,25.3,Inf
5358,E,6,E6,RECOMBINANT ERK 0.5 nM,ERK_0.500nM,25.3,Inf
5358,E,7,E7,223,CTL05,25.3,85939
5358,E,7,E7,223,CTL05,25.3,85939
5358,E,8,E8,22,SCZ02,25.3,Inf
5358,E,8,E8,22,SCZ02,25.3,Inf
5358,E,9,E9,329,SCZ10,25.3,89955
5358,E,9,E9,329,SCZ10,25.3,89955
5358,E,10,E10,930,SCZ18,25.3,69676
5358,E,10,E10,930,SCZ18,25.3,69676
5358,E,11,E11,5000ng lysate +ERK INHIBITOR,LYS_INH,25.3,88131
5358,E,11,E11,5000ng lysate +ERK INHIBITOR,LYS_INH,25.3,88131
5358,E,12,E12,RECOMBINANT ERK 0.5 nM,ERK_0.500nM,25.3,Inf
5358,E,12,E12,RECOMBINANT ERK 0.5 nM,ERK_0.500nM,25.3,Inf
5358,F,1,F1,524,CTL06,25.3,Inf
5358,F,1,F1,524,CTL06,25.3,Inf
5358,F,2,F2,29,SCZ03,25.3,Inf
5358,F,2,F2,29,SCZ03,25.3,Inf
5358,F,3,F3,446,SCZ11,25.3,90365
5358,F,3,F3,446,SCZ11,25.3,90365
5358,F,4,F4,931,SCZ19,25.3,76108
5358,F,4,F4,931,SCZ19,25.3,76108
5358,F,5,F5,"BLANK- Master Mix, no lysate",BLNK,25.3,86296
5358,F,5,F5,"BLANK- Master Mix, no lysate",BLNK,25.3,86296
5358,F,6,F6,RECOMBINANT ERK  0.25 nM,ERK_0.250nM,25.3,Inf
5358,F,6,F6,RECOMBINANT ERK  0.25 nM,ERK_0.250nM,25.3,Inf
5358,F,7,F7,524,CTL06,25.3,94239
5358,F,7,F7,524,CTL06,25.3,94239
5358,F,8,F8,29,SCZ03,25.3,Inf
5358,F,8,F8,29,SCZ03,25.3,Inf
5358,F,9,F9,446,SCZ11,25.3,69038
5358,F,9,F9,446,SCZ11,25.3,69038
5358,F,10,F10,931,SCZ19,25.3,77896
5358,F,10,F10,931,SCZ19,25.3,77896
5358,F,11,F11,"BLANK- Master Mix, no lysate",BLNK,25.3,86737
5358,F,11,F11,"BLANK- Master Mix, no lysate",BLNK,25.3,86737
5358,F,12,F12,RECOMBINANT ERK  0.25 nM,ERK_0.250nM,25.3,85067
5358,F,12,F12,RECOMBINANT ERK  0.25 nM,ERK_0.250nM,25.3,85067
5358,G,1,G1,661,CTL07,25.3,86710
5358,G,1,G1,661,CTL07,25.3,86710
5358,G,2,G2,69,SCZ04,25.3,88405
5358,G,2,G2,69,SCZ04,25.3,88405
5358,G,3,G3,510,SCZ12,25.3,95251
5358,G,3,G3,510,SCZ12,25.3,95251
5358,G,4,G4,932,SCZ20,25.3,72602
5358,G,4,G4,932,SCZ20,25.3,72602
5358,G,5,G5,"BLANK- Master Mix, lysate, no reporter",BLNK_LYS,25.3,23687
5358,G,5,G5,"BLANK- Master Mix, lysate, no reporter",BLNK_LYS,25.3,23687
5358,G,6,G6,RECOMBINANT ERK  0.125 nM,ERK_0.125nM,25.3,99422
5358,G,6,G6,RECOMBINANT ERK  0.125 nM,ERK_0.125nM,25.3,99422
5358,G,7,G7,661,CTL07,25.3,81682
5358,G,7,G7,661,CTL07,25.3,81682
5358,G,8,G8,69,SCZ04,25.3,89144
5358,G,8,G8,69,SCZ04,25.3,89144
5358,G,9,G9,510,SCZ12,25.3,Inf
5358,G,9,G9,510,SCZ12,25.3,Inf
5358,G,10,G10,932,SCZ20,25.3,72257
5358,G,10,G10,932,SCZ20,25.3,72257
5358,G,11,G11,"BLANK- Master Mix, lysate, no reporter",BLNK_LYS,25.3,24297
5358,G,11,G11,"BLANK- Master Mix, lysate, no reporter",BLNK_LYS,25.3,24297
5358,G,12,G12,RECOMBINANT ERK  0.125 nM,ERK_0.125nM,25.3,96269
5358,G,12,G12,RECOMBINANT ERK  0.125 nM,ERK_0.125nM,25.3,96269
5358,H,1,H1,689,CTL08,25.3,95761
5358,H,1,H1,689,CTL08,25.3,95761
5358,H,2,H2,94,SCZ05,25.3,81387
5358,H,2,H2,94,SCZ05,25.3,81387
5358,H,3,H3,547,SCZ13,25.3,83798
5358,H,3,H3,547,SCZ13,25.3,83798
5358,H,4,H4,326,LYS01,25.3,89868
5358,H,4,H4,326,LYS01,25.3,89868
5358,H,5,H5,NA,EMPTY,25.3,90149
5358,H,5,H5,NA,EMPTY,25.3,90149
5358,H,6,H6,RECOMBINANT ERK 2nM + ERK INHIBITOR,ERK_2.000nM_INH,25.3,26961
5358,H,6,H6,RECOMBINANT ERK 2nM + ERK INHIBITOR,ERK_2.000nM_INH,25.3,26961
5358,H,7,H7,689,CTL08,25.3,Inf
5358,H,7,H7,689,CTL08,25.3,Inf
5358,H,8,H8,94,SCZ05,25.3,29754
5358,H,8,H8,94,SCZ05,25.3,29754
5358,H,9,H9,547,SCZ13,25.3,93519
5358,H,9,H9,547,SCZ13,25.3,93519
5358,H,10,H10,326,LYS01,25.3,98941
5358,H,10,H10,326,LYS01,25.3,98941
5358,H,11,H11,NA,EMPTY,25.3,24059
5358,H,11,H11,NA,EMPTY,25.3,24059
5358,H,12,H12,RECOMBINANT ERK 2nM + ERK INHIBITOR,ERK_2.000nM_INH,25.3,Inf
5358,H,12,H12,RECOMBINANT ERK 2nM + ERK INHIBITOR,ERK_2.000nM_INH,25.3,Inf
5499,A,1,A1,46,CTL01,25.3,97127
5499,A,1,A1,46,CTL01,25.3,97127
5499,A,2,A2,720,CTL09,25.3,Inf
5499,A,2,A2,720,CTL09,25.3,Inf
5499,A,3,A3,225,SCZ06,25.3,83257
5499,A,3,A3,225,SCZ06,25.3,83257
5499,A,4,A4,552,SCZ14,25.3,91781
5499,A,4,A4,552,SCZ14,25.3,91781
5499,A,5,A5,328,LYS02,25.3,91835
5499,A,5,A5,328,LYS02,25.3,91835
5499,A,6,A6,RECOMBINANT ERK  2nM,ERK_2.000nM,25.3,Inf
5499,A,6,A6,RECOMBINANT ERK  2nM,ERK_2.000nM,25.3,Inf
5499,A,7,A7,46,CTL01,25.3,97036
5499,A,7,A7,46,CTL01,25.3,97036
5499,A,8,A8,720,CTL09,25.3,95798
5499,A,8,A8,720,CTL09,25.3,95798
5499,A,9,A9,225,SCZ06,25.3,93477
5499,A,9,A9,225,SCZ06,25.3,93477
5499,A,10,A10,552,SCZ14,25.3,82709
5499,A,10,A10,552,SCZ14,25.3,82709
5499,A,11,A11,328,LYS02,25.3,94006
5499,A,11,A11,328,LYS02,25.3,94006
5499,A,12,A12,RECOMBINANT ERK  2nM,ERK_2.000nM,25.3,Inf
5499,A,12,A12,RECOMBINANT ERK  2nM,ERK_2.000nM,25.3,Inf
5499,B,1,B1,116,CTL02,25.3,88570
5499,B,1,B1,116,CTL02,25.3,88570
5499,B,2,B2,859,CTL10,25.3,Inf
5499,B,2,B2,859,CTL10,25.3,Inf
5499,B,3,B3,235,SCZ07,25.3,Inf
5499,B,3,B3,235,SCZ07,25.3,Inf
5499,B,4,B4,565,SCZ15,25.3,89256
5499,B,4,B4,565,SCZ15,25.3,89256
5499,B,5,B5,335,LYS03,25.3,92865
5499,B,5,B5,335,LYS03,25.3,92865
5499,B,6,B6,RECOMBINANT ERK 1.5 nM,ERK_1.500nM,25.3,Inf
5499,B,6,B6,RECOMBINANT ERK 1.5 nM,ERK_1.500nM,25.3,Inf
5499,B,7,B7,116,CTL02,25.3,80523
5499,B,7,B7,116,CTL02,25.3,80523
5499,B,8,B8,859,CTL10,25.3,81700
5499,B,8,B8,859,CTL10,25.3,81700
5499,B,9,B9,235,SCZ07,25.3,97210
5499,B,9,B9,235,SCZ07,25.3,97210
5499,B,10,B10,565,SCZ15,25.3,90408
5499,B,10,B10,565,SCZ15,25.3,90408
5499,B,11,B11,335,LYS03,25.3,95158
5499,B,11,B11,335,LYS03,25.3,95158
5499,B,12,B12,RECOMBINANT ERK 1.5 nM,ERK_1.500nM,25.3,Inf
5499,B,12,B12,RECOMBINANT ERK 1.5 nM,ERK_1.500nM,25.3,Inf
5499,C,1,C1,167,CTL03,25.3,Inf
5499,C,1,C1,167,CTL03,25.3,Inf
5499,C,2,C2,874,CTL11,25.3,81790
5499,C,2,C2,874,CTL11,25.3,81790
5499,C,3,C3,262,SCZ08,25.3,98529
5499,C,3,C3,262,SCZ08,25.3,98529
5499,C,4,C4,737,SCZ16,25.3,90950
5499,C,4,C4,737,SCZ16,25.3,90950
5499,C,5,C5,907,LYS04,25.3,82424
5499,C,5,C5,907,LYS04,25.3,82424
5499,C,6,C6,RECOMBINANT ERK  1 nM,ERK_1.000nM,25.3,Inf
5499,C,6,C6,RECOMBINANT ERK  1 nM,ERK_1.000nM,25.3,Inf
5499,C,7,C7,167,CTL03,25.3,Inf
5499,C,7,C7,167,CTL03,25.3,Inf
5499,C,8,C8,874,CTL11,25.3,73620
5499,C,8,C8,874,CTL11,25.3,73620
5499,C,9,C9,262,SCZ08,25.3,90695
5499,C,9,C9,262,SCZ08,25.3,90695
5499,C,10,C10,737,SCZ16,25.3,86659
5499,C,10,C10,737,SCZ16,25.3,86659
5499,C,11,C11,907,LYS04,25.3,92156
5499,C,11,C11,907,LYS04,25.3,92156
5499,C,12,C12,RECOMBINANT ERK  1 nM,ERK_1.000nM,25.3,Inf
5499,C,12,C12,RECOMBINANT ERK  1 nM,ERK_1.000nM,25.3,Inf
5499,D,1,D1,195,CTL04,25.3,72350
5499,D,1,D1,195,CTL04,25.3,72350
5499,D,2,D2,11,SCZ01,25.3,93752
5499,D,2,D2,11,SCZ01,25.3,93752
5499,D,3,D3,291,SCZ09,25.3,86878
5499,D,3,D3,291,SCZ09,25.3,86878
5499,D,4,D4,802,SCZ17,25.3,61334
5499,D,4,D4,802,SCZ17,25.3,61334
5499,D,5,D5,5000ng lysate + HI,LYS_HI,25.3,86842
5499,D,5,D5,5000ng lysate + HI,LYS_HI,25.3,86842
5499,D,6,D6,RECOMBINANT ERK  0.75 nM,ERK_0.750nM,25.3,Inf
5499,D,6,D6,RECOMBINANT ERK  0.75 nM,ERK_0.750nM,25.3,Inf
5499,D,7,D7,195,CTL04,25.3,89309
5499,D,7,D7,195,CTL04,25.3,89309
5499,D,8,D8,11,SCZ01,25.3,86759
5499,D,8,D8,11,SCZ01,25.3,86759
5499,D,9,D9,291,SCZ09,25.3,80643
5499,D,9,D9,291,SCZ09,25.3,80643
5499,D,10,D10,802,SCZ17,25.3,82111
5499,D,10,D10,802,SCZ17,25.3,82111
5499,D,11,D11,5000ng lysate + HI,LYS_HI,25.3,91931
5499,D,11,D11,5000ng lysate + HI,LYS_HI,25.3,91931
5499,D,12,D12,RECOMBINANT ERK  0.75 nM,ERK_0.750nM,25.3,Inf
5499,D,12,D12,RECOMBINANT ERK  0.75 nM,ERK_0.750nM,25.3,Inf
5499,E,1,E1,223,CTL05,25.3,97265
5499,E,1,E1,223,CTL05,25.3,97265
5499,E,2,E2,22,SCZ02,25.3,Inf
5499,E,2,E2,22,SCZ02,25.3,Inf
5499,E,3,E3,329,SCZ10,25.3,Inf
5499,E,3,E3,329,SCZ10,25.3,Inf
5499,E,4,E4,930,SCZ18,25.3,64585
5499,E,4,E4,930,SCZ18,25.3,64585
5499,E,5,E5,5000ng lysate +ERK INHIBITOR,LYS_INH,25.3,86667
5499,E,5,E5,5000ng lysate +ERK INHIBITOR,LYS_INH,25.3,86667
5499,E,6,E6,RECOMBINANT ERK 0.5 nM,ERK_0.500nM,25.3,Inf
5499,E,6,E6,RECOMBINANT ERK 0.5 nM,ERK_0.500nM,25.3,Inf
5499,E,7,E7,223,CTL05,25.3,86521
5499,E,7,E7,223,CTL05,25.3,86521
5499,E,8,E8,22,SCZ02,25.3,Inf
5499,E,8,E8,22,SCZ02,25.3,Inf
5499,E,9,E9,329,SCZ10,25.3,90614
5499,E,9,E9,329,SCZ10,25.3,90614
5499,E,10,E10,930,SCZ18,25.3,69325
5499,E,10,E10,930,SCZ18,25.3,69325
5499,E,11,E11,5000ng lysate +ERK INHIBITOR,LYS_INH,25.3,88411
5499,E,11,E11,5000ng lysate +ERK INHIBITOR,LYS_INH,25.3,88411
5499,E,12,E12,RECOMBINANT ERK 0.5 nM,ERK_0.500nM,25.3,Inf
5499,E,12,E12,RECOMBINANT ERK 0.5 nM,ERK_0.500nM,25.3,Inf
5499,F,1,F1,524,CTL06,25.3,Inf
5499,F,1,F1,524,CTL06,25.3,Inf
5499,F,2,F2,29,SCZ03,25.3,Inf
5499,F,2,F2,29,SCZ03,25.3,Inf
5499,F,3,F3,446,SCZ11,25.3,91897
5499,F,3,F3,446,SCZ11,25.3,91897
5499,F,4,F4,931,SCZ19,25.3,75930
5499,F,4,F4,931,SCZ19,25.3,75930
5499,F,5,F5,"BLANK- Master Mix, no lysate",BLNK,25.3,86186
5499,F,5,F5,"BLANK- Master Mix, no lysate",BLNK,25.3,86186
5499,F,6,F6,RECOMBINANT ERK  0.25 nM,ERK_0.250nM,25.3,Inf
5499,F,6,F6,RECOMBINANT ERK  0.25 nM,ERK_0.250nM,25.3,Inf
5499,F,7,F7,524,CTL06,25.3,95266
5499,F,7,F7,524,CTL06,25.3,95266
5499,F,8,F8,29,SCZ03,25.3,Inf
5499,F,8,F8,29,SCZ03,25.3,Inf
5499,F,9,F9,446,SCZ11,25.3,68724
5499,F,9,F9,446,SCZ11,25.3,68724
5499,F,10,F10,931,SCZ19,25.3,78540
5499,F,10,F10,931,SCZ19,25.3,78540
5499,F,11,F11,"BLANK- Master Mix, no lysate",BLNK,25.3,86216
5499,F,11,F11,"BLANK- Master Mix, no lysate",BLNK,25.3,86216
5499,F,12,F12,RECOMBINANT ERK  0.25 nM,ERK_0.250nM,25.3,84463
5499,F,12,F12,RECOMBINANT ERK  0.25 nM,ERK_0.250nM,25.3,84463
5499,G,1,G1,661,CTL07,25.3,87401
5499,G,1,G1,661,CTL07,25.3,87401
5499,G,2,G2,69,SCZ04,25.3,88163
5499,G,2,G2,69,SCZ04,25.3,88163
5499,G,3,G3,510,SCZ12,25.3,96050
5499,G,3,G3,510,SCZ12,25.3,96050
5499,G,4,G4,932,SCZ20,25.3,72417
5499,G,4,G4,932,SCZ20,25.3,72417
5499,G,5,G5,"BLANK- Master Mix, lysate, no reporter",BLNK_LYS,25.3,23291
5499,G,5,G5,"BLANK- Master Mix, lysate, no reporter",BLNK_LYS,25.3,23291
5499,G,6,G6,RECOMBINANT ERK  0.125 nM,ERK_0.125nM,25.3,Inf
5499,G,6,G6,RECOMBINANT ERK  0.125 nM,ERK_0.125nM,25.3,Inf
5499,G,7,G7,661,CTL07,25.3,81916
5499,G,7,G7,661,CTL07,25.3,81916
5499,G,8,G8,69,SCZ04,25.3,89804
5499,G,8,G8,69,SCZ04,25.3,89804
5499,G,9,G9,510,SCZ12,25.3,Inf
5499,G,9,G9,510,SCZ12,25.3,Inf
5499,G,10,G10,932,SCZ20,25.3,72101
5499,G,10,G10,932,SCZ20,25.3,72101
5499,G,11,G11,"BLANK- Master Mix, lysate, no reporter",BLNK_LYS,25.3,24400
5499,G,11,G11,"BLANK- Master Mix, lysate, no reporter",BLNK_LYS,25.3,24400
5499,G,12,G12,RECOMBINANT ERK  0.125 nM,ERK_0.125nM,25.3,96011
5499,G,12,G12,RECOMBINANT ERK  0.125 nM,ERK_0.125nM,25.3,96011
5499,H,1,H1,689,CTL08,25.3,96529
5499,H,1,H1,689,CTL08,25.3,96529
5499,H,2,H2,94,SCZ05,25.3,81766
5499,H,2,H2,94,SCZ05,25.3,81766
5499,H,3,H3,547,SCZ13,25.3,84324
5499,H,3,H3,547,SCZ13,25.3,84324
5499,H,4,H4,326,LYS01,25.3,90365
5499,H,4,H4,326,LYS01,25.3,90365
5499,H,5,H5,NA,EMPTY,25.3,90597
5499,H,5,H5,NA,EMPTY,25.3,90597
5499,H,6,H6,RECOMBINANT ERK 2nM + ERK INHIBITOR,ERK_2.000nM_INH,25.3,27084
5499,H,6,H6,RECOMBINANT ERK 2nM + ERK INHIBITOR,ERK_2.000nM_INH,25.3,27084
5499,H,7,H7,689,CTL08,25.3,Inf
5499,H,7,H7,689,CTL08,25.3,Inf
5499,H,8,H8,94,SCZ05,25.3,30004
5499,H,8,H8,94,SCZ05,25.3,30004
5499,H,9,H9,547,SCZ13,25.3,93373
5499,H,9,H9,547,SCZ13,25.3,93373
5499,H,10,H10,326,LYS01,25.3,99662
5499,H,10,H10,326,LYS01,25.3,99662
5499,H,11,H11,NA,EMPTY,25.3,23785
5499,H,11,H11,NA,EMPTY,25.3,23785
5499,H,12,H12,RECOMBINANT ERK 2nM + ERK INHIBITOR,ERK_2.000nM_INH,25.3,Inf
5499,H,12,H12,RECOMBINANT ERK 2nM + ERK INHIBITOR,ERK_2.000nM_INH,25.3,Inf
5640,A,1,A1,46,CTL01,25.3,96728
5640,A,1,A1,46,CTL01,25.3,96728
5640,A,2,A2,720,CTL09,25.3,Inf
5640,A,2,A2,720,CTL09,25.3,Inf
5640,A,3,A3,225,SCZ06,25.3,82906
5640,A,3,A3,225,SCZ06,25.3,82906
5640,A,4,A4,552,SCZ14,25.3,92193
5640,A,4,A4,552,SCZ14,25.3,92193
5640,A,5,A5,328,LYS02,25.3,91818
5640,A,5,A5,328,LYS02,25.3,91818
5640,A,6,A6,RECOMBINANT ERK  2nM,ERK_2.000nM,25.3,Inf
5640,A,6,A6,RECOMBINANT ERK  2nM,ERK_2.000nM,25.3,Inf
5640,A,7,A7,46,CTL01,25.3,97182
5640,A,7,A7,46,CTL01,25.3,97182
5640,A,8,A8,720,CTL09,25.3,96205
5640,A,8,A8,720,CTL09,25.3,96205
5640,A,9,A9,225,SCZ06,25.3,93528
5640,A,9,A9,225,SCZ06,25.3,93528
5640,A,10,A10,552,SCZ14,25.3,82408
5640,A,10,A10,552,SCZ14,25.3,82408
5640,A,11,A11,328,LYS02,25.3,93593
5640,A,11,A11,328,LYS02,25.3,93593
5640,A,12,A12,RECOMBINANT ERK  2nM,ERK_2.000nM,25.3,Inf
5640,A,12,A12,RECOMBINANT ERK  2nM,ERK_2.000nM,25.3,Inf
5640,B,1,B1,116,CTL02,25.3,88542
5640,B,1,B1,116,CTL02,25.3,88542
5640,B,2,B2,859,CTL10,25.3,Inf
5640,B,2,B2,859,CTL10,25.3,Inf
5640,B,3,B3,235,SCZ07,25.3,Inf
5640,B,3,B3,235,SCZ07,25.3,Inf
5640,B,4,B4,565,SCZ15,25.3,89744
5640,B,4,B4,565,SCZ15,25.3,89744
5640,B,5,B5,335,LYS03,25.3,94060
5640,B,5,B5,335,LYS03,25.3,94060
5640,B,6,B6,RECOMBINANT ERK 1.5 nM,ERK_1.500nM,25.3,Inf
5640,B,6,B6,RECOMBINANT ERK 1.5 nM,ERK_1.500nM,25.3,Inf
5640,B,7,B7,116,CTL02,25.3,81552
5640,B,7,B7,116,CTL02,25.3,81552
5640,B,8,B8,859,CTL10,25.3,81841
5640,B,8,B8,859,CTL10,25.3,81841
5640,B,9,B9,235,SCZ07,25.3,96168
5640,B,9,B9,235,SCZ07,25.3,96168
5640,B,10,B10,565,SCZ15,25.3,90913
5640,B,10,B10,565,SCZ15,25.3,90913
5640,B,11,B11,335,LYS03,25.3,95224
5640,B,11,B11,335,LYS03,25.3,95224
5640,B,12,B12,RECOMBINANT ERK 1.5 nM,ERK_1.500nM,25.3,Inf
5640,B,12,B12,RECOMBINANT ERK 1.5 nM,ERK_1.500nM,25.3,Inf
5640,C,1,C1,167,CTL03,25.3,Inf
5640,C,1,C1,167,CTL03,25.3,Inf
5640,C,2,C2,874,CTL11,25.3,82343
5640,C,2,C2,874,CTL11,25.3,82343
5640,C,3,C3,262,SCZ08,25.3,98409
5640,C,3,C3,262,SCZ08,25.3,98409
5640,C,4,C4,737,SCZ16,25.3,90701
5640,C,4,C4,737,SCZ16,25.3,90701
5640,C,5,C5,907,LYS04,25.3,81903
5640,C,5,C5,907,LYS04,25.3,81903
5640,C,6,C6,RECOMBINANT ERK  1 nM,ERK_1.000nM,25.3,Inf
5640,C,6,C6,RECOMBINANT ERK  1 nM,ERK_1.000nM,25.3,Inf
5640,C,7,C7,167,CTL03,25.3,Inf
5640,C,7,C7,167,CTL03,25.3,Inf
5640,C,8,C8,874,CTL11,25.3,73412
5640,C,8,C8,874,CTL11,25.3,73412
5640,C,9,C9,262,SCZ08,25.3,90193
5640,C,9,C9,262,SCZ08,25.3,90193
5640,C,10,C10,737,SCZ16,25.3,86669
5640,C,10,C10,737,SCZ16,25.3,86669
5640,C,11,C11,907,LYS04,25.3,93302
5640,C,11,C11,907,LYS04,25.3,93302
5640,C,12,C12,RECOMBINANT ERK  1 nM,ERK_1.000nM,25.3,Inf
5640,C,12,C12,RECOMBINANT ERK  1 nM,ERK_1.000nM,25.3,Inf
5640,D,1,D1,195,CTL04,25.3,72590
5640,D,1,D1,195,CTL04,25.3,72590
5640,D,2,D2,11,SCZ01,25.3,94271
5640,D,2,D2,11,SCZ01,25.3,94271
5640,D,3,D3,291,SCZ09,25.3,86897
5640,D,3,D3,291,SCZ09,25.3,86897
5640,D,4,D4,802,SCZ17,25.3,61010
5640,D,4,D4,802,SCZ17,25.3,61010
5640,D,5,D5,5000ng lysate + HI,LYS_HI,25.3,87161
5640,D,5,D5,5000ng lysate + HI,LYS_HI,25.3,87161
5640,D,6,D6,RECOMBINANT ERK  0.75 nM,ERK_0.750nM,25.3,Inf
5640,D,6,D6,RECOMBINANT ERK  0.75 nM,ERK_0.750nM,25.3,Inf
5640,D,7,D7,195,CTL04,25.3,88369
5640,D,7,D7,195,CTL04,25.3,88369
5640,D,8,D8,11,SCZ01,25.3,86662
5640,D,8,D8,11,SCZ01,25.3,86662
5640,D,9,D9,291,SCZ09,25.3,80960
5640,D,9,D9,291,SCZ09,25.3,80960
5640,D,10,D10,802,SCZ17,25.3,80432
5640,D,10,D10,802,SCZ17,25.3,80432
5640,D,11,D11,5000ng lysate + HI,LYS_HI,25.3,91800
5640,D,11,D11,5000ng lysate + HI,LYS_HI,25.3,91800
5640,D,12,D12,RECOMBINANT ERK  0.75 nM,ERK_0.750nM,25.3,Inf
5640,D,12,D12,RECOMBINANT ERK  0.75 nM,ERK_0.750nM,25.3,Inf
5640,E,1,E1,223,CTL05,25.3,97550
5640,E,1,E1,223,CTL05,25.3,97550
5640,E,2,E2,22,SCZ02,25.3,Inf
5640,E,2,E2,22,SCZ02,25.3,Inf
5640,E,3,E3,329,SCZ10,25.3,Inf
5640,E,3,E3,329,SCZ10,25.3,Inf
5640,E,4,E4,930,SCZ18,25.3,64861
5640,E,4,E4,930,SCZ18,25.3,64861
5640,E,5,E5,5000ng lysate +ERK INHIBITOR,LYS_INH,25.3,86074
5640,E,5,E5,5000ng lysate +ERK INHIBITOR,LYS_INH,25.3,86074
5640,E,6,E6,RECOMBINANT ERK 0.5 nM,ERK_0.500nM,25.3,Inf
5640,E,6,E6,RECOMBINANT ERK 0.5 nM,ERK_0.500nM,25.3,Inf
5640,E,7,E7,223,CTL05,25.3,87152
5640,E,7,E7,223,CTL05,25.3,87152
5640,E,8,E8,22,SCZ02,25.3,Inf
5640,E,8,E8,22,SCZ02,25.3,Inf
5640,E,9,E9,329,SCZ10,25.3,92058
5640,E,9,E9,329,SCZ10,25.3,92058
5640,E,10,E10,930,SCZ18,25.3,69918
5640,E,10,E10,930,SCZ18,25.3,69918
5640,E,11,E11,5000ng lysate +ERK INHIBITOR,LYS_INH,25.3,88111
5640,E,11,E11,5000ng lysate +ERK INHIBITOR,LYS_INH,25.3,88111
5640,E,12,E12,RECOMBINANT ERK 0.5 nM,ERK_0.500nM,25.3,Inf
5640,E,12,E12,RECOMBINANT ERK 0.5 nM,ERK_0.500nM,25.3,Inf
5640,F,1,F1,524,CTL06,25.3,Inf
5640,F,1,F1,524,CTL06,25.3,Inf
5640,F,2,F2,29,SCZ03,25.3,Inf
5640,F,2,F2,29,SCZ03,25.3,Inf
5640,F,3,F3,446,SCZ11,25.3,92742
5640,F,3,F3,446,SCZ11,25.3,92742
5640,F,4,F4,931,SCZ19,25.3,76105
5640,F,4,F4,931,SCZ19,25.3,76105
5640,F,5,F5,"BLANK- Master Mix, no lysate",BLNK,25.3,85994
5640,F,5,F5,"BLANK- Master Mix, no lysate",BLNK,25.3,85994
5640,F,6,F6,RECOMBINANT ERK  0.25 nM,ERK_0.250nM,25.3,Inf
5640,F,6,F6,RECOMBINANT ERK  0.25 nM,ERK_0.250nM,25.3,Inf
5640,F,7,F7,524,CTL06,25.3,95099
5640,F,7,F7,524,CTL06,25.3,95099
5640,F,8,F8,29,SCZ03,25.3,Inf
5640,F,8,F8,29,SCZ03,25.3,Inf
5640,F,9,F9,446,SCZ11,25.3,69431
5640,F,9,F9,446,SCZ11,25.3,69431
5640,F,10,F10,931,SCZ19,25.3,77691
5640,F,10,F10,931,SCZ19,25.3,77691
5640,F,11,F11,"BLANK- Master Mix, no lysate",BLNK,25.3,86760
5640,F,11,F11,"BLANK- Master Mix, no lysate",BLNK,25.3,86760
5640,F,12,F12,RECOMBINANT ERK  0.25 nM,ERK_0.250nM,25.3,84778
5640,F,12,F12,RECOMBINANT ERK  0.25 nM,ERK_0.250nM,25.3,84778
5640,G,1,G1,661,CTL07,25.3,87330
5640,G,1,G1,661,CTL07,25.3,87330
5640,G,2,G2,69,SCZ04,25.3,88490
5640,G,2,G2,69,SCZ04,25.3,88490
5640,G,3,G3,510,SCZ12,25.3,97124
5640,G,3,G3,510,SCZ12,25.3,97124
5640,G,4,G4,932,SCZ20,25.3,72605
5640,G,4,G4,932,SCZ20,25.3,72605
5640,G,5,G5,"BLANK- Master Mix, lysate, no reporter",BLNK_LYS,25.3,23317
5640,G,5,G5,"BLANK- Master Mix, lysate, no reporter",BLNK_LYS,25.3,23317
5640,G,6,G6,RECOMBINANT ERK  0.125 nM,ERK_0.125nM,25.3,99275
5640,G,6,G6,RECOMBINANT ERK  0.125 nM,ERK_0.125nM,25.3,99275
5640,G,7,G7,661,CTL07,25.3,81014
5640,G,7,G7,661,CTL07,25.3,81014
5640,G,8,G8,69,SCZ04,25.3,89575
5640,G,8,G8,69,SCZ04,25.3,89575
5640,G,9,G9,510,SCZ12,25.3,Inf
5640,G,9,G9,510,SCZ12,25.3,Inf
5640,G,10,G10,932,SCZ20,25.3,72856
5640,G,10,G10,932,SCZ20,25.3,72856
5640,G,11,G11,"BLANK- Master Mix, lysate, no reporter",BLNK_LYS,25.3,24510
5640,G,11,G11,"BLANK- Master Mix, lysate, no reporter",BLNK_LYS,25.3,24510
5640,G,12,G12,RECOMBINANT ERK  0.125 nM,ERK_0.125nM,25.3,95089
5640,G,12,G12,RECOMBINANT ERK  0.125 nM,ERK_0.125nM,25.3,95089
5640,H,1,H1,689,CTL08,25.3,96503
5640,H,1,H1,689,CTL08,25.3,96503
5640,H,2,H2,94,SCZ05,25.3,81942
5640,H,2,H2,94,SCZ05,25.3,81942
5640,H,3,H3,547,SCZ13,25.3,84165
5640,H,3,H3,547,SCZ13,25.3,84165
5640,H,4,H4,326,LYS01,25.3,91146
5640,H,4,H4,326,LYS01,25.3,91146
5640,H,5,H5,NA,EMPTY,25.3,90616
5640,H,5,H5,NA,EMPTY,25.3,90616
5640,H,6,H6,RECOMBINANT ERK 2nM + ERK INHIBITOR,ERK_2.000nM_INH,25.3,27088
5640,H,6,H6,RECOMBINANT ERK 2nM + ERK INHIBITOR,ERK_2.000nM_INH,25.3,27088
5640,H,7,H7,689,CTL08,25.3,Inf
5640,H,7,H7,689,CTL08,25.3,Inf
5640,H,8,H8,94,SCZ05,25.3,30399
5640,H,8,H8,94,SCZ05,25.3,30399
5640,H,9,H9,547,SCZ13,25.3,94204
5640,H,9,H9,547,SCZ13,25.3,94204
5640,H,10,H10,326,LYS01,25.3,Inf
5640,H,10,H10,326,LYS01,25.3,Inf
5640,H,11,H11,NA,EMPTY,25.3,23547
5640,H,11,H11,NA,EMPTY,25.3,23547
5640,H,12,H12,RECOMBINANT ERK 2nM + ERK INHIBITOR,ERK_2.000nM_INH,25.3,Inf
5640,H,12,H12,RECOMBINANT ERK 2nM + ERK INHIBITOR,ERK_2.000nM_INH,25.3,Inf
5781,A,1,A1,46,CTL01,25.3,96766
5781,A,1,A1,46,CTL01,25.3,96766
5781,A,2,A2,720,CTL09,25.3,Inf
5781,A,2,A2,720,CTL09,25.3,Inf
5781,A,3,A3,225,SCZ06,25.3,83366
5781,A,3,A3,225,SCZ06,25.3,83366
5781,A,4,A4,552,SCZ14,25.3,91862
5781,A,4,A4,552,SCZ14,25.3,91862
5781,A,5,A5,328,LYS02,25.3,92274
5781,A,5,A5,328,LYS02,25.3,92274
5781,A,6,A6,RECOMBINANT ERK  2nM,ERK_2.000nM,25.3,Inf
5781,A,6,A6,RECOMBINANT ERK  2nM,ERK_2.000nM,25.3,Inf
5781,A,7,A7,46,CTL01,25.3,97077
5781,A,7,A7,46,CTL01,25.3,97077
5781,A,8,A8,720,CTL09,25.3,96367
5781,A,8,A8,720,CTL09,25.3,96367
5781,A,9,A9,225,SCZ06,25.3,93851
5781,A,9,A9,225,SCZ06,25.3,93851
5781,A,10,A10,552,SCZ14,25.3,83587
5781,A,10,A10,552,SCZ14,25.3,83587
5781,A,11,A11,328,LYS02,25.3,94373
5781,A,11,A11,328,LYS02,25.3,94373
5781,A,12,A12,RECOMBINANT ERK  2nM,ERK_2.000nM,25.3,Inf
5781,A,12,A12,RECOMBINANT ERK  2nM,ERK_2.000nM,25.3,Inf
5781,B,1,B1,116,CTL02,25.3,88431
5781,B,1,B1,116,CTL02,25.3,88431
5781,B,2,B2,859,CTL10,25.3,Inf
5781,B,2,B2,859,CTL10,25.3,Inf
5781,B,3,B3,235,SCZ07,25.3,Inf
5781,B,3,B3,235,SCZ07,25.3,Inf
5781,B,4,B4,565,SCZ15,25.3,89443
5781,B,4,B4,565,SCZ15,25.3,89443
5781,B,5,B5,335,LYS03,25.3,95018
5781,B,5,B5,335,LYS03,25.3,95018
5781,B,6,B6,RECOMBINANT ERK 1.5 nM,ERK_1.500nM,25.3,Inf
5781,B,6,B6,RECOMBINANT ERK 1.5 nM,ERK_1.500nM,25.3,Inf
5781,B,7,B7,116,CTL02,25.3,80904
5781,B,7,B7,116,CTL02,25.3,80904
5781,B,8,B8,859,CTL10,25.3,83207
5781,B,8,B8,859,CTL10,25.3,83207
5781,B,9,B9,235,SCZ07,25.3,96742
5781,B,9,B9,235,SCZ07,25.3,96742
5781,B,10,B10,565,SCZ15,25.3,90017
5781,B,10,B10,565,SCZ15,25.3,90017
5781,B,11,B11,335,LYS03,25.3,95506
5781,B,11,B11,335,LYS03,25.3,95506
5781,B,12,B12,RECOMBINANT ERK 1.5 nM,ERK_1.500nM,25.3,Inf
5781,B,12,B12,RECOMBINANT ERK 1.5 nM,ERK_1.500nM,25.3,Inf
5781,C,1,C1,167,CTL03,25.3,Inf
5781,C,1,C1,167,CTL03,25.3,Inf
5781,C,2,C2,874,CTL11,25.3,82224
5781,C,2,C2,874,CTL11,25.3,82224
5781,C,3,C3,262,SCZ08,25.3,98604
5781,C,3,C3,262,SCZ08,25.3,98604
5781,C,4,C4,737,SCZ16,25.3,90676
5781,C,4,C4,737,SCZ16,25.3,90676
5781,C,5,C5,907,LYS04,25.3,83701
5781,C,5,C5,907,LYS04,25.3,83701
5781,C,6,C6,RECOMBINANT ERK  1 nM,ERK_1.000nM,25.3,Inf
5781,C,6,C6,RECOMBINANT ERK  1 nM,ERK_1.000nM,25.3,Inf
5781,C,7,C7,167,CTL03,25.3,Inf
5781,C,7,C7,167,CTL03,25.3,Inf
5781,C,8,C8,874,CTL11,25.3,73630
5781,C,8,C8,874,CTL11,25.3,73630
5781,C,9,C9,262,SCZ08,25.3,90237
5781,C,9,C9,262,SCZ08,25.3,90237
5781,C,10,C10,737,SCZ16,25.3,86585
5781,C,10,C10,737,SCZ16,25.3,86585
5781,C,11,C11,907,LYS04,25.3,92951
5781,C,11,C11,907,LYS04,25.3,92951
5781,C,12,C12,RECOMBINANT ERK  1 nM,ERK_1.000nM,25.3,Inf
5781,C,12,C12,RECOMBINANT ERK  1 nM,ERK_1.000nM,25.3,Inf
5781,D,1,D1,195,CTL04,25.3,72790
5781,D,1,D1,195,CTL04,25.3,72790
5781,D,2,D2,11,SCZ01,25.3,93624
5781,D,2,D2,11,SCZ01,25.3,93624
5781,D,3,D3,291,SCZ09,25.3,86533
5781,D,3,D3,291,SCZ09,25.3,86533
5781,D,4,D4,802,SCZ17,25.3,61639
5781,D,4,D4,802,SCZ17,25.3,61639
5781,D,5,D5,5000ng lysate + HI,LYS_HI,25.3,87335
5781,D,5,D5,5000ng lysate + HI,LYS_HI,25.3,87335
5781,D,6,D6,RECOMBINANT ERK  0.75 nM,ERK_0.750nM,25.3,Inf
5781,D,6,D6,RECOMBINANT ERK  0.75 nM,ERK_0.750nM,25.3,Inf
5781,D,7,D7,195,CTL04,25.3,89345
5781,D,7,D7,195,CTL04,25.3,89345
5781,D,8,D8,11,SCZ01,25.3,86648
5781,D,8,D8,11,SCZ01,25.3,86648
5781,D,9,D9,291,SCZ09,25.3,80669
5781,D,9,D9,291,SCZ09,25.3,80669
5781,D,10,D10,802,SCZ17,25.3,81546
5781,D,10,D10,802,SCZ17,25.3,81546
5781,D,11,D11,5000ng lysate + HI,LYS_HI,25.3,91553
5781,D,11,D11,5000ng lysate + HI,LYS_HI,25.3,91553
5781,D,12,D12,RECOMBINANT ERK  0.75 nM,ERK_0.750nM,25.3,Inf
5781,D,12,D12,RECOMBINANT ERK  0.75 nM,ERK_0.750nM,25.3,Inf
5781,E,1,E1,223,CTL05,25.3,97764
5781,E,1,E1,223,CTL05,25.3,97764
5781,E,2,E2,22,SCZ02,25.3,Inf
5781,E,2,E2,22,SCZ02,25.3,Inf
5781,E,3,E3,329,SCZ10,25.3,Inf
5781,E,3,E3,329,SCZ10,25.3,Inf
5781,E,4,E4,930,SCZ18,25.3,65117
5781,E,4,E4,930,SCZ18,25.3,65117
5781,E,5,E5,5000ng lysate +ERK INHIBITOR,LYS_INH,25.3,86235
5781,E,5,E5,5000ng lysate +ERK INHIBITOR,LYS_INH,25.3,86235
5781,E,6,E6,RECOMBINANT ERK 0.5 nM,ERK_0.500nM,25.3,Inf
5781,E,6,E6,RECOMBINANT ERK 0.5 nM,ERK_0.500nM,25.3,Inf
5781,E,7,E7,223,CTL05,25.3,87191
5781,E,7,E7,223,CTL05,25.3,87191
5781,E,8,E8,22,SCZ02,25.3,Inf
5781,E,8,E8,22,SCZ02,25.3,Inf
5781,E,9,E9,329,SCZ10,25.3,92416
5781,E,9,E9,329,SCZ10,25.3,92416
5781,E,10,E10,930,SCZ18,25.3,69923
5781,E,10,E10,930,SCZ18,25.3,69923
5781,E,11,E11,5000ng lysate +ERK INHIBITOR,LYS_INH,25.3,87912
5781,E,11,E11,5000ng lysate +ERK INHIBITOR,LYS_INH,25.3,87912
5781,E,12,E12,RECOMBINANT ERK 0.5 nM,ERK_0.500nM,25.3,Inf
5781,E,12,E12,RECOMBINANT ERK 0.5 nM,ERK_0.500nM,25.3,Inf
5781,F,1,F1,524,CTL06,25.3,Inf
5781,F,1,F1,524,CTL06,25.3,Inf
5781,F,2,F2,29,SCZ03,25.3,Inf
5781,F,2,F2,29,SCZ03,25.3,Inf
5781,F,3,F3,446,SCZ11,25.3,94271
5781,F,3,F3,446,SCZ11,25.3,94271
5781,F,4,F4,931,SCZ19,25.3,76702
5781,F,4,F4,931,SCZ19,25.3,76702
5781,F,5,F5,"BLANK- Master Mix, no lysate",BLNK,25.3,86029
5781,F,5,F5,"BLANK- Master Mix, no lysate",BLNK,25.3,86029
5781,F,6,F6,RECOMBINANT ERK  0.25 nM,ERK_0.250nM,25.3,Inf
5781,F,6,F6,RECOMBINANT ERK  0.25 nM,ERK_0.250nM,25.3,Inf
5781,F,7,F7,524,CTL06,25.3,95412
5781,F,7,F7,524,CTL06,25.3,95412
5781,F,8,F8,29,SCZ03,25.3,Inf
5781,F,8,F8,29,SCZ03,25.3,Inf
5781,F,9,F9,446,SCZ11,25.3,68627
5781,F,9,F9,446,SCZ11,25.3,68627
5781,F,10,F10,931,SCZ19,25.3,77546
5781,F,10,F10,931,SCZ19,25.3,77546
5781,F,11,F11,"BLANK- Master Mix, no lysate",BLNK,25.3,86938
5781,F,11,F11,"BLANK- Master Mix, no lysate",BLNK,25.3,86938
5781,F,12,F12,RECOMBINANT ERK  0.25 nM,ERK_0.250nM,25.3,85416
5781,F,12,F12,RECOMBINANT ERK  0.25 nM,ERK_0.250nM,25.3,85416
5781,G,1,G1,661,CTL07,25.3,86540
5781,G,1,G1,661,CTL07,25.3,86540
5781,G,2,G2,69,SCZ04,25.3,88552
5781,G,2,G2,69,SCZ04,25.3,88552
5781,G,3,G3,510,SCZ12,25.3,97297
5781,G,3,G3,510,SCZ12,25.3,97297
5781,G,4,G4,932,SCZ20,25.3,73205
5781,G,4,G4,932,SCZ20,25.3,73205
5781,G,5,G5,"BLANK- Master Mix, lysate, no reporter",BLNK_LYS,25.3,23158
5781,G,5,G5,"BLANK- Master Mix, lysate, no reporter",BLNK_LYS,25.3,23158
5781,G,6,G6,RECOMBINANT ERK  0.125 nM,ERK_0.125nM,25.3,99232
5781,G,6,G6,RECOMBINANT ERK  0.125 nM,ERK_0.125nM,25.3,99232
5781,G,7,G7,661,CTL07,25.3,82290
5781,G,7,G7,661,CTL07,25.3,82290
5781,G,8,G8,69,SCZ04,25.3,89933
5781,G,8,G8,69,SCZ04,25.3,89933
5781,G,9,G9,510,SCZ12,25.3,Inf
5781,G,9,G9,510,SCZ12,25.3,Inf
5781,G,10,G10,932,SCZ20,25.3,72827
5781,G,10,G10,932,SCZ20,25.3,72827
5781,G,11,G11,"BLANK- Master Mix, lysate, no reporter",BLNK_LYS,25.3,24270
5781,G,11,G11,"BLANK- Master Mix, lysate, no reporter",BLNK_LYS,25.3,24270
5781,G,12,G12,RECOMBINANT ERK  0.125 nM,ERK_0.125nM,25.3,96956
5781,G,12,G12,RECOMBINANT ERK  0.125 nM,ERK_0.125nM,25.3,96956
5781,H,1,H1,689,CTL08,25.3,96916
5781,H,1,H1,689,CTL08,25.3,96916
5781,H,2,H2,94,SCZ05,25.3,82218
5781,H,2,H2,94,SCZ05,25.3,82218
5781,H,3,H3,547,SCZ13,25.3,84260
5781,H,3,H3,547,SCZ13,25.3,84260
5781,H,4,H4,326,LYS01,25.3,91659
5781,H,4,H4,326,LYS01,25.3,91659
5781,H,5,H5,NA,EMPTY,25.3,90439
5781,H,5,H5,NA,EMPTY,25.3,90439
5781,H,6,H6,RECOMBINANT ERK 2nM + ERK INHIBITOR,ERK_2.000nM_INH,25.3,27127
5781,H,6,H6,RECOMBINANT ERK 2nM + ERK INHIBITOR,ERK_2.000nM_INH,25.3,27127
5781,H,7,H7,689,CTL08,25.3,Inf
5781,H,7,H7,689,CTL08,25.3,Inf
5781,H,8,H8,94,SCZ05,25.3,29740
5781,H,8,H8,94,SCZ05,25.3,29740
5781,H,9,H9,547,SCZ13,25.3,92827
5781,H,9,H9,547,SCZ13,25.3,92827
5781,H,10,H10,326,LYS01,25.3,Inf
5781,H,10,H10,326,LYS01,25.3,Inf
5781,H,11,H11,NA,EMPTY,25.3,23842
5781,H,11,H11,NA,EMPTY,25.3,23842
5781,H,12,H12,RECOMBINANT ERK 2nM + ERK INHIBITOR,ERK_2.000nM_INH,25.3,Inf
5781,H,12,H12,RECOMBINANT ERK 2nM + ERK INHIBITOR,ERK_2.000nM_INH,25.3,Inf
5922,A,1,A1,46,CTL01,25.4,97532
5922,A,1,A1,46,CTL01,25.4,97532
5922,A,2,A2,720,CTL09,25.4,Inf
5922,A,2,A2,720,CTL09,25.4,Inf
5922,A,3,A3,225,SCZ06,25.4,83326
5922,A,3,A3,225,SCZ06,25.4,83326
5922,A,4,A4,552,SCZ14,25.4,92234
5922,A,4,A4,552,SCZ14,25.4,92234
5922,A,5,A5,328,LYS02,25.4,92157
5922,A,5,A5,328,LYS02,25.4,92157
5922,A,6,A6,RECOMBINANT ERK  2nM,ERK_2.000nM,25.4,Inf
5922,A,6,A6,RECOMBINANT ERK  2nM,ERK_2.000nM,25.4,Inf
5922,A,7,A7,46,CTL01,25.4,97067
5922,A,7,A7,46,CTL01,25.4,97067
5922,A,8,A8,720,CTL09,25.4,96851
5922,A,8,A8,720,CTL09,25.4,96851
5922,A,9,A9,225,SCZ06,25.4,93200
5922,A,9,A9,225,SCZ06,25.4,93200
5922,A,10,A10,552,SCZ14,25.4,83309
5922,A,10,A10,552,SCZ14,25.4,83309
5922,A,11,A11,328,LYS02,25.4,94183
5922,A,11,A11,328,LYS02,25.4,94183
5922,A,12,A12,RECOMBINANT ERK  2nM,ERK_2.000nM,25.4,Inf
5922,A,12,A12,RECOMBINANT ERK  2nM,ERK_2.000nM,25.4,Inf
5922,B,1,B1,116,CTL02,25.4,88658
5922,B,1,B1,116,CTL02,25.4,88658
5922,B,2,B2,859,CTL10,25.4,Inf
5922,B,2,B2,859,CTL10,25.4,Inf
5922,B,3,B3,235,SCZ07,25.4,Inf
5922,B,3,B3,235,SCZ07,25.4,Inf
5922,B,4,B4,565,SCZ15,25.4,89438
5922,B,4,B4,565,SCZ15,25.4,89438
5922,B,5,B5,335,LYS03,25.4,95718
5922,B,5,B5,335,LYS03,25.4,95718
5922,B,6,B6,RECOMBINANT ERK 1.5 nM,ERK_1.500nM,25.4,Inf
5922,B,6,B6,RECOMBINANT ERK 1.5 nM,ERK_1.500nM,25.4,Inf
5922,B,7,B7,116,CTL02,25.4,81354
5922,B,7,B7,116,CTL02,25.4,81354
5922,B,8,B8,859,CTL10,25.4,83066
5922,B,8,B8,859,CTL10,25.4,83066
5922,B,9,B9,235,SCZ07,25.4,97374
5922,B,9,B9,235,SCZ07,25.4,97374
5922,B,10,B10,565,SCZ15,25.4,90628
5922,B,10,B10,565,SCZ15,25.4,90628
5922,B,11,B11,335,LYS03,25.4,96134
5922,B,11,B11,335,LYS03,25.4,96134
5922,B,12,B12,RECOMBINANT ERK 1.5 nM,ERK_1.500nM,25.4,Inf
5922,B,12,B12,RECOMBINANT ERK 1.5 nM,ERK_1.500nM,25.4,Inf
5922,C,1,C1,167,CTL03,25.4,Inf
5922,C,1,C1,167,CTL03,25.4,Inf
5922,C,2,C2,874,CTL11,25.4,82016
5922,C,2,C2,874,CTL11,25.4,82016
5922,C,3,C3,262,SCZ08,25.4,98664
5922,C,3,C3,262,SCZ08,25.4,98664
5922,C,4,C4,737,SCZ16,25.4,91367
5922,C,4,C4,737,SCZ16,25.4,91367
5922,C,5,C5,907,LYS04,25.4,83311
5922,C,5,C5,907,LYS04,25.4,83311
5922,C,6,C6,RECOMBINANT ERK  1 nM,ERK_1.000nM,25.4,Inf
5922,C,6,C6,RECOMBINANT ERK  1 nM,ERK_1.000nM,25.4,Inf
5922,C,7,C7,167,CTL03,25.4,Inf
5922,C,7,C7,167,CTL03,25.4,Inf
5922,C,8,C8,874,CTL11,25.4,72800
5922,C,8,C8,874,CTL11,25.4,72800
5922,C,9,C9,262,SCZ08,25.4,91002
5922,C,9,C9,262,SCZ08,25.4,91002
5922,C,10,C10,737,SCZ16,25.4,86607
5922,C,10,C10,737,SCZ16,25.4,86607
5922,C,11,C11,907,LYS04,25.4,92954
5922,C,11,C11,907,LYS04,25.4,92954
5922,C,12,C12,RECOMBINANT ERK  1 nM,ERK_1.000nM,25.4,Inf
5922,C,12,C12,RECOMBINANT ERK  1 nM,ERK_1.000nM,25.4,Inf
5922,D,1,D1,195,CTL04,25.4,72403
5922,D,1,D1,195,CTL04,25.4,72403
5922,D,2,D2,11,SCZ01,25.4,94061
5922,D,2,D2,11,SCZ01,25.4,94061
5922,D,3,D3,291,SCZ09,25.4,86830
5922,D,3,D3,291,SCZ09,25.4,86830
5922,D,4,D4,802,SCZ17,25.4,61194
5922,D,4,D4,802,SCZ17,25.4,61194
5922,D,5,D5,5000ng lysate + HI,LYS_HI,25.4,87197
5922,D,5,D5,5000ng lysate + HI,LYS_HI,25.4,87197
5922,D,6,D6,RECOMBINANT ERK  0.75 nM,ERK_0.750nM,25.4,Inf
5922,D,6,D6,RECOMBINANT ERK  0.75 nM,ERK_0.750nM,25.4,Inf
5922,D,7,D7,195,CTL04,25.4,89283
5922,D,7,D7,195,CTL04,25.4,89283
5922,D,8,D8,11,SCZ01,25.4,85954
5922,D,8,D8,11,SCZ01,25.4,85954
5922,D,9,D9,291,SCZ09,25.4,81380
5922,D,9,D9,291,SCZ09,25.4,81380
5922,D,10,D10,802,SCZ17,25.4,81710
5922,D,10,D10,802,SCZ17,25.4,81710
5922,D,11,D11,5000ng lysate + HI,LYS_HI,25.4,92142
5922,D,11,D11,5000ng lysate + HI,LYS_HI,25.4,92142
5922,D,12,D12,RECOMBINANT ERK  0.75 nM,ERK_0.750nM,25.4,Inf
5922,D,12,D12,RECOMBINANT ERK  0.75 nM,ERK_0.750nM,25.4,Inf
5922,E,1,E1,223,CTL05,25.4,98553
5922,E,1,E1,223,CTL05,25.4,98553
5922,E,2,E2,22,SCZ02,25.4,Inf
5922,E,2,E2,22,SCZ02,25.4,Inf
5922,E,3,E3,329,SCZ10,25.4,Inf
5922,E,3,E3,329,SCZ10,25.4,Inf
5922,E,4,E4,930,SCZ18,25.4,64848
5922,E,4,E4,930,SCZ18,25.4,64848
5922,E,5,E5,5000ng lysate +ERK INHIBITOR,LYS_INH,25.4,86579
5922,E,5,E5,5000ng lysate +ERK INHIBITOR,LYS_INH,25.4,86579
5922,E,6,E6,RECOMBINANT ERK 0.5 nM,ERK_0.500nM,25.4,Inf
5922,E,6,E6,RECOMBINANT ERK 0.5 nM,ERK_0.500nM,25.4,Inf
5922,E,7,E7,223,CTL05,25.4,87073
5922,E,7,E7,223,CTL05,25.4,87073
5922,E,8,E8,22,SCZ02,25.4,Inf
5922,E,8,E8,22,SCZ02,25.4,Inf
5922,E,9,E9,329,SCZ10,25.4,94374
5922,E,9,E9,329,SCZ10,25.4,94374
5922,E,10,E10,930,SCZ18,25.4,69741
5922,E,10,E10,930,SCZ18,25.4,69741
5922,E,11,E11,5000ng lysate +ERK INHIBITOR,LYS_INH,25.4,87202
5922,E,11,E11,5000ng lysate +ERK INHIBITOR,LYS_INH,25.4,87202
5922,E,12,E12,RECOMBINANT ERK 0.5 nM,ERK_0.500nM,25.4,Inf
5922,E,12,E12,RECOMBINANT ERK 0.5 nM,ERK_0.500nM,25.4,Inf
5922,F,1,F1,524,CTL06,25.4,Inf
5922,F,1,F1,524,CTL06,25.4,Inf
5922,F,2,F2,29,SCZ03,25.4,Inf
5922,F,2,F2,29,SCZ03,25.4,Inf
5922,F,3,F3,446,SCZ11,25.4,95374
5922,F,3,F3,446,SCZ11,25.4,95374
5922,F,4,F4,931,SCZ19,25.4,76014
5922,F,4,F4,931,SCZ19,25.4,76014
5922,F,5,F5,"BLANK- Master Mix, no lysate",BLNK,25.4,86328
5922,F,5,F5,"BLANK- Master Mix, no lysate",BLNK,25.4,86328
5922,F,6,F6,RECOMBINANT ERK  0.25 nM,ERK_0.250nM,25.4,Inf
5922,F,6,F6,RECOMBINANT ERK  0.25 nM,ERK_0.250nM,25.4,Inf
5922,F,7,F7,524,CTL06,25.4,95728
5922,F,7,F7,524,CTL06,25.4,95728
5922,F,8,F8,29,SCZ03,25.4,Inf
5922,F,8,F8,29,SCZ03,25.4,Inf
5922,F,9,F9,446,SCZ11,25.4,68954
5922,F,9,F9,446,SCZ11,25.4,68954
5922,F,10,F10,931,SCZ19,25.4,78409
5922,F,10,F10,931,SCZ19,25.4,78409
5922,F,11,F11,"BLANK- Master Mix, no lysate",BLNK,25.4,86347
5922,F,11,F11,"BLANK- Master Mix, no lysate",BLNK,25.4,86347
5922,F,12,F12,RECOMBINANT ERK  0.25 nM,ERK_0.250nM,25.4,85563
5922,F,12,F12,RECOMBINANT ERK  0.25 nM,ERK_0.250nM,25.4,85563
5922,G,1,G1,661,CTL07,25.4,86727
5922,G,1,G1,661,CTL07,25.4,86727
5922,G,2,G2,69,SCZ04,25.4,89407
5922,G,2,G2,69,SCZ04,25.4,89407
5922,G,3,G3,510,SCZ12,25.4,99198
5922,G,3,G3,510,SCZ12,25.4,99198
5922,G,4,G4,932,SCZ20,25.4,73638
5922,G,4,G4,932,SCZ20,25.4,73638
5922,G,5,G5,"BLANK- Master Mix, lysate, no reporter",BLNK_LYS,25.4,23397
5922,G,5,G5,"BLANK- Master Mix, lysate, no reporter",BLNK_LYS,25.4,23397
5922,G,6,G6,RECOMBINANT ERK  0.125 nM,ERK_0.125nM,25.4,99166
5922,G,6,G6,RECOMBINANT ERK  0.125 nM,ERK_0.125nM,25.4,99166
5922,G,7,G7,661,CTL07,25.4,81745
5922,G,7,G7,661,CTL07,25.4,81745
5922,G,8,G8,69,SCZ04,25.4,90117
5922,G,8,G8,69,SCZ04,25.4,90117
5922,G,9,G9,510,SCZ12,25.4,Inf
5922,G,9,G9,510,SCZ12,25.4,Inf
5922,G,10,G10,932,SCZ20,25.4,72976
5922,G,10,G10,932,SCZ20,25.4,72976
5922,G,11,G11,"BLANK- Master Mix, lysate, no reporter",BLNK_LYS,25.4,24672
5922,G,11,G11,"BLANK- Master Mix, lysate, no reporter",BLNK_LYS,25.4,24672
5922,G,12,G12,RECOMBINANT ERK  0.125 nM,ERK_0.125nM,25.4,96113
5922,G,12,G12,RECOMBINANT ERK  0.125 nM,ERK_0.125nM,25.4,96113
5922,H,1,H1,689,CTL08,25.4,97426
5922,H,1,H1,689,CTL08,25.4,97426
5922,H,2,H2,94,SCZ05,25.4,81656
5922,H,2,H2,94,SCZ05,25.4,81656
5922,H,3,H3,547,SCZ13,25.4,84117
5922,H,3,H3,547,SCZ13,25.4,84117
5922,H,4,H4,326,LYS01,25.4,92185
5922,H,4,H4,326,LYS01,25.4,92185
5922,H,5,H5,NA,EMPTY,25.4,90530
5922,H,5,H5,NA,EMPTY,25.4,90530
5922,H,6,H6,RECOMBINANT ERK 2nM + ERK INHIBITOR,ERK_2.000nM_INH,25.4,26715
5922,H,6,H6,RECOMBINANT ERK 2nM + ERK INHIBITOR,ERK_2.000nM_INH,25.4,26715
5922,H,7,H7,689,CTL08,25.4,Inf
5922,H,7,H7,689,CTL08,25.4,Inf
5922,H,8,H8,94,SCZ05,25.4,30240
5922,H,8,H8,94,SCZ05,25.4,30240
5922,H,9,H9,547,SCZ13,25.4,93783
5922,H,9,H9,547,SCZ13,25.4,93783
5922,H,10,H10,326,LYS01,25.4,Inf
5922,H,10,H10,326,LYS01,25.4,Inf
5922,H,11,H11,NA,EMPTY,25.4,23627
5922,H,11,H11,NA,EMPTY,25.4,23627
5922,H,12,H12,RECOMBINANT ERK 2nM + ERK INHIBITOR,ERK_2.000nM_INH,25.4,Inf
5922,H,12,H12,RECOMBINANT ERK 2nM + ERK INHIBITOR,ERK_2.000nM_INH,25.4,Inf
6063,A,1,A1,46,CTL01,25.4,97218
6063,A,1,A1,46,CTL01,25.4,97218
6063,A,2,A2,720,CTL09,25.4,Inf
6063,A,2,A2,720,CTL09,25.4,Inf
6063,A,3,A3,225,SCZ06,25.4,83501
6063,A,3,A3,225,SCZ06,25.4,83501
6063,A,4,A4,552,SCZ14,25.4,92519
6063,A,4,A4,552,SCZ14,25.4,92519
6063,A,5,A5,328,LYS02,25.4,92818
6063,A,5,A5,328,LYS02,25.4,92818
6063,A,6,A6,RECOMBINANT ERK  2nM,ERK_2.000nM,25.4,Inf
6063,A,6,A6,RECOMBINANT ERK  2nM,ERK_2.000nM,25.4,Inf
6063,A,7,A7,46,CTL01,25.4,96685
6063,A,7,A7,46,CTL01,25.4,96685
6063,A,8,A8,720,CTL09,25.4,97628
6063,A,8,A8,720,CTL09,25.4,97628
6063,A,9,A9,225,SCZ06,25.4,93229
6063,A,9,A9,225,SCZ06,25.4,93229
6063,A,10,A10,552,SCZ14,25.4,82482
6063,A,10,A10,552,SCZ14,25.4,82482
6063,A,11,A11,328,LYS02,25.4,93853
6063,A,11,A11,328,LYS02,25.4,93853
6063,A,12,A12,RECOMBINANT ERK  2nM,ERK_2.000nM,25.4,Inf
6063,A,12,A12,RECOMBINANT ERK  2nM,ERK_2.000nM,25.4,Inf
6063,B,1,B1,116,CTL02,25.4,88906
6063,B,1,B1,116,CTL02,25.4,88906
6063,B,2,B2,859,CTL10,25.4,Inf
6063,B,2,B2,859,CTL10,25.4,Inf
6063,B,3,B3,235,SCZ07,25.4,Inf
6063,B,3,B3,235,SCZ07,25.4,Inf
6063,B,4,B4,565,SCZ15,25.4,89319
6063,B,4,B4,565,SCZ15,25.4,89319
6063,B,5,B5,335,LYS03,25.4,96394
6063,B,5,B5,335,LYS03,25.4,96394
6063,B,6,B6,RECOMBINANT ERK 1.5 nM,ERK_1.500nM,25.4,Inf
6063,B,6,B6,RECOMBINANT ERK 1.5 nM,ERK_1.500nM,25.4,Inf
6063,B,7,B7,116,CTL02,25.4,80893
6063,B,7,B7,116,CTL02,25.4,80893
6063,B,8,B8,859,CTL10,25.4,83629
6063,B,8,B8,859,CTL10,25.4,83629
6063,B,9,B9,235,SCZ07,25.4,97067
6063,B,9,B9,235,SCZ07,25.4,97067
6063,B,10,B10,565,SCZ15,25.4,90539
6063,B,10,B10,565,SCZ15,25.4,90539
6063,B,11,B11,335,LYS03,25.4,97063
6063,B,11,B11,335,LYS03,25.4,97063
6063,B,12,B12,RECOMBINANT ERK 1.5 nM,ERK_1.500nM,25.4,Inf
6063,B,12,B12,RECOMBINANT ERK 1.5 nM,ERK_1.500nM,25.4,Inf
6063,C,1,C1,167,CTL03,25.4,Inf
6063,C,1,C1,167,CTL03,25.4,Inf
6063,C,2,C2,874,CTL11,25.4,83008
6063,C,2,C2,874,CTL11,25.4,83008
6063,C,3,C3,262,SCZ08,25.4,99183
6063,C,3,C3,262,SCZ08,25.4,99183
6063,C,4,C4,737,SCZ16,25.4,90477
6063,C,4,C4,737,SCZ16,25.4,90477
6063,C,5,C5,907,LYS04,25.4,84420
6063,C,5,C5,907,LYS04,25.4,84420
6063,C,6,C6,RECOMBINANT ERK  1 nM,ERK_1.000nM,25.4,Inf
6063,C,6,C6,RECOMBINANT ERK  1 nM,ERK_1.000nM,25.4,Inf
6063,C,7,C7,167,CTL03,25.4,Inf
6063,C,7,C7,167,CTL03,25.4,Inf
6063,C,8,C8,874,CTL11,25.4,73366
6063,C,8,C8,874,CTL11,25.4,73366
6063,C,9,C9,262,SCZ08,25.4,90785
6063,C,9,C9,262,SCZ08,25.4,90785
6063,C,10,C10,737,SCZ16,25.4,86442
6063,C,10,C10,737,SCZ16,25.4,86442
6063,C,11,C11,907,LYS04,25.4,93462
6063,C,11,C11,907,LYS04,25.4,93462
6063,C,12,C12,RECOMBINANT ERK  1 nM,ERK_1.000nM,25.4,Inf
6063,C,12,C12,RECOMBINANT ERK  1 nM,ERK_1.000nM,25.4,Inf
6063,D,1,D1,195,CTL04,25.4,72681
6063,D,1,D1,195,CTL04,25.4,72681
6063,D,2,D2,11,SCZ01,25.4,93487
6063,D,2,D2,11,SCZ01,25.4,93487
6063,D,3,D3,291,SCZ09,25.4,86674
6063,D,3,D3,291,SCZ09,25.4,86674
6063,D,4,D4,802,SCZ17,25.4,61249
6063,D,4,D4,802,SCZ17,25.4,61249
6063,D,5,D5,5000ng lysate + HI,LYS_HI,25.4,87185
6063,D,5,D5,5000ng lysate + HI,LYS_HI,25.4,87185
6063,D,6,D6,RECOMBINANT ERK  0.75 nM,ERK_0.750nM,25.4,Inf
6063,D,6,D6,RECOMBINANT ERK  0.75 nM,ERK_0.750nM,25.4,Inf
6063,D,7,D7,195,CTL04,25.4,89047
6063,D,7,D7,195,CTL04,25.4,89047
6063,D,8,D8,11,SCZ01,25.4,86625
6063,D,8,D8,11,SCZ01,25.4,86625
6063,D,9,D9,291,SCZ09,25.4,80330
6063,D,9,D9,291,SCZ09,25.4,80330
6063,D,10,D10,802,SCZ17,25.4,81539
6063,D,10,D10,802,SCZ17,25.4,81539
6063,D,11,D11,5000ng lysate + HI,LYS_HI,25.4,92040
6063,D,11,D11,5000ng lysate + HI,LYS_HI,25.4,92040
6063,D,12,D12,RECOMBINANT ERK  0.75 nM,ERK_0.750nM,25.4,Inf
6063,D,12,D12,RECOMBINANT ERK  0.75 nM,ERK_0.750nM,25.4,Inf
6063,E,1,E1,223,CTL05,25.4,98923
6063,E,1,E1,223,CTL05,25.4,98923
6063,E,2,E2,22,SCZ02,25.4,Inf
6063,E,2,E2,22,SCZ02,25.4,Inf
6063,E,3,E3,329,SCZ10,25.4,Inf
6063,E,3,E3,329,SCZ10,25.4,Inf
6063,E,4,E4,930,SCZ18,25.4,65026
6063,E,4,E4,930,SCZ18,25.4,65026
6063,E,5,E5,5000ng lysate +ERK INHIBITOR,LYS_INH,25.4,86842
6063,E,5,E5,5000ng lysate +ERK INHIBITOR,LYS_INH,25.4,86842
6063,E,6,E6,RECOMBINANT ERK 0.5 nM,ERK_0.500nM,25.4,Inf
6063,E,6,E6,RECOMBINANT ERK 0.5 nM,ERK_0.500nM,25.4,Inf
6063,E,7,E7,223,CTL05,25.4,87500
6063,E,7,E7,223,CTL05,25.4,87500
6063,E,8,E8,22,SCZ02,25.4,Inf
6063,E,8,E8,22,SCZ02,25.4,Inf
6063,E,9,E9,329,SCZ10,25.4,95432
6063,E,9,E9,329,SCZ10,25.4,95432
6063,E,10,E10,930,SCZ18,25.4,70026
6063,E,10,E10,930,SCZ18,25.4,70026
6063,E,11,E11,5000ng lysate +ERK INHIBITOR,LYS_INH,25.4,87992
6063,E,11,E11,5000ng lysate +ERK INHIBITOR,LYS_INH,25.4,87992
6063,E,12,E12,RECOMBINANT ERK 0.5 nM,ERK_0.500nM,25.4,Inf
6063,E,12,E12,RECOMBINANT ERK 0.5 nM,ERK_0.500nM,25.4,Inf
6063,F,1,F1,524,CTL06,25.4,Inf
6063,F,1,F1,524,CTL06,25.4,Inf
6063,F,2,F2,29,SCZ03,25.4,Inf
6063,F,2,F2,29,SCZ03,25.4,Inf
6063,F,3,F3,446,SCZ11,25.4,95816
6063,F,3,F3,446,SCZ11,25.4,95816
6063,F,4,F4,931,SCZ19,25.4,76199
6063,F,4,F4,931,SCZ19,25.4,76199
6063,F,5,F5,"BLANK- Master Mix, no lysate",BLNK,25.4,85710
6063,F,5,F5,"BLANK- Master Mix, no lysate",BLNK,25.4,85710
6063,F,6,F6,RECOMBINANT ERK  0.25 nM,ERK_0.250nM,25.4,Inf
6063,F,6,F6,RECOMBINANT ERK  0.25 nM,ERK_0.250nM,25.4,Inf
6063,F,7,F7,524,CTL06,25.4,96791
6063,F,7,F7,524,CTL06,25.4,96791
6063,F,8,F8,29,SCZ03,25.4,Inf
6063,F,8,F8,29,SCZ03,25.4,Inf
6063,F,9,F9,446,SCZ11,25.4,69283
6063,F,9,F9,446,SCZ11,25.4,69283
6063,F,10,F10,931,SCZ19,25.4,79277
6063,F,10,F10,931,SCZ19,25.4,79277
6063,F,11,F11,"BLANK- Master Mix, no lysate",BLNK,25.4,86765
6063,F,11,F11,"BLANK- Master Mix, no lysate",BLNK,25.4,86765
6063,F,12,F12,RECOMBINANT ERK  0.25 nM,ERK_0.250nM,25.4,86631
6063,F,12,F12,RECOMBINANT ERK  0.25 nM,ERK_0.250nM,25.4,86631
6063,G,1,G1,661,CTL07,25.4,86785
6063,G,1,G1,661,CTL07,25.4,86785
6063,G,2,G2,69,SCZ04,25.4,89719
6063,G,2,G2,69,SCZ04,25.4,89719
6063,G,3,G3,510,SCZ12,25.4,99863
6063,G,3,G3,510,SCZ12,25.4,99863
6063,G,4,G4,932,SCZ20,25.4,74109
6063,G,4,G4,932,SCZ20,25.4,74109
6063,G,5,G5,"BLANK- Master Mix, lysate, no reporter",BLNK_LYS,25.4,22971
6063,G,5,G5,"BLANK- Master Mix, lysate, no reporter",BLNK_LYS,25.4,22971
6063,G,6,G6,RECOMBINANT ERK  0.125 nM,ERK_0.125nM,25.4,Inf
6063,G,6,G6,RECOMBINANT ERK  0.125 nM,ERK_0.125nM,25.4,Inf
6063,G,7,G7,661,CTL07,25.4,81795
6063,G,7,G7,661,CTL07,25.4,81795
6063,G,8,G8,69,SCZ04,25.4,90301
6063,G,8,G8,69,SCZ04,25.4,90301
6063,G,9,G9,510,SCZ12,25.4,Inf
6063,G,9,G9,510,SCZ12,25.4,Inf
6063,G,10,G10,932,SCZ20,25.4,73070
6063,G,10,G10,932,SCZ20,25.4,73070
6063,G,11,G11,"BLANK- Master Mix, lysate, no reporter",BLNK_LYS,25.4,24741
6063,G,11,G11,"BLANK- Master Mix, lysate, no reporter",BLNK_LYS,25.4,24741
6063,G,12,G12,RECOMBINANT ERK  0.125 nM,ERK_0.125nM,25.4,96538
6063,G,12,G12,RECOMBINANT ERK  0.125 nM,ERK_0.125nM,25.4,96538
6063,H,1,H1,689,CTL08,25.4,97369
6063,H,1,H1,689,CTL08,25.4,97369
6063,H,2,H2,94,SCZ05,25.4,82361
6063,H,2,H2,94,SCZ05,25.4,82361
6063,H,3,H3,547,SCZ13,25.4,83969
6063,H,3,H3,547,SCZ13,25.4,83969
6063,H,4,H4,326,LYS01,25.4,93072
6063,H,4,H4,326,LYS01,25.4,93072
6063,H,5,H5,NA,EMPTY,25.4,90392
6063,H,5,H5,NA,EMPTY,25.4,90392
6063,H,6,H6,RECOMBINANT ERK 2nM + ERK INHIBITOR,ERK_2.000nM_INH,25.4,27181
6063,H,6,H6,RECOMBINANT ERK 2nM + ERK INHIBITOR,ERK_2.000nM_INH,25.4,27181
6063,H,7,H7,689,CTL08,25.4,Inf
6063,H,7,H7,689,CTL08,25.4,Inf
6063,H,8,H8,94,SCZ05,25.4,30122
6063,H,8,H8,94,SCZ05,25.4,30122
6063,H,9,H9,547,SCZ13,25.4,93285
6063,H,9,H9,547,SCZ13,25.4,93285
6063,H,10,H10,326,LYS01,25.4,Inf
6063,H,10,H10,326,LYS01,25.4,Inf
6063,H,11,H11,NA,EMPTY,25.4,23724
6063,H,11,H11,NA,EMPTY,25.4,23724
6063,H,12,H12,RECOMBINANT ERK 2nM + ERK INHIBITOR,ERK_2.000nM_INH,25.4,Inf
6063,H,12,H12,RECOMBINANT ERK 2nM + ERK INHIBITOR,ERK_2.000nM_INH,25.4,Inf
6204,A,1,A1,46,CTL01,25.4,97271
6204,A,1,A1,46,CTL01,25.4,97271
6204,A,2,A2,720,CTL09,25.4,Inf
6204,A,2,A2,720,CTL09,25.4,Inf
6204,A,3,A3,225,SCZ06,25.4,83828
6204,A,3,A3,225,SCZ06,25.4,83828
6204,A,4,A4,552,SCZ14,25.4,92696
6204,A,4,A4,552,SCZ14,25.4,92696
6204,A,5,A5,328,LYS02,25.4,92782
6204,A,5,A5,328,LYS02,25.4,92782
6204,A,6,A6,RECOMBINANT ERK  2nM,ERK_2.000nM,25.4,Inf
6204,A,6,A6,RECOMBINANT ERK  2nM,ERK_2.000nM,25.4,Inf
6204,A,7,A7,46,CTL01,25.4,97008
6204,A,7,A7,46,CTL01,25.4,97008
6204,A,8,A8,720,CTL09,25.4,98105
6204,A,8,A8,720,CTL09,25.4,98105
6204,A,9,A9,225,SCZ06,25.4,93364
6204,A,9,A9,225,SCZ06,25.4,93364
6204,A,10,A10,552,SCZ14,25.4,82592
6204,A,10,A10,552,SCZ14,25.4,82592
6204,A,11,A11,328,LYS02,25.4,94184
6204,A,11,A11,328,LYS02,25.4,94184
6204,A,12,A12,RECOMBINANT ERK  2nM,ERK_2.000nM,25.4,Inf
6204,A,12,A12,RECOMBINANT ERK  2nM,ERK_2.000nM,25.4,Inf
6204,B,1,B1,116,CTL02,25.4,89040
6204,B,1,B1,116,CTL02,25.4,89040
6204,B,2,B2,859,CTL10,25.4,Inf
6204,B,2,B2,859,CTL10,25.4,Inf
6204,B,3,B3,235,SCZ07,25.4,Inf
6204,B,3,B3,235,SCZ07,25.4,Inf
6204,B,4,B4,565,SCZ15,25.4,89219
6204,B,4,B4,565,SCZ15,25.4,89219
6204,B,5,B5,335,LYS03,25.4,97011
6204,B,5,B5,335,LYS03,25.4,97011
6204,B,6,B6,RECOMBINANT ERK 1.5 nM,ERK_1.500nM,25.4,Inf
6204,B,6,B6,RECOMBINANT ERK 1.5 nM,ERK_1.500nM,25.4,Inf
6204,B,7,B7,116,CTL02,25.4,81369
6204,B,7,B7,116,CTL02,25.4,81369
6204,B,8,B8,859,CTL10,25.4,83869
6204,B,8,B8,859,CTL10,25.4,83869
6204,B,9,B9,235,SCZ07,25.4,97218
6204,B,9,B9,235,SCZ07,25.4,97218
6204,B,10,B10,565,SCZ15,25.4,91207
6204,B,10,B10,565,SCZ15,25.4,91207
6204,B,11,B11,335,LYS03,25.4,97062
6204,B,11,B11,335,LYS03,25.4,97062
6204,B,12,B12,RECOMBINANT ERK 1.5 nM,ERK_1.500nM,25.4,Inf
6204,B,12,B12,RECOMBINANT ERK 1.5 nM,ERK_1.500nM,25.4,Inf
6204,C,1,C1,167,CTL03,25.4,Inf
6204,C,1,C1,167,CTL03,25.4,Inf
6204,C,2,C2,874,CTL11,25.4,83006
6204,C,2,C2,874,CTL11,25.4,83006
6204,C,3,C3,262,SCZ08,25.4,99622
6204,C,3,C3,262,SCZ08,25.4,99622
6204,C,4,C4,737,SCZ16,25.4,90925
6204,C,4,C4,737,SCZ16,25.4,90925
6204,C,5,C5,907,LYS04,25.4,84133
6204,C,5,C5,907,LYS04,25.4,84133
6204,C,6,C6,RECOMBINANT ERK  1 nM,ERK_1.000nM,25.4,Inf
6204,C,6,C6,RECOMBINANT ERK  1 nM,ERK_1.000nM,25.4,Inf
6204,C,7,C7,167,CTL03,25.4,Inf
6204,C,7,C7,167,CTL03,25.4,Inf
6204,C,8,C8,874,CTL11,25.4,73016
6204,C,8,C8,874,CTL11,25.4,73016
6204,C,9,C9,262,SCZ08,25.4,90800
6204,C,9,C9,262,SCZ08,25.4,90800
6204,C,10,C10,737,SCZ16,25.4,86779
6204,C,10,C10,737,SCZ16,25.4,86779
6204,C,11,C11,907,LYS04,25.4,94110
6204,C,11,C11,907,LYS04,25.4,94110
6204,C,12,C12,RECOMBINANT ERK  1 nM,ERK_1.000nM,25.4,Inf
6204,C,12,C12,RECOMBINANT ERK  1 nM,ERK_1.000nM,25.4,Inf
6204,D,1,D1,195,CTL04,25.4,72271
6204,D,1,D1,195,CTL04,25.4,72271
6204,D,2,D2,11,SCZ01,25.4,94028
6204,D,2,D2,11,SCZ01,25.4,94028
6204,D,3,D3,291,SCZ09,25.4,87030
6204,D,3,D3,291,SCZ09,25.4,87030
6204,D,4,D4,802,SCZ17,25.4,61470
6204,D,4,D4,802,SCZ17,25.4,61470
6204,D,5,D5,5000ng lysate + HI,LYS_HI,25.4,87173
6204,D,5,D5,5000ng lysate + HI,LYS_HI,25.4,87173
6204,D,6,D6,RECOMBINANT ERK  0.75 nM,ERK_0.750nM,25.4,Inf
6204,D,6,D6,RECOMBINANT ERK  0.75 nM,ERK_0.750nM,25.4,Inf
6204,D,7,D7,195,CTL04,25.4,89530
6204,D,7,D7,195,CTL04,25.4,89530
6204,D,8,D8,11,SCZ01,25.4,86715
6204,D,8,D8,11,SCZ01,25.4,86715
6204,D,9,D9,291,SCZ09,25.4,80405
6204,D,9,D9,291,SCZ09,25.4,80405
6204,D,10,D10,802,SCZ17,25.4,82022
6204,D,10,D10,802,SCZ17,25.4,82022
6204,D,11,D11,5000ng lysate + HI,LYS_HI,25.4,91879
6204,D,11,D11,5000ng lysate + HI,LYS_HI,25.4,91879
6204,D,12,D12,RECOMBINANT ERK  0.75 nM,ERK_0.750nM,25.4,Inf
6204,D,12,D12,RECOMBINANT ERK  0.75 nM,ERK_0.750nM,25.4,Inf
6204,E,1,E1,223,CTL05,25.4,99251
6204,E,1,E1,223,CTL05,25.4,99251
6204,E,2,E2,22,SCZ02,25.4,Inf
6204,E,2,E2,22,SCZ02,25.4,Inf
6204,E,3,E3,329,SCZ10,25.4,Inf
6204,E,3,E3,329,SCZ10,25.4,Inf
6204,E,4,E4,930,SCZ18,25.4,65474
6204,E,4,E4,930,SCZ18,25.4,65474
6204,E,5,E5,5000ng lysate +ERK INHIBITOR,LYS_INH,25.4,86306
6204,E,5,E5,5000ng lysate +ERK INHIBITOR,LYS_INH,25.4,86306
6204,E,6,E6,RECOMBINANT ERK 0.5 nM,ERK_0.500nM,25.4,Inf
6204,E,6,E6,RECOMBINANT ERK 0.5 nM,ERK_0.500nM,25.4,Inf
6204,E,7,E7,223,CTL05,25.4,88408
6204,E,7,E7,223,CTL05,25.4,88408
6204,E,8,E8,22,SCZ02,25.4,Inf
6204,E,8,E8,22,SCZ02,25.4,Inf
6204,E,9,E9,329,SCZ10,25.4,97424
6204,E,9,E9,329,SCZ10,25.4,97424
6204,E,10,E10,930,SCZ18,25.4,70835
6204,E,10,E10,930,SCZ18,25.4,70835
6204,E,11,E11,5000ng lysate +ERK INHIBITOR,LYS_INH,25.4,88357
6204,E,11,E11,5000ng lysate +ERK INHIBITOR,LYS_INH,25.4,88357
6204,E,12,E12,RECOMBINANT ERK 0.5 nM,ERK_0.500nM,25.4,Inf
6204,E,12,E12,RECOMBINANT ERK 0.5 nM,ERK_0.500nM,25.4,Inf
6204,F,1,F1,524,CTL06,25.4,Inf
6204,F,1,F1,524,CTL06,25.4,Inf
6204,F,2,F2,29,SCZ03,25.4,Inf
6204,F,2,F2,29,SCZ03,25.4,Inf
6204,F,3,F3,446,SCZ11,25.4,97528
6204,F,3,F3,446,SCZ11,25.4,97528
6204,F,4,F4,931,SCZ19,25.4,76395
6204,F,4,F4,931,SCZ19,25.4,76395
6204,F,5,F5,"BLANK- Master Mix, no lysate",BLNK,25.4,86136
6204,F,5,F5,"BLANK- Master Mix, no lysate",BLNK,25.4,86136
6204,F,6,F6,RECOMBINANT ERK  0.25 nM,ERK_0.250nM,25.4,Inf
6204,F,6,F6,RECOMBINANT ERK  0.25 nM,ERK_0.250nM,25.4,Inf
6204,F,7,F7,524,CTL06,25.4,96787
6204,F,7,F7,524,CTL06,25.4,96787
6204,F,8,F8,29,SCZ03,25.4,Inf
6204,F,8,F8,29,SCZ03,25.4,Inf
6204,F,9,F9,446,SCZ11,25.4,69593
6204,F,9,F9,446,SCZ11,25.4,69593
6204,F,10,F10,931,SCZ19,25.4,79446
6204,F,10,F10,931,SCZ19,25.4,79446
6204,F,11,F11,"BLANK- Master Mix, no lysate",BLNK,25.4,86716
6204,F,11,F11,"BLANK- Master Mix, no lysate",BLNK,25.4,86716
6204,F,12,F12,RECOMBINANT ERK  0.25 nM,ERK_0.250nM,25.4,87041
6204,F,12,F12,RECOMBINANT ERK  0.25 nM,ERK_0.250nM,25.4,87041
6204,G,1,G1,661,CTL07,25.4,87343
6204,G,1,G1,661,CTL07,25.4,87343
6204,G,2,G2,69,SCZ04,25.4,90435
6204,G,2,G2,69,SCZ04,25.4,90435
6204,G,3,G3,510,SCZ12,25.4,Inf
6204,G,3,G3,510,SCZ12,25.4,Inf
6204,G,4,G4,932,SCZ20,25.4,73901
6204,G,4,G4,932,SCZ20,25.4,73901
6204,G,5,G5,"BLANK- Master Mix, lysate, no reporter",BLNK_LYS,25.4,23202
6204,G,5,G5,"BLANK- Master Mix, lysate, no reporter",BLNK_LYS,25.4,23202
6204,G,6,G6,RECOMBINANT ERK  0.125 nM,ERK_0.125nM,25.4,99995
6204,G,6,G6,RECOMBINANT ERK  0.125 nM,ERK_0.125nM,25.4,99995
6204,G,7,G7,661,CTL07,25.4,82251
6204,G,7,G7,661,CTL07,25.4,82251
6204,G,8,G8,69,SCZ04,25.4,91161
6204,G,8,G8,69,SCZ04,25.4,91161
6204,G,9,G9,510,SCZ12,25.4,Inf
6204,G,9,G9,510,SCZ12,25.4,Inf
6204,G,10,G10,932,SCZ20,25.4,73691
6204,G,10,G10,932,SCZ20,25.4,73691
6204,G,11,G11,"BLANK- Master Mix, lysate, no reporter",BLNK_LYS,25.4,24751
6204,G,11,G11,"BLANK- Master Mix, lysate, no reporter",BLNK_LYS,25.4,24751
6204,G,12,G12,RECOMBINANT ERK  0.125 nM,ERK_0.125nM,25.4,96461
6204,G,12,G12,RECOMBINANT ERK  0.125 nM,ERK_0.125nM,25.4,96461
6204,H,1,H1,689,CTL08,25.4,98412
6204,H,1,H1,689,CTL08,25.4,98412
6204,H,2,H2,94,SCZ05,25.4,82382
6204,H,2,H2,94,SCZ05,25.4,82382
6204,H,3,H3,547,SCZ13,25.4,83985
6204,H,3,H3,547,SCZ13,25.4,83985
6204,H,4,H4,326,LYS01,25.4,93814
6204,H,4,H4,326,LYS01,25.4,93814
6204,H,5,H5,NA,EMPTY,25.4,89883
6204,H,5,H5,NA,EMPTY,25.4,89883
6204,H,6,H6,RECOMBINANT ERK 2nM + ERK INHIBITOR,ERK_2.000nM_INH,25.4,26800
6204,H,6,H6,RECOMBINANT ERK 2nM + ERK INHIBITOR,ERK_2.000nM_INH,25.4,26800
6204,H,7,H7,689,CTL08,25.4,Inf
6204,H,7,H7,689,CTL08,25.4,Inf
6204,H,8,H8,94,SCZ05,25.4,29972
6204,H,8,H8,94,SCZ05,25.4,29972
6204,H,9,H9,547,SCZ13,25.4,94362
6204,H,9,H9,547,SCZ13,25.4,94362
6204,H,10,H10,326,LYS01,25.4,Inf
6204,H,10,H10,326,LYS01,25.4,Inf
6204,H,11,H11,NA,EMPTY,25.4,23390
6204,H,11,H11,NA,EMPTY,25.4,23390
6204,H,12,H12,RECOMBINANT ERK 2nM + ERK INHIBITOR,ERK_2.000nM_INH,25.4,Inf
6204,H,12,H12,RECOMBINANT ERK 2nM + ERK INHIBITOR,ERK_2.000nM_INH,25.4,Inf
6345,A,1,A1,46,CTL01,25.4,96852
6345,A,1,A1,46,CTL01,25.4,96852
6345,A,2,A2,720,CTL09,25.4,Inf
6345,A,2,A2,720,CTL09,25.4,Inf
6345,A,3,A3,225,SCZ06,25.4,83319
6345,A,3,A3,225,SCZ06,25.4,83319
6345,A,4,A4,552,SCZ14,25.4,92472
6345,A,4,A4,552,SCZ14,25.4,92472
6345,A,5,A5,328,LYS02,25.4,93450
6345,A,5,A5,328,LYS02,25.4,93450
6345,A,6,A6,RECOMBINANT ERK  2nM,ERK_2.000nM,25.4,Inf
6345,A,6,A6,RECOMBINANT ERK  2nM,ERK_2.000nM,25.4,Inf
6345,A,7,A7,46,CTL01,25.4,97825
6345,A,7,A7,46,CTL01,25.4,97825
6345,A,8,A8,720,CTL09,25.4,98838
6345,A,8,A8,720,CTL09,25.4,98838
6345,A,9,A9,225,SCZ06,25.4,93908
6345,A,9,A9,225,SCZ06,25.4,93908
6345,A,10,A10,552,SCZ14,25.4,83127
6345,A,10,A10,552,SCZ14,25.4,83127
6345,A,11,A11,328,LYS02,25.4,95048
6345,A,11,A11,328,LYS02,25.4,95048
6345,A,12,A12,RECOMBINANT ERK  2nM,ERK_2.000nM,25.4,Inf
6345,A,12,A12,RECOMBINANT ERK  2nM,ERK_2.000nM,25.4,Inf
6345,B,1,B1,116,CTL02,25.4,88986
6345,B,1,B1,116,CTL02,25.4,88986
6345,B,2,B2,859,CTL10,25.4,Inf
6345,B,2,B2,859,CTL10,25.4,Inf
6345,B,3,B3,235,SCZ07,25.4,Inf
6345,B,3,B3,235,SCZ07,25.4,Inf
6345,B,4,B4,565,SCZ15,25.4,89760
6345,B,4,B4,565,SCZ15,25.4,89760
6345,B,5,B5,335,LYS03,25.4,97642
6345,B,5,B5,335,LYS03,25.4,97642
6345,B,6,B6,RECOMBINANT ERK 1.5 nM,ERK_1.500nM,25.4,Inf
6345,B,6,B6,RECOMBINANT ERK 1.5 nM,ERK_1.500nM,25.4,Inf
6345,B,7,B7,116,CTL02,25.4,81133
6345,B,7,B7,116,CTL02,25.4,81133
6345,B,8,B8,859,CTL10,25.4,84299
6345,B,8,B8,859,CTL10,25.4,84299
6345,B,9,B9,235,SCZ07,25.4,96775
6345,B,9,B9,235,SCZ07,25.4,96775
6345,B,10,B10,565,SCZ15,25.4,91054
6345,B,10,B10,565,SCZ15,25.4,91054
6345,B,11,B11,335,LYS03,25.4,98710
6345,B,11,B11,335,LYS03,25.4,98710
6345,B,12,B12,RECOMBINANT ERK 1.5 nM,ERK_1.500nM,25.4,Inf
6345,B,12,B12,RECOMBINANT ERK 1.5 nM,ERK_1.500nM,25.4,Inf
6345,C,1,C1,167,CTL03,25.4,Inf
6345,C,1,C1,167,CTL03,25.4,Inf
6345,C,2,C2,874,CTL11,25.4,83949
6345,C,2,C2,874,CTL11,25.4,83949
6345,C,3,C3,262,SCZ08,25.4,Inf
6345,C,3,C3,262,SCZ08,25.4,Inf
6345,C,4,C4,737,SCZ16,25.4,90929
6345,C,4,C4,737,SCZ16,25.4,90929
6345,C,5,C5,907,LYS04,25.4,85114
6345,C,5,C5,907,LYS04,25.4,85114
6345,C,6,C6,RECOMBINANT ERK  1 nM,ERK_1.000nM,25.4,Inf
6345,C,6,C6,RECOMBINANT ERK  1 nM,ERK_1.000nM,25.4,Inf
6345,C,7,C7,167,CTL03,25.4,Inf
6345,C,7,C7,167,CTL03,25.4,Inf
6345,C,8,C8,874,CTL11,25.4,73189
6345,C,8,C8,874,CTL11,25.4,73189
6345,C,9,C9,262,SCZ08,25.4,91104
6345,C,9,C9,262,SCZ08,25.4,91104
6345,C,10,C10,737,SCZ16,25.4,85796
6345,C,10,C10,737,SCZ16,25.4,85796
6345,C,11,C11,907,LYS04,25.4,94373
6345,C,11,C11,907,LYS04,25.4,94373
6345,C,12,C12,RECOMBINANT ERK  1 nM,ERK_1.000nM,25.4,Inf
6345,C,12,C12,RECOMBINANT ERK  1 nM,ERK_1.000nM,25.4,Inf
6345,D,1,D1,195,CTL04,25.4,72869
6345,D,1,D1,195,CTL04,25.4,72869
6345,D,2,D2,11,SCZ01,25.4,93946
6345,D,2,D2,11,SCZ01,25.4,93946
6345,D,3,D3,291,SCZ09,25.4,86911
6345,D,3,D3,291,SCZ09,25.4,86911
6345,D,4,D4,802,SCZ17,25.4,61274
6345,D,4,D4,802,SCZ17,25.4,61274
6345,D,5,D5,5000ng lysate + HI,LYS_HI,25.4,87333
6345,D,5,D5,5000ng lysate + HI,LYS_HI,25.4,87333
6345,D,6,D6,RECOMBINANT ERK  0.75 nM,ERK_0.750nM,25.4,Inf
6345,D,6,D6,RECOMBINANT ERK  0.75 nM,ERK_0.750nM,25.4,Inf
6345,D,7,D7,195,CTL04,25.4,89675
6345,D,7,D7,195,CTL04,25.4,89675
6345,D,8,D8,11,SCZ01,25.4,86691
6345,D,8,D8,11,SCZ01,25.4,86691
6345,D,9,D9,291,SCZ09,25.4,81263
6345,D,9,D9,291,SCZ09,25.4,81263
6345,D,10,D10,802,SCZ17,25.4,81796
6345,D,10,D10,802,SCZ17,25.4,81796
6345,D,11,D11,5000ng lysate + HI,LYS_HI,25.4,92324
6345,D,11,D11,5000ng lysate + HI,LYS_HI,25.4,92324
6345,D,12,D12,RECOMBINANT ERK  0.75 nM,ERK_0.750nM,25.4,Inf
6345,D,12,D12,RECOMBINANT ERK  0.75 nM,ERK_0.750nM,25.4,Inf
6345,E,1,E1,223,CTL05,25.4,Inf
6345,E,1,E1,223,CTL05,25.4,Inf
6345,E,2,E2,22,SCZ02,25.4,Inf
6345,E,2,E2,22,SCZ02,25.4,Inf
6345,E,3,E3,329,SCZ10,25.4,Inf
6345,E,3,E3,329,SCZ10,25.4,Inf
6345,E,4,E4,930,SCZ18,25.4,65498
6345,E,4,E4,930,SCZ18,25.4,65498
6345,E,5,E5,5000ng lysate +ERK INHIBITOR,LYS_INH,25.4,86033
6345,E,5,E5,5000ng lysate +ERK INHIBITOR,LYS_INH,25.4,86033
6345,E,6,E6,RECOMBINANT ERK 0.5 nM,ERK_0.500nM,25.4,Inf
6345,E,6,E6,RECOMBINANT ERK 0.5 nM,ERK_0.500nM,25.4,Inf
6345,E,7,E7,223,CTL05,25.4,87904
6345,E,7,E7,223,CTL05,25.4,87904
6345,E,8,E8,22,SCZ02,25.4,Inf
6345,E,8,E8,22,SCZ02,25.4,Inf
6345,E,9,E9,329,SCZ10,25.4,98575
6345,E,9,E9,329,SCZ10,25.4,98575
6345,E,10,E10,930,SCZ18,25.4,70618
6345,E,10,E10,930,SCZ18,25.4,70618
6345,E,11,E11,5000ng lysate +ERK INHIBITOR,LYS_INH,25.4,88328
6345,E,11,E11,5000ng lysate +ERK INHIBITOR,LYS_INH,25.4,88328
6345,E,12,E12,RECOMBINANT ERK 0.5 nM,ERK_0.500nM,25.4,Inf
6345,E,12,E12,RECOMBINANT ERK 0.5 nM,ERK_0.500nM,25.4,Inf
6345,F,1,F1,524,CTL06,25.4,Inf
6345,F,1,F1,524,CTL06,25.4,Inf
6345,F,2,F2,29,SCZ03,25.4,Inf
6345,F,2,F2,29,SCZ03,25.4,Inf
6345,F,3,F3,446,SCZ11,25.4,98339
6345,F,3,F3,446,SCZ11,25.4,98339
6345,F,4,F4,931,SCZ19,25.4,76867
6345,F,4,F4,931,SCZ19,25.4,76867
6345,F,5,F5,"BLANK- Master Mix, no lysate",BLNK,25.4,85759
6345,F,5,F5,"BLANK- Master Mix, no lysate",BLNK,25.4,85759
6345,F,6,F6,RECOMBINANT ERK  0.25 nM,ERK_0.250nM,25.4,Inf
6345,F,6,F6,RECOMBINANT ERK  0.25 nM,ERK_0.250nM,25.4,Inf
6345,F,7,F7,524,CTL06,25.4,97868
6345,F,7,F7,524,CTL06,25.4,97868
6345,F,8,F8,29,SCZ03,25.4,Inf
6345,F,8,F8,29,SCZ03,25.4,Inf
6345,F,9,F9,446,SCZ11,25.4,69454
6345,F,9,F9,446,SCZ11,25.4,69454
6345,F,10,F10,931,SCZ19,25.4,79399
6345,F,10,F10,931,SCZ19,25.4,79399
6345,F,11,F11,"BLANK- Master Mix, no lysate",BLNK,25.4,87035
6345,F,11,F11,"BLANK- Master Mix, no lysate",BLNK,25.4,87035
6345,F,12,F12,RECOMBINANT ERK  0.25 nM,ERK_0.250nM,25.4,87041
6345,F,12,F12,RECOMBINANT ERK  0.25 nM,ERK_0.250nM,25.4,87041
6345,G,1,G1,661,CTL07,25.4,87324
6345,G,1,G1,661,CTL07,25.4,87324
6345,G,2,G2,69,SCZ04,25.4,91239
6345,G,2,G2,69,SCZ04,25.4,91239
6345,G,3,G3,510,SCZ12,25.4,Inf
6345,G,3,G3,510,SCZ12,25.4,Inf
6345,G,4,G4,932,SCZ20,25.4,73957
6345,G,4,G4,932,SCZ20,25.4,73957
6345,G,5,G5,"BLANK- Master Mix, lysate, no reporter",BLNK_LYS,25.4,23344
6345,G,5,G5,"BLANK- Master Mix, lysate, no reporter",BLNK_LYS,25.4,23344
6345,G,6,G6,RECOMBINANT ERK  0.125 nM,ERK_0.125nM,25.4,Inf
6345,G,6,G6,RECOMBINANT ERK  0.125 nM,ERK_0.125nM,25.4,Inf
6345,G,7,G7,661,CTL07,25.4,82040
6345,G,7,G7,661,CTL07,25.4,82040
6345,G,8,G8,69,SCZ04,25.4,90796
6345,G,8,G8,69,SCZ04,25.4,90796
6345,G,9,G9,510,SCZ12,25.4,Inf
6345,G,9,G9,510,SCZ12,25.4,Inf
6345,G,10,G10,932,SCZ20,25.4,73643
6345,G,10,G10,932,SCZ20,25.4,73643
6345,G,11,G11,"BLANK- Master Mix, lysate, no reporter",BLNK_LYS,25.4,24579
6345,G,11,G11,"BLANK- Master Mix, lysate, no reporter",BLNK_LYS,25.4,24579
6345,G,12,G12,RECOMBINANT ERK  0.125 nM,ERK_0.125nM,25.4,96267
6345,G,12,G12,RECOMBINANT ERK  0.125 nM,ERK_0.125nM,25.4,96267
6345,H,1,H1,689,CTL08,25.4,98649
6345,H,1,H1,689,CTL08,25.4,98649
6345,H,2,H2,94,SCZ05,25.4,81407
6345,H,2,H2,94,SCZ05,25.4,81407
6345,H,3,H3,547,SCZ13,25.4,84574
6345,H,3,H3,547,SCZ13,25.4,84574
6345,H,4,H4,326,LYS01,25.4,93637
6345,H,4,H4,326,LYS01,25.4,93637
6345,H,5,H5,NA,EMPTY,25.4,89743
6345,H,5,H5,NA,EMPTY,25.4,89743
6345,H,6,H6,RECOMBINANT ERK 2nM + ERK INHIBITOR,ERK_2.000nM_INH,25.4,26994
6345,H,6,H6,RECOMBINANT ERK 2nM + ERK INHIBITOR,ERK_2.000nM_INH,25.4,26994
6345,H,7,H7,689,CTL08,25.4,Inf
6345,H,7,H7,689,CTL08,25.4,Inf
6345,H,8,H8,94,SCZ05,25.4,30375
6345,H,8,H8,94,SCZ05,25.4,30375
6345,H,9,H9,547,SCZ13,25.4,93787
6345,H,9,H9,547,SCZ13,25.4,93787
6345,H,10,H10,326,LYS01,25.4,Inf
6345,H,10,H10,326,LYS01,25.4,Inf
6345,H,11,H11,NA,EMPTY,25.4,23623
6345,H,11,H11,NA,EMPTY,25.4,23623
6345,H,12,H12,RECOMBINANT ERK 2nM + ERK INHIBITOR,ERK_2.000nM_INH,25.4,Inf
6345,H,12,H12,RECOMBINANT ERK 2nM + ERK INHIBITOR,ERK_2.000nM_INH,25.4,Inf
6486,A,1,A1,46,CTL01,25.4,97913
6486,A,1,A1,46,CTL01,25.4,97913
6486,A,2,A2,720,CTL09,25.4,Inf
6486,A,2,A2,720,CTL09,25.4,Inf
6486,A,3,A3,225,SCZ06,25.4,83852
6486,A,3,A3,225,SCZ06,25.4,83852
6486,A,4,A4,552,SCZ14,25.4,92813
6486,A,4,A4,552,SCZ14,25.4,92813
6486,A,5,A5,328,LYS02,25.4,93056
6486,A,5,A5,328,LYS02,25.4,93056
6486,A,6,A6,RECOMBINANT ERK  2nM,ERK_2.000nM,25.4,Inf
6486,A,6,A6,RECOMBINANT ERK  2nM,ERK_2.000nM,25.4,Inf
6486,A,7,A7,46,CTL01,25.4,97460
6486,A,7,A7,46,CTL01,25.4,97460
6486,A,8,A8,720,CTL09,25.4,99439
6486,A,8,A8,720,CTL09,25.4,99439
6486,A,9,A9,225,SCZ06,25.4,93407
6486,A,9,A9,225,SCZ06,25.4,93407
6486,A,10,A10,552,SCZ14,25.4,83808
6486,A,10,A10,552,SCZ14,25.4,83808
6486,A,11,A11,328,LYS02,25.4,94341
6486,A,11,A11,328,LYS02,25.4,94341
6486,A,12,A12,RECOMBINANT ERK  2nM,ERK_2.000nM,25.4,Inf
6486,A,12,A12,RECOMBINANT ERK  2nM,ERK_2.000nM,25.4,Inf
6486,B,1,B1,116,CTL02,25.4,89085
6486,B,1,B1,116,CTL02,25.4,89085
6486,B,2,B2,859,CTL10,25.4,Inf
6486,B,2,B2,859,CTL10,25.4,Inf
6486,B,3,B3,235,SCZ07,25.4,Inf
6486,B,3,B3,235,SCZ07,25.4,Inf
6486,B,4,B4,565,SCZ15,25.4,89437
6486,B,4,B4,565,SCZ15,25.4,89437
6486,B,5,B5,335,LYS03,25.4,98284
6486,B,5,B5,335,LYS03,25.4,98284
6486,B,6,B6,RECOMBINANT ERK 1.5 nM,ERK_1.500nM,25.4,Inf
6486,B,6,B6,RECOMBINANT ERK 1.5 nM,ERK_1.500nM,25.4,Inf
6486,B,7,B7,116,CTL02,25.4,81887
6486,B,7,B7,116,CTL02,25.4,81887
6486,B,8,B8,859,CTL10,25.4,84992
6486,B,8,B8,859,CTL10,25.4,84992
6486,B,9,B9,235,SCZ07,25.4,96485
6486,B,9,B9,235,SCZ07,25.4,96485
6486,B,10,B10,565,SCZ15,25.4,90921
6486,B,10,B10,565,SCZ15,25.4,90921
6486,B,11,B11,335,LYS03,25.4,98694
6486,B,11,B11,335,LYS03,25.4,98694
6486,B,12,B12,RECOMBINANT ERK 1.5 nM,ERK_1.500nM,25.4,Inf
6486,B,12,B12,RECOMBINANT ERK 1.5 nM,ERK_1.500nM,25.4,Inf
6486,C,1,C1,167,CTL03,25.4,Inf
6486,C,1,C1,167,CTL03,25.4,Inf
6486,C,2,C2,874,CTL11,25.4,83741
6486,C,2,C2,874,CTL11,25.4,83741
6486,C,3,C3,262,SCZ08,25.4,Inf
6486,C,3,C3,262,SCZ08,25.4,Inf
6486,C,4,C4,737,SCZ16,25.4,91393
6486,C,4,C4,737,SCZ16,25.4,91393
6486,C,5,C5,907,LYS04,25.4,85257
6486,C,5,C5,907,LYS04,25.4,85257
6486,C,6,C6,RECOMBINANT ERK  1 nM,ERK_1.000nM,25.4,Inf
6486,C,6,C6,RECOMBINANT ERK  1 nM,ERK_1.000nM,25.4,Inf
6486,C,7,C7,167,CTL03,25.4,Inf
6486,C,7,C7,167,CTL03,25.4,Inf
6486,C,8,C8,874,CTL11,25.4,73858
6486,C,8,C8,874,CTL11,25.4,73858
6486,C,9,C9,262,SCZ08,25.4,91261
6486,C,9,C9,262,SCZ08,25.4,91261
6486,C,10,C10,737,SCZ16,25.4,86504
6486,C,10,C10,737,SCZ16,25.4,86504
6486,C,11,C11,907,LYS04,25.4,94849
6486,C,11,C11,907,LYS04,25.4,94849
6486,C,12,C12,RECOMBINANT ERK  1 nM,ERK_1.000nM,25.4,Inf
6486,C,12,C12,RECOMBINANT ERK  1 nM,ERK_1.000nM,25.4,Inf
6486,D,1,D1,195,CTL04,25.4,72468
6486,D,1,D1,195,CTL04,25.4,72468
6486,D,2,D2,11,SCZ01,25.4,93970
6486,D,2,D2,11,SCZ01,25.4,93970
6486,D,3,D3,291,SCZ09,25.4,86477
6486,D,3,D3,291,SCZ09,25.4,86477
6486,D,4,D4,802,SCZ17,25.4,61449
6486,D,4,D4,802,SCZ17,25.4,61449
6486,D,5,D5,5000ng lysate + HI,LYS_HI,25.4,87398
6486,D,5,D5,5000ng lysate + HI,LYS_HI,25.4,87398
6486,D,6,D6,RECOMBINANT ERK  0.75 nM,ERK_0.750nM,25.4,Inf
6486,D,6,D6,RECOMBINANT ERK  0.75 nM,ERK_0.750nM,25.4,Inf
6486,D,7,D7,195,CTL04,25.4,89208
6486,D,7,D7,195,CTL04,25.4,89208
6486,D,8,D8,11,SCZ01,25.4,86518
6486,D,8,D8,11,SCZ01,25.4,86518
6486,D,9,D9,291,SCZ09,25.4,80702
6486,D,9,D9,291,SCZ09,25.4,80702
6486,D,10,D10,802,SCZ17,25.4,81478
6486,D,10,D10,802,SCZ17,25.4,81478
6486,D,11,D11,5000ng lysate + HI,LYS_HI,25.4,92162
6486,D,11,D11,5000ng lysate + HI,LYS_HI,25.4,92162
6486,D,12,D12,RECOMBINANT ERK  0.75 nM,ERK_0.750nM,25.4,Inf
6486,D,12,D12,RECOMBINANT ERK  0.75 nM,ERK_0.750nM,25.4,Inf
6486,E,1,E1,223,CTL05,25.4,Inf
6486,E,1,E1,223,CTL05,25.4,Inf
6486,E,2,E2,22,SCZ02,25.4,Inf
6486,E,2,E2,22,SCZ02,25.4,Inf
6486,E,3,E3,329,SCZ10,25.4,Inf
6486,E,3,E3,329,SCZ10,25.4,Inf
6486,E,4,E4,930,SCZ18,25.4,65989
6486,E,4,E4,930,SCZ18,25.4,65989
6486,E,5,E5,5000ng lysate +ERK INHIBITOR,LYS_INH,25.4,86120
6486,E,5,E5,5000ng lysate +ERK INHIBITOR,LYS_INH,25.4,86120
6486,E,6,E6,RECOMBINANT ERK 0.5 nM,ERK_0.500nM,25.4,Inf
6486,E,6,E6,RECOMBINANT ERK 0.5 nM,ERK_0.500nM,25.4,Inf
6486,E,7,E7,223,CTL05,25.4,89597
6486,E,7,E7,223,CTL05,25.4,89597
6486,E,8,E8,22,SCZ02,25.4,Inf
6486,E,8,E8,22,SCZ02,25.4,Inf
6486,E,9,E9,329,SCZ10,25.4,99449
6486,E,9,E9,329,SCZ10,25.4,99449
6486,E,10,E10,930,SCZ18,25.4,71239
6486,E,10,E10,930,SCZ18,25.4,71239
6486,E,11,E11,5000ng lysate +ERK INHIBITOR,LYS_INH,25.4,87529
6486,E,11,E11,5000ng lysate +ERK INHIBITOR,LYS_INH,25.4,87529
6486,E,12,E12,RECOMBINANT ERK 0.5 nM,ERK_0.500nM,25.4,Inf
6486,E,12,E12,RECOMBINANT ERK 0.5 nM,ERK_0.500nM,25.4,Inf
6486,F,1,F1,524,CTL06,25.4,Inf
6486,F,1,F1,524,CTL06,25.4,Inf
6486,F,2,F2,29,SCZ03,25.4,Inf
6486,F,2,F2,29,SCZ03,25.4,Inf
6486,F,3,F3,446,SCZ11,25.4,99635
6486,F,3,F3,446,SCZ11,25.4,99635
6486,F,4,F4,931,SCZ19,25.4,76884
6486,F,4,F4,931,SCZ19,25.4,76884
6486,F,5,F5,"BLANK- Master Mix, no lysate",BLNK,25.4,86115
6486,F,5,F5,"BLANK- Master Mix, no lysate",BLNK,25.4,86115
6486,F,6,F6,RECOMBINANT ERK  0.25 nM,ERK_0.250nM,25.4,Inf
6486,F,6,F6,RECOMBINANT ERK  0.25 nM,ERK_0.250nM,25.4,Inf
6486,F,7,F7,524,CTL06,25.4,97577
6486,F,7,F7,524,CTL06,25.4,97577
6486,F,8,F8,29,SCZ03,25.4,Inf
6486,F,8,F8,29,SCZ03,25.4,Inf
6486,F,9,F9,446,SCZ11,25.4,69157
6486,F,9,F9,446,SCZ11,25.4,69157
6486,F,10,F10,931,SCZ19,25.4,79096
6486,F,10,F10,931,SCZ19,25.4,79096
6486,F,11,F11,"BLANK- Master Mix, no lysate",BLNK,25.4,86326
6486,F,11,F11,"BLANK- Master Mix, no lysate",BLNK,25.4,86326
6486,F,12,F12,RECOMBINANT ERK  0.25 nM,ERK_0.250nM,25.4,87588
6486,F,12,F12,RECOMBINANT ERK  0.25 nM,ERK_0.250nM,25.4,87588
6486,G,1,G1,661,CTL07,25.4,86605
6486,G,1,G1,661,CTL07,25.4,86605
6486,G,2,G2,69,SCZ04,25.4,91055
6486,G,2,G2,69,SCZ04,25.4,91055
6486,G,3,G3,510,SCZ12,25.4,Inf
6486,G,3,G3,510,SCZ12,25.4,Inf
6486,G,4,G4,932,SCZ20,25.4,74425
6486,G,4,G4,932,SCZ20,25.4,74425
6486,G,5,G5,"BLANK- Master Mix, lysate, no reporter",BLNK_LYS,25.4,23196
6486,G,5,G5,"BLANK- Master Mix, lysate, no reporter",BLNK_LYS,25.4,23196
6486,G,6,G6,RECOMBINANT ERK  0.125 nM,ERK_0.125nM,25.4,Inf
6486,G,6,G6,RECOMBINANT ERK  0.125 nM,ERK_0.125nM,25.4,Inf
6486,G,7,G7,661,CTL07,25.4,81781
6486,G,7,G7,661,CTL07,25.4,81781
6486,G,8,G8,69,SCZ04,25.4,92055
6486,G,8,G8,69,SCZ04,25.4,92055
6486,G,9,G9,510,SCZ12,25.4,Inf
6486,G,9,G9,510,SCZ12,25.4,Inf
6486,G,10,G10,932,SCZ20,25.4,73675
6486,G,10,G10,932,SCZ20,25.4,73675
6486,G,11,G11,"BLANK- Master Mix, lysate, no reporter",BLNK_LYS,25.4,24676
6486,G,11,G11,"BLANK- Master Mix, lysate, no reporter",BLNK_LYS,25.4,24676
6486,G,12,G12,RECOMBINANT ERK  0.125 nM,ERK_0.125nM,25.4,96755
6486,G,12,G12,RECOMBINANT ERK  0.125 nM,ERK_0.125nM,25.4,96755
6486,H,1,H1,689,CTL08,25.4,98593
6486,H,1,H1,689,CTL08,25.4,98593
6486,H,2,H2,94,SCZ05,25.4,82590
6486,H,2,H2,94,SCZ05,25.4,82590
6486,H,3,H3,547,SCZ13,25.4,84637
6486,H,3,H3,547,SCZ13,25.4,84637
6486,H,4,H4,326,LYS01,25.4,94495
6486,H,4,H4,326,LYS01,25.4,94495
6486,H,5,H5,NA,EMPTY,25.4,89720
6486,H,5,H5,NA,EMPTY,25.4,89720
6486,H,6,H6,RECOMBINANT ERK 2nM + ERK INHIBITOR,ERK_2.000nM_INH,25.4,26577
6486,H,6,H6,RECOMBINANT ERK 2nM + ERK INHIBITOR,ERK_2.000nM_INH,25.4,26577
6486,H,7,H7,689,CTL08,25.4,Inf
6486,H,7,H7,689,CTL08,25.4,Inf
6486,H,8,H8,94,SCZ05,25.4,30264
6486,H,8,H8,94,SCZ05,25.4,30264
6486,H,9,H9,547,SCZ13,25.4,93949
6486,H,9,H9,547,SCZ13,25.4,93949
6486,H,10,H10,326,LYS01,25.4,Inf
6486,H,10,H10,326,LYS01,25.4,Inf
6486,H,11,H11,NA,EMPTY,25.4,23446
6486,H,11,H11,NA,EMPTY,25.4,23446
6486,H,12,H12,RECOMBINANT ERK 2nM + ERK INHIBITOR,ERK_2.000nM_INH,25.4,Inf
6486,H,12,H12,RECOMBINANT ERK 2nM + ERK INHIBITOR,ERK_2.000nM_INH,25.4,Inf
6627,A,1,A1,46,CTL01,25.4,97098
6627,A,1,A1,46,CTL01,25.4,97098
6627,A,2,A2,720,CTL09,25.4,Inf
6627,A,2,A2,720,CTL09,25.4,Inf
6627,A,3,A3,225,SCZ06,25.4,84549
6627,A,3,A3,225,SCZ06,25.4,84549
6627,A,4,A4,552,SCZ14,25.4,92883
6627,A,4,A4,552,SCZ14,25.4,92883
6627,A,5,A5,328,LYS02,25.4,93568
6627,A,5,A5,328,LYS02,25.4,93568
6627,A,6,A6,RECOMBINANT ERK  2nM,ERK_2.000nM,25.4,Inf
6627,A,6,A6,RECOMBINANT ERK  2nM,ERK_2.000nM,25.4,Inf
6627,A,7,A7,46,CTL01,25.4,97119
6627,A,7,A7,46,CTL01,25.4,97119
6627,A,8,A8,720,CTL09,25.4,99830
6627,A,8,A8,720,CTL09,25.4,99830
6627,A,9,A9,225,SCZ06,25.4,93947
6627,A,9,A9,225,SCZ06,25.4,93947
6627,A,10,A10,552,SCZ14,25.4,83737
6627,A,10,A10,552,SCZ14,25.4,83737
6627,A,11,A11,328,LYS02,25.4,95199
6627,A,11,A11,328,LYS02,25.4,95199
6627,A,12,A12,RECOMBINANT ERK  2nM,ERK_2.000nM,25.4,Inf
6627,A,12,A12,RECOMBINANT ERK  2nM,ERK_2.000nM,25.4,Inf
6627,B,1,B1,116,CTL02,25.4,88555
6627,B,1,B1,116,CTL02,25.4,88555
6627,B,2,B2,859,CTL10,25.4,Inf
6627,B,2,B2,859,CTL10,25.4,Inf
6627,B,3,B3,235,SCZ07,25.4,Inf
6627,B,3,B3,235,SCZ07,25.4,Inf
6627,B,4,B4,565,SCZ15,25.4,89329
6627,B,4,B4,565,SCZ15,25.4,89329
6627,B,5,B5,335,LYS03,25.4,99134
6627,B,5,B5,335,LYS03,25.4,99134
6627,B,6,B6,RECOMBINANT ERK 1.5 nM,ERK_1.500nM,25.4,Inf
6627,B,6,B6,RECOMBINANT ERK 1.5 nM,ERK_1.500nM,25.4,Inf
6627,B,7,B7,116,CTL02,25.4,80876
6627,B,7,B7,116,CTL02,25.4,80876
6627,B,8,B8,859,CTL10,25.4,85000
6627,B,8,B8,859,CTL10,25.4,85000
6627,B,9,B9,235,SCZ07,25.4,96909
6627,B,9,B9,235,SCZ07,25.4,96909
6627,B,10,B10,565,SCZ15,25.4,90701
6627,B,10,B10,565,SCZ15,25.4,90701
6627,B,11,B11,335,LYS03,25.4,99823
6627,B,11,B11,335,LYS03,25.4,99823
6627,B,12,B12,RECOMBINANT ERK 1.5 nM,ERK_1.500nM,25.4,Inf
6627,B,12,B12,RECOMBINANT ERK 1.5 nM,ERK_1.500nM,25.4,Inf
6627,C,1,C1,167,CTL03,25.4,Inf
6627,C,1,C1,167,CTL03,25.4,Inf
6627,C,2,C2,874,CTL11,25.4,83765
6627,C,2,C2,874,CTL11,25.4,83765
6627,C,3,C3,262,SCZ08,25.4,Inf
6627,C,3,C3,262,SCZ08,25.4,Inf
6627,C,4,C4,737,SCZ16,25.4,90871
6627,C,4,C4,737,SCZ16,25.4,90871
6627,C,5,C5,907,LYS04,25.4,85419
6627,C,5,C5,907,LYS04,25.4,85419
6627,C,6,C6,RECOMBINANT ERK  1 nM,ERK_1.000nM,25.4,Inf
6627,C,6,C6,RECOMBINANT ERK  1 nM,ERK_1.000nM,25.4,Inf
6627,C,7,C7,167,CTL03,25.4,Inf
6627,C,7,C7,167,CTL03,25.4,Inf
6627,C,8,C8,874,CTL11,25.4,73359
6627,C,8,C8,874,CTL11,25.4,73359
6627,C,9,C9,262,SCZ08,25.4,91865
6627,C,9,C9,262,SCZ08,25.4,91865
6627,C,10,C10,737,SCZ16,25.4,86192
6627,C,10,C10,737,SCZ16,25.4,86192
6627,C,11,C11,907,LYS04,25.4,95612
6627,C,11,C11,907,LYS04,25.4,95612
6627,C,12,C12,RECOMBINANT ERK  1 nM,ERK_1.000nM,25.4,Inf
6627,C,12,C12,RECOMBINANT ERK  1 nM,ERK_1.000nM,25.4,Inf
6627,D,1,D1,195,CTL04,25.4,72999
6627,D,1,D1,195,CTL04,25.4,72999
6627,D,2,D2,11,SCZ01,25.4,94760
6627,D,2,D2,11,SCZ01,25.4,94760
6627,D,3,D3,291,SCZ09,25.4,86988
6627,D,3,D3,291,SCZ09,25.4,86988
6627,D,4,D4,802,SCZ17,25.4,61385
6627,D,4,D4,802,SCZ17,25.4,61385
6627,D,5,D5,5000ng lysate + HI,LYS_HI,25.4,87946
6627,D,5,D5,5000ng lysate + HI,LYS_HI,25.4,87946
6627,D,6,D6,RECOMBINANT ERK  0.75 nM,ERK_0.750nM,25.4,Inf
6627,D,6,D6,RECOMBINANT ERK  0.75 nM,ERK_0.750nM,25.4,Inf
6627,D,7,D7,195,CTL04,25.4,89930
6627,D,7,D7,195,CTL04,25.4,89930
6627,D,8,D8,11,SCZ01,25.4,86289
6627,D,8,D8,11,SCZ01,25.4,86289
6627,D,9,D9,291,SCZ09,25.4,81683
6627,D,9,D9,291,SCZ09,25.4,81683
6627,D,10,D10,802,SCZ17,25.4,80903
6627,D,10,D10,802,SCZ17,25.4,80903
6627,D,11,D11,5000ng lysate + HI,LYS_HI,25.4,91892
6627,D,11,D11,5000ng lysate + HI,LYS_HI,25.4,91892
6627,D,12,D12,RECOMBINANT ERK  0.75 nM,ERK_0.750nM,25.4,Inf
6627,D,12,D12,RECOMBINANT ERK  0.75 nM,ERK_0.750nM,25.4,Inf
6627,E,1,E1,223,CTL05,25.4,Inf
6627,E,1,E1,223,CTL05,25.4,Inf
6627,E,2,E2,22,SCZ02,25.4,Inf
6627,E,2,E2,22,SCZ02,25.4,Inf
6627,E,3,E3,329,SCZ10,25.4,Inf
6627,E,3,E3,329,SCZ10,25.4,Inf
6627,E,4,E4,930,SCZ18,25.4,65846
6627,E,4,E4,930,SCZ18,25.4,65846
6627,E,5,E5,5000ng lysate +ERK INHIBITOR,LYS_INH,25.4,86522
6627,E,5,E5,5000ng lysate +ERK INHIBITOR,LYS_INH,25.4,86522
6627,E,6,E6,RECOMBINANT ERK 0.5 nM,ERK_0.500nM,25.4,Inf
6627,E,6,E6,RECOMBINANT ERK 0.5 nM,ERK_0.500nM,25.4,Inf
6627,E,7,E7,223,CTL05,25.4,89335
6627,E,7,E7,223,CTL05,25.4,89335
6627,E,8,E8,22,SCZ02,25.4,Inf
6627,E,8,E8,22,SCZ02,25.4,Inf
6627,E,9,E9,329,SCZ10,25.4,Inf
6627,E,9,E9,329,SCZ10,25.4,Inf
6627,E,10,E10,930,SCZ18,25.4,70443
6627,E,10,E10,930,SCZ18,25.4,70443
6627,E,11,E11,5000ng lysate +ERK INHIBITOR,LYS_INH,25.4,87775
6627,E,11,E11,5000ng lysate +ERK INHIBITOR,LYS_INH,25.4,87775
6627,E,12,E12,RECOMBINANT ERK 0.5 nM,ERK_0.500nM,25.4,Inf
6627,E,12,E12,RECOMBINANT ERK 0.5 nM,ERK_0.500nM,25.4,Inf
6627,F,1,F1,524,CTL06,25.4,Inf
6627,F,1,F1,524,CTL06,25.4,Inf
6627,F,2,F2,29,SCZ03,25.4,Inf
6627,F,2,F2,29,SCZ03,25.4,Inf
6627,F,3,F3,446,SCZ11,25.4,Inf
6627,F,3,F3,446,SCZ11,25.4,Inf
6627,F,4,F4,931,SCZ19,25.4,76579
6627,F,4,F4,931,SCZ19,25.4,76579
6627,F,5,F5,"BLANK- Master Mix, no lysate",BLNK,25.4,86308
6627,F,5,F5,"BLANK- Master Mix, no lysate",BLNK,25.4,86308
6627,F,6,F6,RECOMBINANT ERK  0.25 nM,ERK_0.250nM,25.4,Inf
6627,F,6,F6,RECOMBINANT ERK  0.25 nM,ERK_0.250nM,25.4,Inf
6627,F,7,F7,524,CTL06,25.4,97898
6627,F,7,F7,524,CTL06,25.4,97898
6627,F,8,F8,29,SCZ03,25.4,Inf
6627,F,8,F8,29,SCZ03,25.4,Inf
6627,F,9,F9,446,SCZ11,25.4,69493
6627,F,9,F9,446,SCZ11,25.4,69493
6627,F,10,F10,931,SCZ19,25.4,79336
6627,F,10,F10,931,SCZ19,25.4,79336
6627,F,11,F11,"BLANK- Master Mix, no lysate",BLNK,25.4,86624
6627,F,11,F11,"BLANK- Master Mix, no lysate",BLNK,25.4,86624
6627,F,12,F12,RECOMBINANT ERK  0.25 nM,ERK_0.250nM,25.4,87634
6627,F,12,F12,RECOMBINANT ERK  0.25 nM,ERK_0.250nM,25.4,87634
6627,G,1,G1,661,CTL07,25.4,86920
6627,G,1,G1,661,CTL07,25.4,86920
6627,G,2,G2,69,SCZ04,25.4,92366
6627,G,2,G2,69,SCZ04,25.4,92366
6627,G,3,G3,510,SCZ12,25.4,Inf
6627,G,3,G3,510,SCZ12,25.4,Inf
6627,G,4,G4,932,SCZ20,25.4,74450
6627,G,4,G4,932,SCZ20,25.4,74450
6627,G,5,G5,"BLANK- Master Mix, lysate, no reporter",BLNK_LYS,25.4,22859
6627,G,5,G5,"BLANK- Master Mix, lysate, no reporter",BLNK_LYS,25.4,22859
6627,G,6,G6,RECOMBINANT ERK  0.125 nM,ERK_0.125nM,25.4,Inf
6627,G,6,G6,RECOMBINANT ERK  0.125 nM,ERK_0.125nM,25.4,Inf
6627,G,7,G7,661,CTL07,25.4,82729
6627,G,7,G7,661,CTL07,25.4,82729
6627,G,8,G8,69,SCZ04,25.4,91235
6627,G,8,G8,69,SCZ04,25.4,91235
6627,G,9,G9,510,SCZ12,25.4,Inf
6627,G,9,G9,510,SCZ12,25.4,Inf
6627,G,10,G10,932,SCZ20,25.4,74107
6627,G,10,G10,932,SCZ20,25.4,74107
6627,G,11,G11,"BLANK- Master Mix, lysate, no reporter",BLNK_LYS,25.4,24328
6627,G,11,G11,"BLANK- Master Mix, lysate, no reporter",BLNK_LYS,25.4,24328
6627,G,12,G12,RECOMBINANT ERK  0.125 nM,ERK_0.125nM,25.4,96469
6627,G,12,G12,RECOMBINANT ERK  0.125 nM,ERK_0.125nM,25.4,96469
6627,H,1,H1,689,CTL08,25.4,99442
6627,H,1,H1,689,CTL08,25.4,99442
6627,H,2,H2,94,SCZ05,25.4,82521
6627,H,2,H2,94,SCZ05,25.4,82521
6627,H,3,H3,547,SCZ13,25.4,84904
6627,H,3,H3,547,SCZ13,25.4,84904
6627,H,4,H4,326,LYS01,25.4,95170
6627,H,4,H4,326,LYS01,25.4,95170
6627,H,5,H5,NA,EMPTY,25.4,89713
6627,H,5,H5,NA,EMPTY,25.4,89713
6627,H,6,H6,RECOMBINANT ERK 2nM + ERK INHIBITOR,ERK_2.000nM_INH,25.4,26644
6627,H,6,H6,RECOMBINANT ERK 2nM + ERK INHIBITOR,ERK_2.000nM_INH,25.4,26644
6627,H,7,H7,689,CTL08,25.4,Inf
6627,H,7,H7,689,CTL08,25.4,Inf
6627,H,8,H8,94,SCZ05,25.4,30059
6627,H,8,H8,94,SCZ05,25.4,30059
6627,H,9,H9,547,SCZ13,25.4,93575
6627,H,9,H9,547,SCZ13,25.4,93575
6627,H,10,H10,326,LYS01,25.4,Inf
6627,H,10,H10,326,LYS01,25.4,Inf
6627,H,11,H11,NA,EMPTY,25.4,23377
6627,H,11,H11,NA,EMPTY,25.4,23377
6627,H,12,H12,RECOMBINANT ERK 2nM + ERK INHIBITOR,ERK_2.000nM_INH,25.4,Inf
6627,H,12,H12,RECOMBINANT ERK 2nM + ERK INHIBITOR,ERK_2.000nM_INH,25.4,Inf
6768,A,1,A1,46,CTL01,25.4,97600
6768,A,1,A1,46,CTL01,25.4,97600
6768,A,2,A2,720,CTL09,25.4,Inf
6768,A,2,A2,720,CTL09,25.4,Inf
6768,A,3,A3,225,SCZ06,25.4,84189
6768,A,3,A3,225,SCZ06,25.4,84189
6768,A,4,A4,552,SCZ14,25.4,93338
6768,A,4,A4,552,SCZ14,25.4,93338
6768,A,5,A5,328,LYS02,25.4,93430
6768,A,5,A5,328,LYS02,25.4,93430
6768,A,6,A6,RECOMBINANT ERK  2nM,ERK_2.000nM,25.4,Inf
6768,A,6,A6,RECOMBINANT ERK  2nM,ERK_2.000nM,25.4,Inf
6768,A,7,A7,46,CTL01,25.4,96898
6768,A,7,A7,46,CTL01,25.4,96898
6768,A,8,A8,720,CTL09,25.4,Inf
6768,A,8,A8,720,CTL09,25.4,Inf
6768,A,9,A9,225,SCZ06,25.4,93776
6768,A,9,A9,225,SCZ06,25.4,93776
6768,A,10,A10,552,SCZ14,25.4,84148
6768,A,10,A10,552,SCZ14,25.4,84148
6768,A,11,A11,328,LYS02,25.4,95818
6768,A,11,A11,328,LYS02,25.4,95818
6768,A,12,A12,RECOMBINANT ERK  2nM,ERK_2.000nM,25.4,Inf
6768,A,12,A12,RECOMBINANT ERK  2nM,ERK_2.000nM,25.4,Inf
6768,B,1,B1,116,CTL02,25.4,88621
6768,B,1,B1,116,CTL02,25.4,88621
6768,B,2,B2,859,CTL10,25.4,Inf
6768,B,2,B2,859,CTL10,25.4,Inf
6768,B,3,B3,235,SCZ07,25.4,Inf
6768,B,3,B3,235,SCZ07,25.4,Inf
6768,B,4,B4,565,SCZ15,25.4,90093
6768,B,4,B4,565,SCZ15,25.4,90093
6768,B,5,B5,335,LYS03,25.4,99849
6768,B,5,B5,335,LYS03,25.4,99849
6768,B,6,B6,RECOMBINANT ERK 1.5 nM,ERK_1.500nM,25.4,Inf
6768,B,6,B6,RECOMBINANT ERK 1.5 nM,ERK_1.500nM,25.4,Inf
6768,B,7,B7,116,CTL02,25.4,81735
6768,B,7,B7,116,CTL02,25.4,81735
6768,B,8,B8,859,CTL10,25.4,86291
6768,B,8,B8,859,CTL10,25.4,86291
6768,B,9,B9,235,SCZ07,25.4,96675
6768,B,9,B9,235,SCZ07,25.4,96675
6768,B,10,B10,565,SCZ15,25.4,90439
6768,B,10,B10,565,SCZ15,25.4,90439
6768,B,11,B11,335,LYS03,25.4,99517
6768,B,11,B11,335,LYS03,25.4,99517
6768,B,12,B12,RECOMBINANT ERK 1.5 nM,ERK_1.500nM,25.4,Inf
6768,B,12,B12,RECOMBINANT ERK 1.5 nM,ERK_1.500nM,25.4,Inf
6768,C,1,C1,167,CTL03,25.4,Inf
6768,C,1,C1,167,CTL03,25.4,Inf
6768,C,2,C2,874,CTL11,25.4,83918
6768,C,2,C2,874,CTL11,25.4,83918
6768,C,3,C3,262,SCZ08,25.4,Inf
6768,C,3,C3,262,SCZ08,25.4,Inf
6768,C,4,C4,737,SCZ16,25.4,91375
6768,C,4,C4,737,SCZ16,25.4,91375
6768,C,5,C5,907,LYS04,25.4,86424
6768,C,5,C5,907,LYS04,25.4,86424
6768,C,6,C6,RECOMBINANT ERK  1 nM,ERK_1.000nM,25.4,Inf
6768,C,6,C6,RECOMBINANT ERK  1 nM,ERK_1.000nM,25.4,Inf
6768,C,7,C7,167,CTL03,25.4,Inf
6768,C,7,C7,167,CTL03,25.4,Inf
6768,C,8,C8,874,CTL11,25.4,73908
6768,C,8,C8,874,CTL11,25.4,73908
6768,C,9,C9,262,SCZ08,25.4,92085
6768,C,9,C9,262,SCZ08,25.4,92085
6768,C,10,C10,737,SCZ16,25.4,86700
6768,C,10,C10,737,SCZ16,25.4,86700
6768,C,11,C11,907,LYS04,25.4,95314
6768,C,11,C11,907,LYS04,25.4,95314
6768,C,12,C12,RECOMBINANT ERK  1 nM,ERK_1.000nM,25.4,Inf
6768,C,12,C12,RECOMBINANT ERK  1 nM,ERK_1.000nM,25.4,Inf
6768,D,1,D1,195,CTL04,25.4,72218
6768,D,1,D1,195,CTL04,25.4,72218
6768,D,2,D2,11,SCZ01,25.4,94651
6768,D,2,D2,11,SCZ01,25.4,94651
6768,D,3,D3,291,SCZ09,25.4,86975
6768,D,3,D3,291,SCZ09,25.4,86975
6768,D,4,D4,802,SCZ17,25.4,61530
6768,D,4,D4,802,SCZ17,25.4,61530
6768,D,5,D5,5000ng lysate + HI,LYS_HI,25.4,88181
6768,D,5,D5,5000ng lysate + HI,LYS_HI,25.4,88181
6768,D,6,D6,RECOMBINANT ERK  0.75 nM,ERK_0.750nM,25.4,Inf
6768,D,6,D6,RECOMBINANT ERK  0.75 nM,ERK_0.750nM,25.4,Inf
6768,D,7,D7,195,CTL04,25.4,89688
6768,D,7,D7,195,CTL04,25.4,89688
6768,D,8,D8,11,SCZ01,25.4,86900
6768,D,8,D8,11,SCZ01,25.4,86900
6768,D,9,D9,291,SCZ09,25.4,80019
6768,D,9,D9,291,SCZ09,25.4,80019
6768,D,10,D10,802,SCZ17,25.4,81233
6768,D,10,D10,802,SCZ17,25.4,81233
6768,D,11,D11,5000ng lysate + HI,LYS_HI,25.4,91960
6768,D,11,D11,5000ng lysate + HI,LYS_HI,25.4,91960
6768,D,12,D12,RECOMBINANT ERK  0.75 nM,ERK_0.750nM,25.4,Inf
6768,D,12,D12,RECOMBINANT ERK  0.75 nM,ERK_0.750nM,25.4,Inf
6768,E,1,E1,223,CTL05,25.4,Inf
6768,E,1,E1,223,CTL05,25.4,Inf
6768,E,2,E2,22,SCZ02,25.4,Inf
6768,E,2,E2,22,SCZ02,25.4,Inf
6768,E,3,E3,329,SCZ10,25.4,Inf
6768,E,3,E3,329,SCZ10,25.4,Inf
6768,E,4,E4,930,SCZ18,25.4,66404
6768,E,4,E4,930,SCZ18,25.4,66404
6768,E,5,E5,5000ng lysate +ERK INHIBITOR,LYS_INH,25.4,86234
6768,E,5,E5,5000ng lysate +ERK INHIBITOR,LYS_INH,25.4,86234
6768,E,6,E6,RECOMBINANT ERK 0.5 nM,ERK_0.500nM,25.4,Inf
6768,E,6,E6,RECOMBINANT ERK 0.5 nM,ERK_0.500nM,25.4,Inf
6768,E,7,E7,223,CTL05,25.4,88937
6768,E,7,E7,223,CTL05,25.4,88937
6768,E,8,E8,22,SCZ02,25.4,Inf
6768,E,8,E8,22,SCZ02,25.4,Inf
6768,E,9,E9,329,SCZ10,25.4,Inf
6768,E,9,E9,329,SCZ10,25.4,Inf
6768,E,10,E10,930,SCZ18,25.4,71097
6768,E,10,E10,930,SCZ18,25.4,71097
6768,E,11,E11,5000ng lysate +ERK INHIBITOR,LYS_INH,25.4,87842
6768,E,11,E11,5000ng lysate +ERK INHIBITOR,LYS_INH,25.4,87842
6768,E,12,E12,RECOMBINANT ERK 0.5 nM,ERK_0.500nM,25.4,Inf
6768,E,12,E12,RECOMBINANT ERK 0.5 nM,ERK_0.500nM,25.4,Inf
6768,F,1,F1,524,CTL06,25.4,Inf
6768,F,1,F1,524,CTL06,25.4,Inf
6768,F,2,F2,29,SCZ03,25.4,Inf
6768,F,2,F2,29,SCZ03,25.4,Inf
6768,F,3,F3,446,SCZ11,25.4,Inf
6768,F,3,F3,446,SCZ11,25.4,Inf
6768,F,4,F4,931,SCZ19,25.4,76442
6768,F,4,F4,931,SCZ19,25.4,76442
6768,F,5,F5,"BLANK- Master Mix, no lysate",BLNK,25.4,85715
6768,F,5,F5,"BLANK- Master Mix, no lysate",BLNK,25.4,85715
6768,F,6,F6,RECOMBINANT ERK  0.25 nM,ERK_0.250nM,25.4,Inf
6768,F,6,F6,RECOMBINANT ERK  0.25 nM,ERK_0.250nM,25.4,Inf
6768,F,7,F7,524,CTL06,25.4,99567
6768,F,7,F7,524,CTL06,25.4,99567
6768,F,8,F8,29,SCZ03,25.4,Inf
6768,F,8,F8,29,SCZ03,25.4,Inf
6768,F,9,F9,446,SCZ11,25.4,70051
6768,F,9,F9,446,SCZ11,25.4,70051
6768,F,10,F10,931,SCZ19,25.4,79538
6768,F,10,F10,931,SCZ19,25.4,79538
6768,F,11,F11,"BLANK- Master Mix, no lysate",BLNK,25.4,86413
6768,F,11,F11,"BLANK- Master Mix, no lysate",BLNK,25.4,86413
6768,F,12,F12,RECOMBINANT ERK  0.25 nM,ERK_0.250nM,25.4,88020
6768,F,12,F12,RECOMBINANT ERK  0.25 nM,ERK_0.250nM,25.4,88020
6768,G,1,G1,661,CTL07,25.4,87596
6768,G,1,G1,661,CTL07,25.4,87596
6768,G,2,G2,69,SCZ04,25.4,92612
6768,G,2,G2,69,SCZ04,25.4,92612
6768,G,3,G3,510,SCZ12,25.4,Inf
6768,G,3,G3,510,SCZ12,25.4,Inf
6768,G,4,G4,932,SCZ20,25.4,74659
6768,G,4,G4,932,SCZ20,25.4,74659
6768,G,5,G5,"BLANK- Master Mix, lysate, no reporter",BLNK_LYS,25.4,22731
6768,G,5,G5,"BLANK- Master Mix, lysate, no reporter",BLNK_LYS,25.4,22731
6768,G,6,G6,RECOMBINANT ERK  0.125 nM,ERK_0.125nM,25.4,Inf
6768,G,6,G6,RECOMBINANT ERK  0.125 nM,ERK_0.125nM,25.4,Inf
6768,G,7,G7,661,CTL07,25.4,81761
6768,G,7,G7,661,CTL07,25.4,81761
6768,G,8,G8,69,SCZ04,25.4,91723
6768,G,8,G8,69,SCZ04,25.4,91723
6768,G,9,G9,510,SCZ12,25.4,Inf
6768,G,9,G9,510,SCZ12,25.4,Inf
6768,G,10,G10,932,SCZ20,25.4,74196
6768,G,10,G10,932,SCZ20,25.4,74196
6768,G,11,G11,"BLANK- Master Mix, lysate, no reporter",BLNK_LYS,25.4,24561
6768,G,11,G11,"BLANK- Master Mix, lysate, no reporter",BLNK_LYS,25.4,24561
6768,G,12,G12,RECOMBINANT ERK  0.125 nM,ERK_0.125nM,25.4,96731
6768,G,12,G12,RECOMBINANT ERK  0.125 nM,ERK_0.125nM,25.4,96731
6768,H,1,H1,689,CTL08,25.4,99612
6768,H,1,H1,689,CTL08,25.4,99612
6768,H,2,H2,94,SCZ05,25.4,82893
6768,H,2,H2,94,SCZ05,25.4,82893
6768,H,3,H3,547,SCZ13,25.4,85420
6768,H,3,H3,547,SCZ13,25.4,85420
6768,H,4,H4,326,LYS01,25.4,96207
6768,H,4,H4,326,LYS01,25.4,96207
6768,H,5,H5,NA,EMPTY,25.4,89731
6768,H,5,H5,NA,EMPTY,25.4,89731
6768,H,6,H6,RECOMBINANT ERK 2nM + ERK INHIBITOR,ERK_2.000nM_INH,25.4,26870
6768,H,6,H6,RECOMBINANT ERK 2nM + ERK INHIBITOR,ERK_2.000nM_INH,25.4,26870
6768,H,7,H7,689,CTL08,25.4,Inf
6768,H,7,H7,689,CTL08,25.4,Inf
6768,H,8,H8,94,SCZ05,25.4,30114
6768,H,8,H8,94,SCZ05,25.4,30114
6768,H,9,H9,547,SCZ13,25.4,93833
6768,H,9,H9,547,SCZ13,25.4,93833
6768,H,10,H10,326,LYS01,25.4,Inf
6768,H,10,H10,326,LYS01,25.4,Inf
6768,H,11,H11,NA,EMPTY,25.4,23577
6768,H,11,H11,NA,EMPTY,25.4,23577
6768,H,12,H12,RECOMBINANT ERK 2nM + ERK INHIBITOR,ERK_2.000nM_INH,25.4,Inf
6768,H,12,H12,RECOMBINANT ERK 2nM + ERK INHIBITOR,ERK_2.000nM_INH,25.4,Inf
6909,A,1,A1,46,CTL01,25.5,97573
6909,A,1,A1,46,CTL01,25.5,97573
6909,A,2,A2,720,CTL09,25.5,Inf
6909,A,2,A2,720,CTL09,25.5,Inf
6909,A,3,A3,225,SCZ06,25.5,84312
6909,A,3,A3,225,SCZ06,25.5,84312
6909,A,4,A4,552,SCZ14,25.5,93292
6909,A,4,A4,552,SCZ14,25.5,93292
6909,A,5,A5,328,LYS02,25.5,94509
6909,A,5,A5,328,LYS02,25.5,94509
6909,A,6,A6,RECOMBINANT ERK  2nM,ERK_2.000nM,25.5,Inf
6909,A,6,A6,RECOMBINANT ERK  2nM,ERK_2.000nM,25.5,Inf
6909,A,7,A7,46,CTL01,25.5,97109
6909,A,7,A7,46,CTL01,25.5,97109
6909,A,8,A8,720,CTL09,25.5,Inf
6909,A,8,A8,720,CTL09,25.5,Inf
6909,A,9,A9,225,SCZ06,25.5,93996
6909,A,9,A9,225,SCZ06,25.5,93996
6909,A,10,A10,552,SCZ14,25.5,85070
6909,A,10,A10,552,SCZ14,25.5,85070
6909,A,11,A11,328,LYS02,25.5,95751
6909,A,11,A11,328,LYS02,25.5,95751
6909,A,12,A12,RECOMBINANT ERK  2nM,ERK_2.000nM,25.5,Inf
6909,A,12,A12,RECOMBINANT ERK  2nM,ERK_2.000nM,25.5,Inf
6909,B,1,B1,116,CTL02,25.5,89186
6909,B,1,B1,116,CTL02,25.5,89186
6909,B,2,B2,859,CTL10,25.5,Inf
6909,B,2,B2,859,CTL10,25.5,Inf
6909,B,3,B3,235,SCZ07,25.5,Inf
6909,B,3,B3,235,SCZ07,25.5,Inf
6909,B,4,B4,565,SCZ15,25.5,88962
6909,B,4,B4,565,SCZ15,25.5,88962
6909,B,5,B5,335,LYS03,25.5,Inf
6909,B,5,B5,335,LYS03,25.5,Inf
6909,B,6,B6,RECOMBINANT ERK 1.5 nM,ERK_1.500nM,25.5,Inf
6909,B,6,B6,RECOMBINANT ERK 1.5 nM,ERK_1.500nM,25.5,Inf
6909,B,7,B7,116,CTL02,25.5,80960
6909,B,7,B7,116,CTL02,25.5,80960
6909,B,8,B8,859,CTL10,25.5,86543
6909,B,8,B8,859,CTL10,25.5,86543
6909,B,9,B9,235,SCZ07,25.5,97359
6909,B,9,B9,235,SCZ07,25.5,97359
6909,B,10,B10,565,SCZ15,25.5,90498
6909,B,10,B10,565,SCZ15,25.5,90498
6909,B,11,B11,335,LYS03,25.5,Inf
6909,B,11,B11,335,LYS03,25.5,Inf
6909,B,12,B12,RECOMBINANT ERK 1.5 nM,ERK_1.500nM,25.5,Inf
6909,B,12,B12,RECOMBINANT ERK 1.5 nM,ERK_1.500nM,25.5,Inf
6909,C,1,C1,167,CTL03,25.5,Inf
6909,C,1,C1,167,CTL03,25.5,Inf
6909,C,2,C2,874,CTL11,25.5,84023
6909,C,2,C2,874,CTL11,25.5,84023
6909,C,3,C3,262,SCZ08,25.5,Inf
6909,C,3,C3,262,SCZ08,25.5,Inf
6909,C,4,C4,737,SCZ16,25.5,91491
6909,C,4,C4,737,SCZ16,25.5,91491
6909,C,5,C5,907,LYS04,25.5,86819
6909,C,5,C5,907,LYS04,25.5,86819
6909,C,6,C6,RECOMBINANT ERK  1 nM,ERK_1.000nM,25.5,Inf
6909,C,6,C6,RECOMBINANT ERK  1 nM,ERK_1.000nM,25.5,Inf
6909,C,7,C7,167,CTL03,25.5,Inf
6909,C,7,C7,167,CTL03,25.5,Inf
6909,C,8,C8,874,CTL11,25.5,73980
6909,C,8,C8,874,CTL11,25.5,73980
6909,C,9,C9,262,SCZ08,25.5,91905
6909,C,9,C9,262,SCZ08,25.5,91905
6909,C,10,C10,737,SCZ16,25.5,86688
6909,C,10,C10,737,SCZ16,25.5,86688
6909,C,11,C11,907,LYS04,25.5,95322
6909,C,11,C11,907,LYS04,25.5,95322
6909,C,12,C12,RECOMBINANT ERK  1 nM,ERK_1.000nM,25.5,Inf
6909,C,12,C12,RECOMBINANT ERK  1 nM,ERK_1.000nM,25.5,Inf
6909,D,1,D1,195,CTL04,25.5,72966
6909,D,1,D1,195,CTL04,25.5,72966
6909,D,2,D2,11,SCZ01,25.5,93914
6909,D,2,D2,11,SCZ01,25.5,93914
6909,D,3,D3,291,SCZ09,25.5,87106
6909,D,3,D3,291,SCZ09,25.5,87106
6909,D,4,D4,802,SCZ17,25.5,61296
6909,D,4,D4,802,SCZ17,25.5,61296
6909,D,5,D5,5000ng lysate + HI,LYS_HI,25.5,88270
6909,D,5,D5,5000ng lysate + HI,LYS_HI,25.5,88270
6909,D,6,D6,RECOMBINANT ERK  0.75 nM,ERK_0.750nM,25.5,Inf
6909,D,6,D6,RECOMBINANT ERK  0.75 nM,ERK_0.750nM,25.5,Inf
6909,D,7,D7,195,CTL04,25.5,89942
6909,D,7,D7,195,CTL04,25.5,89942
6909,D,8,D8,11,SCZ01,25.5,86674
6909,D,8,D8,11,SCZ01,25.5,86674
6909,D,9,D9,291,SCZ09,25.5,80953
6909,D,9,D9,291,SCZ09,25.5,80953
6909,D,10,D10,802,SCZ17,25.5,81009
6909,D,10,D10,802,SCZ17,25.5,81009
6909,D,11,D11,5000ng lysate + HI,LYS_HI,25.5,92379
6909,D,11,D11,5000ng lysate + HI,LYS_HI,25.5,92379
6909,D,12,D12,RECOMBINANT ERK  0.75 nM,ERK_0.750nM,25.5,Inf
6909,D,12,D12,RECOMBINANT ERK  0.75 nM,ERK_0.750nM,25.5,Inf
6909,E,1,E1,223,CTL05,25.5,Inf
6909,E,1,E1,223,CTL05,25.5,Inf
6909,E,2,E2,22,SCZ02,25.5,Inf
6909,E,2,E2,22,SCZ02,25.5,Inf
6909,E,3,E3,329,SCZ10,25.5,Inf
6909,E,3,E3,329,SCZ10,25.5,Inf
6909,E,4,E4,930,SCZ18,25.5,66117
6909,E,4,E4,930,SCZ18,25.5,66117
6909,E,5,E5,5000ng lysate +ERK INHIBITOR,LYS_INH,25.5,85671
6909,E,5,E5,5000ng lysate +ERK INHIBITOR,LYS_INH,25.5,85671
6909,E,6,E6,RECOMBINANT ERK 0.5 nM,ERK_0.500nM,25.5,Inf
6909,E,6,E6,RECOMBINANT ERK 0.5 nM,ERK_0.500nM,25.5,Inf
6909,E,7,E7,223,CTL05,25.5,90405
6909,E,7,E7,223,CTL05,25.5,90405
6909,E,8,E8,22,SCZ02,25.5,Inf
6909,E,8,E8,22,SCZ02,25.5,Inf
6909,E,9,E9,329,SCZ10,25.5,Inf
6909,E,9,E9,329,SCZ10,25.5,Inf
6909,E,10,E10,930,SCZ18,25.5,71972
6909,E,10,E10,930,SCZ18,25.5,71972
6909,E,11,E11,5000ng lysate +ERK INHIBITOR,LYS_INH,25.5,87988
6909,E,11,E11,5000ng lysate +ERK INHIBITOR,LYS_INH,25.5,87988
6909,E,12,E12,RECOMBINANT ERK 0.5 nM,ERK_0.500nM,25.5,Inf
6909,E,12,E12,RECOMBINANT ERK 0.5 nM,ERK_0.500nM,25.5,Inf
6909,F,1,F1,524,CTL06,25.5,Inf
6909,F,1,F1,524,CTL06,25.5,Inf
6909,F,2,F2,29,SCZ03,25.5,Inf
6909,F,2,F2,29,SCZ03,25.5,Inf
6909,F,3,F3,446,SCZ11,25.5,Inf
6909,F,3,F3,446,SCZ11,25.5,Inf
6909,F,4,F4,931,SCZ19,25.5,77471
6909,F,4,F4,931,SCZ19,25.5,77471
6909,F,5,F5,"BLANK- Master Mix, no lysate",BLNK,25.5,85858
6909,F,5,F5,"BLANK- Master Mix, no lysate",BLNK,25.5,85858
6909,F,6,F6,RECOMBINANT ERK  0.25 nM,ERK_0.250nM,25.5,Inf
6909,F,6,F6,RECOMBINANT ERK  0.25 nM,ERK_0.250nM,25.5,Inf
6909,F,7,F7,524,CTL06,25.5,99529
6909,F,7,F7,524,CTL06,25.5,99529
6909,F,8,F8,29,SCZ03,25.5,Inf
6909,F,8,F8,29,SCZ03,25.5,Inf
6909,F,9,F9,446,SCZ11,25.5,70268
6909,F,9,F9,446,SCZ11,25.5,70268
6909,F,10,F10,931,SCZ19,25.5,79316
6909,F,10,F10,931,SCZ19,25.5,79316
6909,F,11,F11,"BLANK- Master Mix, no lysate",BLNK,25.5,86914
6909,F,11,F11,"BLANK- Master Mix, no lysate",BLNK,25.5,86914
6909,F,12,F12,RECOMBINANT ERK  0.25 nM,ERK_0.250nM,25.5,88171
6909,F,12,F12,RECOMBINANT ERK  0.25 nM,ERK_0.250nM,25.5,88171
6909,G,1,G1,661,CTL07,25.5,86730
6909,G,1,G1,661,CTL07,25.5,86730
6909,G,2,G2,69,SCZ04,25.5,92925
6909,G,2,G2,69,SCZ04,25.5,92925
6909,G,3,G3,510,SCZ12,25.5,Inf
6909,G,3,G3,510,SCZ12,25.5,Inf
6909,G,4,G4,932,SCZ20,25.5,74846
6909,G,4,G4,932,SCZ20,25.5,74846
6909,G,5,G5,"BLANK- Master Mix, lysate, no reporter",BLNK_LYS,25.5,22992
6909,G,5,G5,"BLANK- Master Mix, lysate, no reporter",BLNK_LYS,25.5,22992
6909,G,6,G6,RECOMBINANT ERK  0.125 nM,ERK_0.125nM,25.5,99907
6909,G,6,G6,RECOMBINANT ERK  0.125 nM,ERK_0.125nM,25.5,99907
6909,G,7,G7,661,CTL07,25.5,81716
6909,G,7,G7,661,CTL07,25.5,81716
6909,G,8,G8,69,SCZ04,25.5,91819
6909,G,8,G8,69,SCZ04,25.5,91819
6909,G,9,G9,510,SCZ12,25.5,Inf
6909,G,9,G9,510,SCZ12,25.5,Inf
6909,G,10,G10,932,SCZ20,25.5,74522
6909,G,10,G10,932,SCZ20,25.5,74522
6909,G,11,G11,"BLANK- Master Mix, lysate, no reporter",BLNK_LYS,25.5,24288
6909,G,11,G11,"BLANK- Master Mix, lysate, no reporter",BLNK_LYS,25.5,24288
6909,G,12,G12,RECOMBINANT ERK  0.125 nM,ERK_0.125nM,25.5,96294
6909,G,12,G12,RECOMBINANT ERK  0.125 nM,ERK_0.125nM,25.5,96294
6909,H,1,H1,689,CTL08,25.5,99521
6909,H,1,H1,689,CTL08,25.5,99521
6909,H,2,H2,94,SCZ05,25.5,82491
6909,H,2,H2,94,SCZ05,25.5,82491
6909,H,3,H3,547,SCZ13,25.5,85524
6909,H,3,H3,547,SCZ13,25.5,85524
6909,H,4,H4,326,LYS01,25.5,96364
6909,H,4,H4,326,LYS01,25.5,96364
6909,H,5,H5,NA,EMPTY,25.5,89825
6909,H,5,H5,NA,EMPTY,25.5,89825
6909,H,6,H6,RECOMBINANT ERK 2nM + ERK INHIBITOR,ERK_2.000nM_INH,25.5,26906
6909,H,6,H6,RECOMBINANT ERK 2nM + ERK INHIBITOR,ERK_2.000nM_INH,25.5,26906
6909,H,7,H7,689,CTL08,25.5,Inf
6909,H,7,H7,689,CTL08,25.5,Inf
6909,H,8,H8,94,SCZ05,25.5,30259
6909,H,8,H8,94,SCZ05,25.5,30259
6909,H,9,H9,547,SCZ13,25.5,94400
6909,H,9,H9,547,SCZ13,25.5,94400
6909,H,10,H10,326,LYS01,25.5,Inf
6909,H,10,H10,326,LYS01,25.5,Inf
6909,H,11,H11,NA,EMPTY,25.5,23337
6909,H,11,H11,NA,EMPTY,25.5,23337
6909,H,12,H12,RECOMBINANT ERK 2nM + ERK INHIBITOR,ERK_2.000nM_INH,25.5,Inf
6909,H,12,H12,RECOMBINANT ERK 2nM + ERK INHIBITOR,ERK_2.000nM_INH,25.5,Inf
7050,A,1,A1,46,CTL01,25.5,97704
7050,A,1,A1,46,CTL01,25.5,97704
7050,A,2,A2,720,CTL09,25.5,Inf
7050,A,2,A2,720,CTL09,25.5,Inf
7050,A,3,A3,225,SCZ06,25.5,84427
7050,A,3,A3,225,SCZ06,25.5,84427
7050,A,4,A4,552,SCZ14,25.5,93240
7050,A,4,A4,552,SCZ14,25.5,93240
7050,A,5,A5,328,LYS02,25.5,93878
7050,A,5,A5,328,LYS02,25.5,93878
7050,A,6,A6,RECOMBINANT ERK  2nM,ERK_2.000nM,25.5,Inf
7050,A,6,A6,RECOMBINANT ERK  2nM,ERK_2.000nM,25.5,Inf
7050,A,7,A7,46,CTL01,25.5,96997
7050,A,7,A7,46,CTL01,25.5,96997
7050,A,8,A8,720,CTL09,25.5,Inf
7050,A,8,A8,720,CTL09,25.5,Inf
7050,A,9,A9,225,SCZ06,25.5,94416
7050,A,9,A9,225,SCZ06,25.5,94416
7050,A,10,A10,552,SCZ14,25.5,84976
7050,A,10,A10,552,SCZ14,25.5,84976
7050,A,11,A11,328,LYS02,25.5,95563
7050,A,11,A11,328,LYS02,25.5,95563
7050,A,12,A12,RECOMBINANT ERK  2nM,ERK_2.000nM,25.5,Inf
7050,A,12,A12,RECOMBINANT ERK  2nM,ERK_2.000nM,25.5,Inf
7050,B,1,B1,116,CTL02,25.5,88863
7050,B,1,B1,116,CTL02,25.5,88863
7050,B,2,B2,859,CTL10,25.5,Inf
7050,B,2,B2,859,CTL10,25.5,Inf
7050,B,3,B3,235,SCZ07,25.5,Inf
7050,B,3,B3,235,SCZ07,25.5,Inf
7050,B,4,B4,565,SCZ15,25.5,89469
7050,B,4,B4,565,SCZ15,25.5,89469
7050,B,5,B5,335,LYS03,25.5,Inf
7050,B,5,B5,335,LYS03,25.5,Inf
7050,B,6,B6,RECOMBINANT ERK 1.5 nM,ERK_1.500nM,25.5,Inf
7050,B,6,B6,RECOMBINANT ERK 1.5 nM,ERK_1.500nM,25.5,Inf
7050,B,7,B7,116,CTL02,25.5,81638
7050,B,7,B7,116,CTL02,25.5,81638
7050,B,8,B8,859,CTL10,25.5,86935
7050,B,8,B8,859,CTL10,25.5,86935
7050,B,9,B9,235,SCZ07,25.5,97037
7050,B,9,B9,235,SCZ07,25.5,97037
7050,B,10,B10,565,SCZ15,25.5,90481
7050,B,10,B10,565,SCZ15,25.5,90481
7050,B,11,B11,335,LYS03,25.5,Inf
7050,B,11,B11,335,LYS03,25.5,Inf
7050,B,12,B12,RECOMBINANT ERK 1.5 nM,ERK_1.500nM,25.5,Inf
7050,B,12,B12,RECOMBINANT ERK 1.5 nM,ERK_1.500nM,25.5,Inf
7050,C,1,C1,167,CTL03,25.5,Inf
7050,C,1,C1,167,CTL03,25.5,Inf
7050,C,2,C2,874,CTL11,25.5,84337
7050,C,2,C2,874,CTL11,25.5,84337
7050,C,3,C3,262,SCZ08,25.5,Inf
7050,C,3,C3,262,SCZ08,25.5,Inf
7050,C,4,C4,737,SCZ16,25.5,91184
7050,C,4,C4,737,SCZ16,25.5,91184
7050,C,5,C5,907,LYS04,25.5,87511
7050,C,5,C5,907,LYS04,25.5,87511
7050,C,6,C6,RECOMBINANT ERK  1 nM,ERK_1.000nM,25.5,Inf
7050,C,6,C6,RECOMBINANT ERK  1 nM,ERK_1.000nM,25.5,Inf
7050,C,7,C7,167,CTL03,25.5,Inf
7050,C,7,C7,167,CTL03,25.5,Inf
7050,C,8,C8,874,CTL11,25.5,73495
7050,C,8,C8,874,CTL11,25.5,73495
7050,C,9,C9,262,SCZ08,25.5,91992
7050,C,9,C9,262,SCZ08,25.5,91992
7050,C,10,C10,737,SCZ16,25.5,86476
7050,C,10,C10,737,SCZ16,25.5,86476
7050,C,11,C11,907,LYS04,25.5,96363
7050,C,11,C11,907,LYS04,25.5,96363
7050,C,12,C12,RECOMBINANT ERK  1 nM,ERK_1.000nM,25.5,Inf
7050,C,12,C12,RECOMBINANT ERK  1 nM,ERK_1.000nM,25.5,Inf
7050,D,1,D1,195,CTL04,25.5,72818
7050,D,1,D1,195,CTL04,25.5,72818
7050,D,2,D2,11,SCZ01,25.5,94566
7050,D,2,D2,11,SCZ01,25.5,94566
7050,D,3,D3,291,SCZ09,25.5,87067
7050,D,3,D3,291,SCZ09,25.5,87067
7050,D,4,D4,802,SCZ17,25.5,61991
7050,D,4,D4,802,SCZ17,25.5,61991
7050,D,5,D5,5000ng lysate + HI,LYS_HI,25.5,87938
7050,D,5,D5,5000ng lysate + HI,LYS_HI,25.5,87938
7050,D,6,D6,RECOMBINANT ERK  0.75 nM,ERK_0.750nM,25.5,Inf
7050,D,6,D6,RECOMBINANT ERK  0.75 nM,ERK_0.750nM,25.5,Inf
7050,D,7,D7,195,CTL04,25.5,89783
7050,D,7,D7,195,CTL04,25.5,89783
7050,D,8,D8,11,SCZ01,25.5,86868
7050,D,8,D8,11,SCZ01,25.5,86868
7050,D,9,D9,291,SCZ09,25.5,80621
7050,D,9,D9,291,SCZ09,25.5,80621
7050,D,10,D10,802,SCZ17,25.5,81128
7050,D,10,D10,802,SCZ17,25.5,81128
7050,D,11,D11,5000ng lysate + HI,LYS_HI,25.5,91636
7050,D,11,D11,5000ng lysate + HI,LYS_HI,25.5,91636
7050,D,12,D12,RECOMBINANT ERK  0.75 nM,ERK_0.750nM,25.5,Inf
7050,D,12,D12,RECOMBINANT ERK  0.75 nM,ERK_0.750nM,25.5,Inf
7050,E,1,E1,223,CTL05,25.5,Inf
7050,E,1,E1,223,CTL05,25.5,Inf
7050,E,2,E2,22,SCZ02,25.5,Inf
7050,E,2,E2,22,SCZ02,25.5,Inf
7050,E,3,E3,329,SCZ10,25.5,Inf
7050,E,3,E3,329,SCZ10,25.5,Inf
7050,E,4,E4,930,SCZ18,25.5,66231
7050,E,4,E4,930,SCZ18,25.5,66231
7050,E,5,E5,5000ng lysate +ERK INHIBITOR,LYS_INH,25.5,86220
7050,E,5,E5,5000ng lysate +ERK INHIBITOR,LYS_INH,25.5,86220
7050,E,6,E6,RECOMBINANT ERK 0.5 nM,ERK_0.500nM,25.5,Inf
7050,E,6,E6,RECOMBINANT ERK 0.5 nM,ERK_0.500nM,25.5,Inf
7050,E,7,E7,223,CTL05,25.5,89642
7050,E,7,E7,223,CTL05,25.5,89642
7050,E,8,E8,22,SCZ02,25.5,Inf
7050,E,8,E8,22,SCZ02,25.5,Inf
7050,E,9,E9,329,SCZ10,25.5,Inf
7050,E,9,E9,329,SCZ10,25.5,Inf
7050,E,10,E10,930,SCZ18,25.5,71779
7050,E,10,E10,930,SCZ18,25.5,71779
7050,E,11,E11,5000ng lysate +ERK INHIBITOR,LYS_INH,25.5,87874
7050,E,11,E11,5000ng lysate +ERK INHIBITOR,LYS_INH,25.5,87874
7050,E,12,E12,RECOMBINANT ERK 0.5 nM,ERK_0.500nM,25.5,Inf
7050,E,12,E12,RECOMBINANT ERK 0.5 nM,ERK_0.500nM,25.5,Inf
7050,F,1,F1,524,CTL06,25.5,Inf
7050,F,1,F1,524,CTL06,25.5,Inf
7050,F,2,F2,29,SCZ03,25.5,Inf
7050,F,2,F2,29,SCZ03,25.5,Inf
7050,F,3,F3,446,SCZ11,25.5,Inf
7050,F,3,F3,446,SCZ11,25.5,Inf
7050,F,4,F4,931,SCZ19,25.5,77427
7050,F,4,F4,931,SCZ19,25.5,77427
7050,F,5,F5,"BLANK- Master Mix, no lysate",BLNK,25.5,85507
7050,F,5,F5,"BLANK- Master Mix, no lysate",BLNK,25.5,85507
7050,F,6,F6,RECOMBINANT ERK  0.25 nM,ERK_0.250nM,25.5,Inf
7050,F,6,F6,RECOMBINANT ERK  0.25 nM,ERK_0.250nM,25.5,Inf
7050,F,7,F7,524,CTL06,25.5,Inf
7050,F,7,F7,524,CTL06,25.5,Inf
7050,F,8,F8,29,SCZ03,25.5,Inf
7050,F,8,F8,29,SCZ03,25.5,Inf
7050,F,9,F9,446,SCZ11,25.5,69789
7050,F,9,F9,446,SCZ11,25.5,69789
7050,F,10,F10,931,SCZ19,25.5,79546
7050,F,10,F10,931,SCZ19,25.5,79546
7050,F,11,F11,"BLANK- Master Mix, no lysate",BLNK,25.5,85968
7050,F,11,F11,"BLANK- Master Mix, no lysate",BLNK,25.5,85968
7050,F,12,F12,RECOMBINANT ERK  0.25 nM,ERK_0.250nM,25.5,89494
7050,F,12,F12,RECOMBINANT ERK  0.25 nM,ERK_0.250nM,25.5,89494
7050,G,1,G1,661,CTL07,25.5,87427
7050,G,1,G1,661,CTL07,25.5,87427
7050,G,2,G2,69,SCZ04,25.5,92962
7050,G,2,G2,69,SCZ04,25.5,92962
7050,G,3,G3,510,SCZ12,25.5,Inf
7050,G,3,G3,510,SCZ12,25.5,Inf
7050,G,4,G4,932,SCZ20,25.5,75471
7050,G,4,G4,932,SCZ20,25.5,75471
7050,G,5,G5,"BLANK- Master Mix, lysate, no reporter",BLNK_LYS,25.5,22735
7050,G,5,G5,"BLANK- Master Mix, lysate, no reporter",BLNK_LYS,25.5,22735
7050,G,6,G6,RECOMBINANT ERK  0.125 nM,ERK_0.125nM,25.5,Inf
7050,G,6,G6,RECOMBINANT ERK  0.125 nM,ERK_0.125nM,25.5,Inf
7050,G,7,G7,661,CTL07,25.5,82115
7050,G,7,G7,661,CTL07,25.5,82115
7050,G,8,G8,69,SCZ04,25.5,91868
7050,G,8,G8,69,SCZ04,25.5,91868
7050,G,9,G9,510,SCZ12,25.5,Inf
7050,G,9,G9,510,SCZ12,25.5,Inf
7050,G,10,G10,932,SCZ20,25.5,74593
7050,G,10,G10,932,SCZ20,25.5,74593
7050,G,11,G11,"BLANK- Master Mix, lysate, no reporter",BLNK_LYS,25.5,24276
7050,G,11,G11,"BLANK- Master Mix, lysate, no reporter",BLNK_LYS,25.5,24276
7050,G,12,G12,RECOMBINANT ERK  0.125 nM,ERK_0.125nM,25.5,96402
7050,G,12,G12,RECOMBINANT ERK  0.125 nM,ERK_0.125nM,25.5,96402
7050,H,1,H1,689,CTL08,25.5,99856
7050,H,1,H1,689,CTL08,25.5,99856
7050,H,2,H2,94,SCZ05,25.5,82267
7050,H,2,H2,94,SCZ05,25.5,82267
7050,H,3,H3,547,SCZ13,25.5,85939
7050,H,3,H3,547,SCZ13,25.5,85939
7050,H,4,H4,326,LYS01,25.5,97774
7050,H,4,H4,326,LYS01,25.5,97774
7050,H,5,H5,NA,EMPTY,25.5,90103
7050,H,5,H5,NA,EMPTY,25.5,90103
7050,H,6,H6,RECOMBINANT ERK 2nM + ERK INHIBITOR,ERK_2.000nM_INH,25.5,26760
7050,H,6,H6,RECOMBINANT ERK 2nM + ERK INHIBITOR,ERK_2.000nM_INH,25.5,26760
7050,H,7,H7,689,CTL08,25.5,Inf
7050,H,7,H7,689,CTL08,25.5,Inf
7050,H,8,H8,94,SCZ05,25.5,29987
7050,H,8,H8,94,SCZ05,25.5,29987
7050,H,9,H9,547,SCZ13,25.5,94346
7050,H,9,H9,547,SCZ13,25.5,94346
7050,H,10,H10,326,LYS01,25.5,Inf
7050,H,10,H10,326,LYS01,25.5,Inf
7050,H,11,H11,NA,EMPTY,25.5,23458
7050,H,11,H11,NA,EMPTY,25.5,23458
7050,H,12,H12,RECOMBINANT ERK 2nM + ERK INHIBITOR,ERK_2.000nM_INH,25.5,Inf
7050,H,12,H12,RECOMBINANT ERK 2nM + ERK INHIBITOR,ERK_2.000nM_INH,25.5,Inf
7191,A,1,A1,46,CTL01,25.5,97773
7191,A,1,A1,46,CTL01,25.5,97773
7191,A,2,A2,720,CTL09,25.5,Inf
7191,A,2,A2,720,CTL09,25.5,Inf
7191,A,3,A3,225,SCZ06,25.5,84899
7191,A,3,A3,225,SCZ06,25.5,84899
7191,A,4,A4,552,SCZ14,25.5,93468
7191,A,4,A4,552,SCZ14,25.5,93468
7191,A,5,A5,328,LYS02,25.5,95542
7191,A,5,A5,328,LYS02,25.5,95542
7191,A,6,A6,RECOMBINANT ERK  2nM,ERK_2.000nM,25.5,Inf
7191,A,6,A6,RECOMBINANT ERK  2nM,ERK_2.000nM,25.5,Inf
7191,A,7,A7,46,CTL01,25.5,97740
7191,A,7,A7,46,CTL01,25.5,97740
7191,A,8,A8,720,CTL09,25.5,Inf
7191,A,8,A8,720,CTL09,25.5,Inf
7191,A,9,A9,225,SCZ06,25.5,93975
7191,A,9,A9,225,SCZ06,25.5,93975
7191,A,10,A10,552,SCZ14,25.5,85019
7191,A,10,A10,552,SCZ14,25.5,85019
7191,A,11,A11,328,LYS02,25.5,95744
7191,A,11,A11,328,LYS02,25.5,95744
7191,A,12,A12,RECOMBINANT ERK  2nM,ERK_2.000nM,25.5,Inf
7191,A,12,A12,RECOMBINANT ERK  2nM,ERK_2.000nM,25.5,Inf
7191,B,1,B1,116,CTL02,25.5,89198
7191,B,1,B1,116,CTL02,25.5,89198
7191,B,2,B2,859,CTL10,25.5,Inf
7191,B,2,B2,859,CTL10,25.5,Inf
7191,B,3,B3,235,SCZ07,25.5,Inf
7191,B,3,B3,235,SCZ07,25.5,Inf
7191,B,4,B4,565,SCZ15,25.5,89966
7191,B,4,B4,565,SCZ15,25.5,89966
7191,B,5,B5,335,LYS03,25.5,Inf
7191,B,5,B5,335,LYS03,25.5,Inf
7191,B,6,B6,RECOMBINANT ERK 1.5 nM,ERK_1.500nM,25.5,Inf
7191,B,6,B6,RECOMBINANT ERK 1.5 nM,ERK_1.500nM,25.5,Inf
7191,B,7,B7,116,CTL02,25.5,81371
7191,B,7,B7,116,CTL02,25.5,81371
7191,B,8,B8,859,CTL10,25.5,87391
7191,B,8,B8,859,CTL10,25.5,87391
7191,B,9,B9,235,SCZ07,25.5,96667
7191,B,9,B9,235,SCZ07,25.5,96667
7191,B,10,B10,565,SCZ15,25.5,90201
7191,B,10,B10,565,SCZ15,25.5,90201
7191,B,11,B11,335,LYS03,25.5,Inf
7191,B,11,B11,335,LYS03,25.5,Inf
7191,B,12,B12,RECOMBINANT ERK 1.5 nM,ERK_1.500nM,25.5,Inf
7191,B,12,B12,RECOMBINANT ERK 1.5 nM,ERK_1.500nM,25.5,Inf
7191,C,1,C1,167,CTL03,25.5,Inf
7191,C,1,C1,167,CTL03,25.5,Inf
7191,C,2,C2,874,CTL11,25.5,84863
7191,C,2,C2,874,CTL11,25.5,84863
7191,C,3,C3,262,SCZ08,25.5,Inf
7191,C,3,C3,262,SCZ08,25.5,Inf
7191,C,4,C4,737,SCZ16,25.5,91563
7191,C,4,C4,737,SCZ16,25.5,91563
7191,C,5,C5,907,LYS04,25.5,88417
7191,C,5,C5,907,LYS04,25.5,88417
7191,C,6,C6,RECOMBINANT ERK  1 nM,ERK_1.000nM,25.5,Inf
7191,C,6,C6,RECOMBINANT ERK  1 nM,ERK_1.000nM,25.5,Inf
7191,C,7,C7,167,CTL03,25.5,Inf
7191,C,7,C7,167,CTL03,25.5,Inf
7191,C,8,C8,874,CTL11,25.5,74341
7191,C,8,C8,874,CTL11,25.5,74341
7191,C,9,C9,262,SCZ08,25.5,91822
7191,C,9,C9,262,SCZ08,25.5,91822
7191,C,10,C10,737,SCZ16,25.5,86346
7191,C,10,C10,737,SCZ16,25.5,86346
7191,C,11,C11,907,LYS04,25.5,96548
7191,C,11,C11,907,LYS04,25.5,96548
7191,C,12,C12,RECOMBINANT ERK  1 nM,ERK_1.000nM,25.5,Inf
7191,C,12,C12,RECOMBINANT ERK  1 nM,ERK_1.000nM,25.5,Inf
7191,D,1,D1,195,CTL04,25.5,73208
7191,D,1,D1,195,CTL04,25.5,73208
7191,D,2,D2,11,SCZ01,25.5,94839
7191,D,2,D2,11,SCZ01,25.5,94839
7191,D,3,D3,291,SCZ09,25.5,86374
7191,D,3,D3,291,SCZ09,25.5,86374
7191,D,4,D4,802,SCZ17,25.5,61920
7191,D,4,D4,802,SCZ17,25.5,61920
7191,D,5,D5,5000ng lysate + HI,LYS_HI,25.5,88077
7191,D,5,D5,5000ng lysate + HI,LYS_HI,25.5,88077
7191,D,6,D6,RECOMBINANT ERK  0.75 nM,ERK_0.750nM,25.5,Inf
7191,D,6,D6,RECOMBINANT ERK  0.75 nM,ERK_0.750nM,25.5,Inf
7191,D,7,D7,195,CTL04,25.5,89707
7191,D,7,D7,195,CTL04,25.5,89707
7191,D,8,D8,11,SCZ01,25.5,86380
7191,D,8,D8,11,SCZ01,25.5,86380
7191,D,9,D9,291,SCZ09,25.5,80748
7191,D,9,D9,291,SCZ09,25.5,80748
7191,D,10,D10,802,SCZ17,25.5,81123
7191,D,10,D10,802,SCZ17,25.5,81123
7191,D,11,D11,5000ng lysate + HI,LYS_HI,25.5,92507
7191,D,11,D11,5000ng lysate + HI,LYS_HI,25.5,92507
7191,D,12,D12,RECOMBINANT ERK  0.75 nM,ERK_0.750nM,25.5,Inf
7191,D,12,D12,RECOMBINANT ERK  0.75 nM,ERK_0.750nM,25.5,Inf
7191,E,1,E1,223,CTL05,25.5,Inf
7191,E,1,E1,223,CTL05,25.5,Inf
7191,E,2,E2,22,SCZ02,25.5,Inf
7191,E,2,E2,22,SCZ02,25.5,Inf
7191,E,3,E3,329,SCZ10,25.5,Inf
7191,E,3,E3,329,SCZ10,25.5,Inf
7191,E,4,E4,930,SCZ18,25.5,67552
7191,E,4,E4,930,SCZ18,25.5,67552
7191,E,5,E5,5000ng lysate +ERK INHIBITOR,LYS_INH,25.5,86714
7191,E,5,E5,5000ng lysate +ERK INHIBITOR,LYS_INH,25.5,86714
7191,E,6,E6,RECOMBINANT ERK 0.5 nM,ERK_0.500nM,25.5,Inf
7191,E,6,E6,RECOMBINANT ERK 0.5 nM,ERK_0.500nM,25.5,Inf
7191,E,7,E7,223,CTL05,25.5,91218
7191,E,7,E7,223,CTL05,25.5,91218
7191,E,8,E8,22,SCZ02,25.5,Inf
7191,E,8,E8,22,SCZ02,25.5,Inf
7191,E,9,E9,329,SCZ10,25.5,Inf
7191,E,9,E9,329,SCZ10,25.5,Inf
7191,E,10,E10,930,SCZ18,25.5,71636
7191,E,10,E10,930,SCZ18,25.5,71636
7191,E,11,E11,5000ng lysate +ERK INHIBITOR,LYS_INH,25.5,87971
7191,E,11,E11,5000ng lysate +ERK INHIBITOR,LYS_INH,25.5,87971
7191,E,12,E12,RECOMBINANT ERK 0.5 nM,ERK_0.500nM,25.5,Inf
7191,E,12,E12,RECOMBINANT ERK 0.5 nM,ERK_0.500nM,25.5,Inf
7191,F,1,F1,524,CTL06,25.5,Inf
7191,F,1,F1,524,CTL06,25.5,Inf
7191,F,2,F2,29,SCZ03,25.5,Inf
7191,F,2,F2,29,SCZ03,25.5,Inf
7191,F,3,F3,446,SCZ11,25.5,Inf
7191,F,3,F3,446,SCZ11,25.5,Inf
7191,F,4,F4,931,SCZ19,25.5,77182
7191,F,4,F4,931,SCZ19,25.5,77182
7191,F,5,F5,"BLANK- Master Mix, no lysate",BLNK,25.5,85858
7191,F,5,F5,"BLANK- Master Mix, no lysate",BLNK,25.5,85858
7191,F,6,F6,RECOMBINANT ERK  0.25 nM,ERK_0.250nM,25.5,Inf
7191,F,6,F6,RECOMBINANT ERK  0.25 nM,ERK_0.250nM,25.5,Inf
7191,F,7,F7,524,CTL06,25.5,Inf
7191,F,7,F7,524,CTL06,25.5,Inf
7191,F,8,F8,29,SCZ03,25.5,Inf
7191,F,8,F8,29,SCZ03,25.5,Inf
7191,F,9,F9,446,SCZ11,25.5,69847
7191,F,9,F9,446,SCZ11,25.5,69847
7191,F,10,F10,931,SCZ19,25.5,79953
7191,F,10,F10,931,SCZ19,25.5,79953
7191,F,11,F11,"BLANK- Master Mix, no lysate",BLNK,25.5,86649
7191,F,11,F11,"BLANK- Master Mix, no lysate",BLNK,25.5,86649
7191,F,12,F12,RECOMBINANT ERK  0.25 nM,ERK_0.250nM,25.5,89123
7191,F,12,F12,RECOMBINANT ERK  0.25 nM,ERK_0.250nM,25.5,89123
7191,G,1,G1,661,CTL07,25.5,86791
7191,G,1,G1,661,CTL07,25.5,86791
7191,G,2,G2,69,SCZ04,25.5,94130
7191,G,2,G2,69,SCZ04,25.5,94130
7191,G,3,G3,510,SCZ12,25.5,Inf
7191,G,3,G3,510,SCZ12,25.5,Inf
7191,G,4,G4,932,SCZ20,25.5,75384
7191,G,4,G4,932,SCZ20,25.5,75384
7191,G,5,G5,"BLANK- Master Mix, lysate, no reporter",BLNK_LYS,25.5,22630
7191,G,5,G5,"BLANK- Master Mix, lysate, no reporter",BLNK_LYS,25.5,22630
7191,G,6,G6,RECOMBINANT ERK  0.125 nM,ERK_0.125nM,25.5,Inf
7191,G,6,G6,RECOMBINANT ERK  0.125 nM,ERK_0.125nM,25.5,Inf
7191,G,7,G7,661,CTL07,25.5,81749
7191,G,7,G7,661,CTL07,25.5,81749
7191,G,8,G8,69,SCZ04,25.5,91787
7191,G,8,G8,69,SCZ04,25.5,91787
7191,G,9,G9,510,SCZ12,25.5,Inf
7191,G,9,G9,510,SCZ12,25.5,Inf
7191,G,10,G10,932,SCZ20,25.5,74933
7191,G,10,G10,932,SCZ20,25.5,74933
7191,G,11,G11,"BLANK- Master Mix, lysate, no reporter",BLNK_LYS,25.5,24604
7191,G,11,G11,"BLANK- Master Mix, lysate, no reporter",BLNK_LYS,25.5,24604
7191,G,12,G12,RECOMBINANT ERK  0.125 nM,ERK_0.125nM,25.5,95982
7191,G,12,G12,RECOMBINANT ERK  0.125 nM,ERK_0.125nM,25.5,95982
7191,H,1,H1,689,CTL08,25.5,Inf
7191,H,1,H1,689,CTL08,25.5,Inf
7191,H,2,H2,94,SCZ05,25.5,82431
7191,H,2,H2,94,SCZ05,25.5,82431
7191,H,3,H3,547,SCZ13,25.5,85053
7191,H,3,H3,547,SCZ13,25.5,85053
7191,H,4,H4,326,LYS01,25.5,97792
7191,H,4,H4,326,LYS01,25.5,97792
7191,H,5,H5,NA,EMPTY,25.5,89378
7191,H,5,H5,NA,EMPTY,25.5,89378
7191,H,6,H6,RECOMBINANT ERK 2nM + ERK INHIBITOR,ERK_2.000nM_INH,25.5,26727
7191,H,6,H6,RECOMBINANT ERK 2nM + ERK INHIBITOR,ERK_2.000nM_INH,25.5,26727
7191,H,7,H7,689,CTL08,25.5,Inf
7191,H,7,H7,689,CTL08,25.5,Inf
7191,H,8,H8,94,SCZ05,25.5,30238
7191,H,8,H8,94,SCZ05,25.5,30238
7191,H,9,H9,547,SCZ13,25.5,94288
7191,H,9,H9,547,SCZ13,25.5,94288
7191,H,10,H10,326,LYS01,25.5,Inf
7191,H,10,H10,326,LYS01,25.5,Inf
7191,H,11,H11,NA,EMPTY,25.5,23605
7191,H,11,H11,NA,EMPTY,25.5,23605
7191,H,12,H12,RECOMBINANT ERK 2nM + ERK INHIBITOR,ERK_2.000nM_INH,25.5,Inf
7191,H,12,H12,RECOMBINANT ERK 2nM + ERK INHIBITOR,ERK_2.000nM_INH,25.5,Inf
7332,A,1,A1,46,CTL01,25.5,97729
7332,A,1,A1,46,CTL01,25.5,97729
7332,A,2,A2,720,CTL09,25.5,Inf
7332,A,2,A2,720,CTL09,25.5,Inf
7332,A,3,A3,225,SCZ06,25.5,85110
7332,A,3,A3,225,SCZ06,25.5,85110
7332,A,4,A4,552,SCZ14,25.5,92882
7332,A,4,A4,552,SCZ14,25.5,92882
7332,A,5,A5,328,LYS02,25.5,94971
7332,A,5,A5,328,LYS02,25.5,94971
7332,A,6,A6,RECOMBINANT ERK  2nM,ERK_2.000nM,25.5,Inf
7332,A,6,A6,RECOMBINANT ERK  2nM,ERK_2.000nM,25.5,Inf
7332,A,7,A7,46,CTL01,25.5,97660
7332,A,7,A7,46,CTL01,25.5,97660
7332,A,8,A8,720,CTL09,25.5,Inf
7332,A,8,A8,720,CTL09,25.5,Inf
7332,A,9,A9,225,SCZ06,25.5,94306
7332,A,9,A9,225,SCZ06,25.5,94306
7332,A,10,A10,552,SCZ14,25.5,85513
7332,A,10,A10,552,SCZ14,25.5,85513
7332,A,11,A11,328,LYS02,25.5,96307
7332,A,11,A11,328,LYS02,25.5,96307
7332,A,12,A12,RECOMBINANT ERK  2nM,ERK_2.000nM,25.5,Inf
7332,A,12,A12,RECOMBINANT ERK  2nM,ERK_2.000nM,25.5,Inf
7332,B,1,B1,116,CTL02,25.5,88456
7332,B,1,B1,116,CTL02,25.5,88456
7332,B,2,B2,859,CTL10,25.5,Inf
7332,B,2,B2,859,CTL10,25.5,Inf
7332,B,3,B3,235,SCZ07,25.5,Inf
7332,B,3,B3,235,SCZ07,25.5,Inf
7332,B,4,B4,565,SCZ15,25.5,89456
7332,B,4,B4,565,SCZ15,25.5,89456
7332,B,5,B5,335,LYS03,25.5,Inf
7332,B,5,B5,335,LYS03,25.5,Inf
7332,B,6,B6,RECOMBINANT ERK 1.5 nM,ERK_1.500nM,25.5,Inf
7332,B,6,B6,RECOMBINANT ERK 1.5 nM,ERK_1.500nM,25.5,Inf
7332,B,7,B7,116,CTL02,25.5,80910
7332,B,7,B7,116,CTL02,25.5,80910
7332,B,8,B8,859,CTL10,25.5,88178
7332,B,8,B8,859,CTL10,25.5,88178
7332,B,9,B9,235,SCZ07,25.5,96866
7332,B,9,B9,235,SCZ07,25.5,96866
7332,B,10,B10,565,SCZ15,25.5,90891
7332,B,10,B10,565,SCZ15,25.5,90891
7332,B,11,B11,335,LYS03,25.5,Inf
7332,B,11,B11,335,LYS03,25.5,Inf
7332,B,12,B12,RECOMBINANT ERK 1.5 nM,ERK_1.500nM,25.5,Inf
7332,B,12,B12,RECOMBINANT ERK 1.5 nM,ERK_1.500nM,25.5,Inf
7332,C,1,C1,167,CTL03,25.5,Inf
7332,C,1,C1,167,CTL03,25.5,Inf
7332,C,2,C2,874,CTL11,25.5,84797
7332,C,2,C2,874,CTL11,25.5,84797
7332,C,3,C3,262,SCZ08,25.5,Inf
7332,C,3,C3,262,SCZ08,25.5,Inf
7332,C,4,C4,737,SCZ16,25.5,91525
7332,C,4,C4,737,SCZ16,25.5,91525
7332,C,5,C5,907,LYS04,25.5,88694
7332,C,5,C5,907,LYS04,25.5,88694
7332,C,6,C6,RECOMBINANT ERK  1 nM,ERK_1.000nM,25.5,Inf
7332,C,6,C6,RECOMBINANT ERK  1 nM,ERK_1.000nM,25.5,Inf
7332,C,7,C7,167,CTL03,25.5,Inf
7332,C,7,C7,167,CTL03,25.5,Inf
7332,C,8,C8,874,CTL11,25.5,74258
7332,C,8,C8,874,CTL11,25.5,74258
7332,C,9,C9,262,SCZ08,25.5,92479
7332,C,9,C9,262,SCZ08,25.5,92479
7332,C,10,C10,737,SCZ16,25.5,86239
7332,C,10,C10,737,SCZ16,25.5,86239
7332,C,11,C11,907,LYS04,25.5,97254
7332,C,11,C11,907,LYS04,25.5,97254
7332,C,12,C12,RECOMBINANT ERK  1 nM,ERK_1.000nM,25.5,Inf
7332,C,12,C12,RECOMBINANT ERK  1 nM,ERK_1.000nM,25.5,Inf
7332,D,1,D1,195,CTL04,25.5,72879
7332,D,1,D1,195,CTL04,25.5,72879
7332,D,2,D2,11,SCZ01,25.5,94451
7332,D,2,D2,11,SCZ01,25.5,94451
7332,D,3,D3,291,SCZ09,25.5,86236
7332,D,3,D3,291,SCZ09,25.5,86236
7332,D,4,D4,802,SCZ17,25.5,62133
7332,D,4,D4,802,SCZ17,25.5,62133
7332,D,5,D5,5000ng lysate + HI,LYS_HI,25.5,88961
7332,D,5,D5,5000ng lysate + HI,LYS_HI,25.5,88961
7332,D,6,D6,RECOMBINANT ERK  0.75 nM,ERK_0.750nM,25.5,Inf
7332,D,6,D6,RECOMBINANT ERK  0.75 nM,ERK_0.750nM,25.5,Inf
7332,D,7,D7,195,CTL04,25.5,89947
7332,D,7,D7,195,CTL04,25.5,89947
7332,D,8,D8,11,SCZ01,25.5,86998
7332,D,8,D8,11,SCZ01,25.5,86998
7332,D,9,D9,291,SCZ09,25.5,80232
7332,D,9,D9,291,SCZ09,25.5,80232
7332,D,10,D10,802,SCZ17,25.5,81821
7332,D,10,D10,802,SCZ17,25.5,81821
7332,D,11,D11,5000ng lysate + HI,LYS_HI,25.5,92364
7332,D,11,D11,5000ng lysate + HI,LYS_HI,25.5,92364
7332,D,12,D12,RECOMBINANT ERK  0.75 nM,ERK_0.750nM,25.5,Inf
7332,D,12,D12,RECOMBINANT ERK  0.75 nM,ERK_0.750nM,25.5,Inf
7332,E,1,E1,223,CTL05,25.5,Inf
7332,E,1,E1,223,CTL05,25.5,Inf
7332,E,2,E2,22,SCZ02,25.5,Inf
7332,E,2,E2,22,SCZ02,25.5,Inf
7332,E,3,E3,329,SCZ10,25.5,99637
7332,E,3,E3,329,SCZ10,25.5,99637
7332,E,4,E4,930,SCZ18,25.5,66822
7332,E,4,E4,930,SCZ18,25.5,66822
7332,E,5,E5,5000ng lysate +ERK INHIBITOR,LYS_INH,25.5,86860
7332,E,5,E5,5000ng lysate +ERK INHIBITOR,LYS_INH,25.5,86860
7332,E,6,E6,RECOMBINANT ERK 0.5 nM,ERK_0.500nM,25.5,Inf
7332,E,6,E6,RECOMBINANT ERK 0.5 nM,ERK_0.500nM,25.5,Inf
7332,E,7,E7,223,CTL05,25.5,90557
7332,E,7,E7,223,CTL05,25.5,90557
7332,E,8,E8,22,SCZ02,25.5,Inf
7332,E,8,E8,22,SCZ02,25.5,Inf
7332,E,9,E9,329,SCZ10,25.5,Inf
7332,E,9,E9,329,SCZ10,25.5,Inf
7332,E,10,E10,930,SCZ18,25.5,72683
7332,E,10,E10,930,SCZ18,25.5,72683
7332,E,11,E11,5000ng lysate +ERK INHIBITOR,LYS_INH,25.5,88456
7332,E,11,E11,5000ng lysate +ERK INHIBITOR,LYS_INH,25.5,88456
7332,E,12,E12,RECOMBINANT ERK 0.5 nM,ERK_0.500nM,25.5,Inf
7332,E,12,E12,RECOMBINANT ERK 0.5 nM,ERK_0.500nM,25.5,Inf
7332,F,1,F1,524,CTL06,25.5,Inf
7332,F,1,F1,524,CTL06,25.5,Inf
7332,F,2,F2,29,SCZ03,25.5,Inf
7332,F,2,F2,29,SCZ03,25.5,Inf
7332,F,3,F3,446,SCZ11,25.5,Inf
7332,F,3,F3,446,SCZ11,25.5,Inf
7332,F,4,F4,931,SCZ19,25.5,78278
7332,F,4,F4,931,SCZ19,25.5,78278
7332,F,5,F5,"BLANK- Master Mix, no lysate",BLNK,25.5,86041
7332,F,5,F5,"BLANK- Master Mix, no lysate",BLNK,25.5,86041
7332,F,6,F6,RECOMBINANT ERK  0.25 nM,ERK_0.250nM,25.5,Inf
7332,F,6,F6,RECOMBINANT ERK  0.25 nM,ERK_0.250nM,25.5,Inf
7332,F,7,F7,524,CTL06,25.5,Inf
7332,F,7,F7,524,CTL06,25.5,Inf
7332,F,8,F8,29,SCZ03,25.5,Inf
7332,F,8,F8,29,SCZ03,25.5,Inf
7332,F,9,F9,446,SCZ11,25.5,70193
7332,F,9,F9,446,SCZ11,25.5,70193
7332,F,10,F10,931,SCZ19,25.5,79953
7332,F,10,F10,931,SCZ19,25.5,79953
7332,F,11,F11,"BLANK- Master Mix, no lysate",BLNK,25.5,86386
7332,F,11,F11,"BLANK- Master Mix, no lysate",BLNK,25.5,86386
7332,F,12,F12,RECOMBINANT ERK  0.25 nM,ERK_0.250nM,25.5,90207
7332,F,12,F12,RECOMBINANT ERK  0.25 nM,ERK_0.250nM,25.5,90207
7332,G,1,G1,661,CTL07,25.5,86467
7332,G,1,G1,661,CTL07,25.5,86467
7332,G,2,G2,69,SCZ04,25.5,94752
7332,G,2,G2,69,SCZ04,25.5,94752
7332,G,3,G3,510,SCZ12,25.5,Inf
7332,G,3,G3,510,SCZ12,25.5,Inf
7332,G,4,G4,932,SCZ20,25.5,76169
7332,G,4,G4,932,SCZ20,25.5,76169
7332,G,5,G5,"BLANK- Master Mix, lysate, no reporter",BLNK_LYS,25.5,22927
7332,G,5,G5,"BLANK- Master Mix, lysate, no reporter",BLNK_LYS,25.5,22927
7332,G,6,G6,RECOMBINANT ERK  0.125 nM,ERK_0.125nM,25.5,Inf
7332,G,6,G6,RECOMBINANT ERK  0.125 nM,ERK_0.125nM,25.5,Inf
7332,G,7,G7,661,CTL07,25.5,81924
7332,G,7,G7,661,CTL07,25.5,81924
7332,G,8,G8,69,SCZ04,25.5,92525
7332,G,8,G8,69,SCZ04,25.5,92525
7332,G,9,G9,510,SCZ12,25.5,Inf
7332,G,9,G9,510,SCZ12,25.5,Inf
7332,G,10,G10,932,SCZ20,25.5,75066
7332,G,10,G10,932,SCZ20,25.5,75066
7332,G,11,G11,"BLANK- Master Mix, lysate, no reporter",BLNK_LYS,25.5,24467
7332,G,11,G11,"BLANK- Master Mix, lysate, no reporter",BLNK_LYS,25.5,24467
7332,G,12,G12,RECOMBINANT ERK  0.125 nM,ERK_0.125nM,25.5,96697
7332,G,12,G12,RECOMBINANT ERK  0.125 nM,ERK_0.125nM,25.5,96697
7332,H,1,H1,689,CTL08,25.5,Inf
7332,H,1,H1,689,CTL08,25.5,Inf
7332,H,2,H2,94,SCZ05,25.5,82577
7332,H,2,H2,94,SCZ05,25.5,82577
7332,H,3,H3,547,SCZ13,25.5,85224
7332,H,3,H3,547,SCZ13,25.5,85224
7332,H,4,H4,326,LYS01,25.5,99199
7332,H,4,H4,326,LYS01,25.5,99199
7332,H,5,H5,NA,EMPTY,25.5,89931
7332,H,5,H5,NA,EMPTY,25.5,89931
7332,H,6,H6,RECOMBINANT ERK 2nM + ERK INHIBITOR,ERK_2.000nM_INH,25.5,26696
7332,H,6,H6,RECOMBINANT ERK 2nM + ERK INHIBITOR,ERK_2.000nM_INH,25.5,26696
7332,H,7,H7,689,CTL08,25.5,Inf
7332,H,7,H7,689,CTL08,25.5,Inf
7332,H,8,H8,94,SCZ05,25.5,30211
7332,H,8,H8,94,SCZ05,25.5,30211
7332,H,9,H9,547,SCZ13,25.5,94290
7332,H,9,H9,547,SCZ13,25.5,94290
7332,H,10,H10,326,LYS01,25.5,Inf
7332,H,10,H10,326,LYS01,25.5,Inf
7332,H,11,H11,NA,EMPTY,25.5,23228
7332,H,11,H11,NA,EMPTY,25.5,23228
7332,H,12,H12,RECOMBINANT ERK 2nM + ERK INHIBITOR,ERK_2.000nM_INH,25.5,Inf
7332,H,12,H12,RECOMBINANT ERK 2nM + ERK INHIBITOR,ERK_2.000nM_INH,25.5,Inf
7473,A,1,A1,46,CTL01,25.5,98040
7473,A,1,A1,46,CTL01,25.5,98040
7473,A,2,A2,720,CTL09,25.5,Inf
7473,A,2,A2,720,CTL09,25.5,Inf
7473,A,3,A3,225,SCZ06,25.5,85140
7473,A,3,A3,225,SCZ06,25.5,85140
7473,A,4,A4,552,SCZ14,25.5,93293
7473,A,4,A4,552,SCZ14,25.5,93293
7473,A,5,A5,328,LYS02,25.5,95326
7473,A,5,A5,328,LYS02,25.5,95326
7473,A,6,A6,RECOMBINANT ERK  2nM,ERK_2.000nM,25.5,Inf
7473,A,6,A6,RECOMBINANT ERK  2nM,ERK_2.000nM,25.5,Inf
7473,A,7,A7,46,CTL01,25.5,96943
7473,A,7,A7,46,CTL01,25.5,96943
7473,A,8,A8,720,CTL09,25.5,Inf
7473,A,8,A8,720,CTL09,25.5,Inf
7473,A,9,A9,225,SCZ06,25.5,95376
7473,A,9,A9,225,SCZ06,25.5,95376
7473,A,10,A10,552,SCZ14,25.5,84811
7473,A,10,A10,552,SCZ14,25.5,84811
7473,A,11,A11,328,LYS02,25.5,96536
7473,A,11,A11,328,LYS02,25.5,96536
7473,A,12,A12,RECOMBINANT ERK  2nM,ERK_2.000nM,25.5,Inf
7473,A,12,A12,RECOMBINANT ERK  2nM,ERK_2.000nM,25.5,Inf
7473,B,1,B1,116,CTL02,25.5,89335
7473,B,1,B1,116,CTL02,25.5,89335
7473,B,2,B2,859,CTL10,25.5,Inf
7473,B,2,B2,859,CTL10,25.5,Inf
7473,B,3,B3,235,SCZ07,25.5,Inf
7473,B,3,B3,235,SCZ07,25.5,Inf
7473,B,4,B4,565,SCZ15,25.5,89617
7473,B,4,B4,565,SCZ15,25.5,89617
7473,B,5,B5,335,LYS03,25.5,Inf
7473,B,5,B5,335,LYS03,25.5,Inf
7473,B,6,B6,RECOMBINANT ERK 1.5 nM,ERK_1.500nM,25.5,Inf
7473,B,6,B6,RECOMBINANT ERK 1.5 nM,ERK_1.500nM,25.5,Inf
7473,B,7,B7,116,CTL02,25.5,81546
7473,B,7,B7,116,CTL02,25.5,81546
7473,B,8,B8,859,CTL10,25.5,88112
7473,B,8,B8,859,CTL10,25.5,88112
7473,B,9,B9,235,SCZ07,25.5,96757
7473,B,9,B9,235,SCZ07,25.5,96757
7473,B,10,B10,565,SCZ15,25.5,90623
7473,B,10,B10,565,SCZ15,25.5,90623
7473,B,11,B11,335,LYS03,25.5,Inf
7473,B,11,B11,335,LYS03,25.5,Inf
7473,B,12,B12,RECOMBINANT ERK 1.5 nM,ERK_1.500nM,25.5,Inf
7473,B,12,B12,RECOMBINANT ERK 1.5 nM,ERK_1.500nM,25.5,Inf
7473,C,1,C1,167,CTL03,25.5,Inf
7473,C,1,C1,167,CTL03,25.5,Inf
7473,C,2,C2,874,CTL11,25.5,85191
7473,C,2,C2,874,CTL11,25.5,85191
7473,C,3,C3,262,SCZ08,25.5,Inf
7473,C,3,C3,262,SCZ08,25.5,Inf
7473,C,4,C4,737,SCZ16,25.5,91488
7473,C,4,C4,737,SCZ16,25.5,91488
7473,C,5,C5,907,LYS04,25.5,89007
7473,C,5,C5,907,LYS04,25.5,89007
7473,C,6,C6,RECOMBINANT ERK  1 nM,ERK_1.000nM,25.5,Inf
7473,C,6,C6,RECOMBINANT ERK  1 nM,ERK_1.000nM,25.5,Inf
7473,C,7,C7,167,CTL03,25.5,Inf
7473,C,7,C7,167,CTL03,25.5,Inf
7473,C,8,C8,874,CTL11,25.5,74474
7473,C,8,C8,874,CTL11,25.5,74474
7473,C,9,C9,262,SCZ08,25.5,92526
7473,C,9,C9,262,SCZ08,25.5,92526
7473,C,10,C10,737,SCZ16,25.5,86128
7473,C,10,C10,737,SCZ16,25.5,86128
7473,C,11,C11,907,LYS04,25.5,96968
7473,C,11,C11,907,LYS04,25.5,96968
7473,C,12,C12,RECOMBINANT ERK  1 nM,ERK_1.000nM,25.5,Inf
7473,C,12,C12,RECOMBINANT ERK  1 nM,ERK_1.000nM,25.5,Inf
7473,D,1,D1,195,CTL04,25.5,73078
7473,D,1,D1,195,CTL04,25.5,73078
7473,D,2,D2,11,SCZ01,25.5,95135
7473,D,2,D2,11,SCZ01,25.5,95135
7473,D,3,D3,291,SCZ09,25.5,86995
7473,D,3,D3,291,SCZ09,25.5,86995
7473,D,4,D4,802,SCZ17,25.5,61912
7473,D,4,D4,802,SCZ17,25.5,61912
7473,D,5,D5,5000ng lysate + HI,LYS_HI,25.5,89047
7473,D,5,D5,5000ng lysate + HI,LYS_HI,25.5,89047
7473,D,6,D6,RECOMBINANT ERK  0.75 nM,ERK_0.750nM,25.5,Inf
7473,D,6,D6,RECOMBINANT ERK  0.75 nM,ERK_0.750nM,25.5,Inf
7473,D,7,D7,195,CTL04,25.5,90549
7473,D,7,D7,195,CTL04,25.5,90549
7473,D,8,D8,11,SCZ01,25.5,86707
7473,D,8,D8,11,SCZ01,25.5,86707
7473,D,9,D9,291,SCZ09,25.5,80803
7473,D,9,D9,291,SCZ09,25.5,80803
7473,D,10,D10,802,SCZ17,25.5,80599
7473,D,10,D10,802,SCZ17,25.5,80599
7473,D,11,D11,5000ng lysate + HI,LYS_HI,25.5,92075
7473,D,11,D11,5000ng lysate + HI,LYS_HI,25.5,92075
7473,D,12,D12,RECOMBINANT ERK  0.75 nM,ERK_0.750nM,25.5,Inf
7473,D,12,D12,RECOMBINANT ERK  0.75 nM,ERK_0.750nM,25.5,Inf
7473,E,1,E1,223,CTL05,25.5,Inf
7473,E,1,E1,223,CTL05,25.5,Inf
7473,E,2,E2,22,SCZ02,25.5,Inf
7473,E,2,E2,22,SCZ02,25.5,Inf
7473,E,3,E3,329,SCZ10,25.5,Inf
7473,E,3,E3,329,SCZ10,25.5,Inf
7473,E,4,E4,930,SCZ18,25.5,67295
7473,E,4,E4,930,SCZ18,25.5,67295
7473,E,5,E5,5000ng lysate +ERK INHIBITOR,LYS_INH,25.5,86856
7473,E,5,E5,5000ng lysate +ERK INHIBITOR,LYS_INH,25.5,86856
7473,E,6,E6,RECOMBINANT ERK 0.5 nM,ERK_0.500nM,25.5,Inf
7473,E,6,E6,RECOMBINANT ERK 0.5 nM,ERK_0.500nM,25.5,Inf
7473,E,7,E7,223,CTL05,25.5,91455
7473,E,7,E7,223,CTL05,25.5,91455
7473,E,8,E8,22,SCZ02,25.5,Inf
7473,E,8,E8,22,SCZ02,25.5,Inf
7473,E,9,E9,329,SCZ10,25.5,Inf
7473,E,9,E9,329,SCZ10,25.5,Inf
7473,E,10,E10,930,SCZ18,25.5,72799
7473,E,10,E10,930,SCZ18,25.5,72799
7473,E,11,E11,5000ng lysate +ERK INHIBITOR,LYS_INH,25.5,88207
7473,E,11,E11,5000ng lysate +ERK INHIBITOR,LYS_INH,25.5,88207
7473,E,12,E12,RECOMBINANT ERK 0.5 nM,ERK_0.500nM,25.5,Inf
7473,E,12,E12,RECOMBINANT ERK 0.5 nM,ERK_0.500nM,25.5,Inf
7473,F,1,F1,524,CTL06,25.5,Inf
7473,F,1,F1,524,CTL06,25.5,Inf
7473,F,2,F2,29,SCZ03,25.5,Inf
7473,F,2,F2,29,SCZ03,25.5,Inf
7473,F,3,F3,446,SCZ11,25.5,Inf
7473,F,3,F3,446,SCZ11,25.5,Inf
7473,F,4,F4,931,SCZ19,25.5,78395
7473,F,4,F4,931,SCZ19,25.5,78395
7473,F,5,F5,"BLANK- Master Mix, no lysate",BLNK,25.5,86293
7473,F,5,F5,"BLANK- Master Mix, no lysate",BLNK,25.5,86293
7473,F,6,F6,RECOMBINANT ERK  0.25 nM,ERK_0.250nM,25.5,Inf
7473,F,6,F6,RECOMBINANT ERK  0.25 nM,ERK_0.250nM,25.5,Inf
7473,F,7,F7,524,CTL06,25.5,Inf
7473,F,7,F7,524,CTL06,25.5,Inf
7473,F,8,F8,29,SCZ03,25.5,Inf
7473,F,8,F8,29,SCZ03,25.5,Inf
7473,F,9,F9,446,SCZ11,25.5,70733
7473,F,9,F9,446,SCZ11,25.5,70733
7473,F,10,F10,931,SCZ19,25.5,80619
7473,F,10,F10,931,SCZ19,25.5,80619
7473,F,11,F11,"BLANK- Master Mix, no lysate",BLNK,25.5,86206
7473,F,11,F11,"BLANK- Master Mix, no lysate",BLNK,25.5,86206
7473,F,12,F12,RECOMBINANT ERK  0.25 nM,ERK_0.250nM,25.5,90543
7473,F,12,F12,RECOMBINANT ERK  0.25 nM,ERK_0.250nM,25.5,90543
7473,G,1,G1,661,CTL07,25.5,86935
7473,G,1,G1,661,CTL07,25.5,86935
7473,G,2,G2,69,SCZ04,25.5,94895
7473,G,2,G2,69,SCZ04,25.5,94895
7473,G,3,G3,510,SCZ12,25.5,Inf
7473,G,3,G3,510,SCZ12,25.5,Inf
7473,G,4,G4,932,SCZ20,25.5,76446
7473,G,4,G4,932,SCZ20,25.5,76446
7473,G,5,G5,"BLANK- Master Mix, lysate, no reporter",BLNK_LYS,25.5,22989
7473,G,5,G5,"BLANK- Master Mix, lysate, no reporter",BLNK_LYS,25.5,22989
7473,G,6,G6,RECOMBINANT ERK  0.125 nM,ERK_0.125nM,25.5,Inf
7473,G,6,G6,RECOMBINANT ERK  0.125 nM,ERK_0.125nM,25.5,Inf
7473,G,7,G7,661,CTL07,25.5,81739
7473,G,7,G7,661,CTL07,25.5,81739
7473,G,8,G8,69,SCZ04,25.5,93096
7473,G,8,G8,69,SCZ04,25.5,93096
7473,G,9,G9,510,SCZ12,25.5,Inf
7473,G,9,G9,510,SCZ12,25.5,Inf
7473,G,10,G10,932,SCZ20,25.5,75827
7473,G,10,G10,932,SCZ20,25.5,75827
7473,G,11,G11,"BLANK- Master Mix, lysate, no reporter",BLNK_LYS,25.5,24605
7473,G,11,G11,"BLANK- Master Mix, lysate, no reporter",BLNK_LYS,25.5,24605
7473,G,12,G12,RECOMBINANT ERK  0.125 nM,ERK_0.125nM,25.5,97109
7473,G,12,G12,RECOMBINANT ERK  0.125 nM,ERK_0.125nM,25.5,97109
7473,H,1,H1,689,CTL08,25.5,Inf
7473,H,1,H1,689,CTL08,25.5,Inf
7473,H,2,H2,94,SCZ05,25.5,83701
7473,H,2,H2,94,SCZ05,25.5,83701
7473,H,3,H3,547,SCZ13,25.5,85350
7473,H,3,H3,547,SCZ13,25.5,85350
7473,H,4,H4,326,LYS01,25.5,99720
7473,H,4,H4,326,LYS01,25.5,99720
7473,H,5,H5,NA,EMPTY,25.5,90572
7473,H,5,H5,NA,EMPTY,25.5,90572
7473,H,6,H6,RECOMBINANT ERK 2nM + ERK INHIBITOR,ERK_2.000nM_INH,25.5,26678
7473,H,6,H6,RECOMBINANT ERK 2nM + ERK INHIBITOR,ERK_2.000nM_INH,25.5,26678
7473,H,7,H7,689,CTL08,25.5,Inf
7473,H,7,H7,689,CTL08,25.5,Inf
7473,H,8,H8,94,SCZ05,25.5,30115
7473,H,8,H8,94,SCZ05,25.5,30115
7473,H,9,H9,547,SCZ13,25.5,94502
7473,H,9,H9,547,SCZ13,25.5,94502
7473,H,10,H10,326,LYS01,25.5,Inf
7473,H,10,H10,326,LYS01,25.5,Inf
7473,H,11,H11,NA,EMPTY,25.5,23459
7473,H,11,H11,NA,EMPTY,25.5,23459
7473,H,12,H12,RECOMBINANT ERK 2nM + ERK INHIBITOR,ERK_2.000nM_INH,25.5,Inf
7473,H,12,H12,RECOMBINANT ERK 2nM + ERK INHIBITOR,ERK_2.000nM_INH,25.5,Inf
7614,A,1,A1,46,CTL01,25.5,97971
7614,A,1,A1,46,CTL01,25.5,97971
7614,A,2,A2,720,CTL09,25.5,Inf
7614,A,2,A2,720,CTL09,25.5,Inf
7614,A,3,A3,225,SCZ06,25.5,84704
7614,A,3,A3,225,SCZ06,25.5,84704
7614,A,4,A4,552,SCZ14,25.5,93242
7614,A,4,A4,552,SCZ14,25.5,93242
7614,A,5,A5,328,LYS02,25.5,96013
7614,A,5,A5,328,LYS02,25.5,96013
7614,A,6,A6,RECOMBINANT ERK  2nM,ERK_2.000nM,25.5,Inf
7614,A,6,A6,RECOMBINANT ERK  2nM,ERK_2.000nM,25.5,Inf
7614,A,7,A7,46,CTL01,25.5,97168
7614,A,7,A7,46,CTL01,25.5,97168
7614,A,8,A8,720,CTL09,25.5,Inf
7614,A,8,A8,720,CTL09,25.5,Inf
7614,A,9,A9,225,SCZ06,25.5,94923
7614,A,9,A9,225,SCZ06,25.5,94923
7614,A,10,A10,552,SCZ14,25.5,85440
7614,A,10,A10,552,SCZ14,25.5,85440
7614,A,11,A11,328,LYS02,25.5,96231
7614,A,11,A11,328,LYS02,25.5,96231
7614,A,12,A12,RECOMBINANT ERK  2nM,ERK_2.000nM,25.5,Inf
7614,A,12,A12,RECOMBINANT ERK  2nM,ERK_2.000nM,25.5,Inf
7614,B,1,B1,116,CTL02,25.5,89100
7614,B,1,B1,116,CTL02,25.5,89100
7614,B,2,B2,859,CTL10,25.5,Inf
7614,B,2,B2,859,CTL10,25.5,Inf
7614,B,3,B3,235,SCZ07,25.5,Inf
7614,B,3,B3,235,SCZ07,25.5,Inf
7614,B,4,B4,565,SCZ15,25.5,89764
7614,B,4,B4,565,SCZ15,25.5,89764
7614,B,5,B5,335,LYS03,25.5,Inf
7614,B,5,B5,335,LYS03,25.5,Inf
7614,B,6,B6,RECOMBINANT ERK 1.5 nM,ERK_1.500nM,25.5,Inf
7614,B,6,B6,RECOMBINANT ERK 1.5 nM,ERK_1.500nM,25.5,Inf
7614,B,7,B7,116,CTL02,25.5,81531
7614,B,7,B7,116,CTL02,25.5,81531
7614,B,8,B8,859,CTL10,25.5,89404
7614,B,8,B8,859,CTL10,25.5,89404
7614,B,9,B9,235,SCZ07,25.5,97278
7614,B,9,B9,235,SCZ07,25.5,97278
7614,B,10,B10,565,SCZ15,25.5,90749
7614,B,10,B10,565,SCZ15,25.5,90749
7614,B,11,B11,335,LYS03,25.5,Inf
7614,B,11,B11,335,LYS03,25.5,Inf
7614,B,12,B12,RECOMBINANT ERK 1.5 nM,ERK_1.500nM,25.5,Inf
7614,B,12,B12,RECOMBINANT ERK 1.5 nM,ERK_1.500nM,25.5,Inf
7614,C,1,C1,167,CTL03,25.5,Inf
7614,C,1,C1,167,CTL03,25.5,Inf
7614,C,2,C2,874,CTL11,25.5,85161
7614,C,2,C2,874,CTL11,25.5,85161
7614,C,3,C3,262,SCZ08,25.5,Inf
7614,C,3,C3,262,SCZ08,25.5,Inf
7614,C,4,C4,737,SCZ16,25.5,91234
7614,C,4,C4,737,SCZ16,25.5,91234
7614,C,5,C5,907,LYS04,25.5,89698
7614,C,5,C5,907,LYS04,25.5,89698
7614,C,6,C6,RECOMBINANT ERK  1 nM,ERK_1.000nM,25.5,Inf
7614,C,6,C6,RECOMBINANT ERK  1 nM,ERK_1.000nM,25.5,Inf
7614,C,7,C7,167,CTL03,25.5,Inf
7614,C,7,C7,167,CTL03,25.5,Inf
7614,C,8,C8,874,CTL11,25.5,75188
7614,C,8,C8,874,CTL11,25.5,75188
7614,C,9,C9,262,SCZ08,25.5,93219
7614,C,9,C9,262,SCZ08,25.5,93219
7614,C,10,C10,737,SCZ16,25.5,86205
7614,C,10,C10,737,SCZ16,25.5,86205
7614,C,11,C11,907,LYS04,25.5,98544
7614,C,11,C11,907,LYS04,25.5,98544
7614,C,12,C12,RECOMBINANT ERK  1 nM,ERK_1.000nM,25.5,Inf
7614,C,12,C12,RECOMBINANT ERK  1 nM,ERK_1.000nM,25.5,Inf
7614,D,1,D1,195,CTL04,25.5,73203
7614,D,1,D1,195,CTL04,25.5,73203
7614,D,2,D2,11,SCZ01,25.5,94536
7614,D,2,D2,11,SCZ01,25.5,94536
7614,D,3,D3,291,SCZ09,25.5,86406
7614,D,3,D3,291,SCZ09,25.5,86406
7614,D,4,D4,802,SCZ17,25.5,62408
7614,D,4,D4,802,SCZ17,25.5,62408
7614,D,5,D5,5000ng lysate + HI,LYS_HI,25.5,88351
7614,D,5,D5,5000ng lysate + HI,LYS_HI,25.5,88351
7614,D,6,D6,RECOMBINANT ERK  0.75 nM,ERK_0.750nM,25.5,Inf
7614,D,6,D6,RECOMBINANT ERK  0.75 nM,ERK_0.750nM,25.5,Inf
7614,D,7,D7,195,CTL04,25.5,89907
7614,D,7,D7,195,CTL04,25.5,89907
7614,D,8,D8,11,SCZ01,25.5,86257
7614,D,8,D8,11,SCZ01,25.5,86257
7614,D,9,D9,291,SCZ09,25.5,80167
7614,D,9,D9,291,SCZ09,25.5,80167
7614,D,10,D10,802,SCZ17,25.5,80662
7614,D,10,D10,802,SCZ17,25.5,80662
7614,D,11,D11,5000ng lysate + HI,LYS_HI,25.5,91849
7614,D,11,D11,5000ng lysate + HI,LYS_HI,25.5,91849
7614,D,12,D12,RECOMBINANT ERK  0.75 nM,ERK_0.750nM,25.5,Inf
7614,D,12,D12,RECOMBINANT ERK  0.75 nM,ERK_0.750nM,25.5,Inf
7614,E,1,E1,223,CTL05,25.5,Inf
7614,E,1,E1,223,CTL05,25.5,Inf
7614,E,2,E2,22,SCZ02,25.5,Inf
7614,E,2,E2,22,SCZ02,25.5,Inf
7614,E,3,E3,329,SCZ10,25.5,Inf
7614,E,3,E3,329,SCZ10,25.5,Inf
7614,E,4,E4,930,SCZ18,25.5,67743
7614,E,4,E4,930,SCZ18,25.5,67743
7614,E,5,E5,5000ng lysate +ERK INHIBITOR,LYS_INH,25.5,86776
7614,E,5,E5,5000ng lysate +ERK INHIBITOR,LYS_INH,25.5,86776
7614,E,6,E6,RECOMBINANT ERK 0.5 nM,ERK_0.500nM,25.5,Inf
7614,E,6,E6,RECOMBINANT ERK 0.5 nM,ERK_0.500nM,25.5,Inf
7614,E,7,E7,223,CTL05,25.5,92441
7614,E,7,E7,223,CTL05,25.5,92441
7614,E,8,E8,22,SCZ02,25.5,Inf
7614,E,8,E8,22,SCZ02,25.5,Inf
7614,E,9,E9,329,SCZ10,25.5,Inf
7614,E,9,E9,329,SCZ10,25.5,Inf
7614,E,10,E10,930,SCZ18,25.5,71887
7614,E,10,E10,930,SCZ18,25.5,71887
7614,E,11,E11,5000ng lysate +ERK INHIBITOR,LYS_INH,25.5,87920
7614,E,11,E11,5000ng lysate +ERK INHIBITOR,LYS_INH,25.5,87920
7614,E,12,E12,RECOMBINANT ERK 0.5 nM,ERK_0.500nM,25.5,Inf
7614,E,12,E12,RECOMBINANT ERK 0.5 nM,ERK_0.500nM,25.5,Inf
7614,F,1,F1,524,CTL06,25.5,Inf
7614,F,1,F1,524,CTL06,25.5,Inf
7614,F,2,F2,29,SCZ03,25.5,Inf
7614,F,2,F2,29,SCZ03,25.5,Inf
7614,F,3,F3,446,SCZ11,25.5,Inf
7614,F,3,F3,446,SCZ11,25.5,Inf
7614,F,4,F4,931,SCZ19,25.5,78186
7614,F,4,F4,931,SCZ19,25.5,78186
7614,F,5,F5,"BLANK- Master Mix, no lysate",BLNK,25.5,85254
7614,F,5,F5,"BLANK- Master Mix, no lysate",BLNK,25.5,85254
7614,F,6,F6,RECOMBINANT ERK  0.25 nM,ERK_0.250nM,25.5,Inf
7614,F,6,F6,RECOMBINANT ERK  0.25 nM,ERK_0.250nM,25.5,Inf
7614,F,7,F7,524,CTL06,25.5,Inf
7614,F,7,F7,524,CTL06,25.5,Inf
7614,F,8,F8,29,SCZ03,25.5,Inf
7614,F,8,F8,29,SCZ03,25.5,Inf
7614,F,9,F9,446,SCZ11,25.5,70293
7614,F,9,F9,446,SCZ11,25.5,70293
7614,F,10,F10,931,SCZ19,25.5,80108
7614,F,10,F10,931,SCZ19,25.5,80108
7614,F,11,F11,"BLANK- Master Mix, no lysate",BLNK,25.5,85912
7614,F,11,F11,"BLANK- Master Mix, no lysate",BLNK,25.5,85912
7614,F,12,F12,RECOMBINANT ERK  0.25 nM,ERK_0.250nM,25.5,90599
7614,F,12,F12,RECOMBINANT ERK  0.25 nM,ERK_0.250nM,25.5,90599
7614,G,1,G1,661,CTL07,25.5,86973
7614,G,1,G1,661,CTL07,25.5,86973
7614,G,2,G2,69,SCZ04,25.5,95618
7614,G,2,G2,69,SCZ04,25.5,95618
7614,G,3,G3,510,SCZ12,25.5,Inf
7614,G,3,G3,510,SCZ12,25.5,Inf
7614,G,4,G4,932,SCZ20,25.5,76691
7614,G,4,G4,932,SCZ20,25.5,76691
7614,G,5,G5,"BLANK- Master Mix, lysate, no reporter",BLNK_LYS,25.5,22793
7614,G,5,G5,"BLANK- Master Mix, lysate, no reporter",BLNK_LYS,25.5,22793
7614,G,6,G6,RECOMBINANT ERK  0.125 nM,ERK_0.125nM,25.5,99853
7614,G,6,G6,RECOMBINANT ERK  0.125 nM,ERK_0.125nM,25.5,99853
7614,G,7,G7,661,CTL07,25.5,81768
7614,G,7,G7,661,CTL07,25.5,81768
7614,G,8,G8,69,SCZ04,25.5,92942
7614,G,8,G8,69,SCZ04,25.5,92942
7614,G,9,G9,510,SCZ12,25.5,Inf
7614,G,9,G9,510,SCZ12,25.5,Inf
7614,G,10,G10,932,SCZ20,25.5,75425
7614,G,10,G10,932,SCZ20,25.5,75425
7614,G,11,G11,"BLANK- Master Mix, lysate, no reporter",BLNK_LYS,25.5,24394
7614,G,11,G11,"BLANK- Master Mix, lysate, no reporter",BLNK_LYS,25.5,24394
7614,G,12,G12,RECOMBINANT ERK  0.125 nM,ERK_0.125nM,25.5,97378
7614,G,12,G12,RECOMBINANT ERK  0.125 nM,ERK_0.125nM,25.5,97378
7614,H,1,H1,689,CTL08,25.5,Inf
7614,H,1,H1,689,CTL08,25.5,Inf
7614,H,2,H2,94,SCZ05,25.5,82713
7614,H,2,H2,94,SCZ05,25.5,82713
7614,H,3,H3,547,SCZ13,25.5,86407
7614,H,3,H3,547,SCZ13,25.5,86407
7614,H,4,H4,326,LYS01,25.5,Inf
7614,H,4,H4,326,LYS01,25.5,Inf
7614,H,5,H5,NA,EMPTY,25.5,89857
7614,H,5,H5,NA,EMPTY,25.5,89857
7614,H,6,H6,RECOMBINANT ERK 2nM + ERK INHIBITOR,ERK_2.000nM_INH,25.5,26301
7614,H,6,H6,RECOMBINANT ERK 2nM + ERK INHIBITOR,ERK_2.000nM_INH,25.5,26301
7614,H,7,H7,689,CTL08,25.5,Inf
7614,H,7,H7,689,CTL08,25.5,Inf
7614,H,8,H8,94,SCZ05,25.5,30367
7614,H,8,H8,94,SCZ05,25.5,30367
7614,H,9,H9,547,SCZ13,25.5,94144
7614,H,9,H9,547,SCZ13,25.5,94144
7614,H,10,H10,326,LYS01,25.5,Inf
7614,H,10,H10,326,LYS01,25.5,Inf
7614,H,11,H11,NA,EMPTY,25.5,23560
7614,H,11,H11,NA,EMPTY,25.5,23560
7614,H,12,H12,RECOMBINANT ERK 2nM + ERK INHIBITOR,ERK_2.000nM_INH,25.5,Inf
7614,H,12,H12,RECOMBINANT ERK 2nM + ERK INHIBITOR,ERK_2.000nM_INH,25.5,Inf
7755,A,1,A1,46,CTL01,25.5,98284
7755,A,1,A1,46,CTL01,25.5,98284
7755,A,2,A2,720,CTL09,25.5,Inf
7755,A,2,A2,720,CTL09,25.5,Inf
7755,A,3,A3,225,SCZ06,25.5,85052
7755,A,3,A3,225,SCZ06,25.5,85052
7755,A,4,A4,552,SCZ14,25.5,93369
7755,A,4,A4,552,SCZ14,25.5,93369
7755,A,5,A5,328,LYS02,25.5,96173
7755,A,5,A5,328,LYS02,25.5,96173
7755,A,6,A6,RECOMBINANT ERK  2nM,ERK_2.000nM,25.5,Inf
7755,A,6,A6,RECOMBINANT ERK  2nM,ERK_2.000nM,25.5,Inf
7755,A,7,A7,46,CTL01,25.5,97742
7755,A,7,A7,46,CTL01,25.5,97742
7755,A,8,A8,720,CTL09,25.5,Inf
7755,A,8,A8,720,CTL09,25.5,Inf
7755,A,9,A9,225,SCZ06,25.5,94599
7755,A,9,A9,225,SCZ06,25.5,94599
7755,A,10,A10,552,SCZ14,25.5,86381
7755,A,10,A10,552,SCZ14,25.5,86381
7755,A,11,A11,328,LYS02,25.5,97130
7755,A,11,A11,328,LYS02,25.5,97130
7755,A,12,A12,RECOMBINANT ERK  2nM,ERK_2.000nM,25.5,Inf
7755,A,12,A12,RECOMBINANT ERK  2nM,ERK_2.000nM,25.5,Inf
7755,B,1,B1,116,CTL02,25.5,89143
7755,B,1,B1,116,CTL02,25.5,89143
7755,B,2,B2,859,CTL10,25.5,Inf
7755,B,2,B2,859,CTL10,25.5,Inf
7755,B,3,B3,235,SCZ07,25.5,Inf
7755,B,3,B3,235,SCZ07,25.5,Inf
7755,B,4,B4,565,SCZ15,25.5,88974
7755,B,4,B4,565,SCZ15,25.5,88974
7755,B,5,B5,335,LYS03,25.5,Inf
7755,B,5,B5,335,LYS03,25.5,Inf
7755,B,6,B6,RECOMBINANT ERK 1.5 nM,ERK_1.500nM,25.5,Inf
7755,B,6,B6,RECOMBINANT ERK 1.5 nM,ERK_1.500nM,25.5,Inf
7755,B,7,B7,116,CTL02,25.5,81365
7755,B,7,B7,116,CTL02,25.5,81365
7755,B,8,B8,859,CTL10,25.5,89371
7755,B,8,B8,859,CTL10,25.5,89371
7755,B,9,B9,235,SCZ07,25.5,96911
7755,B,9,B9,235,SCZ07,25.5,96911
7755,B,10,B10,565,SCZ15,25.5,90843
7755,B,10,B10,565,SCZ15,25.5,90843
7755,B,11,B11,335,LYS03,25.5,Inf
7755,B,11,B11,335,LYS03,25.5,Inf
7755,B,12,B12,RECOMBINANT ERK 1.5 nM,ERK_1.500nM,25.5,Inf
7755,B,12,B12,RECOMBINANT ERK 1.5 nM,ERK_1.500nM,25.5,Inf
7755,C,1,C1,167,CTL03,25.5,Inf
7755,C,1,C1,167,CTL03,25.5,Inf
7755,C,2,C2,874,CTL11,25.5,85391
7755,C,2,C2,874,CTL11,25.5,85391
7755,C,3,C3,262,SCZ08,25.5,Inf
7755,C,3,C3,262,SCZ08,25.5,Inf
7755,C,4,C4,737,SCZ16,25.5,91842
7755,C,4,C4,737,SCZ16,25.5,91842
7755,C,5,C5,907,LYS04,25.5,90152
7755,C,5,C5,907,LYS04,25.5,90152
7755,C,6,C6,RECOMBINANT ERK  1 nM,ERK_1.000nM,25.5,Inf
7755,C,6,C6,RECOMBINANT ERK  1 nM,ERK_1.000nM,25.5,Inf
7755,C,7,C7,167,CTL03,25.5,Inf
7755,C,7,C7,167,CTL03,25.5,Inf
7755,C,8,C8,874,CTL11,25.5,74020
7755,C,8,C8,874,CTL11,25.5,74020
7755,C,9,C9,262,SCZ08,25.5,92784
7755,C,9,C9,262,SCZ08,25.5,92784
7755,C,10,C10,737,SCZ16,25.5,85959
7755,C,10,C10,737,SCZ16,25.5,85959
7755,C,11,C11,907,LYS04,25.5,98256
7755,C,11,C11,907,LYS04,25.5,98256
7755,C,12,C12,RECOMBINANT ERK  1 nM,ERK_1.000nM,25.5,Inf
7755,C,12,C12,RECOMBINANT ERK  1 nM,ERK_1.000nM,25.5,Inf
7755,D,1,D1,195,CTL04,25.5,73873
7755,D,1,D1,195,CTL04,25.5,73873
7755,D,2,D2,11,SCZ01,25.5,94580
7755,D,2,D2,11,SCZ01,25.5,94580
7755,D,3,D3,291,SCZ09,25.5,86710
7755,D,3,D3,291,SCZ09,25.5,86710
7755,D,4,D4,802,SCZ17,25.5,62298
7755,D,4,D4,802,SCZ17,25.5,62298
7755,D,5,D5,5000ng lysate + HI,LYS_HI,25.5,88362
7755,D,5,D5,5000ng lysate + HI,LYS_HI,25.5,88362
7755,D,6,D6,RECOMBINANT ERK  0.75 nM,ERK_0.750nM,25.5,Inf
7755,D,6,D6,RECOMBINANT ERK  0.75 nM,ERK_0.750nM,25.5,Inf
7755,D,7,D7,195,CTL04,25.5,90342
7755,D,7,D7,195,CTL04,25.5,90342
7755,D,8,D8,11,SCZ01,25.5,86558
7755,D,8,D8,11,SCZ01,25.5,86558
7755,D,9,D9,291,SCZ09,25.5,80805
7755,D,9,D9,291,SCZ09,25.5,80805
7755,D,10,D10,802,SCZ17,25.5,81720
7755,D,10,D10,802,SCZ17,25.5,81720
7755,D,11,D11,5000ng lysate + HI,LYS_HI,25.5,92399
7755,D,11,D11,5000ng lysate + HI,LYS_HI,25.5,92399
7755,D,12,D12,RECOMBINANT ERK  0.75 nM,ERK_0.750nM,25.5,Inf
7755,D,12,D12,RECOMBINANT ERK  0.75 nM,ERK_0.750nM,25.5,Inf
7755,E,1,E1,223,CTL05,25.5,Inf
7755,E,1,E1,223,CTL05,25.5,Inf
7755,E,2,E2,22,SCZ02,25.5,Inf
7755,E,2,E2,22,SCZ02,25.5,Inf
7755,E,3,E3,329,SCZ10,25.5,Inf
7755,E,3,E3,329,SCZ10,25.5,Inf
7755,E,4,E4,930,SCZ18,25.5,67430
7755,E,4,E4,930,SCZ18,25.5,67430
7755,E,5,E5,5000ng lysate +ERK INHIBITOR,LYS_INH,25.5,85991
7755,E,5,E5,5000ng lysate +ERK INHIBITOR,LYS_INH,25.5,85991
7755,E,6,E6,RECOMBINANT ERK 0.5 nM,ERK_0.500nM,25.5,Inf
7755,E,6,E6,RECOMBINANT ERK 0.5 nM,ERK_0.500nM,25.5,Inf
7755,E,7,E7,223,CTL05,25.5,92281
7755,E,7,E7,223,CTL05,25.5,92281
7755,E,8,E8,22,SCZ02,25.5,Inf
7755,E,8,E8,22,SCZ02,25.5,Inf
7755,E,9,E9,329,SCZ10,25.5,Inf
7755,E,9,E9,329,SCZ10,25.5,Inf
7755,E,10,E10,930,SCZ18,25.5,73294
7755,E,10,E10,930,SCZ18,25.5,73294
7755,E,11,E11,5000ng lysate +ERK INHIBITOR,LYS_INH,25.5,87760
7755,E,11,E11,5000ng lysate +ERK INHIBITOR,LYS_INH,25.5,87760
7755,E,12,E12,RECOMBINANT ERK 0.5 nM,ERK_0.500nM,25.5,Inf
7755,E,12,E12,RECOMBINANT ERK 0.5 nM,ERK_0.500nM,25.5,Inf
7755,F,1,F1,524,CTL06,25.5,Inf
7755,F,1,F1,524,CTL06,25.5,Inf
7755,F,2,F2,29,SCZ03,25.5,Inf
7755,F,2,F2,29,SCZ03,25.5,Inf
7755,F,3,F3,446,SCZ11,25.5,Inf
7755,F,3,F3,446,SCZ11,25.5,Inf
7755,F,4,F4,931,SCZ19,25.5,78724
7755,F,4,F4,931,SCZ19,25.5,78724
7755,F,5,F5,"BLANK- Master Mix, no lysate",BLNK,25.5,85169
7755,F,5,F5,"BLANK- Master Mix, no lysate",BLNK,25.5,85169
7755,F,6,F6,RECOMBINANT ERK  0.25 nM,ERK_0.250nM,25.5,Inf
7755,F,6,F6,RECOMBINANT ERK  0.25 nM,ERK_0.250nM,25.5,Inf
7755,F,7,F7,524,CTL06,25.5,Inf
7755,F,7,F7,524,CTL06,25.5,Inf
7755,F,8,F8,29,SCZ03,25.5,Inf
7755,F,8,F8,29,SCZ03,25.5,Inf
7755,F,9,F9,446,SCZ11,25.5,70064
7755,F,9,F9,446,SCZ11,25.5,70064
7755,F,10,F10,931,SCZ19,25.5,80653
7755,F,10,F10,931,SCZ19,25.5,80653
7755,F,11,F11,"BLANK- Master Mix, no lysate",BLNK,25.5,85902
7755,F,11,F11,"BLANK- Master Mix, no lysate",BLNK,25.5,85902
7755,F,12,F12,RECOMBINANT ERK  0.25 nM,ERK_0.250nM,25.5,90709
7755,F,12,F12,RECOMBINANT ERK  0.25 nM,ERK_0.250nM,25.5,90709
7755,G,1,G1,661,CTL07,25.5,87550
7755,G,1,G1,661,CTL07,25.5,87550
7755,G,2,G2,69,SCZ04,25.5,96231
7755,G,2,G2,69,SCZ04,25.5,96231
7755,G,3,G3,510,SCZ12,25.5,Inf
7755,G,3,G3,510,SCZ12,25.5,Inf
7755,G,4,G4,932,SCZ20,25.5,76959
7755,G,4,G4,932,SCZ20,25.5,76959
7755,G,5,G5,"BLANK- Master Mix, lysate, no reporter",BLNK_LYS,25.5,22968
7755,G,5,G5,"BLANK- Master Mix, lysate, no reporter",BLNK_LYS,25.5,22968
7755,G,6,G6,RECOMBINANT ERK  0.125 nM,ERK_0.125nM,25.5,Inf
7755,G,6,G6,RECOMBINANT ERK  0.125 nM,ERK_0.125nM,25.5,Inf
7755,G,7,G7,661,CTL07,25.5,81575
7755,G,7,G7,661,CTL07,25.5,81575
7755,G,8,G8,69,SCZ04,25.5,93834
7755,G,8,G8,69,SCZ04,25.5,93834
7755,G,9,G9,510,SCZ12,25.5,Inf
7755,G,9,G9,510,SCZ12,25.5,Inf
7755,G,10,G10,932,SCZ20,25.5,75280
7755,G,10,G10,932,SCZ20,25.5,75280
7755,G,11,G11,"BLANK- Master Mix, lysate, no reporter",BLNK_LYS,25.5,24482
7755,G,11,G11,"BLANK- Master Mix, lysate, no reporter",BLNK_LYS,25.5,24482
7755,G,12,G12,RECOMBINANT ERK  0.125 nM,ERK_0.125nM,25.5,96747
7755,G,12,G12,RECOMBINANT ERK  0.125 nM,ERK_0.125nM,25.5,96747
7755,H,1,H1,689,CTL08,25.5,Inf
7755,H,1,H1,689,CTL08,25.5,Inf
7755,H,2,H2,94,SCZ05,25.5,83096
7755,H,2,H2,94,SCZ05,25.5,83096
7755,H,3,H3,547,SCZ13,25.5,86527
7755,H,3,H3,547,SCZ13,25.5,86527
7755,H,4,H4,326,LYS01,25.5,Inf
7755,H,4,H4,326,LYS01,25.5,Inf
7755,H,5,H5,NA,EMPTY,25.5,89476
7755,H,5,H5,NA,EMPTY,25.5,89476
7755,H,6,H6,RECOMBINANT ERK 2nM + ERK INHIBITOR,ERK_2.000nM_INH,25.5,27249
7755,H,6,H6,RECOMBINANT ERK 2nM + ERK INHIBITOR,ERK_2.000nM_INH,25.5,27249
7755,H,7,H7,689,CTL08,25.5,Inf
7755,H,7,H7,689,CTL08,25.5,Inf
7755,H,8,H8,94,SCZ05,25.5,30021
7755,H,8,H8,94,SCZ05,25.5,30021
7755,H,9,H9,547,SCZ13,25.5,93996
7755,H,9,H9,547,SCZ13,25.5,93996
7755,H,10,H10,326,LYS01,25.5,Inf
7755,H,10,H10,326,LYS01,25.5,Inf
7755,H,11,H11,NA,EMPTY,25.5,23208
7755,H,11,H11,NA,EMPTY,25.5,23208
7755,H,12,H12,RECOMBINANT ERK 2nM + ERK INHIBITOR,ERK_2.000nM_INH,25.5,Inf
7755,H,12,H12,RECOMBINANT ERK 2nM + ERK INHIBITOR,ERK_2.000nM_INH,25.5,Inf
7896,A,1,A1,46,CTL01,25.5,98189
7896,A,1,A1,46,CTL01,25.5,98189
7896,A,2,A2,720,CTL09,25.5,Inf
7896,A,2,A2,720,CTL09,25.5,Inf
7896,A,3,A3,225,SCZ06,25.5,85205
7896,A,3,A3,225,SCZ06,25.5,85205
7896,A,4,A4,552,SCZ14,25.5,93641
7896,A,4,A4,552,SCZ14,25.5,93641
7896,A,5,A5,328,LYS02,25.5,96581
7896,A,5,A5,328,LYS02,25.5,96581
7896,A,6,A6,RECOMBINANT ERK  2nM,ERK_2.000nM,25.5,Inf
7896,A,6,A6,RECOMBINANT ERK  2nM,ERK_2.000nM,25.5,Inf
7896,A,7,A7,46,CTL01,25.5,97740
7896,A,7,A7,46,CTL01,25.5,97740
7896,A,8,A8,720,CTL09,25.5,Inf
7896,A,8,A8,720,CTL09,25.5,Inf
7896,A,9,A9,225,SCZ06,25.5,94665
7896,A,9,A9,225,SCZ06,25.5,94665
7896,A,10,A10,552,SCZ14,25.5,86144
7896,A,10,A10,552,SCZ14,25.5,86144
7896,A,11,A11,328,LYS02,25.5,96317
7896,A,11,A11,328,LYS02,25.5,96317
7896,A,12,A12,RECOMBINANT ERK  2nM,ERK_2.000nM,25.5,Inf
7896,A,12,A12,RECOMBINANT ERK  2nM,ERK_2.000nM,25.5,Inf
7896,B,1,B1,116,CTL02,25.5,88973
7896,B,1,B1,116,CTL02,25.5,88973
7896,B,2,B2,859,CTL10,25.5,Inf
7896,B,2,B2,859,CTL10,25.5,Inf
7896,B,3,B3,235,SCZ07,25.5,Inf
7896,B,3,B3,235,SCZ07,25.5,Inf
7896,B,4,B4,565,SCZ15,25.5,89612
7896,B,4,B4,565,SCZ15,25.5,89612
7896,B,5,B5,335,LYS03,25.5,Inf
7896,B,5,B5,335,LYS03,25.5,Inf
7896,B,6,B6,RECOMBINANT ERK 1.5 nM,ERK_1.500nM,25.5,Inf
7896,B,6,B6,RECOMBINANT ERK 1.5 nM,ERK_1.500nM,25.5,Inf
7896,B,7,B7,116,CTL02,25.5,81372
7896,B,7,B7,116,CTL02,25.5,81372
7896,B,8,B8,859,CTL10,25.5,90741
7896,B,8,B8,859,CTL10,25.5,90741
7896,B,9,B9,235,SCZ07,25.5,97507
7896,B,9,B9,235,SCZ07,25.5,97507
7896,B,10,B10,565,SCZ15,25.5,91567
7896,B,10,B10,565,SCZ15,25.5,91567
7896,B,11,B11,335,LYS03,25.5,Inf
7896,B,11,B11,335,LYS03,25.5,Inf
7896,B,12,B12,RECOMBINANT ERK 1.5 nM,ERK_1.500nM,25.5,Inf
7896,B,12,B12,RECOMBINANT ERK 1.5 nM,ERK_1.500nM,25.5,Inf
7896,C,1,C1,167,CTL03,25.5,Inf
7896,C,1,C1,167,CTL03,25.5,Inf
7896,C,2,C2,874,CTL11,25.5,86012
7896,C,2,C2,874,CTL11,25.5,86012
7896,C,3,C3,262,SCZ08,25.5,Inf
7896,C,3,C3,262,SCZ08,25.5,Inf
7896,C,4,C4,737,SCZ16,25.5,92122
7896,C,4,C4,737,SCZ16,25.5,92122
7896,C,5,C5,907,LYS04,25.5,90762
7896,C,5,C5,907,LYS04,25.5,90762
7896,C,6,C6,RECOMBINANT ERK  1 nM,ERK_1.000nM,25.5,Inf
7896,C,6,C6,RECOMBINANT ERK  1 nM,ERK_1.000nM,25.5,Inf
7896,C,7,C7,167,CTL03,25.5,Inf
7896,C,7,C7,167,CTL03,25.5,Inf
7896,C,8,C8,874,CTL11,25.5,74855
7896,C,8,C8,874,CTL11,25.5,74855
7896,C,9,C9,262,SCZ08,25.5,93189
7896,C,9,C9,262,SCZ08,25.5,93189
7896,C,10,C10,737,SCZ16,25.5,85893
7896,C,10,C10,737,SCZ16,25.5,85893
7896,C,11,C11,907,LYS04,25.5,98846
7896,C,11,C11,907,LYS04,25.5,98846
7896,C,12,C12,RECOMBINANT ERK  1 nM,ERK_1.000nM,25.5,Inf
7896,C,12,C12,RECOMBINANT ERK  1 nM,ERK_1.000nM,25.5,Inf
7896,D,1,D1,195,CTL04,25.5,73444
7896,D,1,D1,195,CTL04,25.5,73444
7896,D,2,D2,11,SCZ01,25.5,94389
7896,D,2,D2,11,SCZ01,25.5,94389
7896,D,3,D3,291,SCZ09,25.5,86656
7896,D,3,D3,291,SCZ09,25.5,86656
7896,D,4,D4,802,SCZ17,25.5,62715
7896,D,4,D4,802,SCZ17,25.5,62715
7896,D,5,D5,5000ng lysate + HI,LYS_HI,25.5,88912
7896,D,5,D5,5000ng lysate + HI,LYS_HI,25.5,88912
7896,D,6,D6,RECOMBINANT ERK  0.75 nM,ERK_0.750nM,25.5,Inf
7896,D,6,D6,RECOMBINANT ERK  0.75 nM,ERK_0.750nM,25.5,Inf
7896,D,7,D7,195,CTL04,25.5,90111
7896,D,7,D7,195,CTL04,25.5,90111
7896,D,8,D8,11,SCZ01,25.5,86303
7896,D,8,D8,11,SCZ01,25.5,86303
7896,D,9,D9,291,SCZ09,25.5,80701
7896,D,9,D9,291,SCZ09,25.5,80701
7896,D,10,D10,802,SCZ17,25.5,81405
7896,D,10,D10,802,SCZ17,25.5,81405
7896,D,11,D11,5000ng lysate + HI,LYS_HI,25.5,92620
7896,D,11,D11,5000ng lysate + HI,LYS_HI,25.5,92620
7896,D,12,D12,RECOMBINANT ERK  0.75 nM,ERK_0.750nM,25.5,Inf
7896,D,12,D12,RECOMBINANT ERK  0.75 nM,ERK_0.750nM,25.5,Inf
7896,E,1,E1,223,CTL05,25.5,Inf
7896,E,1,E1,223,CTL05,25.5,Inf
7896,E,2,E2,22,SCZ02,25.5,Inf
7896,E,2,E2,22,SCZ02,25.5,Inf
7896,E,3,E3,329,SCZ10,25.5,Inf
7896,E,3,E3,329,SCZ10,25.5,Inf
7896,E,4,E4,930,SCZ18,25.5,67642
7896,E,4,E4,930,SCZ18,25.5,67642
7896,E,5,E5,5000ng lysate +ERK INHIBITOR,LYS_INH,25.5,86508
7896,E,5,E5,5000ng lysate +ERK INHIBITOR,LYS_INH,25.5,86508
7896,E,6,E6,RECOMBINANT ERK 0.5 nM,ERK_0.500nM,25.5,Inf
7896,E,6,E6,RECOMBINANT ERK 0.5 nM,ERK_0.500nM,25.5,Inf
7896,E,7,E7,223,CTL05,25.5,93490
7896,E,7,E7,223,CTL05,25.5,93490
7896,E,8,E8,22,SCZ02,25.5,Inf
7896,E,8,E8,22,SCZ02,25.5,Inf
7896,E,9,E9,329,SCZ10,25.5,Inf
7896,E,9,E9,329,SCZ10,25.5,Inf
7896,E,10,E10,930,SCZ18,25.5,73170
7896,E,10,E10,930,SCZ18,25.5,73170
7896,E,11,E11,5000ng lysate +ERK INHIBITOR,LYS_INH,25.5,87495
7896,E,11,E11,5000ng lysate +ERK INHIBITOR,LYS_INH,25.5,87495
7896,E,12,E12,RECOMBINANT ERK 0.5 nM,ERK_0.500nM,25.5,Inf
7896,E,12,E12,RECOMBINANT ERK 0.5 nM,ERK_0.500nM,25.5,Inf
7896,F,1,F1,524,CTL06,25.5,Inf
7896,F,1,F1,524,CTL06,25.5,Inf
7896,F,2,F2,29,SCZ03,25.5,Inf
7896,F,2,F2,29,SCZ03,25.5,Inf
7896,F,3,F3,446,SCZ11,25.5,Inf
7896,F,3,F3,446,SCZ11,25.5,Inf
7896,F,4,F4,931,SCZ19,25.5,78649
7896,F,4,F4,931,SCZ19,25.5,78649
7896,F,5,F5,"BLANK- Master Mix, no lysate",BLNK,25.5,85278
7896,F,5,F5,"BLANK- Master Mix, no lysate",BLNK,25.5,85278
7896,F,6,F6,RECOMBINANT ERK  0.25 nM,ERK_0.250nM,25.5,Inf
7896,F,6,F6,RECOMBINANT ERK  0.25 nM,ERK_0.250nM,25.5,Inf
7896,F,7,F7,524,CTL06,25.5,Inf
7896,F,7,F7,524,CTL06,25.5,Inf
7896,F,8,F8,29,SCZ03,25.5,Inf
7896,F,8,F8,29,SCZ03,25.5,Inf
7896,F,9,F9,446,SCZ11,25.5,70768
7896,F,9,F9,446,SCZ11,25.5,70768
7896,F,10,F10,931,SCZ19,25.5,80301
7896,F,10,F10,931,SCZ19,25.5,80301
7896,F,11,F11,"BLANK- Master Mix, no lysate",BLNK,25.5,85562
7896,F,11,F11,"BLANK- Master Mix, no lysate",BLNK,25.5,85562
7896,F,12,F12,RECOMBINANT ERK  0.25 nM,ERK_0.250nM,25.5,91316
7896,F,12,F12,RECOMBINANT ERK  0.25 nM,ERK_0.250nM,25.5,91316
7896,G,1,G1,661,CTL07,25.5,87233
7896,G,1,G1,661,CTL07,25.5,87233
7896,G,2,G2,69,SCZ04,25.5,97549
7896,G,2,G2,69,SCZ04,25.5,97549
7896,G,3,G3,510,SCZ12,25.5,Inf
7896,G,3,G3,510,SCZ12,25.5,Inf
7896,G,4,G4,932,SCZ20,25.5,76879
7896,G,4,G4,932,SCZ20,25.5,76879
7896,G,5,G5,"BLANK- Master Mix, lysate, no reporter",BLNK_LYS,25.5,22389
7896,G,5,G5,"BLANK- Master Mix, lysate, no reporter",BLNK_LYS,25.5,22389
7896,G,6,G6,RECOMBINANT ERK  0.125 nM,ERK_0.125nM,25.5,Inf
7896,G,6,G6,RECOMBINANT ERK  0.125 nM,ERK_0.125nM,25.5,Inf
7896,G,7,G7,661,CTL07,25.5,80962
7896,G,7,G7,661,CTL07,25.5,80962
7896,G,8,G8,69,SCZ04,25.5,94465
7896,G,8,G8,69,SCZ04,25.5,94465
7896,G,9,G9,510,SCZ12,25.5,Inf
7896,G,9,G9,510,SCZ12,25.5,Inf
7896,G,10,G10,932,SCZ20,25.5,76321
7896,G,10,G10,932,SCZ20,25.5,76321
7896,G,11,G11,"BLANK- Master Mix, lysate, no reporter",BLNK_LYS,25.5,24289
7896,G,11,G11,"BLANK- Master Mix, lysate, no reporter",BLNK_LYS,25.5,24289
7896,G,12,G12,RECOMBINANT ERK  0.125 nM,ERK_0.125nM,25.5,96946
7896,G,12,G12,RECOMBINANT ERK  0.125 nM,ERK_0.125nM,25.5,96946
7896,H,1,H1,689,CTL08,25.5,Inf
7896,H,1,H1,689,CTL08,25.5,Inf
7896,H,2,H2,94,SCZ05,25.5,83469
7896,H,2,H2,94,SCZ05,25.5,83469
7896,H,3,H3,547,SCZ13,25.5,86822
7896,H,3,H3,547,SCZ13,25.5,86822
7896,H,4,H4,326,LYS01,25.5,Inf
7896,H,4,H4,326,LYS01,25.5,Inf
7896,H,5,H5,NA,EMPTY,25.5,89975
7896,H,5,H5,NA,EMPTY,25.5,89975
7896,H,6,H6,RECOMBINANT ERK 2nM + ERK INHIBITOR,ERK_2.000nM_INH,25.5,26802
7896,H,6,H6,RECOMBINANT ERK 2nM + ERK INHIBITOR,ERK_2.000nM_INH,25.5,26802
7896,H,7,H7,689,CTL08,25.5,Inf
7896,H,7,H7,689,CTL08,25.5,Inf
7896,H,8,H8,94,SCZ05,25.5,30210
7896,H,8,H8,94,SCZ05,25.5,30210
7896,H,9,H9,547,SCZ13,25.5,93851
7896,H,9,H9,547,SCZ13,25.5,93851
7896,H,10,H10,326,LYS01,25.5,Inf
7896,H,10,H10,326,LYS01,25.5,Inf
7896,H,11,H11,NA,EMPTY,25.5,23414
7896,H,11,H11,NA,EMPTY,25.5,23414
7896,H,12,H12,RECOMBINANT ERK 2nM + ERK INHIBITOR,ERK_2.000nM_INH,25.5,Inf
7896,H,12,H12,RECOMBINANT ERK 2nM + ERK INHIBITOR,ERK_2.000nM_INH,25.5,Inf
8037,A,1,A1,46,CTL01,25.5,97993
8037,A,1,A1,46,CTL01,25.5,97993
8037,A,2,A2,720,CTL09,25.5,Inf
8037,A,2,A2,720,CTL09,25.5,Inf
8037,A,3,A3,225,SCZ06,25.5,85786
8037,A,3,A3,225,SCZ06,25.5,85786
8037,A,4,A4,552,SCZ14,25.5,94291
8037,A,4,A4,552,SCZ14,25.5,94291
8037,A,5,A5,328,LYS02,25.5,96805
8037,A,5,A5,328,LYS02,25.5,96805
8037,A,6,A6,RECOMBINANT ERK  2nM,ERK_2.000nM,25.5,Inf
8037,A,6,A6,RECOMBINANT ERK  2nM,ERK_2.000nM,25.5,Inf
8037,A,7,A7,46,CTL01,25.5,97522
8037,A,7,A7,46,CTL01,25.5,97522
8037,A,8,A8,720,CTL09,25.5,Inf
8037,A,8,A8,720,CTL09,25.5,Inf
8037,A,9,A9,225,SCZ06,25.5,95423
8037,A,9,A9,225,SCZ06,25.5,95423
8037,A,10,A10,552,SCZ14,25.5,87082
8037,A,10,A10,552,SCZ14,25.5,87082
8037,A,11,A11,328,LYS02,25.5,96395
8037,A,11,A11,328,LYS02,25.5,96395
8037,A,12,A12,RECOMBINANT ERK  2nM,ERK_2.000nM,25.5,Inf
8037,A,12,A12,RECOMBINANT ERK  2nM,ERK_2.000nM,25.5,Inf
8037,B,1,B1,116,CTL02,25.5,89295
8037,B,1,B1,116,CTL02,25.5,89295
8037,B,2,B2,859,CTL10,25.5,Inf
8037,B,2,B2,859,CTL10,25.5,Inf
8037,B,3,B3,235,SCZ07,25.5,Inf
8037,B,3,B3,235,SCZ07,25.5,Inf
8037,B,4,B4,565,SCZ15,25.5,89980
8037,B,4,B4,565,SCZ15,25.5,89980
8037,B,5,B5,335,LYS03,25.5,Inf
8037,B,5,B5,335,LYS03,25.5,Inf
8037,B,6,B6,RECOMBINANT ERK 1.5 nM,ERK_1.500nM,25.5,Inf
8037,B,6,B6,RECOMBINANT ERK 1.5 nM,ERK_1.500nM,25.5,Inf
8037,B,7,B7,116,CTL02,25.5,81661
8037,B,7,B7,116,CTL02,25.5,81661
8037,B,8,B8,859,CTL10,25.5,91125
8037,B,8,B8,859,CTL10,25.5,91125
8037,B,9,B9,235,SCZ07,25.5,96833
8037,B,9,B9,235,SCZ07,25.5,96833
8037,B,10,B10,565,SCZ15,25.5,90991
8037,B,10,B10,565,SCZ15,25.5,90991
8037,B,11,B11,335,LYS03,25.5,Inf
8037,B,11,B11,335,LYS03,25.5,Inf
8037,B,12,B12,RECOMBINANT ERK 1.5 nM,ERK_1.500nM,25.5,Inf
8037,B,12,B12,RECOMBINANT ERK 1.5 nM,ERK_1.500nM,25.5,Inf
8037,C,1,C1,167,CTL03,25.5,Inf
8037,C,1,C1,167,CTL03,25.5,Inf
8037,C,2,C2,874,CTL11,25.5,86307
8037,C,2,C2,874,CTL11,25.5,86307
8037,C,3,C3,262,SCZ08,25.5,Inf
8037,C,3,C3,262,SCZ08,25.5,Inf
8037,C,4,C4,737,SCZ16,25.5,91912
8037,C,4,C4,737,SCZ16,25.5,91912
8037,C,5,C5,907,LYS04,25.5,91526
8037,C,5,C5,907,LYS04,25.5,91526
8037,C,6,C6,RECOMBINANT ERK  1 nM,ERK_1.000nM,25.5,Inf
8037,C,6,C6,RECOMBINANT ERK  1 nM,ERK_1.000nM,25.5,Inf
8037,C,7,C7,167,CTL03,25.5,Inf
8037,C,7,C7,167,CTL03,25.5,Inf
8037,C,8,C8,874,CTL11,25.5,74590
8037,C,8,C8,874,CTL11,25.5,74590
8037,C,9,C9,262,SCZ08,25.5,93331
8037,C,9,C9,262,SCZ08,25.5,93331
8037,C,10,C10,737,SCZ16,25.5,86702
8037,C,10,C10,737,SCZ16,25.5,86702
8037,C,11,C11,907,LYS04,25.5,99343
8037,C,11,C11,907,LYS04,25.5,99343
8037,C,12,C12,RECOMBINANT ERK  1 nM,ERK_1.000nM,25.5,Inf
8037,C,12,C12,RECOMBINANT ERK  1 nM,ERK_1.000nM,25.5,Inf
8037,D,1,D1,195,CTL04,25.5,73493
8037,D,1,D1,195,CTL04,25.5,73493
8037,D,2,D2,11,SCZ01,25.5,95016
8037,D,2,D2,11,SCZ01,25.5,95016
8037,D,3,D3,291,SCZ09,25.5,87488
8037,D,3,D3,291,SCZ09,25.5,87488
8037,D,4,D4,802,SCZ17,25.5,62187
8037,D,4,D4,802,SCZ17,25.5,62187
8037,D,5,D5,5000ng lysate + HI,LYS_HI,25.5,89440
8037,D,5,D5,5000ng lysate + HI,LYS_HI,25.5,89440
8037,D,6,D6,RECOMBINANT ERK  0.75 nM,ERK_0.750nM,25.5,Inf
8037,D,6,D6,RECOMBINANT ERK  0.75 nM,ERK_0.750nM,25.5,Inf
8037,D,7,D7,195,CTL04,25.5,90464
8037,D,7,D7,195,CTL04,25.5,90464
8037,D,8,D8,11,SCZ01,25.5,86160
8037,D,8,D8,11,SCZ01,25.5,86160
8037,D,9,D9,291,SCZ09,25.5,80164
8037,D,9,D9,291,SCZ09,25.5,80164
8037,D,10,D10,802,SCZ17,25.5,81185
8037,D,10,D10,802,SCZ17,25.5,81185
8037,D,11,D11,5000ng lysate + HI,LYS_HI,25.5,92622
8037,D,11,D11,5000ng lysate + HI,LYS_HI,25.5,92622
8037,D,12,D12,RECOMBINANT ERK  0.75 nM,ERK_0.750nM,25.5,Inf
8037,D,12,D12,RECOMBINANT ERK  0.75 nM,ERK_0.750nM,25.5,Inf
8037,E,1,E1,223,CTL05,25.5,Inf
8037,E,1,E1,223,CTL05,25.5,Inf
8037,E,2,E2,22,SCZ02,25.5,Inf
8037,E,2,E2,22,SCZ02,25.5,Inf
8037,E,3,E3,329,SCZ10,25.5,Inf
8037,E,3,E3,329,SCZ10,25.5,Inf
8037,E,4,E4,930,SCZ18,25.5,68941
8037,E,4,E4,930,SCZ18,25.5,68941
8037,E,5,E5,5000ng lysate +ERK INHIBITOR,LYS_INH,25.5,86093
8037,E,5,E5,5000ng lysate +ERK INHIBITOR,LYS_INH,25.5,86093
8037,E,6,E6,RECOMBINANT ERK 0.5 nM,ERK_0.500nM,25.5,Inf
8037,E,6,E6,RECOMBINANT ERK 0.5 nM,ERK_0.500nM,25.5,Inf
8037,E,7,E7,223,CTL05,25.5,93455
8037,E,7,E7,223,CTL05,25.5,93455
8037,E,8,E8,22,SCZ02,25.5,Inf
8037,E,8,E8,22,SCZ02,25.5,Inf
8037,E,9,E9,329,SCZ10,25.5,Inf
8037,E,9,E9,329,SCZ10,25.5,Inf
8037,E,10,E10,930,SCZ18,25.5,73894
8037,E,10,E10,930,SCZ18,25.5,73894
8037,E,11,E11,5000ng lysate +ERK INHIBITOR,LYS_INH,25.5,87570
8037,E,11,E11,5000ng lysate +ERK INHIBITOR,LYS_INH,25.5,87570
8037,E,12,E12,RECOMBINANT ERK 0.5 nM,ERK_0.500nM,25.5,Inf
8037,E,12,E12,RECOMBINANT ERK 0.5 nM,ERK_0.500nM,25.5,Inf
8037,F,1,F1,524,CTL06,25.5,Inf
8037,F,1,F1,524,CTL06,25.5,Inf
8037,F,2,F2,29,SCZ03,25.5,Inf
8037,F,2,F2,29,SCZ03,25.5,Inf
8037,F,3,F3,446,SCZ11,25.5,Inf
8037,F,3,F3,446,SCZ11,25.5,Inf
8037,F,4,F4,931,SCZ19,25.5,78186
8037,F,4,F4,931,SCZ19,25.5,78186
8037,F,5,F5,"BLANK- Master Mix, no lysate",BLNK,25.5,86255
8037,F,5,F5,"BLANK- Master Mix, no lysate",BLNK,25.5,86255
8037,F,6,F6,RECOMBINANT ERK  0.25 nM,ERK_0.250nM,25.5,Inf
8037,F,6,F6,RECOMBINANT ERK  0.25 nM,ERK_0.250nM,25.5,Inf
8037,F,7,F7,524,CTL06,25.5,Inf
8037,F,7,F7,524,CTL06,25.5,Inf
8037,F,8,F8,29,SCZ03,25.5,Inf
8037,F,8,F8,29,SCZ03,25.5,Inf
8037,F,9,F9,446,SCZ11,25.5,71174
8037,F,9,F9,446,SCZ11,25.5,71174
8037,F,10,F10,931,SCZ19,25.5,80672
8037,F,10,F10,931,SCZ19,25.5,80672
8037,F,11,F11,"BLANK- Master Mix, no lysate",BLNK,25.5,85528
8037,F,11,F11,"BLANK- Master Mix, no lysate",BLNK,25.5,85528
8037,F,12,F12,RECOMBINANT ERK  0.25 nM,ERK_0.250nM,25.5,91803
8037,F,12,F12,RECOMBINANT ERK  0.25 nM,ERK_0.250nM,25.5,91803
8037,G,1,G1,661,CTL07,25.5,87351
8037,G,1,G1,661,CTL07,25.5,87351
8037,G,2,G2,69,SCZ04,25.5,97635
8037,G,2,G2,69,SCZ04,25.5,97635
8037,G,3,G3,510,SCZ12,25.5,Inf
8037,G,3,G3,510,SCZ12,25.5,Inf
8037,G,4,G4,932,SCZ20,25.5,77987
8037,G,4,G4,932,SCZ20,25.5,77987
8037,G,5,G5,"BLANK- Master Mix, lysate, no reporter",BLNK_LYS,25.5,22617
8037,G,5,G5,"BLANK- Master Mix, lysate, no reporter",BLNK_LYS,25.5,22617
8037,G,6,G6,RECOMBINANT ERK  0.125 nM,ERK_0.125nM,25.5,Inf
8037,G,6,G6,RECOMBINANT ERK  0.125 nM,ERK_0.125nM,25.5,Inf
8037,G,7,G7,661,CTL07,25.5,81986
8037,G,7,G7,661,CTL07,25.5,81986
8037,G,8,G8,69,SCZ04,25.5,94493
8037,G,8,G8,69,SCZ04,25.5,94493
8037,G,9,G9,510,SCZ12,25.5,Inf
8037,G,9,G9,510,SCZ12,25.5,Inf
8037,G,10,G10,932,SCZ20,25.5,76791
8037,G,10,G10,932,SCZ20,25.5,76791
8037,G,11,G11,"BLANK- Master Mix, lysate, no reporter",BLNK_LYS,25.5,24641
8037,G,11,G11,"BLANK- Master Mix, lysate, no reporter",BLNK_LYS,25.5,24641
8037,G,12,G12,RECOMBINANT ERK  0.125 nM,ERK_0.125nM,25.5,97403
8037,G,12,G12,RECOMBINANT ERK  0.125 nM,ERK_0.125nM,25.5,97403
8037,H,1,H1,689,CTL08,25.5,Inf
8037,H,1,H1,689,CTL08,25.5,Inf
8037,H,2,H2,94,SCZ05,25.5,83253
8037,H,2,H2,94,SCZ05,25.5,83253
8037,H,3,H3,547,SCZ13,25.5,86519
8037,H,3,H3,547,SCZ13,25.5,86519
8037,H,4,H4,326,LYS01,25.5,Inf
8037,H,4,H4,326,LYS01,25.5,Inf
8037,H,5,H5,NA,EMPTY,25.5,89049
8037,H,5,H5,NA,EMPTY,25.5,89049
8037,H,6,H6,RECOMBINANT ERK 2nM + ERK INHIBITOR,ERK_2.000nM_INH,25.5,26946
8037,H,6,H6,RECOMBINANT ERK 2nM + ERK INHIBITOR,ERK_2.000nM_INH,25.5,26946
8037,H,7,H7,689,CTL08,25.5,Inf
8037,H,7,H7,689,CTL08,25.5,Inf
8037,H,8,H8,94,SCZ05,25.5,29693
8037,H,8,H8,94,SCZ05,25.5,29693
8037,H,9,H9,547,SCZ13,25.5,93949
8037,H,9,H9,547,SCZ13,25.5,93949
8037,H,10,H10,326,LYS01,25.5,Inf
8037,H,10,H10,326,LYS01,25.5,Inf
8037,H,11,H11,NA,EMPTY,25.5,23174
8037,H,11,H11,NA,EMPTY,25.5,23174
8037,H,12,H12,RECOMBINANT ERK 2nM + ERK INHIBITOR,ERK_2.000nM_INH,25.5,Inf
8037,H,12,H12,RECOMBINANT ERK 2nM + ERK INHIBITOR,ERK_2.000nM_INH,25.5,Inf
8178,A,1,A1,46,CTL01,25.5,98796
8178,A,1,A1,46,CTL01,25.5,98796
8178,A,2,A2,720,CTL09,25.5,Inf
8178,A,2,A2,720,CTL09,25.5,Inf
8178,A,3,A3,225,SCZ06,25.5,85341
8178,A,3,A3,225,SCZ06,25.5,85341
8178,A,4,A4,552,SCZ14,25.5,93646
8178,A,4,A4,552,SCZ14,25.5,93646
8178,A,5,A5,328,LYS02,25.5,96951
8178,A,5,A5,328,LYS02,25.5,96951
8178,A,6,A6,RECOMBINANT ERK  2nM,ERK_2.000nM,25.5,Inf
8178,A,6,A6,RECOMBINANT ERK  2nM,ERK_2.000nM,25.5,Inf
8178,A,7,A7,46,CTL01,25.5,97323
8178,A,7,A7,46,CTL01,25.5,97323
8178,A,8,A8,720,CTL09,25.5,Inf
8178,A,8,A8,720,CTL09,25.5,Inf
8178,A,9,A9,225,SCZ06,25.5,95429
8178,A,9,A9,225,SCZ06,25.5,95429
8178,A,10,A10,552,SCZ14,25.5,87255
8178,A,10,A10,552,SCZ14,25.5,87255
8178,A,11,A11,328,LYS02,25.5,97414
8178,A,11,A11,328,LYS02,25.5,97414
8178,A,12,A12,RECOMBINANT ERK  2nM,ERK_2.000nM,25.5,Inf
8178,A,12,A12,RECOMBINANT ERK  2nM,ERK_2.000nM,25.5,Inf
8178,B,1,B1,116,CTL02,25.5,89246
8178,B,1,B1,116,CTL02,25.5,89246
8178,B,2,B2,859,CTL10,25.5,Inf
8178,B,2,B2,859,CTL10,25.5,Inf
8178,B,3,B3,235,SCZ07,25.5,Inf
8178,B,3,B3,235,SCZ07,25.5,Inf
8178,B,4,B4,565,SCZ15,25.5,89647
8178,B,4,B4,565,SCZ15,25.5,89647
8178,B,5,B5,335,LYS03,25.5,Inf
8178,B,5,B5,335,LYS03,25.5,Inf
8178,B,6,B6,RECOMBINANT ERK 1.5 nM,ERK_1.500nM,25.5,Inf
8178,B,6,B6,RECOMBINANT ERK 1.5 nM,ERK_1.500nM,25.5,Inf
8178,B,7,B7,116,CTL02,25.5,81619
8178,B,7,B7,116,CTL02,25.5,81619
8178,B,8,B8,859,CTL10,25.5,91692
8178,B,8,B8,859,CTL10,25.5,91692
8178,B,9,B9,235,SCZ07,25.5,96624
8178,B,9,B9,235,SCZ07,25.5,96624
8178,B,10,B10,565,SCZ15,25.5,90767
8178,B,10,B10,565,SCZ15,25.5,90767
8178,B,11,B11,335,LYS03,25.5,Inf
8178,B,11,B11,335,LYS03,25.5,Inf
8178,B,12,B12,RECOMBINANT ERK 1.5 nM,ERK_1.500nM,25.5,Inf
8178,B,12,B12,RECOMBINANT ERK 1.5 nM,ERK_1.500nM,25.5,Inf
8178,C,1,C1,167,CTL03,25.5,Inf
8178,C,1,C1,167,CTL03,25.5,Inf
8178,C,2,C2,874,CTL11,25.5,85873
8178,C,2,C2,874,CTL11,25.5,85873
8178,C,3,C3,262,SCZ08,25.5,Inf
8178,C,3,C3,262,SCZ08,25.5,Inf
8178,C,4,C4,737,SCZ16,25.5,92419
8178,C,4,C4,737,SCZ16,25.5,92419
8178,C,5,C5,907,LYS04,25.5,92084
8178,C,5,C5,907,LYS04,25.5,92084
8178,C,6,C6,RECOMBINANT ERK  1 nM,ERK_1.000nM,25.5,Inf
8178,C,6,C6,RECOMBINANT ERK  1 nM,ERK_1.000nM,25.5,Inf
8178,C,7,C7,167,CTL03,25.5,Inf
8178,C,7,C7,167,CTL03,25.5,Inf
8178,C,8,C8,874,CTL11,25.5,74785
8178,C,8,C8,874,CTL11,25.5,74785
8178,C,9,C9,262,SCZ08,25.5,93597
8178,C,9,C9,262,SCZ08,25.5,93597
8178,C,10,C10,737,SCZ16,25.5,86132
8178,C,10,C10,737,SCZ16,25.5,86132
8178,C,11,C11,907,LYS04,25.5,99565
8178,C,11,C11,907,LYS04,25.5,99565
8178,C,12,C12,RECOMBINANT ERK  1 nM,ERK_1.000nM,25.5,Inf
8178,C,12,C12,RECOMBINANT ERK  1 nM,ERK_1.000nM,25.5,Inf
8178,D,1,D1,195,CTL04,25.5,73878
8178,D,1,D1,195,CTL04,25.5,73878
8178,D,2,D2,11,SCZ01,25.5,95020
8178,D,2,D2,11,SCZ01,25.5,95020
8178,D,3,D3,291,SCZ09,25.5,86633
8178,D,3,D3,291,SCZ09,25.5,86633
8178,D,4,D4,802,SCZ17,25.5,62734
8178,D,4,D4,802,SCZ17,25.5,62734
8178,D,5,D5,5000ng lysate + HI,LYS_HI,25.5,88860
8178,D,5,D5,5000ng lysate + HI,LYS_HI,25.5,88860
8178,D,6,D6,RECOMBINANT ERK  0.75 nM,ERK_0.750nM,25.5,Inf
8178,D,6,D6,RECOMBINANT ERK  0.75 nM,ERK_0.750nM,25.5,Inf
8178,D,7,D7,195,CTL04,25.5,91059
8178,D,7,D7,195,CTL04,25.5,91059
8178,D,8,D8,11,SCZ01,25.5,87563
8178,D,8,D8,11,SCZ01,25.5,87563
8178,D,9,D9,291,SCZ09,25.5,80901
8178,D,9,D9,291,SCZ09,25.5,80901
8178,D,10,D10,802,SCZ17,25.5,81658
8178,D,10,D10,802,SCZ17,25.5,81658
8178,D,11,D11,5000ng lysate + HI,LYS_HI,25.5,91962
8178,D,11,D11,5000ng lysate + HI,LYS_HI,25.5,91962
8178,D,12,D12,RECOMBINANT ERK  0.75 nM,ERK_0.750nM,25.5,Inf
8178,D,12,D12,RECOMBINANT ERK  0.75 nM,ERK_0.750nM,25.5,Inf
8178,E,1,E1,223,CTL05,25.5,Inf
8178,E,1,E1,223,CTL05,25.5,Inf
8178,E,2,E2,22,SCZ02,25.5,Inf
8178,E,2,E2,22,SCZ02,25.5,Inf
8178,E,3,E3,329,SCZ10,25.5,Inf
8178,E,3,E3,329,SCZ10,25.5,Inf
8178,E,4,E4,930,SCZ18,25.5,68058
8178,E,4,E4,930,SCZ18,25.5,68058
8178,E,5,E5,5000ng lysate +ERK INHIBITOR,LYS_INH,25.5,86016
8178,E,5,E5,5000ng lysate +ERK INHIBITOR,LYS_INH,25.5,86016
8178,E,6,E6,RECOMBINANT ERK 0.5 nM,ERK_0.500nM,25.5,Inf
8178,E,6,E6,RECOMBINANT ERK 0.5 nM,ERK_0.500nM,25.5,Inf
8178,E,7,E7,223,CTL05,25.5,93361
8178,E,7,E7,223,CTL05,25.5,93361
8178,E,8,E8,22,SCZ02,25.5,Inf
8178,E,8,E8,22,SCZ02,25.5,Inf
8178,E,9,E9,329,SCZ10,25.5,Inf
8178,E,9,E9,329,SCZ10,25.5,Inf
8178,E,10,E10,930,SCZ18,25.5,73282
8178,E,10,E10,930,SCZ18,25.5,73282
8178,E,11,E11,5000ng lysate +ERK INHIBITOR,LYS_INH,25.5,87948
8178,E,11,E11,5000ng lysate +ERK INHIBITOR,LYS_INH,25.5,87948
8178,E,12,E12,RECOMBINANT ERK 0.5 nM,ERK_0.500nM,25.5,Inf
8178,E,12,E12,RECOMBINANT ERK 0.5 nM,ERK_0.500nM,25.5,Inf
8178,F,1,F1,524,CTL06,25.5,Inf
8178,F,1,F1,524,CTL06,25.5,Inf
8178,F,2,F2,29,SCZ03,25.5,Inf
8178,F,2,F2,29,SCZ03,25.5,Inf
8178,F,3,F3,446,SCZ11,25.5,Inf
8178,F,3,F3,446,SCZ11,25.5,Inf
8178,F,4,F4,931,SCZ19,25.5,78655
8178,F,4,F4,931,SCZ19,25.5,78655
8178,F,5,F5,"BLANK- Master Mix, no lysate",BLNK,25.5,85152
8178,F,5,F5,"BLANK- Master Mix, no lysate",BLNK,25.5,85152
8178,F,6,F6,RECOMBINANT ERK  0.25 nM,ERK_0.250nM,25.5,Inf
8178,F,6,F6,RECOMBINANT ERK  0.25 nM,ERK_0.250nM,25.5,Inf
8178,F,7,F7,524,CTL06,25.5,Inf
8178,F,7,F7,524,CTL06,25.5,Inf
8178,F,8,F8,29,SCZ03,25.5,Inf
8178,F,8,F8,29,SCZ03,25.5,Inf
8178,F,9,F9,446,SCZ11,25.5,71389
8178,F,9,F9,446,SCZ11,25.5,71389
8178,F,10,F10,931,SCZ19,25.5,80509
8178,F,10,F10,931,SCZ19,25.5,80509
8178,F,11,F11,"BLANK- Master Mix, no lysate",BLNK,25.5,85296
8178,F,11,F11,"BLANK- Master Mix, no lysate",BLNK,25.5,85296
8178,F,12,F12,RECOMBINANT ERK  0.25 nM,ERK_0.250nM,25.5,92604
8178,F,12,F12,RECOMBINANT ERK  0.25 nM,ERK_0.250nM,25.5,92604
8178,G,1,G1,661,CTL07,25.5,87185
8178,G,1,G1,661,CTL07,25.5,87185
8178,G,2,G2,69,SCZ04,25.5,98581
8178,G,2,G2,69,SCZ04,25.5,98581
8178,G,3,G3,510,SCZ12,25.5,Inf
8178,G,3,G3,510,SCZ12,25.5,Inf
8178,G,4,G4,932,SCZ20,25.5,77532
8178,G,4,G4,932,SCZ20,25.5,77532
8178,G,5,G5,"BLANK- Master Mix, lysate, no reporter",BLNK_LYS,25.5,22898
8178,G,5,G5,"BLANK- Master Mix, lysate, no reporter",BLNK_LYS,25.5,22898
8178,G,6,G6,RECOMBINANT ERK  0.125 nM,ERK_0.125nM,25.5,Inf
8178,G,6,G6,RECOMBINANT ERK  0.125 nM,ERK_0.125nM,25.5,Inf
8178,G,7,G7,661,CTL07,25.5,81263
8178,G,7,G7,661,CTL07,25.5,81263
8178,G,8,G8,69,SCZ04,25.5,94051
8178,G,8,G8,69,SCZ04,25.5,94051
8178,G,9,G9,510,SCZ12,25.5,Inf
8178,G,9,G9,510,SCZ12,25.5,Inf
8178,G,10,G10,932,SCZ20,25.5,77079
8178,G,10,G10,932,SCZ20,25.5,77079
8178,G,11,G11,"BLANK- Master Mix, lysate, no reporter",BLNK_LYS,25.5,24293
8178,G,11,G11,"BLANK- Master Mix, lysate, no reporter",BLNK_LYS,25.5,24293
8178,G,12,G12,RECOMBINANT ERK  0.125 nM,ERK_0.125nM,25.5,97036
8178,G,12,G12,RECOMBINANT ERK  0.125 nM,ERK_0.125nM,25.5,97036
8178,H,1,H1,689,CTL08,25.5,Inf
8178,H,1,H1,689,CTL08,25.5,Inf
8178,H,2,H2,94,SCZ05,25.5,83381
8178,H,2,H2,94,SCZ05,25.5,83381
8178,H,3,H3,547,SCZ13,25.5,86323
8178,H,3,H3,547,SCZ13,25.5,86323
8178,H,4,H4,326,LYS01,25.5,Inf
8178,H,4,H4,326,LYS01,25.5,Inf
8178,H,5,H5,NA,EMPTY,25.5,90155
8178,H,5,H5,NA,EMPTY,25.5,90155
8178,H,6,H6,RECOMBINANT ERK 2nM + ERK INHIBITOR,ERK_2.000nM_INH,25.5,26939
8178,H,6,H6,RECOMBINANT ERK 2nM + ERK INHIBITOR,ERK_2.000nM_INH,25.5,26939
8178,H,7,H7,689,CTL08,25.5,Inf
8178,H,7,H7,689,CTL08,25.5,Inf
8178,H,8,H8,94,SCZ05,25.5,29871
8178,H,8,H8,94,SCZ05,25.5,29871
8178,H,9,H9,547,SCZ13,25.5,93705
8178,H,9,H9,547,SCZ13,25.5,93705
8178,H,10,H10,326,LYS01,25.5,Inf
8178,H,10,H10,326,LYS01,25.5,Inf
8178,H,11,H11,NA,EMPTY,25.5,23365
8178,H,11,H11,NA,EMPTY,25.5,23365
8178,H,12,H12,RECOMBINANT ERK 2nM + ERK INHIBITOR,ERK_2.000nM_INH,25.5,Inf
8178,H,12,H12,RECOMBINANT ERK 2nM + ERK INHIBITOR,ERK_2.000nM_INH,25.5,Inf
8319,A,1,A1,46,CTL01,25.5,98754
8319,A,1,A1,46,CTL01,25.5,98754
8319,A,2,A2,720,CTL09,25.5,Inf
8319,A,2,A2,720,CTL09,25.5,Inf
8319,A,3,A3,225,SCZ06,25.5,86084
8319,A,3,A3,225,SCZ06,25.5,86084
8319,A,4,A4,552,SCZ14,25.5,94219
8319,A,4,A4,552,SCZ14,25.5,94219
8319,A,5,A5,328,LYS02,25.5,97699
8319,A,5,A5,328,LYS02,25.5,97699
8319,A,6,A6,RECOMBINANT ERK  2nM,ERK_2.000nM,25.5,Inf
8319,A,6,A6,RECOMBINANT ERK  2nM,ERK_2.000nM,25.5,Inf
8319,A,7,A7,46,CTL01,25.5,97921
8319,A,7,A7,46,CTL01,25.5,97921
8319,A,8,A8,720,CTL09,25.5,Inf
8319,A,8,A8,720,CTL09,25.5,Inf
8319,A,9,A9,225,SCZ06,25.5,95137
8319,A,9,A9,225,SCZ06,25.5,95137
8319,A,10,A10,552,SCZ14,25.5,86879
8319,A,10,A10,552,SCZ14,25.5,86879
8319,A,11,A11,328,LYS02,25.5,96958
8319,A,11,A11,328,LYS02,25.5,96958
8319,A,12,A12,RECOMBINANT ERK  2nM,ERK_2.000nM,25.5,Inf
8319,A,12,A12,RECOMBINANT ERK  2nM,ERK_2.000nM,25.5,Inf
8319,B,1,B1,116,CTL02,25.5,89057
8319,B,1,B1,116,CTL02,25.5,89057
8319,B,2,B2,859,CTL10,25.5,Inf
8319,B,2,B2,859,CTL10,25.5,Inf
8319,B,3,B3,235,SCZ07,25.5,Inf
8319,B,3,B3,235,SCZ07,25.5,Inf
8319,B,4,B4,565,SCZ15,25.5,89365
8319,B,4,B4,565,SCZ15,25.5,89365
8319,B,5,B5,335,LYS03,25.5,Inf
8319,B,5,B5,335,LYS03,25.5,Inf
8319,B,6,B6,RECOMBINANT ERK 1.5 nM,ERK_1.500nM,25.5,Inf
8319,B,6,B6,RECOMBINANT ERK 1.5 nM,ERK_1.500nM,25.5,Inf
8319,B,7,B7,116,CTL02,25.5,82165
8319,B,7,B7,116,CTL02,25.5,82165
8319,B,8,B8,859,CTL10,25.5,92682
8319,B,8,B8,859,CTL10,25.5,92682
8319,B,9,B9,235,SCZ07,25.5,97040
8319,B,9,B9,235,SCZ07,25.5,97040
8319,B,10,B10,565,SCZ15,25.5,91430
8319,B,10,B10,565,SCZ15,25.5,91430
8319,B,11,B11,335,LYS03,25.5,Inf
8319,B,11,B11,335,LYS03,25.5,Inf
8319,B,12,B12,RECOMBINANT ERK 1.5 nM,ERK_1.500nM,25.5,Inf
8319,B,12,B12,RECOMBINANT ERK 1.5 nM,ERK_1.500nM,25.5,Inf
8319,C,1,C1,167,CTL03,25.5,Inf
8319,C,1,C1,167,CTL03,25.5,Inf
8319,C,2,C2,874,CTL11,25.5,87346
8319,C,2,C2,874,CTL11,25.5,87346
8319,C,3,C3,262,SCZ08,25.5,Inf
8319,C,3,C3,262,SCZ08,25.5,Inf
8319,C,4,C4,737,SCZ16,25.5,91793
8319,C,4,C4,737,SCZ16,25.5,91793
8319,C,5,C5,907,LYS04,25.5,93422
8319,C,5,C5,907,LYS04,25.5,93422
8319,C,6,C6,RECOMBINANT ERK  1 nM,ERK_1.000nM,25.5,Inf
8319,C,6,C6,RECOMBINANT ERK  1 nM,ERK_1.000nM,25.5,Inf
8319,C,7,C7,167,CTL03,25.5,Inf
8319,C,7,C7,167,CTL03,25.5,Inf
8319,C,8,C8,874,CTL11,25.5,75102
8319,C,8,C8,874,CTL11,25.5,75102
8319,C,9,C9,262,SCZ08,25.5,94032
8319,C,9,C9,262,SCZ08,25.5,94032
8319,C,10,C10,737,SCZ16,25.5,85727
8319,C,10,C10,737,SCZ16,25.5,85727
8319,C,11,C11,907,LYS04,25.5,99961
8319,C,11,C11,907,LYS04,25.5,99961
8319,C,12,C12,RECOMBINANT ERK  1 nM,ERK_1.000nM,25.5,Inf
8319,C,12,C12,RECOMBINANT ERK  1 nM,ERK_1.000nM,25.5,Inf
8319,D,1,D1,195,CTL04,25.5,73723
8319,D,1,D1,195,CTL04,25.5,73723
8319,D,2,D2,11,SCZ01,25.5,95236
8319,D,2,D2,11,SCZ01,25.5,95236
8319,D,3,D3,291,SCZ09,25.5,86798
8319,D,3,D3,291,SCZ09,25.5,86798
8319,D,4,D4,802,SCZ17,25.5,62759
8319,D,4,D4,802,SCZ17,25.5,62759
8319,D,5,D5,5000ng lysate + HI,LYS_HI,25.5,89531
8319,D,5,D5,5000ng lysate + HI,LYS_HI,25.5,89531
8319,D,6,D6,RECOMBINANT ERK  0.75 nM,ERK_0.750nM,25.5,Inf
8319,D,6,D6,RECOMBINANT ERK  0.75 nM,ERK_0.750nM,25.5,Inf
8319,D,7,D7,195,CTL04,25.5,90123
8319,D,7,D7,195,CTL04,25.5,90123
8319,D,8,D8,11,SCZ01,25.5,88100
8319,D,8,D8,11,SCZ01,25.5,88100
8319,D,9,D9,291,SCZ09,25.5,80677
8319,D,9,D9,291,SCZ09,25.5,80677
8319,D,10,D10,802,SCZ17,25.5,81458
8319,D,10,D10,802,SCZ17,25.5,81458
8319,D,11,D11,5000ng lysate + HI,LYS_HI,25.5,92722
8319,D,11,D11,5000ng lysate + HI,LYS_HI,25.5,92722
8319,D,12,D12,RECOMBINANT ERK  0.75 nM,ERK_0.750nM,25.5,Inf
8319,D,12,D12,RECOMBINANT ERK  0.75 nM,ERK_0.750nM,25.5,Inf
8319,E,1,E1,223,CTL05,25.5,Inf
8319,E,1,E1,223,CTL05,25.5,Inf
8319,E,2,E2,22,SCZ02,25.5,Inf
8319,E,2,E2,22,SCZ02,25.5,Inf
8319,E,3,E3,329,SCZ10,25.5,Inf
8319,E,3,E3,329,SCZ10,25.5,Inf
8319,E,4,E4,930,SCZ18,25.5,68299
8319,E,4,E4,930,SCZ18,25.5,68299
8319,E,5,E5,5000ng lysate +ERK INHIBITOR,LYS_INH,25.5,85747
8319,E,5,E5,5000ng lysate +ERK INHIBITOR,LYS_INH,25.5,85747
8319,E,6,E6,RECOMBINANT ERK 0.5 nM,ERK_0.500nM,25.5,Inf
8319,E,6,E6,RECOMBINANT ERK 0.5 nM,ERK_0.500nM,25.5,Inf
8319,E,7,E7,223,CTL05,25.5,94224
8319,E,7,E7,223,CTL05,25.5,94224
8319,E,8,E8,22,SCZ02,25.5,Inf
8319,E,8,E8,22,SCZ02,25.5,Inf
8319,E,9,E9,329,SCZ10,25.5,Inf
8319,E,9,E9,329,SCZ10,25.5,Inf
8319,E,10,E10,930,SCZ18,25.5,73712
8319,E,10,E10,930,SCZ18,25.5,73712
8319,E,11,E11,5000ng lysate +ERK INHIBITOR,LYS_INH,25.5,87596
8319,E,11,E11,5000ng lysate +ERK INHIBITOR,LYS_INH,25.5,87596
8319,E,12,E12,RECOMBINANT ERK 0.5 nM,ERK_0.500nM,25.5,Inf
8319,E,12,E12,RECOMBINANT ERK 0.5 nM,ERK_0.500nM,25.5,Inf
8319,F,1,F1,524,CTL06,25.5,Inf
8319,F,1,F1,524,CTL06,25.5,Inf
8319,F,2,F2,29,SCZ03,25.5,Inf
8319,F,2,F2,29,SCZ03,25.5,Inf
8319,F,3,F3,446,SCZ11,25.5,Inf
8319,F,3,F3,446,SCZ11,25.5,Inf
8319,F,4,F4,931,SCZ19,25.5,79327
8319,F,4,F4,931,SCZ19,25.5,79327
8319,F,5,F5,"BLANK- Master Mix, no lysate",BLNK,25.5,84923
8319,F,5,F5,"BLANK- Master Mix, no lysate",BLNK,25.5,84923
8319,F,6,F6,RECOMBINANT ERK  0.25 nM,ERK_0.250nM,25.5,Inf
8319,F,6,F6,RECOMBINANT ERK  0.25 nM,ERK_0.250nM,25.5,Inf
8319,F,7,F7,524,CTL06,25.5,Inf
8319,F,7,F7,524,CTL06,25.5,Inf
8319,F,8,F8,29,SCZ03,25.5,Inf
8319,F,8,F8,29,SCZ03,25.5,Inf
8319,F,9,F9,446,SCZ11,25.5,71047
8319,F,9,F9,446,SCZ11,25.5,71047
8319,F,10,F10,931,SCZ19,25.5,80506
8319,F,10,F10,931,SCZ19,25.5,80506
8319,F,11,F11,"BLANK- Master Mix, no lysate",BLNK,25.5,85906
8319,F,11,F11,"BLANK- Master Mix, no lysate",BLNK,25.5,85906
8319,F,12,F12,RECOMBINANT ERK  0.25 nM,ERK_0.250nM,25.5,92796
8319,F,12,F12,RECOMBINANT ERK  0.25 nM,ERK_0.250nM,25.5,92796
8319,G,1,G1,661,CTL07,25.5,86844
8319,G,1,G1,661,CTL07,25.5,86844
8319,G,2,G2,69,SCZ04,25.5,98547
8319,G,2,G2,69,SCZ04,25.5,98547
8319,G,3,G3,510,SCZ12,25.5,Inf
8319,G,3,G3,510,SCZ12,25.5,Inf
8319,G,4,G4,932,SCZ20,25.5,78551
8319,G,4,G4,932,SCZ20,25.5,78551
8319,G,5,G5,"BLANK- Master Mix, lysate, no reporter",BLNK_LYS,25.5,22714
8319,G,5,G5,"BLANK- Master Mix, lysate, no reporter",BLNK_LYS,25.5,22714
8319,G,6,G6,RECOMBINANT ERK  0.125 nM,ERK_0.125nM,25.5,Inf
8319,G,6,G6,RECOMBINANT ERK  0.125 nM,ERK_0.125nM,25.5,Inf
8319,G,7,G7,661,CTL07,25.5,82441
8319,G,7,G7,661,CTL07,25.5,82441
8319,G,8,G8,69,SCZ04,25.5,94008
8319,G,8,G8,69,SCZ04,25.5,94008
8319,G,9,G9,510,SCZ12,25.5,Inf
8319,G,9,G9,510,SCZ12,25.5,Inf
8319,G,10,G10,932,SCZ20,25.5,77108
8319,G,10,G10,932,SCZ20,25.5,77108
8319,G,11,G11,"BLANK- Master Mix, lysate, no reporter",BLNK_LYS,25.5,24510
8319,G,11,G11,"BLANK- Master Mix, lysate, no reporter",BLNK_LYS,25.5,24510
8319,G,12,G12,RECOMBINANT ERK  0.125 nM,ERK_0.125nM,25.5,96587
8319,G,12,G12,RECOMBINANT ERK  0.125 nM,ERK_0.125nM,25.5,96587
8319,H,1,H1,689,CTL08,25.5,Inf
8319,H,1,H1,689,CTL08,25.5,Inf
8319,H,2,H2,94,SCZ05,25.5,83631
8319,H,2,H2,94,SCZ05,25.5,83631
8319,H,3,H3,547,SCZ13,25.5,87149
8319,H,3,H3,547,SCZ13,25.5,87149
8319,H,4,H4,326,LYS01,25.5,Inf
8319,H,4,H4,326,LYS01,25.5,Inf
8319,H,5,H5,NA,EMPTY,25.5,89784
8319,H,5,H5,NA,EMPTY,25.5,89784
8319,H,6,H6,RECOMBINANT ERK 2nM + ERK INHIBITOR,ERK_2.000nM_INH,25.5,27287
8319,H,6,H6,RECOMBINANT ERK 2nM + ERK INHIBITOR,ERK_2.000nM_INH,25.5,27287
8319,H,7,H7,689,CTL08,25.5,Inf
8319,H,7,H7,689,CTL08,25.5,Inf
8319,H,8,H8,94,SCZ05,25.5,29944
8319,H,8,H8,94,SCZ05,25.5,29944
8319,H,9,H9,547,SCZ13,25.5,93685
8319,H,9,H9,547,SCZ13,25.5,93685
8319,H,10,H10,326,LYS01,25.5,Inf
8319,H,10,H10,326,LYS01,25.5,Inf
8319,H,11,H11,NA,EMPTY,25.5,23122
8319,H,11,H11,NA,EMPTY,25.5,23122
8319,H,12,H12,RECOMBINANT ERK 2nM + ERK INHIBITOR,ERK_2.000nM_INH,25.5,Inf
8319,H,12,H12,RECOMBINANT ERK 2nM + ERK INHIBITOR,ERK_2.000nM_INH,25.5,Inf
8460,A,1,A1,46,CTL01,25.6,99098
8460,A,1,A1,46,CTL01,25.6,99098
8460,A,2,A2,720,CTL09,25.6,Inf
8460,A,2,A2,720,CTL09,25.6,Inf
8460,A,3,A3,225,SCZ06,25.6,85830
8460,A,3,A3,225,SCZ06,25.6,85830
8460,A,4,A4,552,SCZ14,25.6,94229
8460,A,4,A4,552,SCZ14,25.6,94229
8460,A,5,A5,328,LYS02,25.6,97699
8460,A,5,A5,328,LYS02,25.6,97699
8460,A,6,A6,RECOMBINANT ERK  2nM,ERK_2.000nM,25.6,Inf
8460,A,6,A6,RECOMBINANT ERK  2nM,ERK_2.000nM,25.6,Inf
8460,A,7,A7,46,CTL01,25.6,97631
8460,A,7,A7,46,CTL01,25.6,97631
8460,A,8,A8,720,CTL09,25.6,Inf
8460,A,8,A8,720,CTL09,25.6,Inf
8460,A,9,A9,225,SCZ06,25.6,95543
8460,A,9,A9,225,SCZ06,25.6,95543
8460,A,10,A10,552,SCZ14,25.6,86814
8460,A,10,A10,552,SCZ14,25.6,86814
8460,A,11,A11,328,LYS02,25.6,97789
8460,A,11,A11,328,LYS02,25.6,97789
8460,A,12,A12,RECOMBINANT ERK  2nM,ERK_2.000nM,25.6,Inf
8460,A,12,A12,RECOMBINANT ERK  2nM,ERK_2.000nM,25.6,Inf
8460,B,1,B1,116,CTL02,25.6,89091
8460,B,1,B1,116,CTL02,25.6,89091
8460,B,2,B2,859,CTL10,25.6,Inf
8460,B,2,B2,859,CTL10,25.6,Inf
8460,B,3,B3,235,SCZ07,25.6,Inf
8460,B,3,B3,235,SCZ07,25.6,Inf
8460,B,4,B4,565,SCZ15,25.6,89094
8460,B,4,B4,565,SCZ15,25.6,89094
8460,B,5,B5,335,LYS03,25.6,Inf
8460,B,5,B5,335,LYS03,25.6,Inf
8460,B,6,B6,RECOMBINANT ERK 1.5 nM,ERK_1.500nM,25.6,Inf
8460,B,6,B6,RECOMBINANT ERK 1.5 nM,ERK_1.500nM,25.6,Inf
8460,B,7,B7,116,CTL02,25.6,81697
8460,B,7,B7,116,CTL02,25.6,81697
8460,B,8,B8,859,CTL10,25.6,92847
8460,B,8,B8,859,CTL10,25.6,92847
8460,B,9,B9,235,SCZ07,25.6,96615
8460,B,9,B9,235,SCZ07,25.6,96615
8460,B,10,B10,565,SCZ15,25.6,90847
8460,B,10,B10,565,SCZ15,25.6,90847
8460,B,11,B11,335,LYS03,25.6,Inf
8460,B,11,B11,335,LYS03,25.6,Inf
8460,B,12,B12,RECOMBINANT ERK 1.5 nM,ERK_1.500nM,25.6,Inf
8460,B,12,B12,RECOMBINANT ERK 1.5 nM,ERK_1.500nM,25.6,Inf
8460,C,1,C1,167,CTL03,25.6,Inf
8460,C,1,C1,167,CTL03,25.6,Inf
8460,C,2,C2,874,CTL11,25.6,87367
8460,C,2,C2,874,CTL11,25.6,87367
8460,C,3,C3,262,SCZ08,25.6,Inf
8460,C,3,C3,262,SCZ08,25.6,Inf
8460,C,4,C4,737,SCZ16,25.6,91583
8460,C,4,C4,737,SCZ16,25.6,91583
8460,C,5,C5,907,LYS04,25.6,93693
8460,C,5,C5,907,LYS04,25.6,93693
8460,C,6,C6,RECOMBINANT ERK  1 nM,ERK_1.000nM,25.6,Inf
8460,C,6,C6,RECOMBINANT ERK  1 nM,ERK_1.000nM,25.6,Inf
8460,C,7,C7,167,CTL03,25.6,Inf
8460,C,7,C7,167,CTL03,25.6,Inf
8460,C,8,C8,874,CTL11,25.6,75193
8460,C,8,C8,874,CTL11,25.6,75193
8460,C,9,C9,262,SCZ08,25.6,94049
8460,C,9,C9,262,SCZ08,25.6,94049
8460,C,10,C10,737,SCZ16,25.6,86377
8460,C,10,C10,737,SCZ16,25.6,86377
8460,C,11,C11,907,LYS04,25.6,Inf
8460,C,11,C11,907,LYS04,25.6,Inf
8460,C,12,C12,RECOMBINANT ERK  1 nM,ERK_1.000nM,25.6,Inf
8460,C,12,C12,RECOMBINANT ERK  1 nM,ERK_1.000nM,25.6,Inf
8460,D,1,D1,195,CTL04,25.6,73918
8460,D,1,D1,195,CTL04,25.6,73918
8460,D,2,D2,11,SCZ01,25.6,95771
8460,D,2,D2,11,SCZ01,25.6,95771
8460,D,3,D3,291,SCZ09,25.6,86994
8460,D,3,D3,291,SCZ09,25.6,86994
8460,D,4,D4,802,SCZ17,25.6,62585
8460,D,4,D4,802,SCZ17,25.6,62585
8460,D,5,D5,5000ng lysate + HI,LYS_HI,25.6,90845
8460,D,5,D5,5000ng lysate + HI,LYS_HI,25.6,90845
8460,D,6,D6,RECOMBINANT ERK  0.75 nM,ERK_0.750nM,25.6,Inf
8460,D,6,D6,RECOMBINANT ERK  0.75 nM,ERK_0.750nM,25.6,Inf
8460,D,7,D7,195,CTL04,25.6,91292
8460,D,7,D7,195,CTL04,25.6,91292
8460,D,8,D8,11,SCZ01,25.6,87492
8460,D,8,D8,11,SCZ01,25.6,87492
8460,D,9,D9,291,SCZ09,25.6,80525
8460,D,9,D9,291,SCZ09,25.6,80525
8460,D,10,D10,802,SCZ17,25.6,81085
8460,D,10,D10,802,SCZ17,25.6,81085
8460,D,11,D11,5000ng lysate + HI,LYS_HI,25.6,92091
8460,D,11,D11,5000ng lysate + HI,LYS_HI,25.6,92091
8460,D,12,D12,RECOMBINANT ERK  0.75 nM,ERK_0.750nM,25.6,Inf
8460,D,12,D12,RECOMBINANT ERK  0.75 nM,ERK_0.750nM,25.6,Inf
8460,E,1,E1,223,CTL05,25.6,Inf
8460,E,1,E1,223,CTL05,25.6,Inf
8460,E,2,E2,22,SCZ02,25.6,Inf
8460,E,2,E2,22,SCZ02,25.6,Inf
8460,E,3,E3,329,SCZ10,25.6,Inf
8460,E,3,E3,329,SCZ10,25.6,Inf
8460,E,4,E4,930,SCZ18,25.6,68556
8460,E,4,E4,930,SCZ18,25.6,68556
8460,E,5,E5,5000ng lysate +ERK INHIBITOR,LYS_INH,25.6,86199
8460,E,5,E5,5000ng lysate +ERK INHIBITOR,LYS_INH,25.6,86199
8460,E,6,E6,RECOMBINANT ERK 0.5 nM,ERK_0.500nM,25.6,Inf
8460,E,6,E6,RECOMBINANT ERK 0.5 nM,ERK_0.500nM,25.6,Inf
8460,E,7,E7,223,CTL05,25.6,95294
8460,E,7,E7,223,CTL05,25.6,95294
8460,E,8,E8,22,SCZ02,25.6,Inf
8460,E,8,E8,22,SCZ02,25.6,Inf
8460,E,9,E9,329,SCZ10,25.6,Inf
8460,E,9,E9,329,SCZ10,25.6,Inf
8460,E,10,E10,930,SCZ18,25.6,73960
8460,E,10,E10,930,SCZ18,25.6,73960
8460,E,11,E11,5000ng lysate +ERK INHIBITOR,LYS_INH,25.6,88106
8460,E,11,E11,5000ng lysate +ERK INHIBITOR,LYS_INH,25.6,88106
8460,E,12,E12,RECOMBINANT ERK 0.5 nM,ERK_0.500nM,25.6,Inf
8460,E,12,E12,RECOMBINANT ERK 0.5 nM,ERK_0.500nM,25.6,Inf
8460,F,1,F1,524,CTL06,25.6,Inf
8460,F,1,F1,524,CTL06,25.6,Inf
8460,F,2,F2,29,SCZ03,25.6,Inf
8460,F,2,F2,29,SCZ03,25.6,Inf
8460,F,3,F3,446,SCZ11,25.6,Inf
8460,F,3,F3,446,SCZ11,25.6,Inf
8460,F,4,F4,931,SCZ19,25.6,79323
8460,F,4,F4,931,SCZ19,25.6,79323
8460,F,5,F5,"BLANK- Master Mix, no lysate",BLNK,25.6,86123
8460,F,5,F5,"BLANK- Master Mix, no lysate",BLNK,25.6,86123
8460,F,6,F6,RECOMBINANT ERK  0.25 nM,ERK_0.250nM,25.6,Inf
8460,F,6,F6,RECOMBINANT ERK  0.25 nM,ERK_0.250nM,25.6,Inf
8460,F,7,F7,524,CTL06,25.6,Inf
8460,F,7,F7,524,CTL06,25.6,Inf
8460,F,8,F8,29,SCZ03,25.6,Inf
8460,F,8,F8,29,SCZ03,25.6,Inf
8460,F,9,F9,446,SCZ11,25.6,71615
8460,F,9,F9,446,SCZ11,25.6,71615
8460,F,10,F10,931,SCZ19,25.6,81135
8460,F,10,F10,931,SCZ19,25.6,81135
8460,F,11,F11,"BLANK- Master Mix, no lysate",BLNK,25.6,85659
8460,F,11,F11,"BLANK- Master Mix, no lysate",BLNK,25.6,85659
8460,F,12,F12,RECOMBINANT ERK  0.25 nM,ERK_0.250nM,25.6,93289
8460,F,12,F12,RECOMBINANT ERK  0.25 nM,ERK_0.250nM,25.6,93289
8460,G,1,G1,661,CTL07,25.6,87245
8460,G,1,G1,661,CTL07,25.6,87245
8460,G,2,G2,69,SCZ04,25.6,99864
8460,G,2,G2,69,SCZ04,25.6,99864
8460,G,3,G3,510,SCZ12,25.6,Inf
8460,G,3,G3,510,SCZ12,25.6,Inf
8460,G,4,G4,932,SCZ20,25.6,78955
8460,G,4,G4,932,SCZ20,25.6,78955
8460,G,5,G5,"BLANK- Master Mix, lysate, no reporter",BLNK_LYS,25.6,22730
8460,G,5,G5,"BLANK- Master Mix, lysate, no reporter",BLNK_LYS,25.6,22730
8460,G,6,G6,RECOMBINANT ERK  0.125 nM,ERK_0.125nM,25.6,Inf
8460,G,6,G6,RECOMBINANT ERK  0.125 nM,ERK_0.125nM,25.6,Inf
8460,G,7,G7,661,CTL07,25.6,81302
8460,G,7,G7,661,CTL07,25.6,81302
8460,G,8,G8,69,SCZ04,25.6,94939
8460,G,8,G8,69,SCZ04,25.6,94939
8460,G,9,G9,510,SCZ12,25.6,Inf
8460,G,9,G9,510,SCZ12,25.6,Inf
8460,G,10,G10,932,SCZ20,25.6,77844
8460,G,10,G10,932,SCZ20,25.6,77844
8460,G,11,G11,"BLANK- Master Mix, lysate, no reporter",BLNK_LYS,25.6,24566
8460,G,11,G11,"BLANK- Master Mix, lysate, no reporter",BLNK_LYS,25.6,24566
8460,G,12,G12,RECOMBINANT ERK  0.125 nM,ERK_0.125nM,25.6,97112
8460,G,12,G12,RECOMBINANT ERK  0.125 nM,ERK_0.125nM,25.6,97112
8460,H,1,H1,689,CTL08,25.6,Inf
8460,H,1,H1,689,CTL08,25.6,Inf
8460,H,2,H2,94,SCZ05,25.6,83556
8460,H,2,H2,94,SCZ05,25.6,83556
8460,H,3,H3,547,SCZ13,25.6,86362
8460,H,3,H3,547,SCZ13,25.6,86362
8460,H,4,H4,326,LYS01,25.6,Inf
8460,H,4,H4,326,LYS01,25.6,Inf
8460,H,5,H5,NA,EMPTY,25.6,90125
8460,H,5,H5,NA,EMPTY,25.6,90125
8460,H,6,H6,RECOMBINANT ERK 2nM + ERK INHIBITOR,ERK_2.000nM_INH,25.6,26937
8460,H,6,H6,RECOMBINANT ERK 2nM + ERK INHIBITOR,ERK_2.000nM_INH,25.6,26937
8460,H,7,H7,689,CTL08,25.6,Inf
8460,H,7,H7,689,CTL08,25.6,Inf
8460,H,8,H8,94,SCZ05,25.6,29862
8460,H,8,H8,94,SCZ05,25.6,29862
8460,H,9,H9,547,SCZ13,25.6,94438
8460,H,9,H9,547,SCZ13,25.6,94438
8460,H,10,H10,326,LYS01,25.6,Inf
8460,H,10,H10,326,LYS01,25.6,Inf
8460,H,11,H11,NA,EMPTY,25.6,23217
8460,H,11,H11,NA,EMPTY,25.6,23217
8460,H,12,H12,RECOMBINANT ERK 2nM + ERK INHIBITOR,ERK_2.000nM_INH,25.6,Inf
8460,H,12,H12,RECOMBINANT ERK 2nM + ERK INHIBITOR,ERK_2.000nM_INH,25.6,Inf
8601,A,1,A1,46,CTL01,25.6,99103
8601,A,1,A1,46,CTL01,25.6,99103
8601,A,2,A2,720,CTL09,25.6,Inf
8601,A,2,A2,720,CTL09,25.6,Inf
8601,A,3,A3,225,SCZ06,25.6,85705
8601,A,3,A3,225,SCZ06,25.6,85705
8601,A,4,A4,552,SCZ14,25.6,94601
8601,A,4,A4,552,SCZ14,25.6,94601
8601,A,5,A5,328,LYS02,25.6,98194
8601,A,5,A5,328,LYS02,25.6,98194
8601,A,6,A6,RECOMBINANT ERK  2nM,ERK_2.000nM,25.6,Inf
8601,A,6,A6,RECOMBINANT ERK  2nM,ERK_2.000nM,25.6,Inf
8601,A,7,A7,46,CTL01,25.6,98341
8601,A,7,A7,46,CTL01,25.6,98341
8601,A,8,A8,720,CTL09,25.6,Inf
8601,A,8,A8,720,CTL09,25.6,Inf
8601,A,9,A9,225,SCZ06,25.6,95603
8601,A,9,A9,225,SCZ06,25.6,95603
8601,A,10,A10,552,SCZ14,25.6,87691
8601,A,10,A10,552,SCZ14,25.6,87691
8601,A,11,A11,328,LYS02,25.6,97785
8601,A,11,A11,328,LYS02,25.6,97785
8601,A,12,A12,RECOMBINANT ERK  2nM,ERK_2.000nM,25.6,Inf
8601,A,12,A12,RECOMBINANT ERK  2nM,ERK_2.000nM,25.6,Inf
8601,B,1,B1,116,CTL02,25.6,88828
8601,B,1,B1,116,CTL02,25.6,88828
8601,B,2,B2,859,CTL10,25.6,Inf
8601,B,2,B2,859,CTL10,25.6,Inf
8601,B,3,B3,235,SCZ07,25.6,Inf
8601,B,3,B3,235,SCZ07,25.6,Inf
8601,B,4,B4,565,SCZ15,25.6,89462
8601,B,4,B4,565,SCZ15,25.6,89462
8601,B,5,B5,335,LYS03,25.6,Inf
8601,B,5,B5,335,LYS03,25.6,Inf
8601,B,6,B6,RECOMBINANT ERK 1.5 nM,ERK_1.500nM,25.6,Inf
8601,B,6,B6,RECOMBINANT ERK 1.5 nM,ERK_1.500nM,25.6,Inf
8601,B,7,B7,116,CTL02,25.6,81293
8601,B,7,B7,116,CTL02,25.6,81293
8601,B,8,B8,859,CTL10,25.6,92969
8601,B,8,B8,859,CTL10,25.6,92969
8601,B,9,B9,235,SCZ07,25.6,97095
8601,B,9,B9,235,SCZ07,25.6,97095
8601,B,10,B10,565,SCZ15,25.6,91229
8601,B,10,B10,565,SCZ15,25.6,91229
8601,B,11,B11,335,LYS03,25.6,Inf
8601,B,11,B11,335,LYS03,25.6,Inf
8601,B,12,B12,RECOMBINANT ERK 1.5 nM,ERK_1.500nM,25.6,Inf
8601,B,12,B12,RECOMBINANT ERK 1.5 nM,ERK_1.500nM,25.6,Inf
8601,C,1,C1,167,CTL03,25.6,Inf
8601,C,1,C1,167,CTL03,25.6,Inf
8601,C,2,C2,874,CTL11,25.6,87539
8601,C,2,C2,874,CTL11,25.6,87539
8601,C,3,C3,262,SCZ08,25.6,Inf
8601,C,3,C3,262,SCZ08,25.6,Inf
8601,C,4,C4,737,SCZ16,25.6,91905
8601,C,4,C4,737,SCZ16,25.6,91905
8601,C,5,C5,907,LYS04,25.6,94674
8601,C,5,C5,907,LYS04,25.6,94674
8601,C,6,C6,RECOMBINANT ERK  1 nM,ERK_1.000nM,25.6,Inf
8601,C,6,C6,RECOMBINANT ERK  1 nM,ERK_1.000nM,25.6,Inf
8601,C,7,C7,167,CTL03,25.6,Inf
8601,C,7,C7,167,CTL03,25.6,Inf
8601,C,8,C8,874,CTL11,25.6,75952
8601,C,8,C8,874,CTL11,25.6,75952
8601,C,9,C9,262,SCZ08,25.6,94305
8601,C,9,C9,262,SCZ08,25.6,94305
8601,C,10,C10,737,SCZ16,25.6,86204
8601,C,10,C10,737,SCZ16,25.6,86204
8601,C,11,C11,907,LYS04,25.6,Inf
8601,C,11,C11,907,LYS04,25.6,Inf
8601,C,12,C12,RECOMBINANT ERK  1 nM,ERK_1.000nM,25.6,Inf
8601,C,12,C12,RECOMBINANT ERK  1 nM,ERK_1.000nM,25.6,Inf
8601,D,1,D1,195,CTL04,25.6,73336
8601,D,1,D1,195,CTL04,25.6,73336
8601,D,2,D2,11,SCZ01,25.6,96082
8601,D,2,D2,11,SCZ01,25.6,96082
8601,D,3,D3,291,SCZ09,25.6,87032
8601,D,3,D3,291,SCZ09,25.6,87032
8601,D,4,D4,802,SCZ17,25.6,63009
8601,D,4,D4,802,SCZ17,25.6,63009
8601,D,5,D5,5000ng lysate + HI,LYS_HI,25.6,90117
8601,D,5,D5,5000ng lysate + HI,LYS_HI,25.6,90117
8601,D,6,D6,RECOMBINANT ERK  0.75 nM,ERK_0.750nM,25.6,Inf
8601,D,6,D6,RECOMBINANT ERK  0.75 nM,ERK_0.750nM,25.6,Inf
8601,D,7,D7,195,CTL04,25.6,90867
8601,D,7,D7,195,CTL04,25.6,90867
8601,D,8,D8,11,SCZ01,25.6,87511
8601,D,8,D8,11,SCZ01,25.6,87511
8601,D,9,D9,291,SCZ09,25.6,80766
8601,D,9,D9,291,SCZ09,25.6,80766
8601,D,10,D10,802,SCZ17,25.6,81700
8601,D,10,D10,802,SCZ17,25.6,81700
8601,D,11,D11,5000ng lysate + HI,LYS_HI,25.6,93215
8601,D,11,D11,5000ng lysate + HI,LYS_HI,25.6,93215
8601,D,12,D12,RECOMBINANT ERK  0.75 nM,ERK_0.750nM,25.6,Inf
8601,D,12,D12,RECOMBINANT ERK  0.75 nM,ERK_0.750nM,25.6,Inf
8601,E,1,E1,223,CTL05,25.6,Inf
8601,E,1,E1,223,CTL05,25.6,Inf
8601,E,2,E2,22,SCZ02,25.6,Inf
8601,E,2,E2,22,SCZ02,25.6,Inf
8601,E,3,E3,329,SCZ10,25.6,Inf
8601,E,3,E3,329,SCZ10,25.6,Inf
8601,E,4,E4,930,SCZ18,25.6,68941
8601,E,4,E4,930,SCZ18,25.6,68941
8601,E,5,E5,5000ng lysate +ERK INHIBITOR,LYS_INH,25.6,86024
8601,E,5,E5,5000ng lysate +ERK INHIBITOR,LYS_INH,25.6,86024
8601,E,6,E6,RECOMBINANT ERK 0.5 nM,ERK_0.500nM,25.6,Inf
8601,E,6,E6,RECOMBINANT ERK 0.5 nM,ERK_0.500nM,25.6,Inf
8601,E,7,E7,223,CTL05,25.6,95642
8601,E,7,E7,223,CTL05,25.6,95642
8601,E,8,E8,22,SCZ02,25.6,Inf
8601,E,8,E8,22,SCZ02,25.6,Inf
8601,E,9,E9,329,SCZ10,25.6,Inf
8601,E,9,E9,329,SCZ10,25.6,Inf
8601,E,10,E10,930,SCZ18,25.6,74153
8601,E,10,E10,930,SCZ18,25.6,74153
8601,E,11,E11,5000ng lysate +ERK INHIBITOR,LYS_INH,25.6,87944
8601,E,11,E11,5000ng lysate +ERK INHIBITOR,LYS_INH,25.6,87944
8601,E,12,E12,RECOMBINANT ERK 0.5 nM,ERK_0.500nM,25.6,Inf
8601,E,12,E12,RECOMBINANT ERK 0.5 nM,ERK_0.500nM,25.6,Inf
8601,F,1,F1,524,CTL06,25.6,Inf
8601,F,1,F1,524,CTL06,25.6,Inf
8601,F,2,F2,29,SCZ03,25.6,Inf
8601,F,2,F2,29,SCZ03,25.6,Inf
8601,F,3,F3,446,SCZ11,25.6,Inf
8601,F,3,F3,446,SCZ11,25.6,Inf
8601,F,4,F4,931,SCZ19,25.6,79397
8601,F,4,F4,931,SCZ19,25.6,79397
8601,F,5,F5,"BLANK- Master Mix, no lysate",BLNK,25.6,85535
8601,F,5,F5,"BLANK- Master Mix, no lysate",BLNK,25.6,85535
8601,F,6,F6,RECOMBINANT ERK  0.25 nM,ERK_0.250nM,25.6,Inf
8601,F,6,F6,RECOMBINANT ERK  0.25 nM,ERK_0.250nM,25.6,Inf
8601,F,7,F7,524,CTL06,25.6,Inf
8601,F,7,F7,524,CTL06,25.6,Inf
8601,F,8,F8,29,SCZ03,25.6,Inf
8601,F,8,F8,29,SCZ03,25.6,Inf
8601,F,9,F9,446,SCZ11,25.6,72104
8601,F,9,F9,446,SCZ11,25.6,72104
8601,F,10,F10,931,SCZ19,25.6,81206
8601,F,10,F10,931,SCZ19,25.6,81206
8601,F,11,F11,"BLANK- Master Mix, no lysate",BLNK,25.6,85873
8601,F,11,F11,"BLANK- Master Mix, no lysate",BLNK,25.6,85873
8601,F,12,F12,RECOMBINANT ERK  0.25 nM,ERK_0.250nM,25.6,93842
8601,F,12,F12,RECOMBINANT ERK  0.25 nM,ERK_0.250nM,25.6,93842
8601,G,1,G1,661,CTL07,25.6,87228
8601,G,1,G1,661,CTL07,25.6,87228
8601,G,2,G2,69,SCZ04,25.6,Inf
8601,G,2,G2,69,SCZ04,25.6,Inf
8601,G,3,G3,510,SCZ12,25.6,Inf
8601,G,3,G3,510,SCZ12,25.6,Inf
8601,G,4,G4,932,SCZ20,25.6,79287
8601,G,4,G4,932,SCZ20,25.6,79287
8601,G,5,G5,"BLANK- Master Mix, lysate, no reporter",BLNK_LYS,25.6,22367
8601,G,5,G5,"BLANK- Master Mix, lysate, no reporter",BLNK_LYS,25.6,22367
8601,G,6,G6,RECOMBINANT ERK  0.125 nM,ERK_0.125nM,25.6,Inf
8601,G,6,G6,RECOMBINANT ERK  0.125 nM,ERK_0.125nM,25.6,Inf
8601,G,7,G7,661,CTL07,25.6,81884
8601,G,7,G7,661,CTL07,25.6,81884
8601,G,8,G8,69,SCZ04,25.6,94872
8601,G,8,G8,69,SCZ04,25.6,94872
8601,G,9,G9,510,SCZ12,25.6,Inf
8601,G,9,G9,510,SCZ12,25.6,Inf
8601,G,10,G10,932,SCZ20,25.6,78035
8601,G,10,G10,932,SCZ20,25.6,78035
8601,G,11,G11,"BLANK- Master Mix, lysate, no reporter",BLNK_LYS,25.6,23828
8601,G,11,G11,"BLANK- Master Mix, lysate, no reporter",BLNK_LYS,25.6,23828
8601,G,12,G12,RECOMBINANT ERK  0.125 nM,ERK_0.125nM,25.6,97106
8601,G,12,G12,RECOMBINANT ERK  0.125 nM,ERK_0.125nM,25.6,97106
8601,H,1,H1,689,CTL08,25.6,Inf
8601,H,1,H1,689,CTL08,25.6,Inf
8601,H,2,H2,94,SCZ05,25.6,83857
8601,H,2,H2,94,SCZ05,25.6,83857
8601,H,3,H3,547,SCZ13,25.6,87308
8601,H,3,H3,547,SCZ13,25.6,87308
8601,H,4,H4,326,LYS01,25.6,Inf
8601,H,4,H4,326,LYS01,25.6,Inf
8601,H,5,H5,NA,EMPTY,25.6,90204
8601,H,5,H5,NA,EMPTY,25.6,90204
8601,H,6,H6,RECOMBINANT ERK 2nM + ERK INHIBITOR,ERK_2.000nM_INH,25.6,27211
8601,H,6,H6,RECOMBINANT ERK 2nM + ERK INHIBITOR,ERK_2.000nM_INH,25.6,27211
8601,H,7,H7,689,CTL08,25.6,Inf
8601,H,7,H7,689,CTL08,25.6,Inf
8601,H,8,H8,94,SCZ05,25.6,29943
8601,H,8,H8,94,SCZ05,25.6,29943
8601,H,9,H9,547,SCZ13,25.6,93888
8601,H,9,H9,547,SCZ13,25.6,93888
8601,H,10,H10,326,LYS01,25.6,Inf
8601,H,10,H10,326,LYS01,25.6,Inf
8601,H,11,H11,NA,EMPTY,25.6,23320
8601,H,11,H11,NA,EMPTY,25.6,23320
8601,H,12,H12,RECOMBINANT ERK 2nM + ERK INHIBITOR,ERK_2.000nM_INH,25.6,Inf
8601,H,12,H12,RECOMBINANT ERK 2nM + ERK INHIBITOR,ERK_2.000nM_INH,25.6,Inf
8742,A,1,A1,46,CTL01,25.6,98909
8742,A,1,A1,46,CTL01,25.6,98909
8742,A,2,A2,720,CTL09,25.6,Inf
8742,A,2,A2,720,CTL09,25.6,Inf
8742,A,3,A3,225,SCZ06,25.6,85582
8742,A,3,A3,225,SCZ06,25.6,85582
8742,A,4,A4,552,SCZ14,25.6,94802
8742,A,4,A4,552,SCZ14,25.6,94802
8742,A,5,A5,328,LYS02,25.6,98473
8742,A,5,A5,328,LYS02,25.6,98473
8742,A,6,A6,RECOMBINANT ERK  2nM,ERK_2.000nM,25.6,Inf
8742,A,6,A6,RECOMBINANT ERK  2nM,ERK_2.000nM,25.6,Inf
8742,A,7,A7,46,CTL01,25.6,98353
8742,A,7,A7,46,CTL01,25.6,98353
8742,A,8,A8,720,CTL09,25.6,Inf
8742,A,8,A8,720,CTL09,25.6,Inf
8742,A,9,A9,225,SCZ06,25.6,95560
8742,A,9,A9,225,SCZ06,25.6,95560
8742,A,10,A10,552,SCZ14,25.6,88615
8742,A,10,A10,552,SCZ14,25.6,88615
8742,A,11,A11,328,LYS02,25.6,97983
8742,A,11,A11,328,LYS02,25.6,97983
8742,A,12,A12,RECOMBINANT ERK  2nM,ERK_2.000nM,25.6,Inf
8742,A,12,A12,RECOMBINANT ERK  2nM,ERK_2.000nM,25.6,Inf
8742,B,1,B1,116,CTL02,25.6,89100
8742,B,1,B1,116,CTL02,25.6,89100
8742,B,2,B2,859,CTL10,25.6,Inf
8742,B,2,B2,859,CTL10,25.6,Inf
8742,B,3,B3,235,SCZ07,25.6,Inf
8742,B,3,B3,235,SCZ07,25.6,Inf
8742,B,4,B4,565,SCZ15,25.6,90323
8742,B,4,B4,565,SCZ15,25.6,90323
8742,B,5,B5,335,LYS03,25.6,Inf
8742,B,5,B5,335,LYS03,25.6,Inf
8742,B,6,B6,RECOMBINANT ERK 1.5 nM,ERK_1.500nM,25.6,Inf
8742,B,6,B6,RECOMBINANT ERK 1.5 nM,ERK_1.500nM,25.6,Inf
8742,B,7,B7,116,CTL02,25.6,81842
8742,B,7,B7,116,CTL02,25.6,81842
8742,B,8,B8,859,CTL10,25.6,93421
8742,B,8,B8,859,CTL10,25.6,93421
8742,B,9,B9,235,SCZ07,25.6,96969
8742,B,9,B9,235,SCZ07,25.6,96969
8742,B,10,B10,565,SCZ15,25.6,90892
8742,B,10,B10,565,SCZ15,25.6,90892
8742,B,11,B11,335,LYS03,25.6,Inf
8742,B,11,B11,335,LYS03,25.6,Inf
8742,B,12,B12,RECOMBINANT ERK 1.5 nM,ERK_1.500nM,25.6,Inf
8742,B,12,B12,RECOMBINANT ERK 1.5 nM,ERK_1.500nM,25.6,Inf
8742,C,1,C1,167,CTL03,25.6,Inf
8742,C,1,C1,167,CTL03,25.6,Inf
8742,C,2,C2,874,CTL11,25.6,87701
8742,C,2,C2,874,CTL11,25.6,87701
8742,C,3,C3,262,SCZ08,25.6,Inf
8742,C,3,C3,262,SCZ08,25.6,Inf
8742,C,4,C4,737,SCZ16,25.6,91613
8742,C,4,C4,737,SCZ16,25.6,91613
8742,C,5,C5,907,LYS04,25.6,95876
8742,C,5,C5,907,LYS04,25.6,95876
8742,C,6,C6,RECOMBINANT ERK  1 nM,ERK_1.000nM,25.6,Inf
8742,C,6,C6,RECOMBINANT ERK  1 nM,ERK_1.000nM,25.6,Inf
8742,C,7,C7,167,CTL03,25.6,Inf
8742,C,7,C7,167,CTL03,25.6,Inf
8742,C,8,C8,874,CTL11,25.6,76258
8742,C,8,C8,874,CTL11,25.6,76258
8742,C,9,C9,262,SCZ08,25.6,94680
8742,C,9,C9,262,SCZ08,25.6,94680
8742,C,10,C10,737,SCZ16,25.6,86127
8742,C,10,C10,737,SCZ16,25.6,86127
8742,C,11,C11,907,LYS04,25.6,Inf
8742,C,11,C11,907,LYS04,25.6,Inf
8742,C,12,C12,RECOMBINANT ERK  1 nM,ERK_1.000nM,25.6,Inf
8742,C,12,C12,RECOMBINANT ERK  1 nM,ERK_1.000nM,25.6,Inf
8742,D,1,D1,195,CTL04,25.6,73571
8742,D,1,D1,195,CTL04,25.6,73571
8742,D,2,D2,11,SCZ01,25.6,95457
8742,D,2,D2,11,SCZ01,25.6,95457
8742,D,3,D3,291,SCZ09,25.6,87011
8742,D,3,D3,291,SCZ09,25.6,87011
8742,D,4,D4,802,SCZ17,25.6,62741
8742,D,4,D4,802,SCZ17,25.6,62741
8742,D,5,D5,5000ng lysate + HI,LYS_HI,25.6,90611
8742,D,5,D5,5000ng lysate + HI,LYS_HI,25.6,90611
8742,D,6,D6,RECOMBINANT ERK  0.75 nM,ERK_0.750nM,25.6,Inf
8742,D,6,D6,RECOMBINANT ERK  0.75 nM,ERK_0.750nM,25.6,Inf
8742,D,7,D7,195,CTL04,25.6,90875
8742,D,7,D7,195,CTL04,25.6,90875
8742,D,8,D8,11,SCZ01,25.6,87103
8742,D,8,D8,11,SCZ01,25.6,87103
8742,D,9,D9,291,SCZ09,25.6,80774
8742,D,9,D9,291,SCZ09,25.6,80774
8742,D,10,D10,802,SCZ17,25.6,80987
8742,D,10,D10,802,SCZ17,25.6,80987
8742,D,11,D11,5000ng lysate + HI,LYS_HI,25.6,92588
8742,D,11,D11,5000ng lysate + HI,LYS_HI,25.6,92588
8742,D,12,D12,RECOMBINANT ERK  0.75 nM,ERK_0.750nM,25.6,Inf
8742,D,12,D12,RECOMBINANT ERK  0.75 nM,ERK_0.750nM,25.6,Inf
8742,E,1,E1,223,CTL05,25.6,Inf
8742,E,1,E1,223,CTL05,25.6,Inf
8742,E,2,E2,22,SCZ02,25.6,Inf
8742,E,2,E2,22,SCZ02,25.6,Inf
8742,E,3,E3,329,SCZ10,25.6,Inf
8742,E,3,E3,329,SCZ10,25.6,Inf
8742,E,4,E4,930,SCZ18,25.6,69362
8742,E,4,E4,930,SCZ18,25.6,69362
8742,E,5,E5,5000ng lysate +ERK INHIBITOR,LYS_INH,25.6,85858
8742,E,5,E5,5000ng lysate +ERK INHIBITOR,LYS_INH,25.6,85858
8742,E,6,E6,RECOMBINANT ERK 0.5 nM,ERK_0.500nM,25.6,Inf
8742,E,6,E6,RECOMBINANT ERK 0.5 nM,ERK_0.500nM,25.6,Inf
8742,E,7,E7,223,CTL05,25.6,96049
8742,E,7,E7,223,CTL05,25.6,96049
8742,E,8,E8,22,SCZ02,25.6,Inf
8742,E,8,E8,22,SCZ02,25.6,Inf
8742,E,9,E9,329,SCZ10,25.6,Inf
8742,E,9,E9,329,SCZ10,25.6,Inf
8742,E,10,E10,930,SCZ18,25.6,74546
8742,E,10,E10,930,SCZ18,25.6,74546
8742,E,11,E11,5000ng lysate +ERK INHIBITOR,LYS_INH,25.6,88366
8742,E,11,E11,5000ng lysate +ERK INHIBITOR,LYS_INH,25.6,88366
8742,E,12,E12,RECOMBINANT ERK 0.5 nM,ERK_0.500nM,25.6,Inf
8742,E,12,E12,RECOMBINANT ERK 0.5 nM,ERK_0.500nM,25.6,Inf
8742,F,1,F1,524,CTL06,25.6,Inf
8742,F,1,F1,524,CTL06,25.6,Inf
8742,F,2,F2,29,SCZ03,25.6,Inf
8742,F,2,F2,29,SCZ03,25.6,Inf
8742,F,3,F3,446,SCZ11,25.6,Inf
8742,F,3,F3,446,SCZ11,25.6,Inf
8742,F,4,F4,931,SCZ19,25.6,79593
8742,F,4,F4,931,SCZ19,25.6,79593
8742,F,5,F5,"BLANK- Master Mix, no lysate",BLNK,25.6,85851
8742,F,5,F5,"BLANK- Master Mix, no lysate",BLNK,25.6,85851
8742,F,6,F6,RECOMBINANT ERK  0.25 nM,ERK_0.250nM,25.6,Inf
8742,F,6,F6,RECOMBINANT ERK  0.25 nM,ERK_0.250nM,25.6,Inf
8742,F,7,F7,524,CTL06,25.6,Inf
8742,F,7,F7,524,CTL06,25.6,Inf
8742,F,8,F8,29,SCZ03,25.6,Inf
8742,F,8,F8,29,SCZ03,25.6,Inf
8742,F,9,F9,446,SCZ11,25.6,71676
8742,F,9,F9,446,SCZ11,25.6,71676
8742,F,10,F10,931,SCZ19,25.6,81413
8742,F,10,F10,931,SCZ19,25.6,81413
8742,F,11,F11,"BLANK- Master Mix, no lysate",BLNK,25.6,85448
8742,F,11,F11,"BLANK- Master Mix, no lysate",BLNK,25.6,85448
8742,F,12,F12,RECOMBINANT ERK  0.25 nM,ERK_0.250nM,25.6,94520
8742,F,12,F12,RECOMBINANT ERK  0.25 nM,ERK_0.250nM,25.6,94520
8742,G,1,G1,661,CTL07,25.6,87602
8742,G,1,G1,661,CTL07,25.6,87602
8742,G,2,G2,69,SCZ04,25.6,Inf
8742,G,2,G2,69,SCZ04,25.6,Inf
8742,G,3,G3,510,SCZ12,25.6,Inf
8742,G,3,G3,510,SCZ12,25.6,Inf
8742,G,4,G4,932,SCZ20,25.6,79324
8742,G,4,G4,932,SCZ20,25.6,79324
8742,G,5,G5,"BLANK- Master Mix, lysate, no reporter",BLNK_LYS,25.6,22169
8742,G,5,G5,"BLANK- Master Mix, lysate, no reporter",BLNK_LYS,25.6,22169
8742,G,6,G6,RECOMBINANT ERK  0.125 nM,ERK_0.125nM,25.6,Inf
8742,G,6,G6,RECOMBINANT ERK  0.125 nM,ERK_0.125nM,25.6,Inf
8742,G,7,G7,661,CTL07,25.6,81336
8742,G,7,G7,661,CTL07,25.6,81336
8742,G,8,G8,69,SCZ04,25.6,95696
8742,G,8,G8,69,SCZ04,25.6,95696
8742,G,9,G9,510,SCZ12,25.6,Inf
8742,G,9,G9,510,SCZ12,25.6,Inf
8742,G,10,G10,932,SCZ20,25.6,78257
8742,G,10,G10,932,SCZ20,25.6,78257
8742,G,11,G11,"BLANK- Master Mix, lysate, no reporter",BLNK_LYS,25.6,24381
8742,G,11,G11,"BLANK- Master Mix, lysate, no reporter",BLNK_LYS,25.6,24381
8742,G,12,G12,RECOMBINANT ERK  0.125 nM,ERK_0.125nM,25.6,96714
8742,G,12,G12,RECOMBINANT ERK  0.125 nM,ERK_0.125nM,25.6,96714
8742,H,1,H1,689,CTL08,25.6,Inf
8742,H,1,H1,689,CTL08,25.6,Inf
8742,H,2,H2,94,SCZ05,25.6,83751
8742,H,2,H2,94,SCZ05,25.6,83751
8742,H,3,H3,547,SCZ13,25.6,86884
8742,H,3,H3,547,SCZ13,25.6,86884
8742,H,4,H4,326,LYS01,25.6,Inf
8742,H,4,H4,326,LYS01,25.6,Inf
8742,H,5,H5,NA,EMPTY,25.6,89452
8742,H,5,H5,NA,EMPTY,25.6,89452
8742,H,6,H6,RECOMBINANT ERK 2nM + ERK INHIBITOR,ERK_2.000nM_INH,25.6,27267
8742,H,6,H6,RECOMBINANT ERK 2nM + ERK INHIBITOR,ERK_2.000nM_INH,25.6,27267
8742,H,7,H7,689,CTL08,25.6,Inf
8742,H,7,H7,689,CTL08,25.6,Inf
8742,H,8,H8,94,SCZ05,25.6,29845
8742,H,8,H8,94,SCZ05,25.6,29845
8742,H,9,H9,547,SCZ13,25.6,94328
8742,H,9,H9,547,SCZ13,25.6,94328
8742,H,10,H10,326,LYS01,25.6,Inf
8742,H,10,H10,326,LYS01,25.6,Inf
8742,H,11,H11,NA,EMPTY,25.6,22921
8742,H,11,H11,NA,EMPTY,25.6,22921
8742,H,12,H12,RECOMBINANT ERK 2nM + ERK INHIBITOR,ERK_2.000nM_INH,25.6,Inf
8742,H,12,H12,RECOMBINANT ERK 2nM + ERK INHIBITOR,ERK_2.000nM_INH,25.6,Inf
8883,A,1,A1,46,CTL01,25.6,98628
8883,A,1,A1,46,CTL01,25.6,98628
8883,A,2,A2,720,CTL09,25.6,Inf
8883,A,2,A2,720,CTL09,25.6,Inf
8883,A,3,A3,225,SCZ06,25.6,85979
8883,A,3,A3,225,SCZ06,25.6,85979
8883,A,4,A4,552,SCZ14,25.6,94845
8883,A,4,A4,552,SCZ14,25.6,94845
8883,A,5,A5,328,LYS02,25.6,99601
8883,A,5,A5,328,LYS02,25.6,99601
8883,A,6,A6,RECOMBINANT ERK  2nM,ERK_2.000nM,25.6,Inf
8883,A,6,A6,RECOMBINANT ERK  2nM,ERK_2.000nM,25.6,Inf
8883,A,7,A7,46,CTL01,25.6,98182
8883,A,7,A7,46,CTL01,25.6,98182
8883,A,8,A8,720,CTL09,25.6,Inf
8883,A,8,A8,720,CTL09,25.6,Inf
8883,A,9,A9,225,SCZ06,25.6,95638
8883,A,9,A9,225,SCZ06,25.6,95638
8883,A,10,A10,552,SCZ14,25.6,88756
8883,A,10,A10,552,SCZ14,25.6,88756
8883,A,11,A11,328,LYS02,25.6,97768
8883,A,11,A11,328,LYS02,25.6,97768
8883,A,12,A12,RECOMBINANT ERK  2nM,ERK_2.000nM,25.6,Inf
8883,A,12,A12,RECOMBINANT ERK  2nM,ERK_2.000nM,25.6,Inf
8883,B,1,B1,116,CTL02,25.6,89657
8883,B,1,B1,116,CTL02,25.6,89657
8883,B,2,B2,859,CTL10,25.6,Inf
8883,B,2,B2,859,CTL10,25.6,Inf
8883,B,3,B3,235,SCZ07,25.6,Inf
8883,B,3,B3,235,SCZ07,25.6,Inf
8883,B,4,B4,565,SCZ15,25.6,89275
8883,B,4,B4,565,SCZ15,25.6,89275
8883,B,5,B5,335,LYS03,25.6,Inf
8883,B,5,B5,335,LYS03,25.6,Inf
8883,B,6,B6,RECOMBINANT ERK 1.5 nM,ERK_1.500nM,25.6,Inf
8883,B,6,B6,RECOMBINANT ERK 1.5 nM,ERK_1.500nM,25.6,Inf
8883,B,7,B7,116,CTL02,25.6,81784
8883,B,7,B7,116,CTL02,25.6,81784
8883,B,8,B8,859,CTL10,25.6,94722
8883,B,8,B8,859,CTL10,25.6,94722
8883,B,9,B9,235,SCZ07,25.6,97508
8883,B,9,B9,235,SCZ07,25.6,97508
8883,B,10,B10,565,SCZ15,25.6,90923
8883,B,10,B10,565,SCZ15,25.6,90923
8883,B,11,B11,335,LYS03,25.6,Inf
8883,B,11,B11,335,LYS03,25.6,Inf
8883,B,12,B12,RECOMBINANT ERK 1.5 nM,ERK_1.500nM,25.6,Inf
8883,B,12,B12,RECOMBINANT ERK 1.5 nM,ERK_1.500nM,25.6,Inf
8883,C,1,C1,167,CTL03,25.6,Inf
8883,C,1,C1,167,CTL03,25.6,Inf
8883,C,2,C2,874,CTL11,25.6,88437
8883,C,2,C2,874,CTL11,25.6,88437
8883,C,3,C3,262,SCZ08,25.6,Inf
8883,C,3,C3,262,SCZ08,25.6,Inf
8883,C,4,C4,737,SCZ16,25.6,91541
8883,C,4,C4,737,SCZ16,25.6,91541
8883,C,5,C5,907,LYS04,25.6,95903
8883,C,5,C5,907,LYS04,25.6,95903
8883,C,6,C6,RECOMBINANT ERK  1 nM,ERK_1.000nM,25.6,Inf
8883,C,6,C6,RECOMBINANT ERK  1 nM,ERK_1.000nM,25.6,Inf
8883,C,7,C7,167,CTL03,25.6,Inf
8883,C,7,C7,167,CTL03,25.6,Inf
8883,C,8,C8,874,CTL11,25.6,76224
8883,C,8,C8,874,CTL11,25.6,76224
8883,C,9,C9,262,SCZ08,25.6,94405
8883,C,9,C9,262,SCZ08,25.6,94405
8883,C,10,C10,737,SCZ16,25.6,85714
8883,C,10,C10,737,SCZ16,25.6,85714
8883,C,11,C11,907,LYS04,25.6,Inf
8883,C,11,C11,907,LYS04,25.6,Inf
8883,C,12,C12,RECOMBINANT ERK  1 nM,ERK_1.000nM,25.6,Inf
8883,C,12,C12,RECOMBINANT ERK  1 nM,ERK_1.000nM,25.6,Inf
8883,D,1,D1,195,CTL04,25.6,73766
8883,D,1,D1,195,CTL04,25.6,73766
8883,D,2,D2,11,SCZ01,25.6,95754
8883,D,2,D2,11,SCZ01,25.6,95754
8883,D,3,D3,291,SCZ09,25.6,87095
8883,D,3,D3,291,SCZ09,25.6,87095
8883,D,4,D4,802,SCZ17,25.6,63411
8883,D,4,D4,802,SCZ17,25.6,63411
8883,D,5,D5,5000ng lysate + HI,LYS_HI,25.6,90580
8883,D,5,D5,5000ng lysate + HI,LYS_HI,25.6,90580
8883,D,6,D6,RECOMBINANT ERK  0.75 nM,ERK_0.750nM,25.6,Inf
8883,D,6,D6,RECOMBINANT ERK  0.75 nM,ERK_0.750nM,25.6,Inf
8883,D,7,D7,195,CTL04,25.6,90952
8883,D,7,D7,195,CTL04,25.6,90952
8883,D,8,D8,11,SCZ01,25.6,88239
8883,D,8,D8,11,SCZ01,25.6,88239
8883,D,9,D9,291,SCZ09,25.6,80800
8883,D,9,D9,291,SCZ09,25.6,80800
8883,D,10,D10,802,SCZ17,25.6,80847
8883,D,10,D10,802,SCZ17,25.6,80847
8883,D,11,D11,5000ng lysate + HI,LYS_HI,25.6,93158
8883,D,11,D11,5000ng lysate + HI,LYS_HI,25.6,93158
8883,D,12,D12,RECOMBINANT ERK  0.75 nM,ERK_0.750nM,25.6,Inf
8883,D,12,D12,RECOMBINANT ERK  0.75 nM,ERK_0.750nM,25.6,Inf
8883,E,1,E1,223,CTL05,25.6,Inf
8883,E,1,E1,223,CTL05,25.6,Inf
8883,E,2,E2,22,SCZ02,25.6,Inf
8883,E,2,E2,22,SCZ02,25.6,Inf
8883,E,3,E3,329,SCZ10,25.6,Inf
8883,E,3,E3,329,SCZ10,25.6,Inf
8883,E,4,E4,930,SCZ18,25.6,69458
8883,E,4,E4,930,SCZ18,25.6,69458
8883,E,5,E5,5000ng lysate +ERK INHIBITOR,LYS_INH,25.6,85970
8883,E,5,E5,5000ng lysate +ERK INHIBITOR,LYS_INH,25.6,85970
8883,E,6,E6,RECOMBINANT ERK 0.5 nM,ERK_0.500nM,25.6,Inf
8883,E,6,E6,RECOMBINANT ERK 0.5 nM,ERK_0.500nM,25.6,Inf
8883,E,7,E7,223,CTL05,25.6,96127
8883,E,7,E7,223,CTL05,25.6,96127
8883,E,8,E8,22,SCZ02,25.6,Inf
8883,E,8,E8,22,SCZ02,25.6,Inf
8883,E,9,E9,329,SCZ10,25.6,Inf
8883,E,9,E9,329,SCZ10,25.6,Inf
8883,E,10,E10,930,SCZ18,25.6,75043
8883,E,10,E10,930,SCZ18,25.6,75043
8883,E,11,E11,5000ng lysate +ERK INHIBITOR,LYS_INH,25.6,87128
8883,E,11,E11,5000ng lysate +ERK INHIBITOR,LYS_INH,25.6,87128
8883,E,12,E12,RECOMBINANT ERK 0.5 nM,ERK_0.500nM,25.6,Inf
8883,E,12,E12,RECOMBINANT ERK 0.5 nM,ERK_0.500nM,25.6,Inf
8883,F,1,F1,524,CTL06,25.6,Inf
8883,F,1,F1,524,CTL06,25.6,Inf
8883,F,2,F2,29,SCZ03,25.6,Inf
8883,F,2,F2,29,SCZ03,25.6,Inf
8883,F,3,F3,446,SCZ11,25.6,Inf
8883,F,3,F3,446,SCZ11,25.6,Inf
8883,F,4,F4,931,SCZ19,25.6,79887
8883,F,4,F4,931,SCZ19,25.6,79887
8883,F,5,F5,"BLANK- Master Mix, no lysate",BLNK,25.6,85001
8883,F,5,F5,"BLANK- Master Mix, no lysate",BLNK,25.6,85001
8883,F,6,F6,RECOMBINANT ERK  0.25 nM,ERK_0.250nM,25.6,Inf
8883,F,6,F6,RECOMBINANT ERK  0.25 nM,ERK_0.250nM,25.6,Inf
8883,F,7,F7,524,CTL06,25.6,Inf
8883,F,7,F7,524,CTL06,25.6,Inf
8883,F,8,F8,29,SCZ03,25.6,Inf
8883,F,8,F8,29,SCZ03,25.6,Inf
8883,F,9,F9,446,SCZ11,25.6,71950
8883,F,9,F9,446,SCZ11,25.6,71950
8883,F,10,F10,931,SCZ19,25.6,81913
8883,F,10,F10,931,SCZ19,25.6,81913
8883,F,11,F11,"BLANK- Master Mix, no lysate",BLNK,25.6,86445
8883,F,11,F11,"BLANK- Master Mix, no lysate",BLNK,25.6,86445
8883,F,12,F12,RECOMBINANT ERK  0.25 nM,ERK_0.250nM,25.6,94258
8883,F,12,F12,RECOMBINANT ERK  0.25 nM,ERK_0.250nM,25.6,94258
8883,G,1,G1,661,CTL07,25.6,86872
8883,G,1,G1,661,CTL07,25.6,86872
8883,G,2,G2,69,SCZ04,25.6,Inf
8883,G,2,G2,69,SCZ04,25.6,Inf
8883,G,3,G3,510,SCZ12,25.6,Inf
8883,G,3,G3,510,SCZ12,25.6,Inf
8883,G,4,G4,932,SCZ20,25.6,79956
8883,G,4,G4,932,SCZ20,25.6,79956
8883,G,5,G5,"BLANK- Master Mix, lysate, no reporter",BLNK_LYS,25.6,22492
8883,G,5,G5,"BLANK- Master Mix, lysate, no reporter",BLNK_LYS,25.6,22492
8883,G,6,G6,RECOMBINANT ERK  0.125 nM,ERK_0.125nM,25.6,Inf
8883,G,6,G6,RECOMBINANT ERK  0.125 nM,ERK_0.125nM,25.6,Inf
8883,G,7,G7,661,CTL07,25.6,81902
8883,G,7,G7,661,CTL07,25.6,81902
8883,G,8,G8,69,SCZ04,25.6,96163
8883,G,8,G8,69,SCZ04,25.6,96163
8883,G,9,G9,510,SCZ12,25.6,Inf
8883,G,9,G9,510,SCZ12,25.6,Inf
8883,G,10,G10,932,SCZ20,25.6,78572
8883,G,10,G10,932,SCZ20,25.6,78572
8883,G,11,G11,"BLANK- Master Mix, lysate, no reporter",BLNK_LYS,25.6,24344
8883,G,11,G11,"BLANK- Master Mix, lysate, no reporter",BLNK_LYS,25.6,24344
8883,G,12,G12,RECOMBINANT ERK  0.125 nM,ERK_0.125nM,25.6,97138
8883,G,12,G12,RECOMBINANT ERK  0.125 nM,ERK_0.125nM,25.6,97138
8883,H,1,H1,689,CTL08,25.6,Inf
8883,H,1,H1,689,CTL08,25.6,Inf
8883,H,2,H2,94,SCZ05,25.6,84545
8883,H,2,H2,94,SCZ05,25.6,84545
8883,H,3,H3,547,SCZ13,25.6,86630
8883,H,3,H3,547,SCZ13,25.6,86630
8883,H,4,H4,326,LYS01,25.6,Inf
8883,H,4,H4,326,LYS01,25.6,Inf
8883,H,5,H5,NA,EMPTY,25.6,89705
8883,H,5,H5,NA,EMPTY,25.6,89705
8883,H,6,H6,RECOMBINANT ERK 2nM + ERK INHIBITOR,ERK_2.000nM_INH,25.6,27352
8883,H,6,H6,RECOMBINANT ERK 2nM + ERK INHIBITOR,ERK_2.000nM_INH,25.6,27352
8883,H,7,H7,689,CTL08,25.6,Inf
8883,H,7,H7,689,CTL08,25.6,Inf
8883,H,8,H8,94,SCZ05,25.6,29561
8883,H,8,H8,94,SCZ05,25.6,29561
8883,H,9,H9,547,SCZ13,25.6,93989
8883,H,9,H9,547,SCZ13,25.6,93989
8883,H,10,H10,326,LYS01,25.6,Inf
8883,H,10,H10,326,LYS01,25.6,Inf
8883,H,11,H11,NA,EMPTY,25.6,22722
8883,H,11,H11,NA,EMPTY,25.6,22722
8883,H,12,H12,RECOMBINANT ERK 2nM + ERK INHIBITOR,ERK_2.000nM_INH,25.6,Inf
8883,H,12,H12,RECOMBINANT ERK 2nM + ERK INHIBITOR,ERK_2.000nM_INH,25.6,Inf
9024,A,1,A1,46,CTL01,25.6,99280
9024,A,1,A1,46,CTL01,25.6,99280
9024,A,2,A2,720,CTL09,25.6,Inf
9024,A,2,A2,720,CTL09,25.6,Inf
9024,A,3,A3,225,SCZ06,25.6,86752
9024,A,3,A3,225,SCZ06,25.6,86752
9024,A,4,A4,552,SCZ14,25.6,94072
9024,A,4,A4,552,SCZ14,25.6,94072
9024,A,5,A5,328,LYS02,25.6,99454
9024,A,5,A5,328,LYS02,25.6,99454
9024,A,6,A6,RECOMBINANT ERK  2nM,ERK_2.000nM,25.6,Inf
9024,A,6,A6,RECOMBINANT ERK  2nM,ERK_2.000nM,25.6,Inf
9024,A,7,A7,46,CTL01,25.6,97991
9024,A,7,A7,46,CTL01,25.6,97991
9024,A,8,A8,720,CTL09,25.6,Inf
9024,A,8,A8,720,CTL09,25.6,Inf
9024,A,9,A9,225,SCZ06,25.6,95992
9024,A,9,A9,225,SCZ06,25.6,95992
9024,A,10,A10,552,SCZ14,25.6,88822
9024,A,10,A10,552,SCZ14,25.6,88822
9024,A,11,A11,328,LYS02,25.6,97738
9024,A,11,A11,328,LYS02,25.6,97738
9024,A,12,A12,RECOMBINANT ERK  2nM,ERK_2.000nM,25.6,Inf
9024,A,12,A12,RECOMBINANT ERK  2nM,ERK_2.000nM,25.6,Inf
9024,B,1,B1,116,CTL02,25.6,89567
9024,B,1,B1,116,CTL02,25.6,89567
9024,B,2,B2,859,CTL10,25.6,Inf
9024,B,2,B2,859,CTL10,25.6,Inf
9024,B,3,B3,235,SCZ07,25.6,Inf
9024,B,3,B3,235,SCZ07,25.6,Inf
9024,B,4,B4,565,SCZ15,25.6,89314
9024,B,4,B4,565,SCZ15,25.6,89314
9024,B,5,B5,335,LYS03,25.6,Inf
9024,B,5,B5,335,LYS03,25.6,Inf
9024,B,6,B6,RECOMBINANT ERK 1.5 nM,ERK_1.500nM,25.6,Inf
9024,B,6,B6,RECOMBINANT ERK 1.5 nM,ERK_1.500nM,25.6,Inf
9024,B,7,B7,116,CTL02,25.6,81267
9024,B,7,B7,116,CTL02,25.6,81267
9024,B,8,B8,859,CTL10,25.6,95079
9024,B,8,B8,859,CTL10,25.6,95079
9024,B,9,B9,235,SCZ07,25.6,96502
9024,B,9,B9,235,SCZ07,25.6,96502
9024,B,10,B10,565,SCZ15,25.6,90703
9024,B,10,B10,565,SCZ15,25.6,90703
9024,B,11,B11,335,LYS03,25.6,Inf
9024,B,11,B11,335,LYS03,25.6,Inf
9024,B,12,B12,RECOMBINANT ERK 1.5 nM,ERK_1.500nM,25.6,Inf
9024,B,12,B12,RECOMBINANT ERK 1.5 nM,ERK_1.500nM,25.6,Inf
9024,C,1,C1,167,CTL03,25.6,Inf
9024,C,1,C1,167,CTL03,25.6,Inf
9024,C,2,C2,874,CTL11,25.6,87947
9024,C,2,C2,874,CTL11,25.6,87947
9024,C,3,C3,262,SCZ08,25.6,Inf
9024,C,3,C3,262,SCZ08,25.6,Inf
9024,C,4,C4,737,SCZ16,25.6,91469
9024,C,4,C4,737,SCZ16,25.6,91469
9024,C,5,C5,907,LYS04,25.6,96192
9024,C,5,C5,907,LYS04,25.6,96192
9024,C,6,C6,RECOMBINANT ERK  1 nM,ERK_1.000nM,25.6,Inf
9024,C,6,C6,RECOMBINANT ERK  1 nM,ERK_1.000nM,25.6,Inf
9024,C,7,C7,167,CTL03,25.6,Inf
9024,C,7,C7,167,CTL03,25.6,Inf
9024,C,8,C8,874,CTL11,25.6,76436
9024,C,8,C8,874,CTL11,25.6,76436
9024,C,9,C9,262,SCZ08,25.6,95140
9024,C,9,C9,262,SCZ08,25.6,95140
9024,C,10,C10,737,SCZ16,25.6,85734
9024,C,10,C10,737,SCZ16,25.6,85734
9024,C,11,C11,907,LYS04,25.6,Inf
9024,C,11,C11,907,LYS04,25.6,Inf
9024,C,12,C12,RECOMBINANT ERK  1 nM,ERK_1.000nM,25.6,Inf
9024,C,12,C12,RECOMBINANT ERK  1 nM,ERK_1.000nM,25.6,Inf
9024,D,1,D1,195,CTL04,25.6,73857
9024,D,1,D1,195,CTL04,25.6,73857
9024,D,2,D2,11,SCZ01,25.6,95846
9024,D,2,D2,11,SCZ01,25.6,95846
9024,D,3,D3,291,SCZ09,25.6,87221
9024,D,3,D3,291,SCZ09,25.6,87221
9024,D,4,D4,802,SCZ17,25.6,62928
9024,D,4,D4,802,SCZ17,25.6,62928
9024,D,5,D5,5000ng lysate + HI,LYS_HI,25.6,91044
9024,D,5,D5,5000ng lysate + HI,LYS_HI,25.6,91044
9024,D,6,D6,RECOMBINANT ERK  0.75 nM,ERK_0.750nM,25.6,Inf
9024,D,6,D6,RECOMBINANT ERK  0.75 nM,ERK_0.750nM,25.6,Inf
9024,D,7,D7,195,CTL04,25.6,91583
9024,D,7,D7,195,CTL04,25.6,91583
9024,D,8,D8,11,SCZ01,25.6,88227
9024,D,8,D8,11,SCZ01,25.6,88227
9024,D,9,D9,291,SCZ09,25.6,80441
9024,D,9,D9,291,SCZ09,25.6,80441
9024,D,10,D10,802,SCZ17,25.6,81277
9024,D,10,D10,802,SCZ17,25.6,81277
9024,D,11,D11,5000ng lysate + HI,LYS_HI,25.6,93208
9024,D,11,D11,5000ng lysate + HI,LYS_HI,25.6,93208
9024,D,12,D12,RECOMBINANT ERK  0.75 nM,ERK_0.750nM,25.6,Inf
9024,D,12,D12,RECOMBINANT ERK  0.75 nM,ERK_0.750nM,25.6,Inf
9024,E,1,E1,223,CTL05,25.6,Inf
9024,E,1,E1,223,CTL05,25.6,Inf
9024,E,2,E2,22,SCZ02,25.6,Inf
9024,E,2,E2,22,SCZ02,25.6,Inf
9024,E,3,E3,329,SCZ10,25.6,Inf
9024,E,3,E3,329,SCZ10,25.6,Inf
9024,E,4,E4,930,SCZ18,25.6,69707
9024,E,4,E4,930,SCZ18,25.6,69707
9024,E,5,E5,5000ng lysate +ERK INHIBITOR,LYS_INH,25.6,85586
9024,E,5,E5,5000ng lysate +ERK INHIBITOR,LYS_INH,25.6,85586
9024,E,6,E6,RECOMBINANT ERK 0.5 nM,ERK_0.500nM,25.6,Inf
9024,E,6,E6,RECOMBINANT ERK 0.5 nM,ERK_0.500nM,25.6,Inf
9024,E,7,E7,223,CTL05,25.6,97131
9024,E,7,E7,223,CTL05,25.6,97131
9024,E,8,E8,22,SCZ02,25.6,Inf
9024,E,8,E8,22,SCZ02,25.6,Inf
9024,E,9,E9,329,SCZ10,25.6,Inf
9024,E,9,E9,329,SCZ10,25.6,Inf
9024,E,10,E10,930,SCZ18,25.6,75052
9024,E,10,E10,930,SCZ18,25.6,75052
9024,E,11,E11,5000ng lysate +ERK INHIBITOR,LYS_INH,25.6,87933
9024,E,11,E11,5000ng lysate +ERK INHIBITOR,LYS_INH,25.6,87933
9024,E,12,E12,RECOMBINANT ERK 0.5 nM,ERK_0.500nM,25.6,Inf
9024,E,12,E12,RECOMBINANT ERK 0.5 nM,ERK_0.500nM,25.6,Inf
9024,F,1,F1,524,CTL06,25.6,Inf
9024,F,1,F1,524,CTL06,25.6,Inf
9024,F,2,F2,29,SCZ03,25.6,Inf
9024,F,2,F2,29,SCZ03,25.6,Inf
9024,F,3,F3,446,SCZ11,25.6,Inf
9024,F,3,F3,446,SCZ11,25.6,Inf
9024,F,4,F4,931,SCZ19,25.6,80278
9024,F,4,F4,931,SCZ19,25.6,80278
9024,F,5,F5,"BLANK- Master Mix, no lysate",BLNK,25.6,85412
9024,F,5,F5,"BLANK- Master Mix, no lysate",BLNK,25.6,85412
9024,F,6,F6,RECOMBINANT ERK  0.25 nM,ERK_0.250nM,25.6,Inf
9024,F,6,F6,RECOMBINANT ERK  0.25 nM,ERK_0.250nM,25.6,Inf
9024,F,7,F7,524,CTL06,25.6,Inf
9024,F,7,F7,524,CTL06,25.6,Inf
9024,F,8,F8,29,SCZ03,25.6,Inf
9024,F,8,F8,29,SCZ03,25.6,Inf
9024,F,9,F9,446,SCZ11,25.6,71928
9024,F,9,F9,446,SCZ11,25.6,71928
9024,F,10,F10,931,SCZ19,25.6,81544
9024,F,10,F10,931,SCZ19,25.6,81544
9024,F,11,F11,"BLANK- Master Mix, no lysate",BLNK,25.6,85310
9024,F,11,F11,"BLANK- Master Mix, no lysate",BLNK,25.6,85310
9024,F,12,F12,RECOMBINANT ERK  0.25 nM,ERK_0.250nM,25.6,93975
9024,F,12,F12,RECOMBINANT ERK  0.25 nM,ERK_0.250nM,25.6,93975
9024,G,1,G1,661,CTL07,25.6,87172
9024,G,1,G1,661,CTL07,25.6,87172
9024,G,2,G2,69,SCZ04,25.6,Inf
9024,G,2,G2,69,SCZ04,25.6,Inf
9024,G,3,G3,510,SCZ12,25.6,Inf
9024,G,3,G3,510,SCZ12,25.6,Inf
9024,G,4,G4,932,SCZ20,25.6,79806
9024,G,4,G4,932,SCZ20,25.6,79806
9024,G,5,G5,"BLANK- Master Mix, lysate, no reporter",BLNK_LYS,25.6,22680
9024,G,5,G5,"BLANK- Master Mix, lysate, no reporter",BLNK_LYS,25.6,22680
9024,G,6,G6,RECOMBINANT ERK  0.125 nM,ERK_0.125nM,25.6,Inf
9024,G,6,G6,RECOMBINANT ERK  0.125 nM,ERK_0.125nM,25.6,Inf
9024,G,7,G7,661,CTL07,25.6,81734
9024,G,7,G7,661,CTL07,25.6,81734
9024,G,8,G8,69,SCZ04,25.6,96987
9024,G,8,G8,69,SCZ04,25.6,96987
9024,G,9,G9,510,SCZ12,25.6,Inf
9024,G,9,G9,510,SCZ12,25.6,Inf
9024,G,10,G10,932,SCZ20,25.6,79063
9024,G,10,G10,932,SCZ20,25.6,79063
9024,G,11,G11,"BLANK- Master Mix, lysate, no reporter",BLNK_LYS,25.6,24402
9024,G,11,G11,"BLANK- Master Mix, lysate, no reporter",BLNK_LYS,25.6,24402
9024,G,12,G12,RECOMBINANT ERK  0.125 nM,ERK_0.125nM,25.6,96986
9024,G,12,G12,RECOMBINANT ERK  0.125 nM,ERK_0.125nM,25.6,96986
9024,H,1,H1,689,CTL08,25.6,Inf
9024,H,1,H1,689,CTL08,25.6,Inf
9024,H,2,H2,94,SCZ05,25.6,83944
9024,H,2,H2,94,SCZ05,25.6,83944
9024,H,3,H3,547,SCZ13,25.6,87387
9024,H,3,H3,547,SCZ13,25.6,87387
9024,H,4,H4,326,LYS01,25.6,Inf
9024,H,4,H4,326,LYS01,25.6,Inf
9024,H,5,H5,NA,EMPTY,25.6,90033
9024,H,5,H5,NA,EMPTY,25.6,90033
9024,H,6,H6,RECOMBINANT ERK 2nM + ERK INHIBITOR,ERK_2.000nM_INH,25.6,27277
9024,H,6,H6,RECOMBINANT ERK 2nM + ERK INHIBITOR,ERK_2.000nM_INH,25.6,27277
9024,H,7,H7,689,CTL08,25.6,Inf
9024,H,7,H7,689,CTL08,25.6,Inf
9024,H,8,H8,94,SCZ05,25.6,30043
9024,H,8,H8,94,SCZ05,25.6,30043
9024,H,9,H9,547,SCZ13,25.6,94584
9024,H,9,H9,547,SCZ13,25.6,94584
9024,H,10,H10,326,LYS01,25.6,Inf
9024,H,10,H10,326,LYS01,25.6,Inf
9024,H,11,H11,NA,EMPTY,25.6,23040
9024,H,11,H11,NA,EMPTY,25.6,23040
9024,H,12,H12,RECOMBINANT ERK 2nM + ERK INHIBITOR,ERK_2.000nM_INH,25.6,Inf
9024,H,12,H12,RECOMBINANT ERK 2nM + ERK INHIBITOR,ERK_2.000nM_INH,25.6,Inf
9165,A,1,A1,46,CTL01,25.6,99485
9165,A,1,A1,46,CTL01,25.6,99485
9165,A,2,A2,720,CTL09,25.6,Inf
9165,A,2,A2,720,CTL09,25.6,Inf
9165,A,3,A3,225,SCZ06,25.6,86840
9165,A,3,A3,225,SCZ06,25.6,86840
9165,A,4,A4,552,SCZ14,25.6,93919
9165,A,4,A4,552,SCZ14,25.6,93919
9165,A,5,A5,328,LYS02,25.6,99485
9165,A,5,A5,328,LYS02,25.6,99485
9165,A,6,A6,RECOMBINANT ERK  2nM,ERK_2.000nM,25.6,Inf
9165,A,6,A6,RECOMBINANT ERK  2nM,ERK_2.000nM,25.6,Inf
9165,A,7,A7,46,CTL01,25.6,98346
9165,A,7,A7,46,CTL01,25.6,98346
9165,A,8,A8,720,CTL09,25.6,Inf
9165,A,8,A8,720,CTL09,25.6,Inf
9165,A,9,A9,225,SCZ06,25.6,96249
9165,A,9,A9,225,SCZ06,25.6,96249
9165,A,10,A10,552,SCZ14,25.6,88625
9165,A,10,A10,552,SCZ14,25.6,88625
9165,A,11,A11,328,LYS02,25.6,98337
9165,A,11,A11,328,LYS02,25.6,98337
9165,A,12,A12,RECOMBINANT ERK  2nM,ERK_2.000nM,25.6,Inf
9165,A,12,A12,RECOMBINANT ERK  2nM,ERK_2.000nM,25.6,Inf
9165,B,1,B1,116,CTL02,25.6,89237
9165,B,1,B1,116,CTL02,25.6,89237
9165,B,2,B2,859,CTL10,25.6,Inf
9165,B,2,B2,859,CTL10,25.6,Inf
9165,B,3,B3,235,SCZ07,25.6,Inf
9165,B,3,B3,235,SCZ07,25.6,Inf
9165,B,4,B4,565,SCZ15,25.6,89541
9165,B,4,B4,565,SCZ15,25.6,89541
9165,B,5,B5,335,LYS03,25.6,Inf
9165,B,5,B5,335,LYS03,25.6,Inf
9165,B,6,B6,RECOMBINANT ERK 1.5 nM,ERK_1.500nM,25.6,Inf
9165,B,6,B6,RECOMBINANT ERK 1.5 nM,ERK_1.500nM,25.6,Inf
9165,B,7,B7,116,CTL02,25.6,81497
9165,B,7,B7,116,CTL02,25.6,81497
9165,B,8,B8,859,CTL10,25.6,95936
9165,B,8,B8,859,CTL10,25.6,95936
9165,B,9,B9,235,SCZ07,25.6,96901
9165,B,9,B9,235,SCZ07,25.6,96901
9165,B,10,B10,565,SCZ15,25.6,90433
9165,B,10,B10,565,SCZ15,25.6,90433
9165,B,11,B11,335,LYS03,25.6,Inf
9165,B,11,B11,335,LYS03,25.6,Inf
9165,B,12,B12,RECOMBINANT ERK 1.5 nM,ERK_1.500nM,25.6,Inf
9165,B,12,B12,RECOMBINANT ERK 1.5 nM,ERK_1.500nM,25.6,Inf
9165,C,1,C1,167,CTL03,25.6,Inf
9165,C,1,C1,167,CTL03,25.6,Inf
9165,C,2,C2,874,CTL11,25.6,88097
9165,C,2,C2,874,CTL11,25.6,88097
9165,C,3,C3,262,SCZ08,25.6,Inf
9165,C,3,C3,262,SCZ08,25.6,Inf
9165,C,4,C4,737,SCZ16,25.6,91550
9165,C,4,C4,737,SCZ16,25.6,91550
9165,C,5,C5,907,LYS04,25.6,97107
9165,C,5,C5,907,LYS04,25.6,97107
9165,C,6,C6,RECOMBINANT ERK  1 nM,ERK_1.000nM,25.6,Inf
9165,C,6,C6,RECOMBINANT ERK  1 nM,ERK_1.000nM,25.6,Inf
9165,C,7,C7,167,CTL03,25.6,Inf
9165,C,7,C7,167,CTL03,25.6,Inf
9165,C,8,C8,874,CTL11,25.6,76563
9165,C,8,C8,874,CTL11,25.6,76563
9165,C,9,C9,262,SCZ08,25.6,95486
9165,C,9,C9,262,SCZ08,25.6,95486
9165,C,10,C10,737,SCZ16,25.6,86288
9165,C,10,C10,737,SCZ16,25.6,86288
9165,C,11,C11,907,LYS04,25.6,Inf
9165,C,11,C11,907,LYS04,25.6,Inf
9165,C,12,C12,RECOMBINANT ERK  1 nM,ERK_1.000nM,25.6,Inf
9165,C,12,C12,RECOMBINANT ERK  1 nM,ERK_1.000nM,25.6,Inf
9165,D,1,D1,195,CTL04,25.6,74624
9165,D,1,D1,195,CTL04,25.6,74624
9165,D,2,D2,11,SCZ01,25.6,95475
9165,D,2,D2,11,SCZ01,25.6,95475
9165,D,3,D3,291,SCZ09,25.6,87096
9165,D,3,D3,291,SCZ09,25.6,87096
9165,D,4,D4,802,SCZ17,25.6,63413
9165,D,4,D4,802,SCZ17,25.6,63413
9165,D,5,D5,5000ng lysate + HI,LYS_HI,25.6,91999
9165,D,5,D5,5000ng lysate + HI,LYS_HI,25.6,91999
9165,D,6,D6,RECOMBINANT ERK  0.75 nM,ERK_0.750nM,25.6,Inf
9165,D,6,D6,RECOMBINANT ERK  0.75 nM,ERK_0.750nM,25.6,Inf
9165,D,7,D7,195,CTL04,25.6,91142
9165,D,7,D7,195,CTL04,25.6,91142
9165,D,8,D8,11,SCZ01,25.6,88305
9165,D,8,D8,11,SCZ01,25.6,88305
9165,D,9,D9,291,SCZ09,25.6,80586
9165,D,9,D9,291,SCZ09,25.6,80586
9165,D,10,D10,802,SCZ17,25.6,80997
9165,D,10,D10,802,SCZ17,25.6,80997
9165,D,11,D11,5000ng lysate + HI,LYS_HI,25.6,92504
9165,D,11,D11,5000ng lysate + HI,LYS_HI,25.6,92504
9165,D,12,D12,RECOMBINANT ERK  0.75 nM,ERK_0.750nM,25.6,Inf
9165,D,12,D12,RECOMBINANT ERK  0.75 nM,ERK_0.750nM,25.6,Inf
9165,E,1,E1,223,CTL05,25.6,Inf
9165,E,1,E1,223,CTL05,25.6,Inf
9165,E,2,E2,22,SCZ02,25.6,Inf
9165,E,2,E2,22,SCZ02,25.6,Inf
9165,E,3,E3,329,SCZ10,25.6,Inf
9165,E,3,E3,329,SCZ10,25.6,Inf
9165,E,4,E4,930,SCZ18,25.6,69772
9165,E,4,E4,930,SCZ18,25.6,69772
9165,E,5,E5,5000ng lysate +ERK INHIBITOR,LYS_INH,25.6,86862
9165,E,5,E5,5000ng lysate +ERK INHIBITOR,LYS_INH,25.6,86862
9165,E,6,E6,RECOMBINANT ERK 0.5 nM,ERK_0.500nM,25.6,Inf
9165,E,6,E6,RECOMBINANT ERK 0.5 nM,ERK_0.500nM,25.6,Inf
9165,E,7,E7,223,CTL05,25.6,98422
9165,E,7,E7,223,CTL05,25.6,98422
9165,E,8,E8,22,SCZ02,25.6,Inf
9165,E,8,E8,22,SCZ02,25.6,Inf
9165,E,9,E9,329,SCZ10,25.6,Inf
9165,E,9,E9,329,SCZ10,25.6,Inf
9165,E,10,E10,930,SCZ18,25.6,75098
9165,E,10,E10,930,SCZ18,25.6,75098
9165,E,11,E11,5000ng lysate +ERK INHIBITOR,LYS_INH,25.6,87799
9165,E,11,E11,5000ng lysate +ERK INHIBITOR,LYS_INH,25.6,87799
9165,E,12,E12,RECOMBINANT ERK 0.5 nM,ERK_0.500nM,25.6,Inf
9165,E,12,E12,RECOMBINANT ERK 0.5 nM,ERK_0.500nM,25.6,Inf
9165,F,1,F1,524,CTL06,25.6,Inf
9165,F,1,F1,524,CTL06,25.6,Inf
9165,F,2,F2,29,SCZ03,25.6,Inf
9165,F,2,F2,29,SCZ03,25.6,Inf
9165,F,3,F3,446,SCZ11,25.6,Inf
9165,F,3,F3,446,SCZ11,25.6,Inf
9165,F,4,F4,931,SCZ19,25.6,80066
9165,F,4,F4,931,SCZ19,25.6,80066
9165,F,5,F5,"BLANK- Master Mix, no lysate",BLNK,25.6,85869
9165,F,5,F5,"BLANK- Master Mix, no lysate",BLNK,25.6,85869
9165,F,6,F6,RECOMBINANT ERK  0.25 nM,ERK_0.250nM,25.6,Inf
9165,F,6,F6,RECOMBINANT ERK  0.25 nM,ERK_0.250nM,25.6,Inf
9165,F,7,F7,524,CTL06,25.6,Inf
9165,F,7,F7,524,CTL06,25.6,Inf
9165,F,8,F8,29,SCZ03,25.6,Inf
9165,F,8,F8,29,SCZ03,25.6,Inf
9165,F,9,F9,446,SCZ11,25.6,71913
9165,F,9,F9,446,SCZ11,25.6,71913
9165,F,10,F10,931,SCZ19,25.6,81614
9165,F,10,F10,931,SCZ19,25.6,81614
9165,F,11,F11,"BLANK- Master Mix, no lysate",BLNK,25.6,86004
9165,F,11,F11,"BLANK- Master Mix, no lysate",BLNK,25.6,86004
9165,F,12,F12,RECOMBINANT ERK  0.25 nM,ERK_0.250nM,25.6,94461
9165,F,12,F12,RECOMBINANT ERK  0.25 nM,ERK_0.250nM,25.6,94461
9165,G,1,G1,661,CTL07,25.6,87306
9165,G,1,G1,661,CTL07,25.6,87306
9165,G,2,G2,69,SCZ04,25.6,Inf
9165,G,2,G2,69,SCZ04,25.6,Inf
9165,G,3,G3,510,SCZ12,25.6,Inf
9165,G,3,G3,510,SCZ12,25.6,Inf
9165,G,4,G4,932,SCZ20,25.6,80357
9165,G,4,G4,932,SCZ20,25.6,80357
9165,G,5,G5,"BLANK- Master Mix, lysate, no reporter",BLNK_LYS,25.6,22459
9165,G,5,G5,"BLANK- Master Mix, lysate, no reporter",BLNK_LYS,25.6,22459
9165,G,6,G6,RECOMBINANT ERK  0.125 nM,ERK_0.125nM,25.6,Inf
9165,G,6,G6,RECOMBINANT ERK  0.125 nM,ERK_0.125nM,25.6,Inf
9165,G,7,G7,661,CTL07,25.6,82190
9165,G,7,G7,661,CTL07,25.6,82190
9165,G,8,G8,69,SCZ04,25.6,96954
9165,G,8,G8,69,SCZ04,25.6,96954
9165,G,9,G9,510,SCZ12,25.6,Inf
9165,G,9,G9,510,SCZ12,25.6,Inf
9165,G,10,G10,932,SCZ20,25.6,79935
9165,G,10,G10,932,SCZ20,25.6,79935
9165,G,11,G11,"BLANK- Master Mix, lysate, no reporter",BLNK_LYS,25.6,24186
9165,G,11,G11,"BLANK- Master Mix, lysate, no reporter",BLNK_LYS,25.6,24186
9165,G,12,G12,RECOMBINANT ERK  0.125 nM,ERK_0.125nM,25.6,97024
9165,G,12,G12,RECOMBINANT ERK  0.125 nM,ERK_0.125nM,25.6,97024
9165,H,1,H1,689,CTL08,25.6,Inf
9165,H,1,H1,689,CTL08,25.6,Inf
9165,H,2,H2,94,SCZ05,25.6,84117
9165,H,2,H2,94,SCZ05,25.6,84117
9165,H,3,H3,547,SCZ13,25.6,87598
9165,H,3,H3,547,SCZ13,25.6,87598
9165,H,4,H4,326,LYS01,25.6,Inf
9165,H,4,H4,326,LYS01,25.6,Inf
9165,H,5,H5,NA,EMPTY,25.6,90004
9165,H,5,H5,NA,EMPTY,25.6,90004
9165,H,6,H6,RECOMBINANT ERK 2nM + ERK INHIBITOR,ERK_2.000nM_INH,25.6,27005
9165,H,6,H6,RECOMBINANT ERK 2nM + ERK INHIBITOR,ERK_2.000nM_INH,25.6,27005
9165,H,7,H7,689,CTL08,25.6,Inf
9165,H,7,H7,689,CTL08,25.6,Inf
9165,H,8,H8,94,SCZ05,25.6,29944
9165,H,8,H8,94,SCZ05,25.6,29944
9165,H,9,H9,547,SCZ13,25.6,95328
9165,H,9,H9,547,SCZ13,25.6,95328
9165,H,10,H10,326,LYS01,25.6,Inf
9165,H,10,H10,326,LYS01,25.6,Inf
9165,H,11,H11,NA,EMPTY,25.6,23441
9165,H,11,H11,NA,EMPTY,25.6,23441
9165,H,12,H12,RECOMBINANT ERK 2nM + ERK INHIBITOR,ERK_2.000nM_INH,25.6,Inf
9165,H,12,H12,RECOMBINANT ERK 2nM + ERK INHIBITOR,ERK_2.000nM_INH,25.6,Inf
9306,A,1,A1,46,CTL01,25.6,99619
9306,A,1,A1,46,CTL01,25.6,99619
9306,A,2,A2,720,CTL09,25.6,Inf
9306,A,2,A2,720,CTL09,25.6,Inf
9306,A,3,A3,225,SCZ06,25.6,86076
9306,A,3,A3,225,SCZ06,25.6,86076
9306,A,4,A4,552,SCZ14,25.6,94978
9306,A,4,A4,552,SCZ14,25.6,94978
9306,A,5,A5,328,LYS02,25.6,99413
9306,A,5,A5,328,LYS02,25.6,99413
9306,A,6,A6,RECOMBINANT ERK  2nM,ERK_2.000nM,25.6,Inf
9306,A,6,A6,RECOMBINANT ERK  2nM,ERK_2.000nM,25.6,Inf
9306,A,7,A7,46,CTL01,25.6,98449
9306,A,7,A7,46,CTL01,25.6,98449
9306,A,8,A8,720,CTL09,25.6,Inf
9306,A,8,A8,720,CTL09,25.6,Inf
9306,A,9,A9,225,SCZ06,25.6,96618
9306,A,9,A9,225,SCZ06,25.6,96618
9306,A,10,A10,552,SCZ14,25.6,89526
9306,A,10,A10,552,SCZ14,25.6,89526
9306,A,11,A11,328,LYS02,25.6,98450
9306,A,11,A11,328,LYS02,25.6,98450
9306,A,12,A12,RECOMBINANT ERK  2nM,ERK_2.000nM,25.6,Inf
9306,A,12,A12,RECOMBINANT ERK  2nM,ERK_2.000nM,25.6,Inf
9306,B,1,B1,116,CTL02,25.6,89754
9306,B,1,B1,116,CTL02,25.6,89754
9306,B,2,B2,859,CTL10,25.6,Inf
9306,B,2,B2,859,CTL10,25.6,Inf
9306,B,3,B3,235,SCZ07,25.6,Inf
9306,B,3,B3,235,SCZ07,25.6,Inf
9306,B,4,B4,565,SCZ15,25.6,89308
9306,B,4,B4,565,SCZ15,25.6,89308
9306,B,5,B5,335,LYS03,25.6,Inf
9306,B,5,B5,335,LYS03,25.6,Inf
9306,B,6,B6,RECOMBINANT ERK 1.5 nM,ERK_1.500nM,25.6,Inf
9306,B,6,B6,RECOMBINANT ERK 1.5 nM,ERK_1.500nM,25.6,Inf
9306,B,7,B7,116,CTL02,25.6,81702
9306,B,7,B7,116,CTL02,25.6,81702
9306,B,8,B8,859,CTL10,25.6,96772
9306,B,8,B8,859,CTL10,25.6,96772
9306,B,9,B9,235,SCZ07,25.6,97582
9306,B,9,B9,235,SCZ07,25.6,97582
9306,B,10,B10,565,SCZ15,25.6,90970
9306,B,10,B10,565,SCZ15,25.6,90970
9306,B,11,B11,335,LYS03,25.6,Inf
9306,B,11,B11,335,LYS03,25.6,Inf
9306,B,12,B12,RECOMBINANT ERK 1.5 nM,ERK_1.500nM,25.6,Inf
9306,B,12,B12,RECOMBINANT ERK 1.5 nM,ERK_1.500nM,25.6,Inf
9306,C,1,C1,167,CTL03,25.6,Inf
9306,C,1,C1,167,CTL03,25.6,Inf
9306,C,2,C2,874,CTL11,25.6,88500
9306,C,2,C2,874,CTL11,25.6,88500
9306,C,3,C3,262,SCZ08,25.6,Inf
9306,C,3,C3,262,SCZ08,25.6,Inf
9306,C,4,C4,737,SCZ16,25.6,91822
9306,C,4,C4,737,SCZ16,25.6,91822
9306,C,5,C5,907,LYS04,25.6,97330
9306,C,5,C5,907,LYS04,25.6,97330
9306,C,6,C6,RECOMBINANT ERK  1 nM,ERK_1.000nM,25.6,Inf
9306,C,6,C6,RECOMBINANT ERK  1 nM,ERK_1.000nM,25.6,Inf
9306,C,7,C7,167,CTL03,25.6,Inf
9306,C,7,C7,167,CTL03,25.6,Inf
9306,C,8,C8,874,CTL11,25.6,76830
9306,C,8,C8,874,CTL11,25.6,76830
9306,C,9,C9,262,SCZ08,25.6,94884
9306,C,9,C9,262,SCZ08,25.6,94884
9306,C,10,C10,737,SCZ16,25.6,85849
9306,C,10,C10,737,SCZ16,25.6,85849
9306,C,11,C11,907,LYS04,25.6,Inf
9306,C,11,C11,907,LYS04,25.6,Inf
9306,C,12,C12,RECOMBINANT ERK  1 nM,ERK_1.000nM,25.6,Inf
9306,C,12,C12,RECOMBINANT ERK  1 nM,ERK_1.000nM,25.6,Inf
9306,D,1,D1,195,CTL04,25.6,74289
9306,D,1,D1,195,CTL04,25.6,74289
9306,D,2,D2,11,SCZ01,25.6,95848
9306,D,2,D2,11,SCZ01,25.6,95848
9306,D,3,D3,291,SCZ09,25.6,87543
9306,D,3,D3,291,SCZ09,25.6,87543
9306,D,4,D4,802,SCZ17,25.6,63397
9306,D,4,D4,802,SCZ17,25.6,63397
9306,D,5,D5,5000ng lysate + HI,LYS_HI,25.6,90833
9306,D,5,D5,5000ng lysate + HI,LYS_HI,25.6,90833
9306,D,6,D6,RECOMBINANT ERK  0.75 nM,ERK_0.750nM,25.6,Inf
9306,D,6,D6,RECOMBINANT ERK  0.75 nM,ERK_0.750nM,25.6,Inf
9306,D,7,D7,195,CTL04,25.6,91632
9306,D,7,D7,195,CTL04,25.6,91632
9306,D,8,D8,11,SCZ01,25.6,87910
9306,D,8,D8,11,SCZ01,25.6,87910
9306,D,9,D9,291,SCZ09,25.6,80228
9306,D,9,D9,291,SCZ09,25.6,80228
9306,D,10,D10,802,SCZ17,25.6,80661
9306,D,10,D10,802,SCZ17,25.6,80661
9306,D,11,D11,5000ng lysate + HI,LYS_HI,25.6,93386
9306,D,11,D11,5000ng lysate + HI,LYS_HI,25.6,93386
9306,D,12,D12,RECOMBINANT ERK  0.75 nM,ERK_0.750nM,25.6,Inf
9306,D,12,D12,RECOMBINANT ERK  0.75 nM,ERK_0.750nM,25.6,Inf
9306,E,1,E1,223,CTL05,25.6,Inf
9306,E,1,E1,223,CTL05,25.6,Inf
9306,E,2,E2,22,SCZ02,25.6,Inf
9306,E,2,E2,22,SCZ02,25.6,Inf
9306,E,3,E3,329,SCZ10,25.6,Inf
9306,E,3,E3,329,SCZ10,25.6,Inf
9306,E,4,E4,930,SCZ18,25.6,70106
9306,E,4,E4,930,SCZ18,25.6,70106
9306,E,5,E5,5000ng lysate +ERK INHIBITOR,LYS_INH,25.6,85906
9306,E,5,E5,5000ng lysate +ERK INHIBITOR,LYS_INH,25.6,85906
9306,E,6,E6,RECOMBINANT ERK 0.5 nM,ERK_0.500nM,25.6,Inf
9306,E,6,E6,RECOMBINANT ERK 0.5 nM,ERK_0.500nM,25.6,Inf
9306,E,7,E7,223,CTL05,25.6,98377
9306,E,7,E7,223,CTL05,25.6,98377
9306,E,8,E8,22,SCZ02,25.6,Inf
9306,E,8,E8,22,SCZ02,25.6,Inf
9306,E,9,E9,329,SCZ10,25.6,Inf
9306,E,9,E9,329,SCZ10,25.6,Inf
9306,E,10,E10,930,SCZ18,25.6,75372
9306,E,10,E10,930,SCZ18,25.6,75372
9306,E,11,E11,5000ng lysate +ERK INHIBITOR,LYS_INH,25.6,87528
9306,E,11,E11,5000ng lysate +ERK INHIBITOR,LYS_INH,25.6,87528
9306,E,12,E12,RECOMBINANT ERK 0.5 nM,ERK_0.500nM,25.6,Inf
9306,E,12,E12,RECOMBINANT ERK 0.5 nM,ERK_0.500nM,25.6,Inf
9306,F,1,F1,524,CTL06,25.6,Inf
9306,F,1,F1,524,CTL06,25.6,Inf
9306,F,2,F2,29,SCZ03,25.6,Inf
9306,F,2,F2,29,SCZ03,25.6,Inf
9306,F,3,F3,446,SCZ11,25.6,Inf
9306,F,3,F3,446,SCZ11,25.6,Inf
9306,F,4,F4,931,SCZ19,25.6,80575
9306,F,4,F4,931,SCZ19,25.6,80575
9306,F,5,F5,"BLANK- Master Mix, no lysate",BLNK,25.6,85090
9306,F,5,F5,"BLANK- Master Mix, no lysate",BLNK,25.6,85090
9306,F,6,F6,RECOMBINANT ERK  0.25 nM,ERK_0.250nM,25.6,Inf
9306,F,6,F6,RECOMBINANT ERK  0.25 nM,ERK_0.250nM,25.6,Inf
9306,F,7,F7,524,CTL06,25.6,Inf
9306,F,7,F7,524,CTL06,25.6,Inf
9306,F,8,F8,29,SCZ03,25.6,Inf
9306,F,8,F8,29,SCZ03,25.6,Inf
9306,F,9,F9,446,SCZ11,25.6,72055
9306,F,9,F9,446,SCZ11,25.6,72055
9306,F,10,F10,931,SCZ19,25.6,82016
9306,F,10,F10,931,SCZ19,25.6,82016
9306,F,11,F11,"BLANK- Master Mix, no lysate",BLNK,25.6,85921
9306,F,11,F11,"BLANK- Master Mix, no lysate",BLNK,25.6,85921
9306,F,12,F12,RECOMBINANT ERK  0.25 nM,ERK_0.250nM,25.6,94599
9306,F,12,F12,RECOMBINANT ERK  0.25 nM,ERK_0.250nM,25.6,94599
9306,G,1,G1,661,CTL07,25.6,87007
9306,G,1,G1,661,CTL07,25.6,87007
9306,G,2,G2,69,SCZ04,25.6,Inf
9306,G,2,G2,69,SCZ04,25.6,Inf
9306,G,3,G3,510,SCZ12,25.6,Inf
9306,G,3,G3,510,SCZ12,25.6,Inf
9306,G,4,G4,932,SCZ20,25.6,80612
9306,G,4,G4,932,SCZ20,25.6,80612
9306,G,5,G5,"BLANK- Master Mix, lysate, no reporter",BLNK_LYS,25.6,22755
9306,G,5,G5,"BLANK- Master Mix, lysate, no reporter",BLNK_LYS,25.6,22755
9306,G,6,G6,RECOMBINANT ERK  0.125 nM,ERK_0.125nM,25.6,Inf
9306,G,6,G6,RECOMBINANT ERK  0.125 nM,ERK_0.125nM,25.6,Inf
9306,G,7,G7,661,CTL07,25.6,81688
9306,G,7,G7,661,CTL07,25.6,81688
9306,G,8,G8,69,SCZ04,25.6,96983
9306,G,8,G8,69,SCZ04,25.6,96983
9306,G,9,G9,510,SCZ12,25.6,Inf
9306,G,9,G9,510,SCZ12,25.6,Inf
9306,G,10,G10,932,SCZ20,25.6,80203
9306,G,10,G10,932,SCZ20,25.6,80203
9306,G,11,G11,"BLANK- Master Mix, lysate, no reporter",BLNK_LYS,25.6,24371
9306,G,11,G11,"BLANK- Master Mix, lysate, no reporter",BLNK_LYS,25.6,24371
9306,G,12,G12,RECOMBINANT ERK  0.125 nM,ERK_0.125nM,25.6,97425
9306,G,12,G12,RECOMBINANT ERK  0.125 nM,ERK_0.125nM,25.6,97425
9306,H,1,H1,689,CTL08,25.6,Inf
9306,H,1,H1,689,CTL08,25.6,Inf
9306,H,2,H2,94,SCZ05,25.6,84213
9306,H,2,H2,94,SCZ05,25.6,84213
9306,H,3,H3,547,SCZ13,25.6,88046
9306,H,3,H3,547,SCZ13,25.6,88046
9306,H,4,H4,326,LYS01,25.6,Inf
9306,H,4,H4,326,LYS01,25.6,Inf
9306,H,5,H5,NA,EMPTY,25.6,90181
9306,H,5,H5,NA,EMPTY,25.6,90181
9306,H,6,H6,RECOMBINANT ERK 2nM + ERK INHIBITOR,ERK_2.000nM_INH,25.6,27345
9306,H,6,H6,RECOMBINANT ERK 2nM + ERK INHIBITOR,ERK_2.000nM_INH,25.6,27345
9306,H,7,H7,689,CTL08,25.6,Inf
9306,H,7,H7,689,CTL08,25.6,Inf
9306,H,8,H8,94,SCZ05,25.6,29723
9306,H,8,H8,94,SCZ05,25.6,29723
9306,H,9,H9,547,SCZ13,25.6,94846
9306,H,9,H9,547,SCZ13,25.6,94846
9306,H,10,H10,326,LYS01,25.6,Inf
9306,H,10,H10,326,LYS01,25.6,Inf
9306,H,11,H11,NA,EMPTY,25.6,23171
9306,H,11,H11,NA,EMPTY,25.6,23171
9306,H,12,H12,RECOMBINANT ERK 2nM + ERK INHIBITOR,ERK_2.000nM_INH,25.6,Inf
9306,H,12,H12,RECOMBINANT ERK 2nM + ERK INHIBITOR,ERK_2.000nM_INH,25.6,Inf
9447,A,1,A1,46,CTL01,25.6,99481
9447,A,1,A1,46,CTL01,25.6,99481
9447,A,2,A2,720,CTL09,25.6,Inf
9447,A,2,A2,720,CTL09,25.6,Inf
9447,A,3,A3,225,SCZ06,25.6,86156
9447,A,3,A3,225,SCZ06,25.6,86156
9447,A,4,A4,552,SCZ14,25.6,95018
9447,A,4,A4,552,SCZ14,25.6,95018
9447,A,5,A5,328,LYS02,25.6,Inf
9447,A,5,A5,328,LYS02,25.6,Inf
9447,A,6,A6,RECOMBINANT ERK  2nM,ERK_2.000nM,25.6,Inf
9447,A,6,A6,RECOMBINANT ERK  2nM,ERK_2.000nM,25.6,Inf
9447,A,7,A7,46,CTL01,25.6,98308
9447,A,7,A7,46,CTL01,25.6,98308
9447,A,8,A8,720,CTL09,25.6,Inf
9447,A,8,A8,720,CTL09,25.6,Inf
9447,A,9,A9,225,SCZ06,25.6,96015
9447,A,9,A9,225,SCZ06,25.6,96015
9447,A,10,A10,552,SCZ14,25.6,88864
9447,A,10,A10,552,SCZ14,25.6,88864
9447,A,11,A11,328,LYS02,25.6,99282
9447,A,11,A11,328,LYS02,25.6,99282
9447,A,12,A12,RECOMBINANT ERK  2nM,ERK_2.000nM,25.6,Inf
9447,A,12,A12,RECOMBINANT ERK  2nM,ERK_2.000nM,25.6,Inf
9447,B,1,B1,116,CTL02,25.6,89693
9447,B,1,B1,116,CTL02,25.6,89693
9447,B,2,B2,859,CTL10,25.6,Inf
9447,B,2,B2,859,CTL10,25.6,Inf
9447,B,3,B3,235,SCZ07,25.6,Inf
9447,B,3,B3,235,SCZ07,25.6,Inf
9447,B,4,B4,565,SCZ15,25.6,89289
9447,B,4,B4,565,SCZ15,25.6,89289
9447,B,5,B5,335,LYS03,25.6,Inf
9447,B,5,B5,335,LYS03,25.6,Inf
9447,B,6,B6,RECOMBINANT ERK 1.5 nM,ERK_1.500nM,25.6,Inf
9447,B,6,B6,RECOMBINANT ERK 1.5 nM,ERK_1.500nM,25.6,Inf
9447,B,7,B7,116,CTL02,25.6,81753
9447,B,7,B7,116,CTL02,25.6,81753
9447,B,8,B8,859,CTL10,25.6,97196
9447,B,8,B8,859,CTL10,25.6,97196
9447,B,9,B9,235,SCZ07,25.6,97243
9447,B,9,B9,235,SCZ07,25.6,97243
9447,B,10,B10,565,SCZ15,25.6,90806
9447,B,10,B10,565,SCZ15,25.6,90806
9447,B,11,B11,335,LYS03,25.6,Inf
9447,B,11,B11,335,LYS03,25.6,Inf
9447,B,12,B12,RECOMBINANT ERK 1.5 nM,ERK_1.500nM,25.6,Inf
9447,B,12,B12,RECOMBINANT ERK 1.5 nM,ERK_1.500nM,25.6,Inf
9447,C,1,C1,167,CTL03,25.6,Inf
9447,C,1,C1,167,CTL03,25.6,Inf
9447,C,2,C2,874,CTL11,25.6,88721
9447,C,2,C2,874,CTL11,25.6,88721
9447,C,3,C3,262,SCZ08,25.6,Inf
9447,C,3,C3,262,SCZ08,25.6,Inf
9447,C,4,C4,737,SCZ16,25.6,91301
9447,C,4,C4,737,SCZ16,25.6,91301
9447,C,5,C5,907,LYS04,25.6,98758
9447,C,5,C5,907,LYS04,25.6,98758
9447,C,6,C6,RECOMBINANT ERK  1 nM,ERK_1.000nM,25.6,Inf
9447,C,6,C6,RECOMBINANT ERK  1 nM,ERK_1.000nM,25.6,Inf
9447,C,7,C7,167,CTL03,25.6,Inf
9447,C,7,C7,167,CTL03,25.6,Inf
9447,C,8,C8,874,CTL11,25.6,76840
9447,C,8,C8,874,CTL11,25.6,76840
9447,C,9,C9,262,SCZ08,25.6,96103
9447,C,9,C9,262,SCZ08,25.6,96103
9447,C,10,C10,737,SCZ16,25.6,86572
9447,C,10,C10,737,SCZ16,25.6,86572
9447,C,11,C11,907,LYS04,25.6,Inf
9447,C,11,C11,907,LYS04,25.6,Inf
9447,C,12,C12,RECOMBINANT ERK  1 nM,ERK_1.000nM,25.6,Inf
9447,C,12,C12,RECOMBINANT ERK  1 nM,ERK_1.000nM,25.6,Inf
9447,D,1,D1,195,CTL04,25.6,74335
9447,D,1,D1,195,CTL04,25.6,74335
9447,D,2,D2,11,SCZ01,25.6,95692
9447,D,2,D2,11,SCZ01,25.6,95692
9447,D,3,D3,291,SCZ09,25.6,87321
9447,D,3,D3,291,SCZ09,25.6,87321
9447,D,4,D4,802,SCZ17,25.6,63935
9447,D,4,D4,802,SCZ17,25.6,63935
9447,D,5,D5,5000ng lysate + HI,LYS_HI,25.6,92017
9447,D,5,D5,5000ng lysate + HI,LYS_HI,25.6,92017
9447,D,6,D6,RECOMBINANT ERK  0.75 nM,ERK_0.750nM,25.6,Inf
9447,D,6,D6,RECOMBINANT ERK  0.75 nM,ERK_0.750nM,25.6,Inf
9447,D,7,D7,195,CTL04,25.6,91024
9447,D,7,D7,195,CTL04,25.6,91024
9447,D,8,D8,11,SCZ01,25.6,88270
9447,D,8,D8,11,SCZ01,25.6,88270
9447,D,9,D9,291,SCZ09,25.6,80880
9447,D,9,D9,291,SCZ09,25.6,80880
9447,D,10,D10,802,SCZ17,25.6,81173
9447,D,10,D10,802,SCZ17,25.6,81173
9447,D,11,D11,5000ng lysate + HI,LYS_HI,25.6,92683
9447,D,11,D11,5000ng lysate + HI,LYS_HI,25.6,92683
9447,D,12,D12,RECOMBINANT ERK  0.75 nM,ERK_0.750nM,25.6,Inf
9447,D,12,D12,RECOMBINANT ERK  0.75 nM,ERK_0.750nM,25.6,Inf
9447,E,1,E1,223,CTL05,25.6,Inf
9447,E,1,E1,223,CTL05,25.6,Inf
9447,E,2,E2,22,SCZ02,25.6,Inf
9447,E,2,E2,22,SCZ02,25.6,Inf
9447,E,3,E3,329,SCZ10,25.6,Inf
9447,E,3,E3,329,SCZ10,25.6,Inf
9447,E,4,E4,930,SCZ18,25.6,71371
9447,E,4,E4,930,SCZ18,25.6,71371
9447,E,5,E5,5000ng lysate +ERK INHIBITOR,LYS_INH,25.6,86002
9447,E,5,E5,5000ng lysate +ERK INHIBITOR,LYS_INH,25.6,86002
9447,E,6,E6,RECOMBINANT ERK 0.5 nM,ERK_0.500nM,25.6,Inf
9447,E,6,E6,RECOMBINANT ERK 0.5 nM,ERK_0.500nM,25.6,Inf
9447,E,7,E7,223,CTL05,25.6,98928
9447,E,7,E7,223,CTL05,25.6,98928
9447,E,8,E8,22,SCZ02,25.6,Inf
9447,E,8,E8,22,SCZ02,25.6,Inf
9447,E,9,E9,329,SCZ10,25.6,Inf
9447,E,9,E9,329,SCZ10,25.6,Inf
9447,E,10,E10,930,SCZ18,25.6,76105
9447,E,10,E10,930,SCZ18,25.6,76105
9447,E,11,E11,5000ng lysate +ERK INHIBITOR,LYS_INH,25.6,87785
9447,E,11,E11,5000ng lysate +ERK INHIBITOR,LYS_INH,25.6,87785
9447,E,12,E12,RECOMBINANT ERK 0.5 nM,ERK_0.500nM,25.6,Inf
9447,E,12,E12,RECOMBINANT ERK 0.5 nM,ERK_0.500nM,25.6,Inf
9447,F,1,F1,524,CTL06,25.6,Inf
9447,F,1,F1,524,CTL06,25.6,Inf
9447,F,2,F2,29,SCZ03,25.6,Inf
9447,F,2,F2,29,SCZ03,25.6,Inf
9447,F,3,F3,446,SCZ11,25.6,Inf
9447,F,3,F3,446,SCZ11,25.6,Inf
9447,F,4,F4,931,SCZ19,25.6,80343
9447,F,4,F4,931,SCZ19,25.6,80343
9447,F,5,F5,"BLANK- Master Mix, no lysate",BLNK,25.6,85404
9447,F,5,F5,"BLANK- Master Mix, no lysate",BLNK,25.6,85404
9447,F,6,F6,RECOMBINANT ERK  0.25 nM,ERK_0.250nM,25.6,Inf
9447,F,6,F6,RECOMBINANT ERK  0.25 nM,ERK_0.250nM,25.6,Inf
9447,F,7,F7,524,CTL06,25.6,Inf
9447,F,7,F7,524,CTL06,25.6,Inf
9447,F,8,F8,29,SCZ03,25.6,Inf
9447,F,8,F8,29,SCZ03,25.6,Inf
9447,F,9,F9,446,SCZ11,25.6,72631
9447,F,9,F9,446,SCZ11,25.6,72631
9447,F,10,F10,931,SCZ19,25.6,81956
9447,F,10,F10,931,SCZ19,25.6,81956
9447,F,11,F11,"BLANK- Master Mix, no lysate",BLNK,25.6,86059
9447,F,11,F11,"BLANK- Master Mix, no lysate",BLNK,25.6,86059
9447,F,12,F12,RECOMBINANT ERK  0.25 nM,ERK_0.250nM,25.6,94277
9447,F,12,F12,RECOMBINANT ERK  0.25 nM,ERK_0.250nM,25.6,94277
9447,G,1,G1,661,CTL07,25.6,87780
9447,G,1,G1,661,CTL07,25.6,87780
9447,G,2,G2,69,SCZ04,25.6,Inf
9447,G,2,G2,69,SCZ04,25.6,Inf
9447,G,3,G3,510,SCZ12,25.6,Inf
9447,G,3,G3,510,SCZ12,25.6,Inf
9447,G,4,G4,932,SCZ20,25.6,81031
9447,G,4,G4,932,SCZ20,25.6,81031
9447,G,5,G5,"BLANK- Master Mix, lysate, no reporter",BLNK_LYS,25.6,22517
9447,G,5,G5,"BLANK- Master Mix, lysate, no reporter",BLNK_LYS,25.6,22517
9447,G,6,G6,RECOMBINANT ERK  0.125 nM,ERK_0.125nM,25.6,Inf
9447,G,6,G6,RECOMBINANT ERK  0.125 nM,ERK_0.125nM,25.6,Inf
9447,G,7,G7,661,CTL07,25.6,81811
9447,G,7,G7,661,CTL07,25.6,81811
9447,G,8,G8,69,SCZ04,25.6,97406
9447,G,8,G8,69,SCZ04,25.6,97406
9447,G,9,G9,510,SCZ12,25.6,Inf
9447,G,9,G9,510,SCZ12,25.6,Inf
9447,G,10,G10,932,SCZ20,25.6,79664
9447,G,10,G10,932,SCZ20,25.6,79664
9447,G,11,G11,"BLANK- Master Mix, lysate, no reporter",BLNK_LYS,25.6,24635
9447,G,11,G11,"BLANK- Master Mix, lysate, no reporter",BLNK_LYS,25.6,24635
9447,G,12,G12,RECOMBINANT ERK  0.125 nM,ERK_0.125nM,25.6,97203
9447,G,12,G12,RECOMBINANT ERK  0.125 nM,ERK_0.125nM,25.6,97203
9447,H,1,H1,689,CTL08,25.6,Inf
9447,H,1,H1,689,CTL08,25.6,Inf
9447,H,2,H2,94,SCZ05,25.6,83493
9447,H,2,H2,94,SCZ05,25.6,83493
9447,H,3,H3,547,SCZ13,25.6,88003
9447,H,3,H3,547,SCZ13,25.6,88003
9447,H,4,H4,326,LYS01,25.6,Inf
9447,H,4,H4,326,LYS01,25.6,Inf
9447,H,5,H5,NA,EMPTY,25.6,89718
9447,H,5,H5,NA,EMPTY,25.6,89718
9447,H,6,H6,RECOMBINANT ERK 2nM + ERK INHIBITOR,ERK_2.000nM_INH,25.6,26949
9447,H,6,H6,RECOMBINANT ERK 2nM + ERK INHIBITOR,ERK_2.000nM_INH,25.6,26949
9447,H,7,H7,689,CTL08,25.6,Inf
9447,H,7,H7,689,CTL08,25.6,Inf
9447,H,8,H8,94,SCZ05,25.6,29703
9447,H,8,H8,94,SCZ05,25.6,29703
9447,H,9,H9,547,SCZ13,25.6,93978
9447,H,9,H9,547,SCZ13,25.6,93978
9447,H,10,H10,326,LYS01,25.6,Inf
9447,H,10,H10,326,LYS01,25.6,Inf
9447,H,11,H11,NA,EMPTY,25.6,23196
9447,H,11,H11,NA,EMPTY,25.6,23196
9447,H,12,H12,RECOMBINANT ERK 2nM + ERK INHIBITOR,ERK_2.000nM_INH,25.6,Inf
9447,H,12,H12,RECOMBINANT ERK 2nM + ERK INHIBITOR,ERK_2.000nM_INH,25.6,Inf
9588,A,1,A1,46,CTL01,25.6,98965
9588,A,1,A1,46,CTL01,25.6,98965
9588,A,2,A2,720,CTL09,25.6,Inf
9588,A,2,A2,720,CTL09,25.6,Inf
9588,A,3,A3,225,SCZ06,25.6,86372
9588,A,3,A3,225,SCZ06,25.6,86372
9588,A,4,A4,552,SCZ14,25.6,93929
9588,A,4,A4,552,SCZ14,25.6,93929
9588,A,5,A5,328,LYS02,25.6,Inf
9588,A,5,A5,328,LYS02,25.6,Inf
9588,A,6,A6,RECOMBINANT ERK  2nM,ERK_2.000nM,25.6,Inf
9588,A,6,A6,RECOMBINANT ERK  2nM,ERK_2.000nM,25.6,Inf
9588,A,7,A7,46,CTL01,25.6,97931
9588,A,7,A7,46,CTL01,25.6,97931
9588,A,8,A8,720,CTL09,25.6,Inf
9588,A,8,A8,720,CTL09,25.6,Inf
9588,A,9,A9,225,SCZ06,25.6,95590
9588,A,9,A9,225,SCZ06,25.6,95590
9588,A,10,A10,552,SCZ14,25.6,89926
9588,A,10,A10,552,SCZ14,25.6,89926
9588,A,11,A11,328,LYS02,25.6,Inf
9588,A,11,A11,328,LYS02,25.6,Inf
9588,A,12,A12,RECOMBINANT ERK  2nM,ERK_2.000nM,25.6,Inf
9588,A,12,A12,RECOMBINANT ERK  2nM,ERK_2.000nM,25.6,Inf
9588,B,1,B1,116,CTL02,25.6,89391
9588,B,1,B1,116,CTL02,25.6,89391
9588,B,2,B2,859,CTL10,25.6,Inf
9588,B,2,B2,859,CTL10,25.6,Inf
9588,B,3,B3,235,SCZ07,25.6,Inf
9588,B,3,B3,235,SCZ07,25.6,Inf
9588,B,4,B4,565,SCZ15,25.6,89665
9588,B,4,B4,565,SCZ15,25.6,89665
9588,B,5,B5,335,LYS03,25.6,Inf
9588,B,5,B5,335,LYS03,25.6,Inf
9588,B,6,B6,RECOMBINANT ERK 1.5 nM,ERK_1.500nM,25.6,Inf
9588,B,6,B6,RECOMBINANT ERK 1.5 nM,ERK_1.500nM,25.6,Inf
9588,B,7,B7,116,CTL02,25.6,81339
9588,B,7,B7,116,CTL02,25.6,81339
9588,B,8,B8,859,CTL10,25.6,97731
9588,B,8,B8,859,CTL10,25.6,97731
9588,B,9,B9,235,SCZ07,25.6,97120
9588,B,9,B9,235,SCZ07,25.6,97120
9588,B,10,B10,565,SCZ15,25.6,91447
9588,B,10,B10,565,SCZ15,25.6,91447
9588,B,11,B11,335,LYS03,25.6,Inf
9588,B,11,B11,335,LYS03,25.6,Inf
9588,B,12,B12,RECOMBINANT ERK 1.5 nM,ERK_1.500nM,25.6,Inf
9588,B,12,B12,RECOMBINANT ERK 1.5 nM,ERK_1.500nM,25.6,Inf
9588,C,1,C1,167,CTL03,25.6,Inf
9588,C,1,C1,167,CTL03,25.6,Inf
9588,C,2,C2,874,CTL11,25.6,89677
9588,C,2,C2,874,CTL11,25.6,89677
9588,C,3,C3,262,SCZ08,25.6,Inf
9588,C,3,C3,262,SCZ08,25.6,Inf
9588,C,4,C4,737,SCZ16,25.6,91967
9588,C,4,C4,737,SCZ16,25.6,91967
9588,C,5,C5,907,LYS04,25.6,98813
9588,C,5,C5,907,LYS04,25.6,98813
9588,C,6,C6,RECOMBINANT ERK  1 nM,ERK_1.000nM,25.6,Inf
9588,C,6,C6,RECOMBINANT ERK  1 nM,ERK_1.000nM,25.6,Inf
9588,C,7,C7,167,CTL03,25.6,Inf
9588,C,7,C7,167,CTL03,25.6,Inf
9588,C,8,C8,874,CTL11,25.6,77919
9588,C,8,C8,874,CTL11,25.6,77919
9588,C,9,C9,262,SCZ08,25.6,95543
9588,C,9,C9,262,SCZ08,25.6,95543
9588,C,10,C10,737,SCZ16,25.6,85773
9588,C,10,C10,737,SCZ16,25.6,85773
9588,C,11,C11,907,LYS04,25.6,Inf
9588,C,11,C11,907,LYS04,25.6,Inf
9588,C,12,C12,RECOMBINANT ERK  1 nM,ERK_1.000nM,25.6,Inf
9588,C,12,C12,RECOMBINANT ERK  1 nM,ERK_1.000nM,25.6,Inf
9588,D,1,D1,195,CTL04,25.6,74175
9588,D,1,D1,195,CTL04,25.6,74175
9588,D,2,D2,11,SCZ01,25.6,95756
9588,D,2,D2,11,SCZ01,25.6,95756
9588,D,3,D3,291,SCZ09,25.6,87690
9588,D,3,D3,291,SCZ09,25.6,87690
9588,D,4,D4,802,SCZ17,25.6,63903
9588,D,4,D4,802,SCZ17,25.6,63903
9588,D,5,D5,5000ng lysate + HI,LYS_HI,25.6,91664
9588,D,5,D5,5000ng lysate + HI,LYS_HI,25.6,91664
9588,D,6,D6,RECOMBINANT ERK  0.75 nM,ERK_0.750nM,25.6,Inf
9588,D,6,D6,RECOMBINANT ERK  0.75 nM,ERK_0.750nM,25.6,Inf
9588,D,7,D7,195,CTL04,25.6,91805
9588,D,7,D7,195,CTL04,25.6,91805
9588,D,8,D8,11,SCZ01,25.6,88374
9588,D,8,D8,11,SCZ01,25.6,88374
9588,D,9,D9,291,SCZ09,25.6,80251
9588,D,9,D9,291,SCZ09,25.6,80251
9588,D,10,D10,802,SCZ17,25.6,80663
9588,D,10,D10,802,SCZ17,25.6,80663
9588,D,11,D11,5000ng lysate + HI,LYS_HI,25.6,92725
9588,D,11,D11,5000ng lysate + HI,LYS_HI,25.6,92725
9588,D,12,D12,RECOMBINANT ERK  0.75 nM,ERK_0.750nM,25.6,Inf
9588,D,12,D12,RECOMBINANT ERK  0.75 nM,ERK_0.750nM,25.6,Inf
9588,E,1,E1,223,CTL05,25.6,Inf
9588,E,1,E1,223,CTL05,25.6,Inf
9588,E,2,E2,22,SCZ02,25.6,Inf
9588,E,2,E2,22,SCZ02,25.6,Inf
9588,E,3,E3,329,SCZ10,25.6,Inf
9588,E,3,E3,329,SCZ10,25.6,Inf
9588,E,4,E4,930,SCZ18,25.6,70475
9588,E,4,E4,930,SCZ18,25.6,70475
9588,E,5,E5,5000ng lysate +ERK INHIBITOR,LYS_INH,25.6,85788
9588,E,5,E5,5000ng lysate +ERK INHIBITOR,LYS_INH,25.6,85788
9588,E,6,E6,RECOMBINANT ERK 0.5 nM,ERK_0.500nM,25.6,Inf
9588,E,6,E6,RECOMBINANT ERK 0.5 nM,ERK_0.500nM,25.6,Inf
9588,E,7,E7,223,CTL05,25.6,99850
9588,E,7,E7,223,CTL05,25.6,99850
9588,E,8,E8,22,SCZ02,25.6,Inf
9588,E,8,E8,22,SCZ02,25.6,Inf
9588,E,9,E9,329,SCZ10,25.6,Inf
9588,E,9,E9,329,SCZ10,25.6,Inf
9588,E,10,E10,930,SCZ18,25.6,75690
9588,E,10,E10,930,SCZ18,25.6,75690
9588,E,11,E11,5000ng lysate +ERK INHIBITOR,LYS_INH,25.6,88230
9588,E,11,E11,5000ng lysate +ERK INHIBITOR,LYS_INH,25.6,88230
9588,E,12,E12,RECOMBINANT ERK 0.5 nM,ERK_0.500nM,25.6,Inf
9588,E,12,E12,RECOMBINANT ERK 0.5 nM,ERK_0.500nM,25.6,Inf
9588,F,1,F1,524,CTL06,25.6,Inf
9588,F,1,F1,524,CTL06,25.6,Inf
9588,F,2,F2,29,SCZ03,25.6,Inf
9588,F,2,F2,29,SCZ03,25.6,Inf
9588,F,3,F3,446,SCZ11,25.6,Inf
9588,F,3,F3,446,SCZ11,25.6,Inf
9588,F,4,F4,931,SCZ19,25.6,80398
9588,F,4,F4,931,SCZ19,25.6,80398
9588,F,5,F5,"BLANK- Master Mix, no lysate",BLNK,25.6,84560
9588,F,5,F5,"BLANK- Master Mix, no lysate",BLNK,25.6,84560
9588,F,6,F6,RECOMBINANT ERK  0.25 nM,ERK_0.250nM,25.6,Inf
9588,F,6,F6,RECOMBINANT ERK  0.25 nM,ERK_0.250nM,25.6,Inf
9588,F,7,F7,524,CTL06,25.6,Inf
9588,F,7,F7,524,CTL06,25.6,Inf
9588,F,8,F8,29,SCZ03,25.6,Inf
9588,F,8,F8,29,SCZ03,25.6,Inf
9588,F,9,F9,446,SCZ11,25.6,72256
9588,F,9,F9,446,SCZ11,25.6,72256
9588,F,10,F10,931,SCZ19,25.6,82103
9588,F,10,F10,931,SCZ19,25.6,82103
9588,F,11,F11,"BLANK- Master Mix, no lysate",BLNK,25.6,85873
9588,F,11,F11,"BLANK- Master Mix, no lysate",BLNK,25.6,85873
9588,F,12,F12,RECOMBINANT ERK  0.25 nM,ERK_0.250nM,25.6,94516
9588,F,12,F12,RECOMBINANT ERK  0.25 nM,ERK_0.250nM,25.6,94516
9588,G,1,G1,661,CTL07,25.6,87881
9588,G,1,G1,661,CTL07,25.6,87881
9588,G,2,G2,69,SCZ04,25.6,Inf
9588,G,2,G2,69,SCZ04,25.6,Inf
9588,G,3,G3,510,SCZ12,25.6,Inf
9588,G,3,G3,510,SCZ12,25.6,Inf
9588,G,4,G4,932,SCZ20,25.6,81666
9588,G,4,G4,932,SCZ20,25.6,81666
9588,G,5,G5,"BLANK- Master Mix, lysate, no reporter",BLNK_LYS,25.6,22553
9588,G,5,G5,"BLANK- Master Mix, lysate, no reporter",BLNK_LYS,25.6,22553
9588,G,6,G6,RECOMBINANT ERK  0.125 nM,ERK_0.125nM,25.6,Inf
9588,G,6,G6,RECOMBINANT ERK  0.125 nM,ERK_0.125nM,25.6,Inf
9588,G,7,G7,661,CTL07,25.6,82089
9588,G,7,G7,661,CTL07,25.6,82089
9588,G,8,G8,69,SCZ04,25.6,98027
9588,G,8,G8,69,SCZ04,25.6,98027
9588,G,9,G9,510,SCZ12,25.6,Inf
9588,G,9,G9,510,SCZ12,25.6,Inf
9588,G,10,G10,932,SCZ20,25.6,80441
9588,G,10,G10,932,SCZ20,25.6,80441
9588,G,11,G11,"BLANK- Master Mix, lysate, no reporter",BLNK_LYS,25.6,24441
9588,G,11,G11,"BLANK- Master Mix, lysate, no reporter",BLNK_LYS,25.6,24441
9588,G,12,G12,RECOMBINANT ERK  0.125 nM,ERK_0.125nM,25.6,96814
9588,G,12,G12,RECOMBINANT ERK  0.125 nM,ERK_0.125nM,25.6,96814
9588,H,1,H1,689,CTL08,25.6,Inf
9588,H,1,H1,689,CTL08,25.6,Inf
9588,H,2,H2,94,SCZ05,25.6,84366
9588,H,2,H2,94,SCZ05,25.6,84366
9588,H,3,H3,547,SCZ13,25.6,87812
9588,H,3,H3,547,SCZ13,25.6,87812
9588,H,4,H4,326,LYS01,25.6,Inf
9588,H,4,H4,326,LYS01,25.6,Inf
9588,H,5,H5,NA,EMPTY,25.6,90071
9588,H,5,H5,NA,EMPTY,25.6,90071
9588,H,6,H6,RECOMBINANT ERK 2nM + ERK INHIBITOR,ERK_2.000nM_INH,25.6,27206
9588,H,6,H6,RECOMBINANT ERK 2nM + ERK INHIBITOR,ERK_2.000nM_INH,25.6,27206
9588,H,7,H7,689,CTL08,25.6,Inf
9588,H,7,H7,689,CTL08,25.6,Inf
9588,H,8,H8,94,SCZ05,25.6,30049
9588,H,8,H8,94,SCZ05,25.6,30049
9588,H,9,H9,547,SCZ13,25.6,94958
9588,H,9,H9,547,SCZ13,25.6,94958
9588,H,10,H10,326,LYS01,25.6,Inf
9588,H,10,H10,326,LYS01,25.6,Inf
9588,H,11,H11,NA,EMPTY,25.6,22807
9588,H,11,H11,NA,EMPTY,25.6,22807
9588,H,12,H12,RECOMBINANT ERK 2nM + ERK INHIBITOR,ERK_2.000nM_INH,25.6,Inf
9588,H,12,H12,RECOMBINANT ERK 2nM + ERK INHIBITOR,ERK_2.000nM_INH,25.6,Inf
9729,A,1,A1,46,CTL01,25.6,Inf
9729,A,1,A1,46,CTL01,25.6,Inf
9729,A,2,A2,720,CTL09,25.6,Inf
9729,A,2,A2,720,CTL09,25.6,Inf
9729,A,3,A3,225,SCZ06,25.6,86540
9729,A,3,A3,225,SCZ06,25.6,86540
9729,A,4,A4,552,SCZ14,25.6,94675
9729,A,4,A4,552,SCZ14,25.6,94675
9729,A,5,A5,328,LYS02,25.6,Inf
9729,A,5,A5,328,LYS02,25.6,Inf
9729,A,6,A6,RECOMBINANT ERK  2nM,ERK_2.000nM,25.6,Inf
9729,A,6,A6,RECOMBINANT ERK  2nM,ERK_2.000nM,25.6,Inf
9729,A,7,A7,46,CTL01,25.6,98459
9729,A,7,A7,46,CTL01,25.6,98459
9729,A,8,A8,720,CTL09,25.6,Inf
9729,A,8,A8,720,CTL09,25.6,Inf
9729,A,9,A9,225,SCZ06,25.6,96501
9729,A,9,A9,225,SCZ06,25.6,96501
9729,A,10,A10,552,SCZ14,25.6,89901
9729,A,10,A10,552,SCZ14,25.6,89901
9729,A,11,A11,328,LYS02,25.6,99905
9729,A,11,A11,328,LYS02,25.6,99905
9729,A,12,A12,RECOMBINANT ERK  2nM,ERK_2.000nM,25.6,Inf
9729,A,12,A12,RECOMBINANT ERK  2nM,ERK_2.000nM,25.6,Inf
9729,B,1,B1,116,CTL02,25.6,89833
9729,B,1,B1,116,CTL02,25.6,89833
9729,B,2,B2,859,CTL10,25.6,Inf
9729,B,2,B2,859,CTL10,25.6,Inf
9729,B,3,B3,235,SCZ07,25.6,Inf
9729,B,3,B3,235,SCZ07,25.6,Inf
9729,B,4,B4,565,SCZ15,25.6,90162
9729,B,4,B4,565,SCZ15,25.6,90162
9729,B,5,B5,335,LYS03,25.6,Inf
9729,B,5,B5,335,LYS03,25.6,Inf
9729,B,6,B6,RECOMBINANT ERK 1.5 nM,ERK_1.500nM,25.6,Inf
9729,B,6,B6,RECOMBINANT ERK 1.5 nM,ERK_1.500nM,25.6,Inf
9729,B,7,B7,116,CTL02,25.6,81673
9729,B,7,B7,116,CTL02,25.6,81673
9729,B,8,B8,859,CTL10,25.6,98164
9729,B,8,B8,859,CTL10,25.6,98164
9729,B,9,B9,235,SCZ07,25.6,97468
9729,B,9,B9,235,SCZ07,25.6,97468
9729,B,10,B10,565,SCZ15,25.6,91213
9729,B,10,B10,565,SCZ15,25.6,91213
9729,B,11,B11,335,LYS03,25.6,Inf
9729,B,11,B11,335,LYS03,25.6,Inf
9729,B,12,B12,RECOMBINANT ERK 1.5 nM,ERK_1.500nM,25.6,Inf
9729,B,12,B12,RECOMBINANT ERK 1.5 nM,ERK_1.500nM,25.6,Inf
9729,C,1,C1,167,CTL03,25.6,Inf
9729,C,1,C1,167,CTL03,25.6,Inf
9729,C,2,C2,874,CTL11,25.6,89681
9729,C,2,C2,874,CTL11,25.6,89681
9729,C,3,C3,262,SCZ08,25.6,Inf
9729,C,3,C3,262,SCZ08,25.6,Inf
9729,C,4,C4,737,SCZ16,25.6,92058
9729,C,4,C4,737,SCZ16,25.6,92058
9729,C,5,C5,907,LYS04,25.6,99629
9729,C,5,C5,907,LYS04,25.6,99629
9729,C,6,C6,RECOMBINANT ERK  1 nM,ERK_1.000nM,25.6,Inf
9729,C,6,C6,RECOMBINANT ERK  1 nM,ERK_1.000nM,25.6,Inf
9729,C,7,C7,167,CTL03,25.6,Inf
9729,C,7,C7,167,CTL03,25.6,Inf
9729,C,8,C8,874,CTL11,25.6,77701
9729,C,8,C8,874,CTL11,25.6,77701
9729,C,9,C9,262,SCZ08,25.6,97015
9729,C,9,C9,262,SCZ08,25.6,97015
9729,C,10,C10,737,SCZ16,25.6,86162
9729,C,10,C10,737,SCZ16,25.6,86162
9729,C,11,C11,907,LYS04,25.6,Inf
9729,C,11,C11,907,LYS04,25.6,Inf
9729,C,12,C12,RECOMBINANT ERK  1 nM,ERK_1.000nM,25.6,Inf
9729,C,12,C12,RECOMBINANT ERK  1 nM,ERK_1.000nM,25.6,Inf
9729,D,1,D1,195,CTL04,25.6,74587
9729,D,1,D1,195,CTL04,25.6,74587
9729,D,2,D2,11,SCZ01,25.6,96337
9729,D,2,D2,11,SCZ01,25.6,96337
9729,D,3,D3,291,SCZ09,25.6,87365
9729,D,3,D3,291,SCZ09,25.6,87365
9729,D,4,D4,802,SCZ17,25.6,64161
9729,D,4,D4,802,SCZ17,25.6,64161
9729,D,5,D5,5000ng lysate + HI,LYS_HI,25.6,92106
9729,D,5,D5,5000ng lysate + HI,LYS_HI,25.6,92106
9729,D,6,D6,RECOMBINANT ERK  0.75 nM,ERK_0.750nM,25.6,Inf
9729,D,6,D6,RECOMBINANT ERK  0.75 nM,ERK_0.750nM,25.6,Inf
9729,D,7,D7,195,CTL04,25.6,91470
9729,D,7,D7,195,CTL04,25.6,91470
9729,D,8,D8,11,SCZ01,25.6,88251
9729,D,8,D8,11,SCZ01,25.6,88251
9729,D,9,D9,291,SCZ09,25.6,80370
9729,D,9,D9,291,SCZ09,25.6,80370
9729,D,10,D10,802,SCZ17,25.6,81192
9729,D,10,D10,802,SCZ17,25.6,81192
9729,D,11,D11,5000ng lysate + HI,LYS_HI,25.6,92485
9729,D,11,D11,5000ng lysate + HI,LYS_HI,25.6,92485
9729,D,12,D12,RECOMBINANT ERK  0.75 nM,ERK_0.750nM,25.6,Inf
9729,D,12,D12,RECOMBINANT ERK  0.75 nM,ERK_0.750nM,25.6,Inf
9729,E,1,E1,223,CTL05,25.6,Inf
9729,E,1,E1,223,CTL05,25.6,Inf
9729,E,2,E2,22,SCZ02,25.6,Inf
9729,E,2,E2,22,SCZ02,25.6,Inf
9729,E,3,E3,329,SCZ10,25.6,Inf
9729,E,3,E3,329,SCZ10,25.6,Inf
9729,E,4,E4,930,SCZ18,25.6,71306
9729,E,4,E4,930,SCZ18,25.6,71306
9729,E,5,E5,5000ng lysate +ERK INHIBITOR,LYS_INH,25.6,86214
9729,E,5,E5,5000ng lysate +ERK INHIBITOR,LYS_INH,25.6,86214
9729,E,6,E6,RECOMBINANT ERK 0.5 nM,ERK_0.500nM,25.6,Inf
9729,E,6,E6,RECOMBINANT ERK 0.5 nM,ERK_0.500nM,25.6,Inf
9729,E,7,E7,223,CTL05,25.6,99761
9729,E,7,E7,223,CTL05,25.6,99761
9729,E,8,E8,22,SCZ02,25.6,Inf
9729,E,8,E8,22,SCZ02,25.6,Inf
9729,E,9,E9,329,SCZ10,25.6,Inf
9729,E,9,E9,329,SCZ10,25.6,Inf
9729,E,10,E10,930,SCZ18,25.6,76073
9729,E,10,E10,930,SCZ18,25.6,76073
9729,E,11,E11,5000ng lysate +ERK INHIBITOR,LYS_INH,25.6,87946
9729,E,11,E11,5000ng lysate +ERK INHIBITOR,LYS_INH,25.6,87946
9729,E,12,E12,RECOMBINANT ERK 0.5 nM,ERK_0.500nM,25.6,Inf
9729,E,12,E12,RECOMBINANT ERK 0.5 nM,ERK_0.500nM,25.6,Inf
9729,F,1,F1,524,CTL06,25.6,Inf
9729,F,1,F1,524,CTL06,25.6,Inf
9729,F,2,F2,29,SCZ03,25.6,Inf
9729,F,2,F2,29,SCZ03,25.6,Inf
9729,F,3,F3,446,SCZ11,25.6,Inf
9729,F,3,F3,446,SCZ11,25.6,Inf
9729,F,4,F4,931,SCZ19,25.6,80568
9729,F,4,F4,931,SCZ19,25.6,80568
9729,F,5,F5,"BLANK- Master Mix, no lysate",BLNK,25.6,84728
9729,F,5,F5,"BLANK- Master Mix, no lysate",BLNK,25.6,84728
9729,F,6,F6,RECOMBINANT ERK  0.25 nM,ERK_0.250nM,25.6,Inf
9729,F,6,F6,RECOMBINANT ERK  0.25 nM,ERK_0.250nM,25.6,Inf
9729,F,7,F7,524,CTL06,25.6,Inf
9729,F,7,F7,524,CTL06,25.6,Inf
9729,F,8,F8,29,SCZ03,25.6,Inf
9729,F,8,F8,29,SCZ03,25.6,Inf
9729,F,9,F9,446,SCZ11,25.6,73232
9729,F,9,F9,446,SCZ11,25.6,73232
9729,F,10,F10,931,SCZ19,25.6,82189
9729,F,10,F10,931,SCZ19,25.6,82189
9729,F,11,F11,"BLANK- Master Mix, no lysate",BLNK,25.6,85140
9729,F,11,F11,"BLANK- Master Mix, no lysate",BLNK,25.6,85140
9729,F,12,F12,RECOMBINANT ERK  0.25 nM,ERK_0.250nM,25.6,95011
9729,F,12,F12,RECOMBINANT ERK  0.25 nM,ERK_0.250nM,25.6,95011
9729,G,1,G1,661,CTL07,25.6,87337
9729,G,1,G1,661,CTL07,25.6,87337
9729,G,2,G2,69,SCZ04,25.6,Inf
9729,G,2,G2,69,SCZ04,25.6,Inf
9729,G,3,G3,510,SCZ12,25.6,Inf
9729,G,3,G3,510,SCZ12,25.6,Inf
9729,G,4,G4,932,SCZ20,25.6,82464
9729,G,4,G4,932,SCZ20,25.6,82464
9729,G,5,G5,"BLANK- Master Mix, lysate, no reporter",BLNK_LYS,25.6,22196
9729,G,5,G5,"BLANK- Master Mix, lysate, no reporter",BLNK_LYS,25.6,22196
9729,G,6,G6,RECOMBINANT ERK  0.125 nM,ERK_0.125nM,25.6,Inf
9729,G,6,G6,RECOMBINANT ERK  0.125 nM,ERK_0.125nM,25.6,Inf
9729,G,7,G7,661,CTL07,25.6,82086
9729,G,7,G7,661,CTL07,25.6,82086
9729,G,8,G8,69,SCZ04,25.6,98585
9729,G,8,G8,69,SCZ04,25.6,98585
9729,G,9,G9,510,SCZ12,25.6,Inf
9729,G,9,G9,510,SCZ12,25.6,Inf
9729,G,10,G10,932,SCZ20,25.6,80777
9729,G,10,G10,932,SCZ20,25.6,80777
9729,G,11,G11,"BLANK- Master Mix, lysate, no reporter",BLNK_LYS,25.6,24163
9729,G,11,G11,"BLANK- Master Mix, lysate, no reporter",BLNK_LYS,25.6,24163
9729,G,12,G12,RECOMBINANT ERK  0.125 nM,ERK_0.125nM,25.6,97026
9729,G,12,G12,RECOMBINANT ERK  0.125 nM,ERK_0.125nM,25.6,97026
9729,H,1,H1,689,CTL08,25.6,Inf
9729,H,1,H1,689,CTL08,25.6,Inf
9729,H,2,H2,94,SCZ05,25.6,85239
9729,H,2,H2,94,SCZ05,25.6,85239
9729,H,3,H3,547,SCZ13,25.6,88245
9729,H,3,H3,547,SCZ13,25.6,88245
9729,H,4,H4,326,LYS01,25.6,Inf
9729,H,4,H4,326,LYS01,25.6,Inf
9729,H,5,H5,NA,EMPTY,25.6,89465
9729,H,5,H5,NA,EMPTY,25.6,89465
9729,H,6,H6,RECOMBINANT ERK 2nM + ERK INHIBITOR,ERK_2.000nM_INH,25.6,27225
9729,H,6,H6,RECOMBINANT ERK 2nM + ERK INHIBITOR,ERK_2.000nM_INH,25.6,27225
9729,H,7,H7,689,CTL08,25.6,Inf
9729,H,7,H7,689,CTL08,25.6,Inf
9729,H,8,H8,94,SCZ05,25.6,29611
9729,H,8,H8,94,SCZ05,25.6,29611
9729,H,9,H9,547,SCZ13,25.6,94275
9729,H,9,H9,547,SCZ13,25.6,94275
9729,H,10,H10,326,LYS01,25.6,Inf
9729,H,10,H10,326,LYS01,25.6,Inf
9729,H,11,H11,NA,EMPTY,25.6,23053
9729,H,11,H11,NA,EMPTY,25.6,23053
9729,H,12,H12,RECOMBINANT ERK 2nM + ERK INHIBITOR,ERK_2.000nM_INH,25.6,Inf
9729,H,12,H12,RECOMBINANT ERK 2nM + ERK INHIBITOR,ERK_2.000nM_INH,25.6,Inf
9870,A,1,A1,46,CTL01,25.6,Inf
9870,A,1,A1,46,CTL01,25.6,Inf
9870,A,2,A2,720,CTL09,25.6,Inf
9870,A,2,A2,720,CTL09,25.6,Inf
9870,A,3,A3,225,SCZ06,25.6,87245
9870,A,3,A3,225,SCZ06,25.6,87245
9870,A,4,A4,552,SCZ14,25.6,94899
9870,A,4,A4,552,SCZ14,25.6,94899
9870,A,5,A5,328,LYS02,25.6,Inf
9870,A,5,A5,328,LYS02,25.6,Inf
9870,A,6,A6,RECOMBINANT ERK  2nM,ERK_2.000nM,25.6,Inf
9870,A,6,A6,RECOMBINANT ERK  2nM,ERK_2.000nM,25.6,Inf
9870,A,7,A7,46,CTL01,25.6,98600
9870,A,7,A7,46,CTL01,25.6,98600
9870,A,8,A8,720,CTL09,25.6,Inf
9870,A,8,A8,720,CTL09,25.6,Inf
9870,A,9,A9,225,SCZ06,25.6,96941
9870,A,9,A9,225,SCZ06,25.6,96941
9870,A,10,A10,552,SCZ14,25.6,91145
9870,A,10,A10,552,SCZ14,25.6,91145
9870,A,11,A11,328,LYS02,25.6,99653
9870,A,11,A11,328,LYS02,25.6,99653
9870,A,12,A12,RECOMBINANT ERK  2nM,ERK_2.000nM,25.6,Inf
9870,A,12,A12,RECOMBINANT ERK  2nM,ERK_2.000nM,25.6,Inf
9870,B,1,B1,116,CTL02,25.6,90232
9870,B,1,B1,116,CTL02,25.6,90232
9870,B,2,B2,859,CTL10,25.6,Inf
9870,B,2,B2,859,CTL10,25.6,Inf
9870,B,3,B3,235,SCZ07,25.6,Inf
9870,B,3,B3,235,SCZ07,25.6,Inf
9870,B,4,B4,565,SCZ15,25.6,89933
9870,B,4,B4,565,SCZ15,25.6,89933
9870,B,5,B5,335,LYS03,25.6,Inf
9870,B,5,B5,335,LYS03,25.6,Inf
9870,B,6,B6,RECOMBINANT ERK 1.5 nM,ERK_1.500nM,25.6,Inf
9870,B,6,B6,RECOMBINANT ERK 1.5 nM,ERK_1.500nM,25.6,Inf
9870,B,7,B7,116,CTL02,25.6,81950
9870,B,7,B7,116,CTL02,25.6,81950
9870,B,8,B8,859,CTL10,25.6,98698
9870,B,8,B8,859,CTL10,25.6,98698
9870,B,9,B9,235,SCZ07,25.6,97314
9870,B,9,B9,235,SCZ07,25.6,97314
9870,B,10,B10,565,SCZ15,25.6,91217
9870,B,10,B10,565,SCZ15,25.6,91217
9870,B,11,B11,335,LYS03,25.6,Inf
9870,B,11,B11,335,LYS03,25.6,Inf
9870,B,12,B12,RECOMBINANT ERK 1.5 nM,ERK_1.500nM,25.6,Inf
9870,B,12,B12,RECOMBINANT ERK 1.5 nM,ERK_1.500nM,25.6,Inf
9870,C,1,C1,167,CTL03,25.6,Inf
9870,C,1,C1,167,CTL03,25.6,Inf
9870,C,2,C2,874,CTL11,25.6,90036
9870,C,2,C2,874,CTL11,25.6,90036
9870,C,3,C3,262,SCZ08,25.6,Inf
9870,C,3,C3,262,SCZ08,25.6,Inf
9870,C,4,C4,737,SCZ16,25.6,92125
9870,C,4,C4,737,SCZ16,25.6,92125
9870,C,5,C5,907,LYS04,25.6,99569
9870,C,5,C5,907,LYS04,25.6,99569
9870,C,6,C6,RECOMBINANT ERK  1 nM,ERK_1.000nM,25.6,Inf
9870,C,6,C6,RECOMBINANT ERK  1 nM,ERK_1.000nM,25.6,Inf
9870,C,7,C7,167,CTL03,25.6,Inf
9870,C,7,C7,167,CTL03,25.6,Inf
9870,C,8,C8,874,CTL11,25.6,77931
9870,C,8,C8,874,CTL11,25.6,77931
9870,C,9,C9,262,SCZ08,25.6,96497
9870,C,9,C9,262,SCZ08,25.6,96497
9870,C,10,C10,737,SCZ16,25.6,87054
9870,C,10,C10,737,SCZ16,25.6,87054
9870,C,11,C11,907,LYS04,25.6,Inf
9870,C,11,C11,907,LYS04,25.6,Inf
9870,C,12,C12,RECOMBINANT ERK  1 nM,ERK_1.000nM,25.6,Inf
9870,C,12,C12,RECOMBINANT ERK  1 nM,ERK_1.000nM,25.6,Inf
9870,D,1,D1,195,CTL04,25.6,75165
9870,D,1,D1,195,CTL04,25.6,75165
9870,D,2,D2,11,SCZ01,25.6,96123
9870,D,2,D2,11,SCZ01,25.6,96123
9870,D,3,D3,291,SCZ09,25.6,87277
9870,D,3,D3,291,SCZ09,25.6,87277
9870,D,4,D4,802,SCZ17,25.6,64080
9870,D,4,D4,802,SCZ17,25.6,64080
9870,D,5,D5,5000ng lysate + HI,LYS_HI,25.6,92001
9870,D,5,D5,5000ng lysate + HI,LYS_HI,25.6,92001
9870,D,6,D6,RECOMBINANT ERK  0.75 nM,ERK_0.750nM,25.6,Inf
9870,D,6,D6,RECOMBINANT ERK  0.75 nM,ERK_0.750nM,25.6,Inf
9870,D,7,D7,195,CTL04,25.6,91874
9870,D,7,D7,195,CTL04,25.6,91874
9870,D,8,D8,11,SCZ01,25.6,88301
9870,D,8,D8,11,SCZ01,25.6,88301
9870,D,9,D9,291,SCZ09,25.6,80807
9870,D,9,D9,291,SCZ09,25.6,80807
9870,D,10,D10,802,SCZ17,25.6,81217
9870,D,10,D10,802,SCZ17,25.6,81217
9870,D,11,D11,5000ng lysate + HI,LYS_HI,25.6,92841
9870,D,11,D11,5000ng lysate + HI,LYS_HI,25.6,92841
9870,D,12,D12,RECOMBINANT ERK  0.75 nM,ERK_0.750nM,25.6,Inf
9870,D,12,D12,RECOMBINANT ERK  0.75 nM,ERK_0.750nM,25.6,Inf
9870,E,1,E1,223,CTL05,25.6,Inf
9870,E,1,E1,223,CTL05,25.6,Inf
9870,E,2,E2,22,SCZ02,25.6,Inf
9870,E,2,E2,22,SCZ02,25.6,Inf
9870,E,3,E3,329,SCZ10,25.6,Inf
9870,E,3,E3,329,SCZ10,25.6,Inf
9870,E,4,E4,930,SCZ18,25.6,71444
9870,E,4,E4,930,SCZ18,25.6,71444
9870,E,5,E5,5000ng lysate +ERK INHIBITOR,LYS_INH,25.6,86211
9870,E,5,E5,5000ng lysate +ERK INHIBITOR,LYS_INH,25.6,86211
9870,E,6,E6,RECOMBINANT ERK 0.5 nM,ERK_0.500nM,25.6,Inf
9870,E,6,E6,RECOMBINANT ERK 0.5 nM,ERK_0.500nM,25.6,Inf
9870,E,7,E7,223,CTL05,25.6,Inf
9870,E,7,E7,223,CTL05,25.6,Inf
9870,E,8,E8,22,SCZ02,25.6,Inf
9870,E,8,E8,22,SCZ02,25.6,Inf
9870,E,9,E9,329,SCZ10,25.6,Inf
9870,E,9,E9,329,SCZ10,25.6,Inf
9870,E,10,E10,930,SCZ18,25.6,75856
9870,E,10,E10,930,SCZ18,25.6,75856
9870,E,11,E11,5000ng lysate +ERK INHIBITOR,LYS_INH,25.6,88092
9870,E,11,E11,5000ng lysate +ERK INHIBITOR,LYS_INH,25.6,88092
9870,E,12,E12,RECOMBINANT ERK 0.5 nM,ERK_0.500nM,25.6,Inf
9870,E,12,E12,RECOMBINANT ERK 0.5 nM,ERK_0.500nM,25.6,Inf
9870,F,1,F1,524,CTL06,25.6,Inf
9870,F,1,F1,524,CTL06,25.6,Inf
9870,F,2,F2,29,SCZ03,25.6,Inf
9870,F,2,F2,29,SCZ03,25.6,Inf
9870,F,3,F3,446,SCZ11,25.6,Inf
9870,F,3,F3,446,SCZ11,25.6,Inf
9870,F,4,F4,931,SCZ19,25.6,80945
9870,F,4,F4,931,SCZ19,25.6,80945
9870,F,5,F5,"BLANK- Master Mix, no lysate",BLNK,25.6,85049
9870,F,5,F5,"BLANK- Master Mix, no lysate",BLNK,25.6,85049
9870,F,6,F6,RECOMBINANT ERK  0.25 nM,ERK_0.250nM,25.6,Inf
9870,F,6,F6,RECOMBINANT ERK  0.25 nM,ERK_0.250nM,25.6,Inf
9870,F,7,F7,524,CTL06,25.6,Inf
9870,F,7,F7,524,CTL06,25.6,Inf
9870,F,8,F8,29,SCZ03,25.6,Inf
9870,F,8,F8,29,SCZ03,25.6,Inf
9870,F,9,F9,446,SCZ11,25.6,72868
9870,F,9,F9,446,SCZ11,25.6,72868
9870,F,10,F10,931,SCZ19,25.6,82693
9870,F,10,F10,931,SCZ19,25.6,82693
9870,F,11,F11,"BLANK- Master Mix, no lysate",BLNK,25.6,85540
9870,F,11,F11,"BLANK- Master Mix, no lysate",BLNK,25.6,85540
9870,F,12,F12,RECOMBINANT ERK  0.25 nM,ERK_0.250nM,25.6,94643
9870,F,12,F12,RECOMBINANT ERK  0.25 nM,ERK_0.250nM,25.6,94643
9870,G,1,G1,661,CTL07,25.6,87276
9870,G,1,G1,661,CTL07,25.6,87276
9870,G,2,G2,69,SCZ04,25.6,Inf
9870,G,2,G2,69,SCZ04,25.6,Inf
9870,G,3,G3,510,SCZ12,25.6,Inf
9870,G,3,G3,510,SCZ12,25.6,Inf
9870,G,4,G4,932,SCZ20,25.6,82776
9870,G,4,G4,932,SCZ20,25.6,82776
9870,G,5,G5,"BLANK- Master Mix, lysate, no reporter",BLNK_LYS,25.6,22284
9870,G,5,G5,"BLANK- Master Mix, lysate, no reporter",BLNK_LYS,25.6,22284
9870,G,6,G6,RECOMBINANT ERK  0.125 nM,ERK_0.125nM,25.6,Inf
9870,G,6,G6,RECOMBINANT ERK  0.125 nM,ERK_0.125nM,25.6,Inf
9870,G,7,G7,661,CTL07,25.6,82180
9870,G,7,G7,661,CTL07,25.6,82180
9870,G,8,G8,69,SCZ04,25.6,98443
9870,G,8,G8,69,SCZ04,25.6,98443
9870,G,9,G9,510,SCZ12,25.6,Inf
9870,G,9,G9,510,SCZ12,25.6,Inf
9870,G,10,G10,932,SCZ20,25.6,81315
9870,G,10,G10,932,SCZ20,25.6,81315
9870,G,11,G11,"BLANK- Master Mix, lysate, no reporter",BLNK_LYS,25.6,24453
9870,G,11,G11,"BLANK- Master Mix, lysate, no reporter",BLNK_LYS,25.6,24453
9870,G,12,G12,RECOMBINANT ERK  0.125 nM,ERK_0.125nM,25.6,96807
9870,G,12,G12,RECOMBINANT ERK  0.125 nM,ERK_0.125nM,25.6,96807
9870,H,1,H1,689,CTL08,25.6,Inf
9870,H,1,H1,689,CTL08,25.6,Inf
9870,H,2,H2,94,SCZ05,25.6,84307
9870,H,2,H2,94,SCZ05,25.6,84307
9870,H,3,H3,547,SCZ13,25.6,88764
9870,H,3,H3,547,SCZ13,25.6,88764
9870,H,4,H4,326,LYS01,25.6,Inf
9870,H,4,H4,326,LYS01,25.6,Inf
9870,H,5,H5,NA,EMPTY,25.6,89194
9870,H,5,H5,NA,EMPTY,25.6,89194
9870,H,6,H6,RECOMBINANT ERK 2nM + ERK INHIBITOR,ERK_2.000nM_INH,25.6,27126
9870,H,6,H6,RECOMBINANT ERK 2nM + ERK INHIBITOR,ERK_2.000nM_INH,25.6,27126
9870,H,7,H7,689,CTL08,25.6,Inf
9870,H,7,H7,689,CTL08,25.6,Inf
9870,H,8,H8,94,SCZ05,25.6,29874
9870,H,8,H8,94,SCZ05,25.6,29874
9870,H,9,H9,547,SCZ13,25.6,95196
9870,H,9,H9,547,SCZ13,25.6,95196
9870,H,10,H10,326,LYS01,25.6,Inf
9870,H,10,H10,326,LYS01,25.6,Inf
9870,H,11,H11,NA,EMPTY,25.6,23183
9870,H,11,H11,NA,EMPTY,25.6,23183
9870,H,12,H12,RECOMBINANT ERK 2nM + ERK INHIBITOR,ERK_2.000nM_INH,25.6,Inf
9870,H,12,H12,RECOMBINANT ERK 2nM + ERK INHIBITOR,ERK_2.000nM_INH,25.6,Inf
10011,A,1,A1,46,CTL01,25.6,99983
10011,A,1,A1,46,CTL01,25.6,99983
10011,A,2,A2,720,CTL09,25.6,Inf
10011,A,2,A2,720,CTL09,25.6,Inf
10011,A,3,A3,225,SCZ06,25.6,87073
10011,A,3,A3,225,SCZ06,25.6,87073
10011,A,4,A4,552,SCZ14,25.6,95320
10011,A,4,A4,552,SCZ14,25.6,95320
10011,A,5,A5,328,LYS02,25.6,Inf
10011,A,5,A5,328,LYS02,25.6,Inf
10011,A,6,A6,RECOMBINANT ERK  2nM,ERK_2.000nM,25.6,Inf
10011,A,6,A6,RECOMBINANT ERK  2nM,ERK_2.000nM,25.6,Inf
10011,A,7,A7,46,CTL01,25.6,98825
10011,A,7,A7,46,CTL01,25.6,98825
10011,A,8,A8,720,CTL09,25.6,Inf
10011,A,8,A8,720,CTL09,25.6,Inf
10011,A,9,A9,225,SCZ06,25.6,97293
10011,A,9,A9,225,SCZ06,25.6,97293
10011,A,10,A10,552,SCZ14,25.6,90353
10011,A,10,A10,552,SCZ14,25.6,90353
10011,A,11,A11,328,LYS02,25.6,99711
10011,A,11,A11,328,LYS02,25.6,99711
10011,A,12,A12,RECOMBINANT ERK  2nM,ERK_2.000nM,25.6,Inf
10011,A,12,A12,RECOMBINANT ERK  2nM,ERK_2.000nM,25.6,Inf
10011,B,1,B1,116,CTL02,25.6,89819
10011,B,1,B1,116,CTL02,25.6,89819
10011,B,2,B2,859,CTL10,25.6,Inf
10011,B,2,B2,859,CTL10,25.6,Inf
10011,B,3,B3,235,SCZ07,25.6,Inf
10011,B,3,B3,235,SCZ07,25.6,Inf
10011,B,4,B4,565,SCZ15,25.6,89834
10011,B,4,B4,565,SCZ15,25.6,89834
10011,B,5,B5,335,LYS03,25.6,Inf
10011,B,5,B5,335,LYS03,25.6,Inf
10011,B,6,B6,RECOMBINANT ERK 1.5 nM,ERK_1.500nM,25.6,Inf
10011,B,6,B6,RECOMBINANT ERK 1.5 nM,ERK_1.500nM,25.6,Inf
10011,B,7,B7,116,CTL02,25.6,81986
10011,B,7,B7,116,CTL02,25.6,81986
10011,B,8,B8,859,CTL10,25.6,99109
10011,B,8,B8,859,CTL10,25.6,99109
10011,B,9,B9,235,SCZ07,25.6,97853
10011,B,9,B9,235,SCZ07,25.6,97853
10011,B,10,B10,565,SCZ15,25.6,91137
10011,B,10,B10,565,SCZ15,25.6,91137
10011,B,11,B11,335,LYS03,25.6,Inf
10011,B,11,B11,335,LYS03,25.6,Inf
10011,B,12,B12,RECOMBINANT ERK 1.5 nM,ERK_1.500nM,25.6,Inf
10011,B,12,B12,RECOMBINANT ERK 1.5 nM,ERK_1.500nM,25.6,Inf
10011,C,1,C1,167,CTL03,25.6,Inf
10011,C,1,C1,167,CTL03,25.6,Inf
10011,C,2,C2,874,CTL11,25.6,90389
10011,C,2,C2,874,CTL11,25.6,90389
10011,C,3,C3,262,SCZ08,25.6,Inf
10011,C,3,C3,262,SCZ08,25.6,Inf
10011,C,4,C4,737,SCZ16,25.6,91091
10011,C,4,C4,737,SCZ16,25.6,91091
10011,C,5,C5,907,LYS04,25.6,Inf
10011,C,5,C5,907,LYS04,25.6,Inf
10011,C,6,C6,RECOMBINANT ERK  1 nM,ERK_1.000nM,25.6,Inf
10011,C,6,C6,RECOMBINANT ERK  1 nM,ERK_1.000nM,25.6,Inf
10011,C,7,C7,167,CTL03,25.6,Inf
10011,C,7,C7,167,CTL03,25.6,Inf
10011,C,8,C8,874,CTL11,25.6,78545
10011,C,8,C8,874,CTL11,25.6,78545
10011,C,9,C9,262,SCZ08,25.6,97310
10011,C,9,C9,262,SCZ08,25.6,97310
10011,C,10,C10,737,SCZ16,25.6,86164
10011,C,10,C10,737,SCZ16,25.6,86164
10011,C,11,C11,907,LYS04,25.6,Inf
10011,C,11,C11,907,LYS04,25.6,Inf
10011,C,12,C12,RECOMBINANT ERK  1 nM,ERK_1.000nM,25.6,Inf
10011,C,12,C12,RECOMBINANT ERK  1 nM,ERK_1.000nM,25.6,Inf
10011,D,1,D1,195,CTL04,25.6,74620
10011,D,1,D1,195,CTL04,25.6,74620
10011,D,2,D2,11,SCZ01,25.6,96421
10011,D,2,D2,11,SCZ01,25.6,96421
10011,D,3,D3,291,SCZ09,25.6,87559
10011,D,3,D3,291,SCZ09,25.6,87559
10011,D,4,D4,802,SCZ17,25.6,63896
10011,D,4,D4,802,SCZ17,25.6,63896
10011,D,5,D5,5000ng lysate + HI,LYS_HI,25.6,91608
10011,D,5,D5,5000ng lysate + HI,LYS_HI,25.6,91608
10011,D,6,D6,RECOMBINANT ERK  0.75 nM,ERK_0.750nM,25.6,Inf
10011,D,6,D6,RECOMBINANT ERK  0.75 nM,ERK_0.750nM,25.6,Inf
10011,D,7,D7,195,CTL04,25.6,91586
10011,D,7,D7,195,CTL04,25.6,91586
10011,D,8,D8,11,SCZ01,25.6,88865
10011,D,8,D8,11,SCZ01,25.6,88865
10011,D,9,D9,291,SCZ09,25.6,81310
10011,D,9,D9,291,SCZ09,25.6,81310
10011,D,10,D10,802,SCZ17,25.6,80854
10011,D,10,D10,802,SCZ17,25.6,80854
10011,D,11,D11,5000ng lysate + HI,LYS_HI,25.6,92586
10011,D,11,D11,5000ng lysate + HI,LYS_HI,25.6,92586
10011,D,12,D12,RECOMBINANT ERK  0.75 nM,ERK_0.750nM,25.6,Inf
10011,D,12,D12,RECOMBINANT ERK  0.75 nM,ERK_0.750nM,25.6,Inf
10011,E,1,E1,223,CTL05,25.6,Inf
10011,E,1,E1,223,CTL05,25.6,Inf
10011,E,2,E2,22,SCZ02,25.6,Inf
10011,E,2,E2,22,SCZ02,25.6,Inf
10011,E,3,E3,329,SCZ10,25.6,Inf
10011,E,3,E3,329,SCZ10,25.6,Inf
10011,E,4,E4,930,SCZ18,25.6,71555
10011,E,4,E4,930,SCZ18,25.6,71555
10011,E,5,E5,5000ng lysate +ERK INHIBITOR,LYS_INH,25.6,85451
10011,E,5,E5,5000ng lysate +ERK INHIBITOR,LYS_INH,25.6,85451
10011,E,6,E6,RECOMBINANT ERK 0.5 nM,ERK_0.500nM,25.6,Inf
10011,E,6,E6,RECOMBINANT ERK 0.5 nM,ERK_0.500nM,25.6,Inf
10011,E,7,E7,223,CTL05,25.6,Inf
10011,E,7,E7,223,CTL05,25.6,Inf
10011,E,8,E8,22,SCZ02,25.6,Inf
10011,E,8,E8,22,SCZ02,25.6,Inf
10011,E,9,E9,329,SCZ10,25.6,Inf
10011,E,9,E9,329,SCZ10,25.6,Inf
10011,E,10,E10,930,SCZ18,25.6,75673
10011,E,10,E10,930,SCZ18,25.6,75673
10011,E,11,E11,5000ng lysate +ERK INHIBITOR,LYS_INH,25.6,87905
10011,E,11,E11,5000ng lysate +ERK INHIBITOR,LYS_INH,25.6,87905
10011,E,12,E12,RECOMBINANT ERK 0.5 nM,ERK_0.500nM,25.6,Inf
10011,E,12,E12,RECOMBINANT ERK 0.5 nM,ERK_0.500nM,25.6,Inf
10011,F,1,F1,524,CTL06,25.6,Inf
10011,F,1,F1,524,CTL06,25.6,Inf
10011,F,2,F2,29,SCZ03,25.6,Inf
10011,F,2,F2,29,SCZ03,25.6,Inf
10011,F,3,F3,446,SCZ11,25.6,Inf
10011,F,3,F3,446,SCZ11,25.6,Inf
10011,F,4,F4,931,SCZ19,25.6,81317
10011,F,4,F4,931,SCZ19,25.6,81317
10011,F,5,F5,"BLANK- Master Mix, no lysate",BLNK,25.6,85493
10011,F,5,F5,"BLANK- Master Mix, no lysate",BLNK,25.6,85493
10011,F,6,F6,RECOMBINANT ERK  0.25 nM,ERK_0.250nM,25.6,Inf
10011,F,6,F6,RECOMBINANT ERK  0.25 nM,ERK_0.250nM,25.6,Inf
10011,F,7,F7,524,CTL06,25.6,Inf
10011,F,7,F7,524,CTL06,25.6,Inf
10011,F,8,F8,29,SCZ03,25.6,Inf
10011,F,8,F8,29,SCZ03,25.6,Inf
10011,F,9,F9,446,SCZ11,25.6,73379
10011,F,9,F9,446,SCZ11,25.6,73379
10011,F,10,F10,931,SCZ19,25.6,82493
10011,F,10,F10,931,SCZ19,25.6,82493
10011,F,11,F11,"BLANK- Master Mix, no lysate",BLNK,25.6,85998
10011,F,11,F11,"BLANK- Master Mix, no lysate",BLNK,25.6,85998
10011,F,12,F12,RECOMBINANT ERK  0.25 nM,ERK_0.250nM,25.6,95073
10011,F,12,F12,RECOMBINANT ERK  0.25 nM,ERK_0.250nM,25.6,95073
10011,G,1,G1,661,CTL07,25.6,87602
10011,G,1,G1,661,CTL07,25.6,87602
10011,G,2,G2,69,SCZ04,25.6,Inf
10011,G,2,G2,69,SCZ04,25.6,Inf
10011,G,3,G3,510,SCZ12,25.6,Inf
10011,G,3,G3,510,SCZ12,25.6,Inf
10011,G,4,G4,932,SCZ20,25.6,82909
10011,G,4,G4,932,SCZ20,25.6,82909
10011,G,5,G5,"BLANK- Master Mix, lysate, no reporter",BLNK_LYS,25.6,22402
10011,G,5,G5,"BLANK- Master Mix, lysate, no reporter",BLNK_LYS,25.6,22402
10011,G,6,G6,RECOMBINANT ERK  0.125 nM,ERK_0.125nM,25.6,Inf
10011,G,6,G6,RECOMBINANT ERK  0.125 nM,ERK_0.125nM,25.6,Inf
10011,G,7,G7,661,CTL07,25.6,81704
10011,G,7,G7,661,CTL07,25.6,81704
10011,G,8,G8,69,SCZ04,25.6,98376
10011,G,8,G8,69,SCZ04,25.6,98376
10011,G,9,G9,510,SCZ12,25.6,Inf
10011,G,9,G9,510,SCZ12,25.6,Inf
10011,G,10,G10,932,SCZ20,25.6,81199
10011,G,10,G10,932,SCZ20,25.6,81199
10011,G,11,G11,"BLANK- Master Mix, lysate, no reporter",BLNK_LYS,25.6,24554
10011,G,11,G11,"BLANK- Master Mix, lysate, no reporter",BLNK_LYS,25.6,24554
10011,G,12,G12,RECOMBINANT ERK  0.125 nM,ERK_0.125nM,25.6,96592
10011,G,12,G12,RECOMBINANT ERK  0.125 nM,ERK_0.125nM,25.6,96592
10011,H,1,H1,689,CTL08,25.6,Inf
10011,H,1,H1,689,CTL08,25.6,Inf
10011,H,2,H2,94,SCZ05,25.6,84964
10011,H,2,H2,94,SCZ05,25.6,84964
10011,H,3,H3,547,SCZ13,25.6,89058
10011,H,3,H3,547,SCZ13,25.6,89058
10011,H,4,H4,326,LYS01,25.6,Inf
10011,H,4,H4,326,LYS01,25.6,Inf
10011,H,5,H5,NA,EMPTY,25.6,89068
10011,H,5,H5,NA,EMPTY,25.6,89068
10011,H,6,H6,RECOMBINANT ERK 2nM + ERK INHIBITOR,ERK_2.000nM_INH,25.6,26946
10011,H,6,H6,RECOMBINANT ERK 2nM + ERK INHIBITOR,ERK_2.000nM_INH,25.6,26946
10011,H,7,H7,689,CTL08,25.6,Inf
10011,H,7,H7,689,CTL08,25.6,Inf
10011,H,8,H8,94,SCZ05,25.6,30015
10011,H,8,H8,94,SCZ05,25.6,30015
10011,H,9,H9,547,SCZ13,25.6,94901
10011,H,9,H9,547,SCZ13,25.6,94901
10011,H,10,H10,326,LYS01,25.6,Inf
10011,H,10,H10,326,LYS01,25.6,Inf
10011,H,11,H11,NA,EMPTY,25.6,22816
10011,H,11,H11,NA,EMPTY,25.6,22816
10011,H,12,H12,RECOMBINANT ERK 2nM + ERK INHIBITOR,ERK_2.000nM_INH,25.6,Inf
10011,H,12,H12,RECOMBINANT ERK 2nM + ERK INHIBITOR,ERK_2.000nM_INH,25.6,Inf
10152,A,1,A1,46,CTL01,25.6,99495
10152,A,1,A1,46,CTL01,25.6,99495
10152,A,2,A2,720,CTL09,25.6,Inf
10152,A,2,A2,720,CTL09,25.6,Inf
10152,A,3,A3,225,SCZ06,25.6,87069
10152,A,3,A3,225,SCZ06,25.6,87069
10152,A,4,A4,552,SCZ14,25.6,95493
10152,A,4,A4,552,SCZ14,25.6,95493
10152,A,5,A5,328,LYS02,25.6,Inf
10152,A,5,A5,328,LYS02,25.6,Inf
10152,A,6,A6,RECOMBINANT ERK  2nM,ERK_2.000nM,25.6,Inf
10152,A,6,A6,RECOMBINANT ERK  2nM,ERK_2.000nM,25.6,Inf
10152,A,7,A7,46,CTL01,25.6,98924
10152,A,7,A7,46,CTL01,25.6,98924
10152,A,8,A8,720,CTL09,25.6,Inf
10152,A,8,A8,720,CTL09,25.6,Inf
10152,A,9,A9,225,SCZ06,25.6,96555
10152,A,9,A9,225,SCZ06,25.6,96555
10152,A,10,A10,552,SCZ14,25.6,90849
10152,A,10,A10,552,SCZ14,25.6,90849
10152,A,11,A11,328,LYS02,25.6,Inf
10152,A,11,A11,328,LYS02,25.6,Inf
10152,A,12,A12,RECOMBINANT ERK  2nM,ERK_2.000nM,25.6,Inf
10152,A,12,A12,RECOMBINANT ERK  2nM,ERK_2.000nM,25.6,Inf
10152,B,1,B1,116,CTL02,25.6,89566
10152,B,1,B1,116,CTL02,25.6,89566
10152,B,2,B2,859,CTL10,25.6,Inf
10152,B,2,B2,859,CTL10,25.6,Inf
10152,B,3,B3,235,SCZ07,25.6,Inf
10152,B,3,B3,235,SCZ07,25.6,Inf
10152,B,4,B4,565,SCZ15,25.6,90008
10152,B,4,B4,565,SCZ15,25.6,90008
10152,B,5,B5,335,LYS03,25.6,Inf
10152,B,5,B5,335,LYS03,25.6,Inf
10152,B,6,B6,RECOMBINANT ERK 1.5 nM,ERK_1.500nM,25.6,Inf
10152,B,6,B6,RECOMBINANT ERK 1.5 nM,ERK_1.500nM,25.6,Inf
10152,B,7,B7,116,CTL02,25.6,81647
10152,B,7,B7,116,CTL02,25.6,81647
10152,B,8,B8,859,CTL10,25.6,99990
10152,B,8,B8,859,CTL10,25.6,99990
10152,B,9,B9,235,SCZ07,25.6,97332
10152,B,9,B9,235,SCZ07,25.6,97332
10152,B,10,B10,565,SCZ15,25.6,90989
10152,B,10,B10,565,SCZ15,25.6,90989
10152,B,11,B11,335,LYS03,25.6,Inf
10152,B,11,B11,335,LYS03,25.6,Inf
10152,B,12,B12,RECOMBINANT ERK 1.5 nM,ERK_1.500nM,25.6,Inf
10152,B,12,B12,RECOMBINANT ERK 1.5 nM,ERK_1.500nM,25.6,Inf
10152,C,1,C1,167,CTL03,25.6,Inf
10152,C,1,C1,167,CTL03,25.6,Inf
10152,C,2,C2,874,CTL11,25.6,90765
10152,C,2,C2,874,CTL11,25.6,90765
10152,C,3,C3,262,SCZ08,25.6,Inf
10152,C,3,C3,262,SCZ08,25.6,Inf
10152,C,4,C4,737,SCZ16,25.6,91535
10152,C,4,C4,737,SCZ16,25.6,91535
10152,C,5,C5,907,LYS04,25.6,Inf
10152,C,5,C5,907,LYS04,25.6,Inf
10152,C,6,C6,RECOMBINANT ERK  1 nM,ERK_1.000nM,25.6,Inf
10152,C,6,C6,RECOMBINANT ERK  1 nM,ERK_1.000nM,25.6,Inf
10152,C,7,C7,167,CTL03,25.6,Inf
10152,C,7,C7,167,CTL03,25.6,Inf
10152,C,8,C8,874,CTL11,25.6,78220
10152,C,8,C8,874,CTL11,25.6,78220
10152,C,9,C9,262,SCZ08,25.6,96901
10152,C,9,C9,262,SCZ08,25.6,96901
10152,C,10,C10,737,SCZ16,25.6,86290
10152,C,10,C10,737,SCZ16,25.6,86290
10152,C,11,C11,907,LYS04,25.6,Inf
10152,C,11,C11,907,LYS04,25.6,Inf
10152,C,12,C12,RECOMBINANT ERK  1 nM,ERK_1.000nM,25.6,Inf
10152,C,12,C12,RECOMBINANT ERK  1 nM,ERK_1.000nM,25.6,Inf
10152,D,1,D1,195,CTL04,25.6,74739
10152,D,1,D1,195,CTL04,25.6,74739
10152,D,2,D2,11,SCZ01,25.6,96225
10152,D,2,D2,11,SCZ01,25.6,96225
10152,D,3,D3,291,SCZ09,25.6,87217
10152,D,3,D3,291,SCZ09,25.6,87217
10152,D,4,D4,802,SCZ17,25.6,63472
10152,D,4,D4,802,SCZ17,25.6,63472
10152,D,5,D5,5000ng lysate + HI,LYS_HI,25.6,92542
10152,D,5,D5,5000ng lysate + HI,LYS_HI,25.6,92542
10152,D,6,D6,RECOMBINANT ERK  0.75 nM,ERK_0.750nM,25.6,Inf
10152,D,6,D6,RECOMBINANT ERK  0.75 nM,ERK_0.750nM,25.6,Inf
10152,D,7,D7,195,CTL04,25.6,91240
10152,D,7,D7,195,CTL04,25.6,91240
10152,D,8,D8,11,SCZ01,25.6,88502
10152,D,8,D8,11,SCZ01,25.6,88502
10152,D,9,D9,291,SCZ09,25.6,80818
10152,D,9,D9,291,SCZ09,25.6,80818
10152,D,10,D10,802,SCZ17,25.6,80669
10152,D,10,D10,802,SCZ17,25.6,80669
10152,D,11,D11,5000ng lysate + HI,LYS_HI,25.6,92868
10152,D,11,D11,5000ng lysate + HI,LYS_HI,25.6,92868
10152,D,12,D12,RECOMBINANT ERK  0.75 nM,ERK_0.750nM,25.6,Inf
10152,D,12,D12,RECOMBINANT ERK  0.75 nM,ERK_0.750nM,25.6,Inf
10152,E,1,E1,223,CTL05,25.6,Inf
10152,E,1,E1,223,CTL05,25.6,Inf
10152,E,2,E2,22,SCZ02,25.6,Inf
10152,E,2,E2,22,SCZ02,25.6,Inf
10152,E,3,E3,329,SCZ10,25.6,Inf
10152,E,3,E3,329,SCZ10,25.6,Inf
10152,E,4,E4,930,SCZ18,25.6,71737
10152,E,4,E4,930,SCZ18,25.6,71737
10152,E,5,E5,5000ng lysate +ERK INHIBITOR,LYS_INH,25.6,85655
10152,E,5,E5,5000ng lysate +ERK INHIBITOR,LYS_INH,25.6,85655
10152,E,6,E6,RECOMBINANT ERK 0.5 nM,ERK_0.500nM,25.6,Inf
10152,E,6,E6,RECOMBINANT ERK 0.5 nM,ERK_0.500nM,25.6,Inf
10152,E,7,E7,223,CTL05,25.6,Inf
10152,E,7,E7,223,CTL05,25.6,Inf
10152,E,8,E8,22,SCZ02,25.6,Inf
10152,E,8,E8,22,SCZ02,25.6,Inf
10152,E,9,E9,329,SCZ10,25.6,Inf
10152,E,9,E9,329,SCZ10,25.6,Inf
10152,E,10,E10,930,SCZ18,25.6,76559
10152,E,10,E10,930,SCZ18,25.6,76559
10152,E,11,E11,5000ng lysate +ERK INHIBITOR,LYS_INH,25.6,88342
10152,E,11,E11,5000ng lysate +ERK INHIBITOR,LYS_INH,25.6,88342
10152,E,12,E12,RECOMBINANT ERK 0.5 nM,ERK_0.500nM,25.6,Inf
10152,E,12,E12,RECOMBINANT ERK 0.5 nM,ERK_0.500nM,25.6,Inf
10152,F,1,F1,524,CTL06,25.6,Inf
10152,F,1,F1,524,CTL06,25.6,Inf
10152,F,2,F2,29,SCZ03,25.6,Inf
10152,F,2,F2,29,SCZ03,25.6,Inf
10152,F,3,F3,446,SCZ11,25.6,Inf
10152,F,3,F3,446,SCZ11,25.6,Inf
10152,F,4,F4,931,SCZ19,25.6,80585
10152,F,4,F4,931,SCZ19,25.6,80585
10152,F,5,F5,"BLANK- Master Mix, no lysate",BLNK,25.6,84971
10152,F,5,F5,"BLANK- Master Mix, no lysate",BLNK,25.6,84971
10152,F,6,F6,RECOMBINANT ERK  0.25 nM,ERK_0.250nM,25.6,Inf
10152,F,6,F6,RECOMBINANT ERK  0.25 nM,ERK_0.250nM,25.6,Inf
10152,F,7,F7,524,CTL06,25.6,Inf
10152,F,7,F7,524,CTL06,25.6,Inf
10152,F,8,F8,29,SCZ03,25.6,Inf
10152,F,8,F8,29,SCZ03,25.6,Inf
10152,F,9,F9,446,SCZ11,25.6,72947
10152,F,9,F9,446,SCZ11,25.6,72947
10152,F,10,F10,931,SCZ19,25.6,82138
10152,F,10,F10,931,SCZ19,25.6,82138
10152,F,11,F11,"BLANK- Master Mix, no lysate",BLNK,25.6,85651
10152,F,11,F11,"BLANK- Master Mix, no lysate",BLNK,25.6,85651
10152,F,12,F12,RECOMBINANT ERK  0.25 nM,ERK_0.250nM,25.6,94869
10152,F,12,F12,RECOMBINANT ERK  0.25 nM,ERK_0.250nM,25.6,94869
10152,G,1,G1,661,CTL07,25.6,87426
10152,G,1,G1,661,CTL07,25.6,87426
10152,G,2,G2,69,SCZ04,25.6,Inf
10152,G,2,G2,69,SCZ04,25.6,Inf
10152,G,3,G3,510,SCZ12,25.6,Inf
10152,G,3,G3,510,SCZ12,25.6,Inf
10152,G,4,G4,932,SCZ20,25.6,84054
10152,G,4,G4,932,SCZ20,25.6,84054
10152,G,5,G5,"BLANK- Master Mix, lysate, no reporter",BLNK_LYS,25.6,22312
10152,G,5,G5,"BLANK- Master Mix, lysate, no reporter",BLNK_LYS,25.6,22312
10152,G,6,G6,RECOMBINANT ERK  0.125 nM,ERK_0.125nM,25.6,Inf
10152,G,6,G6,RECOMBINANT ERK  0.125 nM,ERK_0.125nM,25.6,Inf
10152,G,7,G7,661,CTL07,25.6,81576
10152,G,7,G7,661,CTL07,25.6,81576
10152,G,8,G8,69,SCZ04,25.6,98680
10152,G,8,G8,69,SCZ04,25.6,98680
10152,G,9,G9,510,SCZ12,25.6,Inf
10152,G,9,G9,510,SCZ12,25.6,Inf
10152,G,10,G10,932,SCZ20,25.6,82184
10152,G,10,G10,932,SCZ20,25.6,82184
10152,G,11,G11,"BLANK- Master Mix, lysate, no reporter",BLNK_LYS,25.6,24007
10152,G,11,G11,"BLANK- Master Mix, lysate, no reporter",BLNK_LYS,25.6,24007
10152,G,12,G12,RECOMBINANT ERK  0.125 nM,ERK_0.125nM,25.6,96902
10152,G,12,G12,RECOMBINANT ERK  0.125 nM,ERK_0.125nM,25.6,96902
10152,H,1,H1,689,CTL08,25.6,Inf
10152,H,1,H1,689,CTL08,25.6,Inf
10152,H,2,H2,94,SCZ05,25.6,84850
10152,H,2,H2,94,SCZ05,25.6,84850
10152,H,3,H3,547,SCZ13,25.6,88921
10152,H,3,H3,547,SCZ13,25.6,88921
10152,H,4,H4,326,LYS01,25.6,Inf
10152,H,4,H4,326,LYS01,25.6,Inf
10152,H,5,H5,NA,EMPTY,25.6,89493
10152,H,5,H5,NA,EMPTY,25.6,89493
10152,H,6,H6,RECOMBINANT ERK 2nM + ERK INHIBITOR,ERK_2.000nM_INH,25.6,27373
10152,H,6,H6,RECOMBINANT ERK 2nM + ERK INHIBITOR,ERK_2.000nM_INH,25.6,27373
10152,H,7,H7,689,CTL08,25.6,Inf
10152,H,7,H7,689,CTL08,25.6,Inf
10152,H,8,H8,94,SCZ05,25.6,30205
10152,H,8,H8,94,SCZ05,25.6,30205
10152,H,9,H9,547,SCZ13,25.6,95053
10152,H,9,H9,547,SCZ13,25.6,95053
10152,H,10,H10,326,LYS01,25.6,Inf
10152,H,10,H10,326,LYS01,25.6,Inf
10152,H,11,H11,NA,EMPTY,25.6,23149
10152,H,11,H11,NA,EMPTY,25.6,23149
10152,H,12,H12,RECOMBINANT ERK 2nM + ERK INHIBITOR,ERK_2.000nM_INH,25.6,Inf
10152,H,12,H12,RECOMBINANT ERK 2nM + ERK INHIBITOR,ERK_2.000nM_INH,25.6,Inf
10293,A,1,A1,46,CTL01,25.6,Inf
10293,A,1,A1,46,CTL01,25.6,Inf
10293,A,2,A2,720,CTL09,25.6,Inf
10293,A,2,A2,720,CTL09,25.6,Inf
10293,A,3,A3,225,SCZ06,25.6,87043
10293,A,3,A3,225,SCZ06,25.6,87043
10293,A,4,A4,552,SCZ14,25.6,95679
10293,A,4,A4,552,SCZ14,25.6,95679
10293,A,5,A5,328,LYS02,25.6,Inf
10293,A,5,A5,328,LYS02,25.6,Inf
10293,A,6,A6,RECOMBINANT ERK  2nM,ERK_2.000nM,25.6,Inf
10293,A,6,A6,RECOMBINANT ERK  2nM,ERK_2.000nM,25.6,Inf
10293,A,7,A7,46,CTL01,25.6,98690
10293,A,7,A7,46,CTL01,25.6,98690
10293,A,8,A8,720,CTL09,25.6,Inf
10293,A,8,A8,720,CTL09,25.6,Inf
10293,A,9,A9,225,SCZ06,25.6,97506
10293,A,9,A9,225,SCZ06,25.6,97506
10293,A,10,A10,552,SCZ14,25.6,91159
10293,A,10,A10,552,SCZ14,25.6,91159
10293,A,11,A11,328,LYS02,25.6,Inf
10293,A,11,A11,328,LYS02,25.6,Inf
10293,A,12,A12,RECOMBINANT ERK  2nM,ERK_2.000nM,25.6,Inf
10293,A,12,A12,RECOMBINANT ERK  2nM,ERK_2.000nM,25.6,Inf
10293,B,1,B1,116,CTL02,25.6,90118
10293,B,1,B1,116,CTL02,25.6,90118
10293,B,2,B2,859,CTL10,25.6,Inf
10293,B,2,B2,859,CTL10,25.6,Inf
10293,B,3,B3,235,SCZ07,25.6,Inf
10293,B,3,B3,235,SCZ07,25.6,Inf
10293,B,4,B4,565,SCZ15,25.6,89433
10293,B,4,B4,565,SCZ15,25.6,89433
10293,B,5,B5,335,LYS03,25.6,Inf
10293,B,5,B5,335,LYS03,25.6,Inf
10293,B,6,B6,RECOMBINANT ERK 1.5 nM,ERK_1.500nM,25.6,Inf
10293,B,6,B6,RECOMBINANT ERK 1.5 nM,ERK_1.500nM,25.6,Inf
10293,B,7,B7,116,CTL02,25.6,81880
10293,B,7,B7,116,CTL02,25.6,81880
10293,B,8,B8,859,CTL10,25.6,Inf
10293,B,8,B8,859,CTL10,25.6,Inf
10293,B,9,B9,235,SCZ07,25.6,97551
10293,B,9,B9,235,SCZ07,25.6,97551
10293,B,10,B10,565,SCZ15,25.6,90488
10293,B,10,B10,565,SCZ15,25.6,90488
10293,B,11,B11,335,LYS03,25.6,Inf
10293,B,11,B11,335,LYS03,25.6,Inf
10293,B,12,B12,RECOMBINANT ERK 1.5 nM,ERK_1.500nM,25.6,Inf
10293,B,12,B12,RECOMBINANT ERK 1.5 nM,ERK_1.500nM,25.6,Inf
10293,C,1,C1,167,CTL03,25.6,Inf
10293,C,1,C1,167,CTL03,25.6,Inf
10293,C,2,C2,874,CTL11,25.6,91451
10293,C,2,C2,874,CTL11,25.6,91451
10293,C,3,C3,262,SCZ08,25.6,Inf
10293,C,3,C3,262,SCZ08,25.6,Inf
10293,C,4,C4,737,SCZ16,25.6,92261
10293,C,4,C4,737,SCZ16,25.6,92261
10293,C,5,C5,907,LYS04,25.6,Inf
10293,C,5,C5,907,LYS04,25.6,Inf
10293,C,6,C6,RECOMBINANT ERK  1 nM,ERK_1.000nM,25.6,Inf
10293,C,6,C6,RECOMBINANT ERK  1 nM,ERK_1.000nM,25.6,Inf
10293,C,7,C7,167,CTL03,25.6,Inf
10293,C,7,C7,167,CTL03,25.6,Inf
10293,C,8,C8,874,CTL11,25.6,78798
10293,C,8,C8,874,CTL11,25.6,78798
10293,C,9,C9,262,SCZ08,25.6,97413
10293,C,9,C9,262,SCZ08,25.6,97413
10293,C,10,C10,737,SCZ16,25.6,85854
10293,C,10,C10,737,SCZ16,25.6,85854
10293,C,11,C11,907,LYS04,25.6,Inf
10293,C,11,C11,907,LYS04,25.6,Inf
10293,C,12,C12,RECOMBINANT ERK  1 nM,ERK_1.000nM,25.6,Inf
10293,C,12,C12,RECOMBINANT ERK  1 nM,ERK_1.000nM,25.6,Inf
10293,D,1,D1,195,CTL04,25.6,75235
10293,D,1,D1,195,CTL04,25.6,75235
10293,D,2,D2,11,SCZ01,25.6,95853
10293,D,2,D2,11,SCZ01,25.6,95853
10293,D,3,D3,291,SCZ09,25.6,87479
10293,D,3,D3,291,SCZ09,25.6,87479
10293,D,4,D4,802,SCZ17,25.6,64176
10293,D,4,D4,802,SCZ17,25.6,64176
10293,D,5,D5,5000ng lysate + HI,LYS_HI,25.6,92526
10293,D,5,D5,5000ng lysate + HI,LYS_HI,25.6,92526
10293,D,6,D6,RECOMBINANT ERK  0.75 nM,ERK_0.750nM,25.6,Inf
10293,D,6,D6,RECOMBINANT ERK  0.75 nM,ERK_0.750nM,25.6,Inf
10293,D,7,D7,195,CTL04,25.6,91148
10293,D,7,D7,195,CTL04,25.6,91148
10293,D,8,D8,11,SCZ01,25.6,87987
10293,D,8,D8,11,SCZ01,25.6,87987
10293,D,9,D9,291,SCZ09,25.6,80923
10293,D,9,D9,291,SCZ09,25.6,80923
10293,D,10,D10,802,SCZ17,25.6,80558
10293,D,10,D10,802,SCZ17,25.6,80558
10293,D,11,D11,5000ng lysate + HI,LYS_HI,25.6,93219
10293,D,11,D11,5000ng lysate + HI,LYS_HI,25.6,93219
10293,D,12,D12,RECOMBINANT ERK  0.75 nM,ERK_0.750nM,25.6,Inf
10293,D,12,D12,RECOMBINANT ERK  0.75 nM,ERK_0.750nM,25.6,Inf
10293,E,1,E1,223,CTL05,25.6,Inf
10293,E,1,E1,223,CTL05,25.6,Inf
10293,E,2,E2,22,SCZ02,25.6,Inf
10293,E,2,E2,22,SCZ02,25.6,Inf
10293,E,3,E3,329,SCZ10,25.6,Inf
10293,E,3,E3,329,SCZ10,25.6,Inf
10293,E,4,E4,930,SCZ18,25.6,72837
10293,E,4,E4,930,SCZ18,25.6,72837
10293,E,5,E5,5000ng lysate +ERK INHIBITOR,LYS_INH,25.6,85949
10293,E,5,E5,5000ng lysate +ERK INHIBITOR,LYS_INH,25.6,85949
10293,E,6,E6,RECOMBINANT ERK 0.5 nM,ERK_0.500nM,25.6,Inf
10293,E,6,E6,RECOMBINANT ERK 0.5 nM,ERK_0.500nM,25.6,Inf
10293,E,7,E7,223,CTL05,25.6,Inf
10293,E,7,E7,223,CTL05,25.6,Inf
10293,E,8,E8,22,SCZ02,25.6,Inf
10293,E,8,E8,22,SCZ02,25.6,Inf
10293,E,9,E9,329,SCZ10,25.6,Inf
10293,E,9,E9,329,SCZ10,25.6,Inf
10293,E,10,E10,930,SCZ18,25.6,77302
10293,E,10,E10,930,SCZ18,25.6,77302
10293,E,11,E11,5000ng lysate +ERK INHIBITOR,LYS_INH,25.6,88327
10293,E,11,E11,5000ng lysate +ERK INHIBITOR,LYS_INH,25.6,88327
10293,E,12,E12,RECOMBINANT ERK 0.5 nM,ERK_0.500nM,25.6,Inf
10293,E,12,E12,RECOMBINANT ERK 0.5 nM,ERK_0.500nM,25.6,Inf
10293,F,1,F1,524,CTL06,25.6,Inf
10293,F,1,F1,524,CTL06,25.6,Inf
10293,F,2,F2,29,SCZ03,25.6,Inf
10293,F,2,F2,29,SCZ03,25.6,Inf
10293,F,3,F3,446,SCZ11,25.6,Inf
10293,F,3,F3,446,SCZ11,25.6,Inf
10293,F,4,F4,931,SCZ19,25.6,81526
10293,F,4,F4,931,SCZ19,25.6,81526
10293,F,5,F5,"BLANK- Master Mix, no lysate",BLNK,25.6,85195
10293,F,5,F5,"BLANK- Master Mix, no lysate",BLNK,25.6,85195
10293,F,6,F6,RECOMBINANT ERK  0.25 nM,ERK_0.250nM,25.6,Inf
10293,F,6,F6,RECOMBINANT ERK  0.25 nM,ERK_0.250nM,25.6,Inf
10293,F,7,F7,524,CTL06,25.6,Inf
10293,F,7,F7,524,CTL06,25.6,Inf
10293,F,8,F8,29,SCZ03,25.6,Inf
10293,F,8,F8,29,SCZ03,25.6,Inf
10293,F,9,F9,446,SCZ11,25.6,73133
10293,F,9,F9,446,SCZ11,25.6,73133
10293,F,10,F10,931,SCZ19,25.6,82174
10293,F,10,F10,931,SCZ19,25.6,82174
10293,F,11,F11,"BLANK- Master Mix, no lysate",BLNK,25.6,85674
10293,F,11,F11,"BLANK- Master Mix, no lysate",BLNK,25.6,85674
10293,F,12,F12,RECOMBINANT ERK  0.25 nM,ERK_0.250nM,25.6,95272
10293,F,12,F12,RECOMBINANT ERK  0.25 nM,ERK_0.250nM,25.6,95272
10293,G,1,G1,661,CTL07,25.6,87059
10293,G,1,G1,661,CTL07,25.6,87059
10293,G,2,G2,69,SCZ04,25.6,Inf
10293,G,2,G2,69,SCZ04,25.6,Inf
10293,G,3,G3,510,SCZ12,25.6,Inf
10293,G,3,G3,510,SCZ12,25.6,Inf
10293,G,4,G4,932,SCZ20,25.6,83761
10293,G,4,G4,932,SCZ20,25.6,83761
10293,G,5,G5,"BLANK- Master Mix, lysate, no reporter",BLNK_LYS,25.6,22304
10293,G,5,G5,"BLANK- Master Mix, lysate, no reporter",BLNK_LYS,25.6,22304
10293,G,6,G6,RECOMBINANT ERK  0.125 nM,ERK_0.125nM,25.6,Inf
10293,G,6,G6,RECOMBINANT ERK  0.125 nM,ERK_0.125nM,25.6,Inf
10293,G,7,G7,661,CTL07,25.6,82426
10293,G,7,G7,661,CTL07,25.6,82426
10293,G,8,G8,69,SCZ04,25.6,99370
10293,G,8,G8,69,SCZ04,25.6,99370
10293,G,9,G9,510,SCZ12,25.6,Inf
10293,G,9,G9,510,SCZ12,25.6,Inf
10293,G,10,G10,932,SCZ20,25.6,83035
10293,G,10,G10,932,SCZ20,25.6,83035
10293,G,11,G11,"BLANK- Master Mix, lysate, no reporter",BLNK_LYS,25.6,24343
10293,G,11,G11,"BLANK- Master Mix, lysate, no reporter",BLNK_LYS,25.6,24343
10293,G,12,G12,RECOMBINANT ERK  0.125 nM,ERK_0.125nM,25.6,97083
10293,G,12,G12,RECOMBINANT ERK  0.125 nM,ERK_0.125nM,25.6,97083
10293,H,1,H1,689,CTL08,25.6,Inf
10293,H,1,H1,689,CTL08,25.6,Inf
10293,H,2,H2,94,SCZ05,25.6,84715
10293,H,2,H2,94,SCZ05,25.6,84715
10293,H,3,H3,547,SCZ13,25.6,89003
10293,H,3,H3,547,SCZ13,25.6,89003
10293,H,4,H4,326,LYS01,25.6,Inf
10293,H,4,H4,326,LYS01,25.6,Inf
10293,H,5,H5,NA,EMPTY,25.6,90300
10293,H,5,H5,NA,EMPTY,25.6,90300
10293,H,6,H6,RECOMBINANT ERK 2nM + ERK INHIBITOR,ERK_2.000nM_INH,25.6,27095
10293,H,6,H6,RECOMBINANT ERK 2nM + ERK INHIBITOR,ERK_2.000nM_INH,25.6,27095
10293,H,7,H7,689,CTL08,25.6,Inf
10293,H,7,H7,689,CTL08,25.6,Inf
10293,H,8,H8,94,SCZ05,25.6,29881
10293,H,8,H8,94,SCZ05,25.6,29881
10293,H,9,H9,547,SCZ13,25.6,95018
10293,H,9,H9,547,SCZ13,25.6,95018
10293,H,10,H10,326,LYS01,25.6,Inf
10293,H,10,H10,326,LYS01,25.6,Inf
10293,H,11,H11,NA,EMPTY,25.6,22952
10293,H,11,H11,NA,EMPTY,25.6,22952
10293,H,12,H12,RECOMBINANT ERK 2nM + ERK INHIBITOR,ERK_2.000nM_INH,25.6,Inf
10293,H,12,H12,RECOMBINANT ERK 2nM + ERK INHIBITOR,ERK_2.000nM_INH,25.6,Inf
10434,A,1,A1,46,CTL01,25.7,99634
10434,A,1,A1,46,CTL01,25.7,99634
10434,A,2,A2,720,CTL09,25.7,Inf
10434,A,2,A2,720,CTL09,25.7,Inf
10434,A,3,A3,225,SCZ06,25.7,86501
10434,A,3,A3,225,SCZ06,25.7,86501
10434,A,4,A4,552,SCZ14,25.7,95239
10434,A,4,A4,552,SCZ14,25.7,95239
10434,A,5,A5,328,LYS02,25.7,Inf
10434,A,5,A5,328,LYS02,25.7,Inf
10434,A,6,A6,RECOMBINANT ERK  2nM,ERK_2.000nM,25.7,Inf
10434,A,6,A6,RECOMBINANT ERK  2nM,ERK_2.000nM,25.7,Inf
10434,A,7,A7,46,CTL01,25.7,98980
10434,A,7,A7,46,CTL01,25.7,98980
10434,A,8,A8,720,CTL09,25.7,Inf
10434,A,8,A8,720,CTL09,25.7,Inf
10434,A,9,A9,225,SCZ06,25.7,97060
10434,A,9,A9,225,SCZ06,25.7,97060
10434,A,10,A10,552,SCZ14,25.7,91173
10434,A,10,A10,552,SCZ14,25.7,91173
10434,A,11,A11,328,LYS02,25.7,Inf
10434,A,11,A11,328,LYS02,25.7,Inf
10434,A,12,A12,RECOMBINANT ERK  2nM,ERK_2.000nM,25.7,Inf
10434,A,12,A12,RECOMBINANT ERK  2nM,ERK_2.000nM,25.7,Inf
10434,B,1,B1,116,CTL02,25.7,89726
10434,B,1,B1,116,CTL02,25.7,89726
10434,B,2,B2,859,CTL10,25.7,Inf
10434,B,2,B2,859,CTL10,25.7,Inf
10434,B,3,B3,235,SCZ07,25.7,Inf
10434,B,3,B3,235,SCZ07,25.7,Inf
10434,B,4,B4,565,SCZ15,25.7,90300
10434,B,4,B4,565,SCZ15,25.7,90300
10434,B,5,B5,335,LYS03,25.7,Inf
10434,B,5,B5,335,LYS03,25.7,Inf
10434,B,6,B6,RECOMBINANT ERK 1.5 nM,ERK_1.500nM,25.7,Inf
10434,B,6,B6,RECOMBINANT ERK 1.5 nM,ERK_1.500nM,25.7,Inf
10434,B,7,B7,116,CTL02,25.7,81554
10434,B,7,B7,116,CTL02,25.7,81554
10434,B,8,B8,859,CTL10,25.7,Inf
10434,B,8,B8,859,CTL10,25.7,Inf
10434,B,9,B9,235,SCZ07,25.7,97675
10434,B,9,B9,235,SCZ07,25.7,97675
10434,B,10,B10,565,SCZ15,25.7,91267
10434,B,10,B10,565,SCZ15,25.7,91267
10434,B,11,B11,335,LYS03,25.7,Inf
10434,B,11,B11,335,LYS03,25.7,Inf
10434,B,12,B12,RECOMBINANT ERK 1.5 nM,ERK_1.500nM,25.7,Inf
10434,B,12,B12,RECOMBINANT ERK 1.5 nM,ERK_1.500nM,25.7,Inf
10434,C,1,C1,167,CTL03,25.7,Inf
10434,C,1,C1,167,CTL03,25.7,Inf
10434,C,2,C2,874,CTL11,25.7,90928
10434,C,2,C2,874,CTL11,25.7,90928
10434,C,3,C3,262,SCZ08,25.7,Inf
10434,C,3,C3,262,SCZ08,25.7,Inf
10434,C,4,C4,737,SCZ16,25.7,91547
10434,C,4,C4,737,SCZ16,25.7,91547
10434,C,5,C5,907,LYS04,25.7,Inf
10434,C,5,C5,907,LYS04,25.7,Inf
10434,C,6,C6,RECOMBINANT ERK  1 nM,ERK_1.000nM,25.7,Inf
10434,C,6,C6,RECOMBINANT ERK  1 nM,ERK_1.000nM,25.7,Inf
10434,C,7,C7,167,CTL03,25.7,Inf
10434,C,7,C7,167,CTL03,25.7,Inf
10434,C,8,C8,874,CTL11,25.7,79208
10434,C,8,C8,874,CTL11,25.7,79208
10434,C,9,C9,262,SCZ08,25.7,97556
10434,C,9,C9,262,SCZ08,25.7,97556
10434,C,10,C10,737,SCZ16,25.7,85819
10434,C,10,C10,737,SCZ16,25.7,85819
10434,C,11,C11,907,LYS04,25.7,Inf
10434,C,11,C11,907,LYS04,25.7,Inf
10434,C,12,C12,RECOMBINANT ERK  1 nM,ERK_1.000nM,25.7,Inf
10434,C,12,C12,RECOMBINANT ERK  1 nM,ERK_1.000nM,25.7,Inf
10434,D,1,D1,195,CTL04,25.7,76035
10434,D,1,D1,195,CTL04,25.7,76035
10434,D,2,D2,11,SCZ01,25.7,95945
10434,D,2,D2,11,SCZ01,25.7,95945
10434,D,3,D3,291,SCZ09,25.7,87126
10434,D,3,D3,291,SCZ09,25.7,87126
10434,D,4,D4,802,SCZ17,25.7,64140
10434,D,4,D4,802,SCZ17,25.7,64140
10434,D,5,D5,5000ng lysate + HI,LYS_HI,25.7,92923
10434,D,5,D5,5000ng lysate + HI,LYS_HI,25.7,92923
10434,D,6,D6,RECOMBINANT ERK  0.75 nM,ERK_0.750nM,25.7,Inf
10434,D,6,D6,RECOMBINANT ERK  0.75 nM,ERK_0.750nM,25.7,Inf
10434,D,7,D7,195,CTL04,25.7,91612
10434,D,7,D7,195,CTL04,25.7,91612
10434,D,8,D8,11,SCZ01,25.7,88868
10434,D,8,D8,11,SCZ01,25.7,88868
10434,D,9,D9,291,SCZ09,25.7,80622
10434,D,9,D9,291,SCZ09,25.7,80622
10434,D,10,D10,802,SCZ17,25.7,80664
10434,D,10,D10,802,SCZ17,25.7,80664
10434,D,11,D11,5000ng lysate + HI,LYS_HI,25.7,93032
10434,D,11,D11,5000ng lysate + HI,LYS_HI,25.7,93032
10434,D,12,D12,RECOMBINANT ERK  0.75 nM,ERK_0.750nM,25.7,Inf
10434,D,12,D12,RECOMBINANT ERK  0.75 nM,ERK_0.750nM,25.7,Inf
10434,E,1,E1,223,CTL05,25.7,Inf
10434,E,1,E1,223,CTL05,25.7,Inf
10434,E,2,E2,22,SCZ02,25.7,Inf
10434,E,2,E2,22,SCZ02,25.7,Inf
10434,E,3,E3,329,SCZ10,25.7,Inf
10434,E,3,E3,329,SCZ10,25.7,Inf
10434,E,4,E4,930,SCZ18,25.7,72769
10434,E,4,E4,930,SCZ18,25.7,72769
10434,E,5,E5,5000ng lysate +ERK INHIBITOR,LYS_INH,25.7,86269
10434,E,5,E5,5000ng lysate +ERK INHIBITOR,LYS_INH,25.7,86269
10434,E,6,E6,RECOMBINANT ERK 0.5 nM,ERK_0.500nM,25.7,Inf
10434,E,6,E6,RECOMBINANT ERK 0.5 nM,ERK_0.500nM,25.7,Inf
10434,E,7,E7,223,CTL05,25.7,Inf
10434,E,7,E7,223,CTL05,25.7,Inf
10434,E,8,E8,22,SCZ02,25.7,Inf
10434,E,8,E8,22,SCZ02,25.7,Inf
10434,E,9,E9,329,SCZ10,25.7,Inf
10434,E,9,E9,329,SCZ10,25.7,Inf
10434,E,10,E10,930,SCZ18,25.7,77120
10434,E,10,E10,930,SCZ18,25.7,77120
10434,E,11,E11,5000ng lysate +ERK INHIBITOR,LYS_INH,25.7,87875
10434,E,11,E11,5000ng lysate +ERK INHIBITOR,LYS_INH,25.7,87875
10434,E,12,E12,RECOMBINANT ERK 0.5 nM,ERK_0.500nM,25.7,Inf
10434,E,12,E12,RECOMBINANT ERK 0.5 nM,ERK_0.500nM,25.7,Inf
10434,F,1,F1,524,CTL06,25.7,Inf
10434,F,1,F1,524,CTL06,25.7,Inf
10434,F,2,F2,29,SCZ03,25.7,Inf
10434,F,2,F2,29,SCZ03,25.7,Inf
10434,F,3,F3,446,SCZ11,25.7,Inf
10434,F,3,F3,446,SCZ11,25.7,Inf
10434,F,4,F4,931,SCZ19,25.7,81704
10434,F,4,F4,931,SCZ19,25.7,81704
10434,F,5,F5,"BLANK- Master Mix, no lysate",BLNK,25.7,84876
10434,F,5,F5,"BLANK- Master Mix, no lysate",BLNK,25.7,84876
10434,F,6,F6,RECOMBINANT ERK  0.25 nM,ERK_0.250nM,25.7,Inf
10434,F,6,F6,RECOMBINANT ERK  0.25 nM,ERK_0.250nM,25.7,Inf
10434,F,7,F7,524,CTL06,25.7,Inf
10434,F,7,F7,524,CTL06,25.7,Inf
10434,F,8,F8,29,SCZ03,25.7,Inf
10434,F,8,F8,29,SCZ03,25.7,Inf
10434,F,9,F9,446,SCZ11,25.7,73549
10434,F,9,F9,446,SCZ11,25.7,73549
10434,F,10,F10,931,SCZ19,25.7,82197
10434,F,10,F10,931,SCZ19,25.7,82197
10434,F,11,F11,"BLANK- Master Mix, no lysate",BLNK,25.7,85417
10434,F,11,F11,"BLANK- Master Mix, no lysate",BLNK,25.7,85417
10434,F,12,F12,RECOMBINANT ERK  0.25 nM,ERK_0.250nM,25.7,95199
10434,F,12,F12,RECOMBINANT ERK  0.25 nM,ERK_0.250nM,25.7,95199
10434,G,1,G1,661,CTL07,25.7,86872
10434,G,1,G1,661,CTL07,25.7,86872
10434,G,2,G2,69,SCZ04,25.7,Inf
10434,G,2,G2,69,SCZ04,25.7,Inf
10434,G,3,G3,510,SCZ12,25.7,Inf
10434,G,3,G3,510,SCZ12,25.7,Inf
10434,G,4,G4,932,SCZ20,25.7,83648
10434,G,4,G4,932,SCZ20,25.7,83648
10434,G,5,G5,"BLANK- Master Mix, lysate, no reporter",BLNK_LYS,25.7,22200
10434,G,5,G5,"BLANK- Master Mix, lysate, no reporter",BLNK_LYS,25.7,22200
10434,G,6,G6,RECOMBINANT ERK  0.125 nM,ERK_0.125nM,25.7,Inf
10434,G,6,G6,RECOMBINANT ERK  0.125 nM,ERK_0.125nM,25.7,Inf
10434,G,7,G7,661,CTL07,25.7,81827
10434,G,7,G7,661,CTL07,25.7,81827
10434,G,8,G8,69,SCZ04,25.7,98409
10434,G,8,G8,69,SCZ04,25.7,98409
10434,G,9,G9,510,SCZ12,25.7,Inf
10434,G,9,G9,510,SCZ12,25.7,Inf
10434,G,10,G10,932,SCZ20,25.7,83154
10434,G,10,G10,932,SCZ20,25.7,83154
10434,G,11,G11,"BLANK- Master Mix, lysate, no reporter",BLNK_LYS,25.7,24056
10434,G,11,G11,"BLANK- Master Mix, lysate, no reporter",BLNK_LYS,25.7,24056
10434,G,12,G12,RECOMBINANT ERK  0.125 nM,ERK_0.125nM,25.7,97498
10434,G,12,G12,RECOMBINANT ERK  0.125 nM,ERK_0.125nM,25.7,97498
10434,H,1,H1,689,CTL08,25.7,Inf
10434,H,1,H1,689,CTL08,25.7,Inf
10434,H,2,H2,94,SCZ05,25.7,84722
10434,H,2,H2,94,SCZ05,25.7,84722
10434,H,3,H3,547,SCZ13,25.7,88616
10434,H,3,H3,547,SCZ13,25.7,88616
10434,H,4,H4,326,LYS01,25.7,Inf
10434,H,4,H4,326,LYS01,25.7,Inf
10434,H,5,H5,NA,EMPTY,25.7,89460
10434,H,5,H5,NA,EMPTY,25.7,89460
10434,H,6,H6,RECOMBINANT ERK 2nM + ERK INHIBITOR,ERK_2.000nM_INH,25.7,27004
10434,H,6,H6,RECOMBINANT ERK 2nM + ERK INHIBITOR,ERK_2.000nM_INH,25.7,27004
10434,H,7,H7,689,CTL08,25.7,Inf
10434,H,7,H7,689,CTL08,25.7,Inf
10434,H,8,H8,94,SCZ05,25.7,29880
10434,H,8,H8,94,SCZ05,25.7,29880
10434,H,9,H9,547,SCZ13,25.7,95223
10434,H,9,H9,547,SCZ13,25.7,95223
10434,H,10,H10,326,LYS01,25.7,Inf
10434,H,10,H10,326,LYS01,25.7,Inf
10434,H,11,H11,NA,EMPTY,25.7,22884
10434,H,11,H11,NA,EMPTY,25.7,22884
10434,H,12,H12,RECOMBINANT ERK 2nM + ERK INHIBITOR,ERK_2.000nM_INH,25.7,Inf
10434,H,12,H12,RECOMBINANT ERK 2nM + ERK INHIBITOR,ERK_2.000nM_INH,25.7,Inf
10575,A,1,A1,46,CTL01,25.7,Inf
10575,A,1,A1,46,CTL01,25.7,Inf
10575,A,2,A2,720,CTL09,25.7,Inf
10575,A,2,A2,720,CTL09,25.7,Inf
10575,A,3,A3,225,SCZ06,25.7,87630
10575,A,3,A3,225,SCZ06,25.7,87630
10575,A,4,A4,552,SCZ14,25.7,95409
10575,A,4,A4,552,SCZ14,25.7,95409
10575,A,5,A5,328,LYS02,25.7,Inf
10575,A,5,A5,328,LYS02,25.7,Inf
10575,A,6,A6,RECOMBINANT ERK  2nM,ERK_2.000nM,25.7,Inf
10575,A,6,A6,RECOMBINANT ERK  2nM,ERK_2.000nM,25.7,Inf
10575,A,7,A7,46,CTL01,25.7,98376
10575,A,7,A7,46,CTL01,25.7,98376
10575,A,8,A8,720,CTL09,25.7,Inf
10575,A,8,A8,720,CTL09,25.7,Inf
10575,A,9,A9,225,SCZ06,25.7,96753
10575,A,9,A9,225,SCZ06,25.7,96753
10575,A,10,A10,552,SCZ14,25.7,91548
10575,A,10,A10,552,SCZ14,25.7,91548
10575,A,11,A11,328,LYS02,25.7,Inf
10575,A,11,A11,328,LYS02,25.7,Inf
10575,A,12,A12,RECOMBINANT ERK  2nM,ERK_2.000nM,25.7,Inf
10575,A,12,A12,RECOMBINANT ERK  2nM,ERK_2.000nM,25.7,Inf
10575,B,1,B1,116,CTL02,25.7,89947
10575,B,1,B1,116,CTL02,25.7,89947
10575,B,2,B2,859,CTL10,25.7,Inf
10575,B,2,B2,859,CTL10,25.7,Inf
10575,B,3,B3,235,SCZ07,25.7,Inf
10575,B,3,B3,235,SCZ07,25.7,Inf
10575,B,4,B4,565,SCZ15,25.7,90570
10575,B,4,B4,565,SCZ15,25.7,90570
10575,B,5,B5,335,LYS03,25.7,Inf
10575,B,5,B5,335,LYS03,25.7,Inf
10575,B,6,B6,RECOMBINANT ERK 1.5 nM,ERK_1.500nM,25.7,Inf
10575,B,6,B6,RECOMBINANT ERK 1.5 nM,ERK_1.500nM,25.7,Inf
10575,B,7,B7,116,CTL02,25.7,81943
10575,B,7,B7,116,CTL02,25.7,81943
10575,B,8,B8,859,CTL10,25.7,Inf
10575,B,8,B8,859,CTL10,25.7,Inf
10575,B,9,B9,235,SCZ07,25.7,97155
10575,B,9,B9,235,SCZ07,25.7,97155
10575,B,10,B10,565,SCZ15,25.7,91825
10575,B,10,B10,565,SCZ15,25.7,91825
10575,B,11,B11,335,LYS03,25.7,Inf
10575,B,11,B11,335,LYS03,25.7,Inf
10575,B,12,B12,RECOMBINANT ERK 1.5 nM,ERK_1.500nM,25.7,Inf
10575,B,12,B12,RECOMBINANT ERK 1.5 nM,ERK_1.500nM,25.7,Inf
10575,C,1,C1,167,CTL03,25.7,Inf
10575,C,1,C1,167,CTL03,25.7,Inf
10575,C,2,C2,874,CTL11,25.7,91974
10575,C,2,C2,874,CTL11,25.7,91974
10575,C,3,C3,262,SCZ08,25.7,Inf
10575,C,3,C3,262,SCZ08,25.7,Inf
10575,C,4,C4,737,SCZ16,25.7,91776
10575,C,4,C4,737,SCZ16,25.7,91776
10575,C,5,C5,907,LYS04,25.7,Inf
10575,C,5,C5,907,LYS04,25.7,Inf
10575,C,6,C6,RECOMBINANT ERK  1 nM,ERK_1.000nM,25.7,Inf
10575,C,6,C6,RECOMBINANT ERK  1 nM,ERK_1.000nM,25.7,Inf
10575,C,7,C7,167,CTL03,25.7,Inf
10575,C,7,C7,167,CTL03,25.7,Inf
10575,C,8,C8,874,CTL11,25.7,79048
10575,C,8,C8,874,CTL11,25.7,79048
10575,C,9,C9,262,SCZ08,25.7,97608
10575,C,9,C9,262,SCZ08,25.7,97608
10575,C,10,C10,737,SCZ16,25.7,85876
10575,C,10,C10,737,SCZ16,25.7,85876
10575,C,11,C11,907,LYS04,25.7,Inf
10575,C,11,C11,907,LYS04,25.7,Inf
10575,C,12,C12,RECOMBINANT ERK  1 nM,ERK_1.000nM,25.7,Inf
10575,C,12,C12,RECOMBINANT ERK  1 nM,ERK_1.000nM,25.7,Inf
10575,D,1,D1,195,CTL04,25.7,75509
10575,D,1,D1,195,CTL04,25.7,75509
10575,D,2,D2,11,SCZ01,25.7,95962
10575,D,2,D2,11,SCZ01,25.7,95962
10575,D,3,D3,291,SCZ09,25.7,87287
10575,D,3,D3,291,SCZ09,25.7,87287
10575,D,4,D4,802,SCZ17,25.7,64793
10575,D,4,D4,802,SCZ17,25.7,64793
10575,D,5,D5,5000ng lysate + HI,LYS_HI,25.7,94356
10575,D,5,D5,5000ng lysate + HI,LYS_HI,25.7,94356
10575,D,6,D6,RECOMBINANT ERK  0.75 nM,ERK_0.750nM,25.7,Inf
10575,D,6,D6,RECOMBINANT ERK  0.75 nM,ERK_0.750nM,25.7,Inf
10575,D,7,D7,195,CTL04,25.7,92081
10575,D,7,D7,195,CTL04,25.7,92081
10575,D,8,D8,11,SCZ01,25.7,89175
10575,D,8,D8,11,SCZ01,25.7,89175
10575,D,9,D9,291,SCZ09,25.7,80892
10575,D,9,D9,291,SCZ09,25.7,80892
10575,D,10,D10,802,SCZ17,25.7,81542
10575,D,10,D10,802,SCZ17,25.7,81542
10575,D,11,D11,5000ng lysate + HI,LYS_HI,25.7,93757
10575,D,11,D11,5000ng lysate + HI,LYS_HI,25.7,93757
10575,D,12,D12,RECOMBINANT ERK  0.75 nM,ERK_0.750nM,25.7,Inf
10575,D,12,D12,RECOMBINANT ERK  0.75 nM,ERK_0.750nM,25.7,Inf
10575,E,1,E1,223,CTL05,25.7,Inf
10575,E,1,E1,223,CTL05,25.7,Inf
10575,E,2,E2,22,SCZ02,25.7,Inf
10575,E,2,E2,22,SCZ02,25.7,Inf
10575,E,3,E3,329,SCZ10,25.7,Inf
10575,E,3,E3,329,SCZ10,25.7,Inf
10575,E,4,E4,930,SCZ18,25.7,72484
10575,E,4,E4,930,SCZ18,25.7,72484
10575,E,5,E5,5000ng lysate +ERK INHIBITOR,LYS_INH,25.7,85859
10575,E,5,E5,5000ng lysate +ERK INHIBITOR,LYS_INH,25.7,85859
10575,E,6,E6,RECOMBINANT ERK 0.5 nM,ERK_0.500nM,25.7,Inf
10575,E,6,E6,RECOMBINANT ERK 0.5 nM,ERK_0.500nM,25.7,Inf
10575,E,7,E7,223,CTL05,25.7,Inf
10575,E,7,E7,223,CTL05,25.7,Inf
10575,E,8,E8,22,SCZ02,25.7,Inf
10575,E,8,E8,22,SCZ02,25.7,Inf
10575,E,9,E9,329,SCZ10,25.7,Inf
10575,E,9,E9,329,SCZ10,25.7,Inf
10575,E,10,E10,930,SCZ18,25.7,77277
10575,E,10,E10,930,SCZ18,25.7,77277
10575,E,11,E11,5000ng lysate +ERK INHIBITOR,LYS_INH,25.7,88032
10575,E,11,E11,5000ng lysate +ERK INHIBITOR,LYS_INH,25.7,88032
10575,E,12,E12,RECOMBINANT ERK 0.5 nM,ERK_0.500nM,25.7,Inf
10575,E,12,E12,RECOMBINANT ERK 0.5 nM,ERK_0.500nM,25.7,Inf
10575,F,1,F1,524,CTL06,25.7,Inf
10575,F,1,F1,524,CTL06,25.7,Inf
10575,F,2,F2,29,SCZ03,25.7,Inf
10575,F,2,F2,29,SCZ03,25.7,Inf
10575,F,3,F3,446,SCZ11,25.7,Inf
10575,F,3,F3,446,SCZ11,25.7,Inf
10575,F,4,F4,931,SCZ19,25.7,81440
10575,F,4,F4,931,SCZ19,25.7,81440
10575,F,5,F5,"BLANK- Master Mix, no lysate",BLNK,25.7,85305
10575,F,5,F5,"BLANK- Master Mix, no lysate",BLNK,25.7,85305
10575,F,6,F6,RECOMBINANT ERK  0.25 nM,ERK_0.250nM,25.7,Inf
10575,F,6,F6,RECOMBINANT ERK  0.25 nM,ERK_0.250nM,25.7,Inf
10575,F,7,F7,524,CTL06,25.7,Inf
10575,F,7,F7,524,CTL06,25.7,Inf
10575,F,8,F8,29,SCZ03,25.7,Inf
10575,F,8,F8,29,SCZ03,25.7,Inf
10575,F,9,F9,446,SCZ11,25.7,73713
10575,F,9,F9,446,SCZ11,25.7,73713
10575,F,10,F10,931,SCZ19,25.7,83020
10575,F,10,F10,931,SCZ19,25.7,83020
10575,F,11,F11,"BLANK- Master Mix, no lysate",BLNK,25.7,85555
10575,F,11,F11,"BLANK- Master Mix, no lysate",BLNK,25.7,85555
10575,F,12,F12,RECOMBINANT ERK  0.25 nM,ERK_0.250nM,25.7,95308
10575,F,12,F12,RECOMBINANT ERK  0.25 nM,ERK_0.250nM,25.7,95308
10575,G,1,G1,661,CTL07,25.7,87670
10575,G,1,G1,661,CTL07,25.7,87670
10575,G,2,G2,69,SCZ04,25.7,Inf
10575,G,2,G2,69,SCZ04,25.7,Inf
10575,G,3,G3,510,SCZ12,25.7,Inf
10575,G,3,G3,510,SCZ12,25.7,Inf
10575,G,4,G4,932,SCZ20,25.7,84262
10575,G,4,G4,932,SCZ20,25.7,84262
10575,G,5,G5,"BLANK- Master Mix, lysate, no reporter",BLNK_LYS,25.7,22295
10575,G,5,G5,"BLANK- Master Mix, lysate, no reporter",BLNK_LYS,25.7,22295
10575,G,6,G6,RECOMBINANT ERK  0.125 nM,ERK_0.125nM,25.7,Inf
10575,G,6,G6,RECOMBINANT ERK  0.125 nM,ERK_0.125nM,25.7,Inf
10575,G,7,G7,661,CTL07,25.7,81432
10575,G,7,G7,661,CTL07,25.7,81432
10575,G,8,G8,69,SCZ04,25.7,99376
10575,G,8,G8,69,SCZ04,25.7,99376
10575,G,9,G9,510,SCZ12,25.7,Inf
10575,G,9,G9,510,SCZ12,25.7,Inf
10575,G,10,G10,932,SCZ20,25.7,82712
10575,G,10,G10,932,SCZ20,25.7,82712
10575,G,11,G11,"BLANK- Master Mix, lysate, no reporter",BLNK_LYS,25.7,24459
10575,G,11,G11,"BLANK- Master Mix, lysate, no reporter",BLNK_LYS,25.7,24459
10575,G,12,G12,RECOMBINANT ERK  0.125 nM,ERK_0.125nM,25.7,96434
10575,G,12,G12,RECOMBINANT ERK  0.125 nM,ERK_0.125nM,25.7,96434
10575,H,1,H1,689,CTL08,25.7,Inf
10575,H,1,H1,689,CTL08,25.7,Inf
10575,H,2,H2,94,SCZ05,25.7,84844
10575,H,2,H2,94,SCZ05,25.7,84844
10575,H,3,H3,547,SCZ13,25.7,88806
10575,H,3,H3,547,SCZ13,25.7,88806
10575,H,4,H4,326,LYS01,25.7,Inf
10575,H,4,H4,326,LYS01,25.7,Inf
10575,H,5,H5,NA,EMPTY,25.7,90565
10575,H,5,H5,NA,EMPTY,25.7,90565
10575,H,6,H6,RECOMBINANT ERK 2nM + ERK INHIBITOR,ERK_2.000nM_INH,25.7,27124
10575,H,6,H6,RECOMBINANT ERK 2nM + ERK INHIBITOR,ERK_2.000nM_INH,25.7,27124
10575,H,7,H7,689,CTL08,25.7,Inf
10575,H,7,H7,689,CTL08,25.7,Inf
10575,H,8,H8,94,SCZ05,25.7,29911
10575,H,8,H8,94,SCZ05,25.7,29911
10575,H,9,H9,547,SCZ13,25.7,94817
10575,H,9,H9,547,SCZ13,25.7,94817
10575,H,10,H10,326,LYS01,25.7,Inf
10575,H,10,H10,326,LYS01,25.7,Inf
10575,H,11,H11,NA,EMPTY,25.7,22927
10575,H,11,H11,NA,EMPTY,25.7,22927
10575,H,12,H12,RECOMBINANT ERK 2nM + ERK INHIBITOR,ERK_2.000nM_INH,25.7,Inf
10575,H,12,H12,RECOMBINANT ERK 2nM + ERK INHIBITOR,ERK_2.000nM_INH,25.7,Inf
10716,A,1,A1,46,CTL01,25.7,Inf
10716,A,1,A1,46,CTL01,25.7,Inf
10716,A,2,A2,720,CTL09,25.7,Inf
10716,A,2,A2,720,CTL09,25.7,Inf
10716,A,3,A3,225,SCZ06,25.7,87027
10716,A,3,A3,225,SCZ06,25.7,87027
10716,A,4,A4,552,SCZ14,25.7,95806
10716,A,4,A4,552,SCZ14,25.7,95806
10716,A,5,A5,328,LYS02,25.7,Inf
10716,A,5,A5,328,LYS02,25.7,Inf
10716,A,6,A6,RECOMBINANT ERK  2nM,ERK_2.000nM,25.7,Inf
10716,A,6,A6,RECOMBINANT ERK  2nM,ERK_2.000nM,25.7,Inf
10716,A,7,A7,46,CTL01,25.7,98751
10716,A,7,A7,46,CTL01,25.7,98751
10716,A,8,A8,720,CTL09,25.7,Inf
10716,A,8,A8,720,CTL09,25.7,Inf
10716,A,9,A9,225,SCZ06,25.7,96730
10716,A,9,A9,225,SCZ06,25.7,96730
10716,A,10,A10,552,SCZ14,25.7,91968
10716,A,10,A10,552,SCZ14,25.7,91968
10716,A,11,A11,328,LYS02,25.7,Inf
10716,A,11,A11,328,LYS02,25.7,Inf
10716,A,12,A12,RECOMBINANT ERK  2nM,ERK_2.000nM,25.7,Inf
10716,A,12,A12,RECOMBINANT ERK  2nM,ERK_2.000nM,25.7,Inf
10716,B,1,B1,116,CTL02,25.7,89890
10716,B,1,B1,116,CTL02,25.7,89890
10716,B,2,B2,859,CTL10,25.7,Inf
10716,B,2,B2,859,CTL10,25.7,Inf
10716,B,3,B3,235,SCZ07,25.7,Inf
10716,B,3,B3,235,SCZ07,25.7,Inf
10716,B,4,B4,565,SCZ15,25.7,90088
10716,B,4,B4,565,SCZ15,25.7,90088
10716,B,5,B5,335,LYS03,25.7,Inf
10716,B,5,B5,335,LYS03,25.7,Inf
10716,B,6,B6,RECOMBINANT ERK 1.5 nM,ERK_1.500nM,25.7,Inf
10716,B,6,B6,RECOMBINANT ERK 1.5 nM,ERK_1.500nM,25.7,Inf
10716,B,7,B7,116,CTL02,25.7,81543
10716,B,7,B7,116,CTL02,25.7,81543
10716,B,8,B8,859,CTL10,25.7,Inf
10716,B,8,B8,859,CTL10,25.7,Inf
10716,B,9,B9,235,SCZ07,25.7,97611
10716,B,9,B9,235,SCZ07,25.7,97611
10716,B,10,B10,565,SCZ15,25.7,90765
10716,B,10,B10,565,SCZ15,25.7,90765
10716,B,11,B11,335,LYS03,25.7,Inf
10716,B,11,B11,335,LYS03,25.7,Inf
10716,B,12,B12,RECOMBINANT ERK 1.5 nM,ERK_1.500nM,25.7,Inf
10716,B,12,B12,RECOMBINANT ERK 1.5 nM,ERK_1.500nM,25.7,Inf
10716,C,1,C1,167,CTL03,25.7,Inf
10716,C,1,C1,167,CTL03,25.7,Inf
10716,C,2,C2,874,CTL11,25.7,92590
10716,C,2,C2,874,CTL11,25.7,92590
10716,C,3,C3,262,SCZ08,25.7,Inf
10716,C,3,C3,262,SCZ08,25.7,Inf
10716,C,4,C4,737,SCZ16,25.7,91426
10716,C,4,C4,737,SCZ16,25.7,91426
10716,C,5,C5,907,LYS04,25.7,Inf
10716,C,5,C5,907,LYS04,25.7,Inf
10716,C,6,C6,RECOMBINANT ERK  1 nM,ERK_1.000nM,25.7,Inf
10716,C,6,C6,RECOMBINANT ERK  1 nM,ERK_1.000nM,25.7,Inf
10716,C,7,C7,167,CTL03,25.7,Inf
10716,C,7,C7,167,CTL03,25.7,Inf
10716,C,8,C8,874,CTL11,25.7,78953
10716,C,8,C8,874,CTL11,25.7,78953
10716,C,9,C9,262,SCZ08,25.7,97920
10716,C,9,C9,262,SCZ08,25.7,97920
10716,C,10,C10,737,SCZ16,25.7,85396
10716,C,10,C10,737,SCZ16,25.7,85396
10716,C,11,C11,907,LYS04,25.7,Inf
10716,C,11,C11,907,LYS04,25.7,Inf
10716,C,12,C12,RECOMBINANT ERK  1 nM,ERK_1.000nM,25.7,Inf
10716,C,12,C12,RECOMBINANT ERK  1 nM,ERK_1.000nM,25.7,Inf
10716,D,1,D1,195,CTL04,25.7,75835
10716,D,1,D1,195,CTL04,25.7,75835
10716,D,2,D2,11,SCZ01,25.7,96342
10716,D,2,D2,11,SCZ01,25.7,96342
10716,D,3,D3,291,SCZ09,25.7,87783
10716,D,3,D3,291,SCZ09,25.7,87783
10716,D,4,D4,802,SCZ17,25.7,64658
10716,D,4,D4,802,SCZ17,25.7,64658
10716,D,5,D5,5000ng lysate + HI,LYS_HI,25.7,94072
10716,D,5,D5,5000ng lysate + HI,LYS_HI,25.7,94072
10716,D,6,D6,RECOMBINANT ERK  0.75 nM,ERK_0.750nM,25.7,Inf
10716,D,6,D6,RECOMBINANT ERK  0.75 nM,ERK_0.750nM,25.7,Inf
10716,D,7,D7,195,CTL04,25.7,91712
10716,D,7,D7,195,CTL04,25.7,91712
10716,D,8,D8,11,SCZ01,25.7,89279
10716,D,8,D8,11,SCZ01,25.7,89279
10716,D,9,D9,291,SCZ09,25.7,81692
10716,D,9,D9,291,SCZ09,25.7,81692
10716,D,10,D10,802,SCZ17,25.7,80816
10716,D,10,D10,802,SCZ17,25.7,80816
10716,D,11,D11,5000ng lysate + HI,LYS_HI,25.7,92774
10716,D,11,D11,5000ng lysate + HI,LYS_HI,25.7,92774
10716,D,12,D12,RECOMBINANT ERK  0.75 nM,ERK_0.750nM,25.7,Inf
10716,D,12,D12,RECOMBINANT ERK  0.75 nM,ERK_0.750nM,25.7,Inf
10716,E,1,E1,223,CTL05,25.7,Inf
10716,E,1,E1,223,CTL05,25.7,Inf
10716,E,2,E2,22,SCZ02,25.7,Inf
10716,E,2,E2,22,SCZ02,25.7,Inf
10716,E,3,E3,329,SCZ10,25.7,Inf
10716,E,3,E3,329,SCZ10,25.7,Inf
10716,E,4,E4,930,SCZ18,25.7,73094
10716,E,4,E4,930,SCZ18,25.7,73094
10716,E,5,E5,5000ng lysate +ERK INHIBITOR,LYS_INH,25.7,85439
10716,E,5,E5,5000ng lysate +ERK INHIBITOR,LYS_INH,25.7,85439
10716,E,6,E6,RECOMBINANT ERK 0.5 nM,ERK_0.500nM,25.7,Inf
10716,E,6,E6,RECOMBINANT ERK 0.5 nM,ERK_0.500nM,25.7,Inf
10716,E,7,E7,223,CTL05,25.7,Inf
10716,E,7,E7,223,CTL05,25.7,Inf
10716,E,8,E8,22,SCZ02,25.7,Inf
10716,E,8,E8,22,SCZ02,25.7,Inf
10716,E,9,E9,329,SCZ10,25.7,Inf
10716,E,9,E9,329,SCZ10,25.7,Inf
10716,E,10,E10,930,SCZ18,25.7,77092
10716,E,10,E10,930,SCZ18,25.7,77092
10716,E,11,E11,5000ng lysate +ERK INHIBITOR,LYS_INH,25.7,87588
10716,E,11,E11,5000ng lysate +ERK INHIBITOR,LYS_INH,25.7,87588
10716,E,12,E12,RECOMBINANT ERK 0.5 nM,ERK_0.500nM,25.7,Inf
10716,E,12,E12,RECOMBINANT ERK 0.5 nM,ERK_0.500nM,25.7,Inf
10716,F,1,F1,524,CTL06,25.7,Inf
10716,F,1,F1,524,CTL06,25.7,Inf
10716,F,2,F2,29,SCZ03,25.7,Inf
10716,F,2,F2,29,SCZ03,25.7,Inf
10716,F,3,F3,446,SCZ11,25.7,Inf
10716,F,3,F3,446,SCZ11,25.7,Inf
10716,F,4,F4,931,SCZ19,25.7,82546
10716,F,4,F4,931,SCZ19,25.7,82546
10716,F,5,F5,"BLANK- Master Mix, no lysate",BLNK,25.7,85013
10716,F,5,F5,"BLANK- Master Mix, no lysate",BLNK,25.7,85013
10716,F,6,F6,RECOMBINANT ERK  0.25 nM,ERK_0.250nM,25.7,Inf
10716,F,6,F6,RECOMBINANT ERK  0.25 nM,ERK_0.250nM,25.7,Inf
10716,F,7,F7,524,CTL06,25.7,Inf
10716,F,7,F7,524,CTL06,25.7,Inf
10716,F,8,F8,29,SCZ03,25.7,Inf
10716,F,8,F8,29,SCZ03,25.7,Inf
10716,F,9,F9,446,SCZ11,25.7,73494
10716,F,9,F9,446,SCZ11,25.7,73494
10716,F,10,F10,931,SCZ19,25.7,82752
10716,F,10,F10,931,SCZ19,25.7,82752
10716,F,11,F11,"BLANK- Master Mix, no lysate",BLNK,25.7,86147
10716,F,11,F11,"BLANK- Master Mix, no lysate",BLNK,25.7,86147
10716,F,12,F12,RECOMBINANT ERK  0.25 nM,ERK_0.250nM,25.7,95665
10716,F,12,F12,RECOMBINANT ERK  0.25 nM,ERK_0.250nM,25.7,95665
10716,G,1,G1,661,CTL07,25.7,87881
10716,G,1,G1,661,CTL07,25.7,87881
10716,G,2,G2,69,SCZ04,25.7,Inf
10716,G,2,G2,69,SCZ04,25.7,Inf
10716,G,3,G3,510,SCZ12,25.7,Inf
10716,G,3,G3,510,SCZ12,25.7,Inf
10716,G,4,G4,932,SCZ20,25.7,84908
10716,G,4,G4,932,SCZ20,25.7,84908
10716,G,5,G5,"BLANK- Master Mix, lysate, no reporter",BLNK_LYS,25.7,22428
10716,G,5,G5,"BLANK- Master Mix, lysate, no reporter",BLNK_LYS,25.7,22428
10716,G,6,G6,RECOMBINANT ERK  0.125 nM,ERK_0.125nM,25.7,Inf
10716,G,6,G6,RECOMBINANT ERK  0.125 nM,ERK_0.125nM,25.7,Inf
10716,G,7,G7,661,CTL07,25.7,83029
10716,G,7,G7,661,CTL07,25.7,83029
10716,G,8,G8,69,SCZ04,25.7,Inf
10716,G,8,G8,69,SCZ04,25.7,Inf
10716,G,9,G9,510,SCZ12,25.7,Inf
10716,G,9,G9,510,SCZ12,25.7,Inf
10716,G,10,G10,932,SCZ20,25.7,83885
10716,G,10,G10,932,SCZ20,25.7,83885
10716,G,11,G11,"BLANK- Master Mix, lysate, no reporter",BLNK_LYS,25.7,24003
10716,G,11,G11,"BLANK- Master Mix, lysate, no reporter",BLNK_LYS,25.7,24003
10716,G,12,G12,RECOMBINANT ERK  0.125 nM,ERK_0.125nM,25.7,97410
10716,G,12,G12,RECOMBINANT ERK  0.125 nM,ERK_0.125nM,25.7,97410
10716,H,1,H1,689,CTL08,25.7,Inf
10716,H,1,H1,689,CTL08,25.7,Inf
10716,H,2,H2,94,SCZ05,25.7,83918
10716,H,2,H2,94,SCZ05,25.7,83918
10716,H,3,H3,547,SCZ13,25.7,88494
10716,H,3,H3,547,SCZ13,25.7,88494
10716,H,4,H4,326,LYS01,25.7,Inf
10716,H,4,H4,326,LYS01,25.7,Inf
10716,H,5,H5,NA,EMPTY,25.7,90260
10716,H,5,H5,NA,EMPTY,25.7,90260
10716,H,6,H6,RECOMBINANT ERK 2nM + ERK INHIBITOR,ERK_2.000nM_INH,25.7,27256
10716,H,6,H6,RECOMBINANT ERK 2nM + ERK INHIBITOR,ERK_2.000nM_INH,25.7,27256
10716,H,7,H7,689,CTL08,25.7,Inf
10716,H,7,H7,689,CTL08,25.7,Inf
10716,H,8,H8,94,SCZ05,25.7,29605
10716,H,8,H8,94,SCZ05,25.7,29605
10716,H,9,H9,547,SCZ13,25.7,95166
10716,H,9,H9,547,SCZ13,25.7,95166
10716,H,10,H10,326,LYS01,25.7,Inf
10716,H,10,H10,326,LYS01,25.7,Inf
10716,H,11,H11,NA,EMPTY,25.7,22702
10716,H,11,H11,NA,EMPTY,25.7,22702
10716,H,12,H12,RECOMBINANT ERK 2nM + ERK INHIBITOR,ERK_2.000nM_INH,25.7,Inf
10716,H,12,H12,RECOMBINANT ERK 2nM + ERK INHIBITOR,ERK_2.000nM_INH,25.7,Inf
10857,A,1,A1,46,CTL01,25.7,Inf
10857,A,1,A1,46,CTL01,25.7,Inf
10857,A,2,A2,720,CTL09,25.7,Inf
10857,A,2,A2,720,CTL09,25.7,Inf
10857,A,3,A3,225,SCZ06,25.7,87278
10857,A,3,A3,225,SCZ06,25.7,87278
10857,A,4,A4,552,SCZ14,25.7,95700
10857,A,4,A4,552,SCZ14,25.7,95700
10857,A,5,A5,328,LYS02,25.7,Inf
10857,A,5,A5,328,LYS02,25.7,Inf
10857,A,6,A6,RECOMBINANT ERK  2nM,ERK_2.000nM,25.7,Inf
10857,A,6,A6,RECOMBINANT ERK  2nM,ERK_2.000nM,25.7,Inf
10857,A,7,A7,46,CTL01,25.7,99610
10857,A,7,A7,46,CTL01,25.7,99610
10857,A,8,A8,720,CTL09,25.7,Inf
10857,A,8,A8,720,CTL09,25.7,Inf
10857,A,9,A9,225,SCZ06,25.7,96834
10857,A,9,A9,225,SCZ06,25.7,96834
10857,A,10,A10,552,SCZ14,25.7,92308
10857,A,10,A10,552,SCZ14,25.7,92308
10857,A,11,A11,328,LYS02,25.7,Inf
10857,A,11,A11,328,LYS02,25.7,Inf
10857,A,12,A12,RECOMBINANT ERK  2nM,ERK_2.000nM,25.7,Inf
10857,A,12,A12,RECOMBINANT ERK  2nM,ERK_2.000nM,25.7,Inf
10857,B,1,B1,116,CTL02,25.7,90054
10857,B,1,B1,116,CTL02,25.7,90054
10857,B,2,B2,859,CTL10,25.7,Inf
10857,B,2,B2,859,CTL10,25.7,Inf
10857,B,3,B3,235,SCZ07,25.7,Inf
10857,B,3,B3,235,SCZ07,25.7,Inf
10857,B,4,B4,565,SCZ15,25.7,90587
10857,B,4,B4,565,SCZ15,25.7,90587
10857,B,5,B5,335,LYS03,25.7,Inf
10857,B,5,B5,335,LYS03,25.7,Inf
10857,B,6,B6,RECOMBINANT ERK 1.5 nM,ERK_1.500nM,25.7,Inf
10857,B,6,B6,RECOMBINANT ERK 1.5 nM,ERK_1.500nM,25.7,Inf
10857,B,7,B7,116,CTL02,25.7,82341
10857,B,7,B7,116,CTL02,25.7,82341
10857,B,8,B8,859,CTL10,25.7,Inf
10857,B,8,B8,859,CTL10,25.7,Inf
10857,B,9,B9,235,SCZ07,25.7,97325
10857,B,9,B9,235,SCZ07,25.7,97325
10857,B,10,B10,565,SCZ15,25.7,91410
10857,B,10,B10,565,SCZ15,25.7,91410
10857,B,11,B11,335,LYS03,25.7,Inf
10857,B,11,B11,335,LYS03,25.7,Inf
10857,B,12,B12,RECOMBINANT ERK 1.5 nM,ERK_1.500nM,25.7,Inf
10857,B,12,B12,RECOMBINANT ERK 1.5 nM,ERK_1.500nM,25.7,Inf
10857,C,1,C1,167,CTL03,25.7,Inf
10857,C,1,C1,167,CTL03,25.7,Inf
10857,C,2,C2,874,CTL11,25.7,92647
10857,C,2,C2,874,CTL11,25.7,92647
10857,C,3,C3,262,SCZ08,25.7,Inf
10857,C,3,C3,262,SCZ08,25.7,Inf
10857,C,4,C4,737,SCZ16,25.7,91631
10857,C,4,C4,737,SCZ16,25.7,91631
10857,C,5,C5,907,LYS04,25.7,Inf
10857,C,5,C5,907,LYS04,25.7,Inf
10857,C,6,C6,RECOMBINANT ERK  1 nM,ERK_1.000nM,25.7,Inf
10857,C,6,C6,RECOMBINANT ERK  1 nM,ERK_1.000nM,25.7,Inf
10857,C,7,C7,167,CTL03,25.7,Inf
10857,C,7,C7,167,CTL03,25.7,Inf
10857,C,8,C8,874,CTL11,25.7,79421
10857,C,8,C8,874,CTL11,25.7,79421
10857,C,9,C9,262,SCZ08,25.7,98780
10857,C,9,C9,262,SCZ08,25.7,98780
10857,C,10,C10,737,SCZ16,25.7,85771
10857,C,10,C10,737,SCZ16,25.7,85771
10857,C,11,C11,907,LYS04,25.7,Inf
10857,C,11,C11,907,LYS04,25.7,Inf
10857,C,12,C12,RECOMBINANT ERK  1 nM,ERK_1.000nM,25.7,Inf
10857,C,12,C12,RECOMBINANT ERK  1 nM,ERK_1.000nM,25.7,Inf
10857,D,1,D1,195,CTL04,25.7,75706
10857,D,1,D1,195,CTL04,25.7,75706
10857,D,2,D2,11,SCZ01,25.7,96478
10857,D,2,D2,11,SCZ01,25.7,96478
10857,D,3,D3,291,SCZ09,25.7,87803
10857,D,3,D3,291,SCZ09,25.7,87803
10857,D,4,D4,802,SCZ17,25.7,64653
10857,D,4,D4,802,SCZ17,25.7,64653
10857,D,5,D5,5000ng lysate + HI,LYS_HI,25.7,94453
10857,D,5,D5,5000ng lysate + HI,LYS_HI,25.7,94453
10857,D,6,D6,RECOMBINANT ERK  0.75 nM,ERK_0.750nM,25.7,Inf
10857,D,6,D6,RECOMBINANT ERK  0.75 nM,ERK_0.750nM,25.7,Inf
10857,D,7,D7,195,CTL04,25.7,91905
10857,D,7,D7,195,CTL04,25.7,91905
10857,D,8,D8,11,SCZ01,25.7,89357
10857,D,8,D8,11,SCZ01,25.7,89357
10857,D,9,D9,291,SCZ09,25.7,81263
10857,D,9,D9,291,SCZ09,25.7,81263
10857,D,10,D10,802,SCZ17,25.7,81134
10857,D,10,D10,802,SCZ17,25.7,81134
10857,D,11,D11,5000ng lysate + HI,LYS_HI,25.7,93047
10857,D,11,D11,5000ng lysate + HI,LYS_HI,25.7,93047
10857,D,12,D12,RECOMBINANT ERK  0.75 nM,ERK_0.750nM,25.7,Inf
10857,D,12,D12,RECOMBINANT ERK  0.75 nM,ERK_0.750nM,25.7,Inf
10857,E,1,E1,223,CTL05,25.7,Inf
10857,E,1,E1,223,CTL05,25.7,Inf
10857,E,2,E2,22,SCZ02,25.7,Inf
10857,E,2,E2,22,SCZ02,25.7,Inf
10857,E,3,E3,329,SCZ10,25.7,Inf
10857,E,3,E3,329,SCZ10,25.7,Inf
10857,E,4,E4,930,SCZ18,25.7,73987
10857,E,4,E4,930,SCZ18,25.7,73987
10857,E,5,E5,5000ng lysate +ERK INHIBITOR,LYS_INH,25.7,86132
10857,E,5,E5,5000ng lysate +ERK INHIBITOR,LYS_INH,25.7,86132
10857,E,6,E6,RECOMBINANT ERK 0.5 nM,ERK_0.500nM,25.7,Inf
10857,E,6,E6,RECOMBINANT ERK 0.5 nM,ERK_0.500nM,25.7,Inf
10857,E,7,E7,223,CTL05,25.7,Inf
10857,E,7,E7,223,CTL05,25.7,Inf
10857,E,8,E8,22,SCZ02,25.7,Inf
10857,E,8,E8,22,SCZ02,25.7,Inf
10857,E,9,E9,329,SCZ10,25.7,Inf
10857,E,9,E9,329,SCZ10,25.7,Inf
10857,E,10,E10,930,SCZ18,25.7,77907
10857,E,10,E10,930,SCZ18,25.7,77907
10857,E,11,E11,5000ng lysate +ERK INHIBITOR,LYS_INH,25.7,88117
10857,E,11,E11,5000ng lysate +ERK INHIBITOR,LYS_INH,25.7,88117
10857,E,12,E12,RECOMBINANT ERK 0.5 nM,ERK_0.500nM,25.7,Inf
10857,E,12,E12,RECOMBINANT ERK 0.5 nM,ERK_0.500nM,25.7,Inf
10857,F,1,F1,524,CTL06,25.7,Inf
10857,F,1,F1,524,CTL06,25.7,Inf
10857,F,2,F2,29,SCZ03,25.7,Inf
10857,F,2,F2,29,SCZ03,25.7,Inf
10857,F,3,F3,446,SCZ11,25.7,Inf
10857,F,3,F3,446,SCZ11,25.7,Inf
10857,F,4,F4,931,SCZ19,25.7,83512
10857,F,4,F4,931,SCZ19,25.7,83512
10857,F,5,F5,"BLANK- Master Mix, no lysate",BLNK,25.7,85024
10857,F,5,F5,"BLANK- Master Mix, no lysate",BLNK,25.7,85024
10857,F,6,F6,RECOMBINANT ERK  0.25 nM,ERK_0.250nM,25.7,Inf
10857,F,6,F6,RECOMBINANT ERK  0.25 nM,ERK_0.250nM,25.7,Inf
10857,F,7,F7,524,CTL06,25.7,Inf
10857,F,7,F7,524,CTL06,25.7,Inf
10857,F,8,F8,29,SCZ03,25.7,Inf
10857,F,8,F8,29,SCZ03,25.7,Inf
10857,F,9,F9,446,SCZ11,25.7,73978
10857,F,9,F9,446,SCZ11,25.7,73978
10857,F,10,F10,931,SCZ19,25.7,83332
10857,F,10,F10,931,SCZ19,25.7,83332
10857,F,11,F11,"BLANK- Master Mix, no lysate",BLNK,25.7,85393
10857,F,11,F11,"BLANK- Master Mix, no lysate",BLNK,25.7,85393
10857,F,12,F12,RECOMBINANT ERK  0.25 nM,ERK_0.250nM,25.7,95171
10857,F,12,F12,RECOMBINANT ERK  0.25 nM,ERK_0.250nM,25.7,95171
10857,G,1,G1,661,CTL07,25.7,87560
10857,G,1,G1,661,CTL07,25.7,87560
10857,G,2,G2,69,SCZ04,25.7,Inf
10857,G,2,G2,69,SCZ04,25.7,Inf
10857,G,3,G3,510,SCZ12,25.7,Inf
10857,G,3,G3,510,SCZ12,25.7,Inf
10857,G,4,G4,932,SCZ20,25.7,86141
10857,G,4,G4,932,SCZ20,25.7,86141
10857,G,5,G5,"BLANK- Master Mix, lysate, no reporter",BLNK_LYS,25.7,23156
10857,G,5,G5,"BLANK- Master Mix, lysate, no reporter",BLNK_LYS,25.7,23156
10857,G,6,G6,RECOMBINANT ERK  0.125 nM,ERK_0.125nM,25.7,Inf
10857,G,6,G6,RECOMBINANT ERK  0.125 nM,ERK_0.125nM,25.7,Inf
10857,G,7,G7,661,CTL07,25.7,82923
10857,G,7,G7,661,CTL07,25.7,82923
10857,G,8,G8,69,SCZ04,25.7,Inf
10857,G,8,G8,69,SCZ04,25.7,Inf
10857,G,9,G9,510,SCZ12,25.7,Inf
10857,G,9,G9,510,SCZ12,25.7,Inf
10857,G,10,G10,932,SCZ20,25.7,84237
10857,G,10,G10,932,SCZ20,25.7,84237
10857,G,11,G11,"BLANK- Master Mix, lysate, no reporter",BLNK_LYS,25.7,23996
10857,G,11,G11,"BLANK- Master Mix, lysate, no reporter",BLNK_LYS,25.7,23996
10857,G,12,G12,RECOMBINANT ERK  0.125 nM,ERK_0.125nM,25.7,97183
10857,G,12,G12,RECOMBINANT ERK  0.125 nM,ERK_0.125nM,25.7,97183
10857,H,1,H1,689,CTL08,25.7,Inf
10857,H,1,H1,689,CTL08,25.7,Inf
10857,H,2,H2,94,SCZ05,25.7,84830
10857,H,2,H2,94,SCZ05,25.7,84830
10857,H,3,H3,547,SCZ13,25.7,88965
10857,H,3,H3,547,SCZ13,25.7,88965
10857,H,4,H4,326,LYS01,25.7,Inf
10857,H,4,H4,326,LYS01,25.7,Inf
10857,H,5,H5,NA,EMPTY,25.7,89528
10857,H,5,H5,NA,EMPTY,25.7,89528
10857,H,6,H6,RECOMBINANT ERK 2nM + ERK INHIBITOR,ERK_2.000nM_INH,25.7,27423
10857,H,6,H6,RECOMBINANT ERK 2nM + ERK INHIBITOR,ERK_2.000nM_INH,25.7,27423
10857,H,7,H7,689,CTL08,25.7,Inf
10857,H,7,H7,689,CTL08,25.7,Inf
10857,H,8,H8,94,SCZ05,25.7,29559
10857,H,8,H8,94,SCZ05,25.7,29559
10857,H,9,H9,547,SCZ13,25.7,95165
10857,H,9,H9,547,SCZ13,25.7,95165
10857,H,10,H10,326,LYS01,25.7,Inf
10857,H,10,H10,326,LYS01,25.7,Inf
10857,H,11,H11,NA,EMPTY,25.7,22876
10857,H,11,H11,NA,EMPTY,25.7,22876
10857,H,12,H12,RECOMBINANT ERK 2nM + ERK INHIBITOR,ERK_2.000nM_INH,25.7,Inf
10857,H,12,H12,RECOMBINANT ERK 2nM + ERK INHIBITOR,ERK_2.000nM_INH,25.7,Inf
10998,A,1,A1,46,CTL01,25.7,Inf
10998,A,1,A1,46,CTL01,25.7,Inf
10998,A,2,A2,720,CTL09,25.7,Inf
10998,A,2,A2,720,CTL09,25.7,Inf
10998,A,3,A3,225,SCZ06,25.7,86821
10998,A,3,A3,225,SCZ06,25.7,86821
10998,A,4,A4,552,SCZ14,25.7,96021
10998,A,4,A4,552,SCZ14,25.7,96021
10998,A,5,A5,328,LYS02,25.7,Inf
10998,A,5,A5,328,LYS02,25.7,Inf
10998,A,6,A6,RECOMBINANT ERK  2nM,ERK_2.000nM,25.7,Inf
10998,A,6,A6,RECOMBINANT ERK  2nM,ERK_2.000nM,25.7,Inf
10998,A,7,A7,46,CTL01,25.7,Inf
10998,A,7,A7,46,CTL01,25.7,Inf
10998,A,8,A8,720,CTL09,25.7,Inf
10998,A,8,A8,720,CTL09,25.7,Inf
10998,A,9,A9,225,SCZ06,25.7,97953
10998,A,9,A9,225,SCZ06,25.7,97953
10998,A,10,A10,552,SCZ14,25.7,92598
10998,A,10,A10,552,SCZ14,25.7,92598
10998,A,11,A11,328,LYS02,25.7,Inf
10998,A,11,A11,328,LYS02,25.7,Inf
10998,A,12,A12,RECOMBINANT ERK  2nM,ERK_2.000nM,25.7,Inf
10998,A,12,A12,RECOMBINANT ERK  2nM,ERK_2.000nM,25.7,Inf
10998,B,1,B1,116,CTL02,25.7,89942
10998,B,1,B1,116,CTL02,25.7,89942
10998,B,2,B2,859,CTL10,25.7,Inf
10998,B,2,B2,859,CTL10,25.7,Inf
10998,B,3,B3,235,SCZ07,25.7,Inf
10998,B,3,B3,235,SCZ07,25.7,Inf
10998,B,4,B4,565,SCZ15,25.7,91034
10998,B,4,B4,565,SCZ15,25.7,91034
10998,B,5,B5,335,LYS03,25.7,Inf
10998,B,5,B5,335,LYS03,25.7,Inf
10998,B,6,B6,RECOMBINANT ERK 1.5 nM,ERK_1.500nM,25.7,Inf
10998,B,6,B6,RECOMBINANT ERK 1.5 nM,ERK_1.500nM,25.7,Inf
10998,B,7,B7,116,CTL02,25.7,82057
10998,B,7,B7,116,CTL02,25.7,82057
10998,B,8,B8,859,CTL10,25.7,Inf
10998,B,8,B8,859,CTL10,25.7,Inf
10998,B,9,B9,235,SCZ07,25.7,97266
10998,B,9,B9,235,SCZ07,25.7,97266
10998,B,10,B10,565,SCZ15,25.7,91782
10998,B,10,B10,565,SCZ15,25.7,91782
10998,B,11,B11,335,LYS03,25.7,Inf
10998,B,11,B11,335,LYS03,25.7,Inf
10998,B,12,B12,RECOMBINANT ERK 1.5 nM,ERK_1.500nM,25.7,Inf
10998,B,12,B12,RECOMBINANT ERK 1.5 nM,ERK_1.500nM,25.7,Inf
10998,C,1,C1,167,CTL03,25.7,Inf
10998,C,1,C1,167,CTL03,25.7,Inf
10998,C,2,C2,874,CTL11,25.7,93109
10998,C,2,C2,874,CTL11,25.7,93109
10998,C,3,C3,262,SCZ08,25.7,Inf
10998,C,3,C3,262,SCZ08,25.7,Inf
10998,C,4,C4,737,SCZ16,25.7,92296
10998,C,4,C4,737,SCZ16,25.7,92296
10998,C,5,C5,907,LYS04,25.7,Inf
10998,C,5,C5,907,LYS04,25.7,Inf
10998,C,6,C6,RECOMBINANT ERK  1 nM,ERK_1.000nM,25.7,Inf
10998,C,6,C6,RECOMBINANT ERK  1 nM,ERK_1.000nM,25.7,Inf
10998,C,7,C7,167,CTL03,25.7,Inf
10998,C,7,C7,167,CTL03,25.7,Inf
10998,C,8,C8,874,CTL11,25.7,80026
10998,C,8,C8,874,CTL11,25.7,80026
10998,C,9,C9,262,SCZ08,25.7,98705
10998,C,9,C9,262,SCZ08,25.7,98705
10998,C,10,C10,737,SCZ16,25.7,86400
10998,C,10,C10,737,SCZ16,25.7,86400
10998,C,11,C11,907,LYS04,25.7,Inf
10998,C,11,C11,907,LYS04,25.7,Inf
10998,C,12,C12,RECOMBINANT ERK  1 nM,ERK_1.000nM,25.7,Inf
10998,C,12,C12,RECOMBINANT ERK  1 nM,ERK_1.000nM,25.7,Inf
10998,D,1,D1,195,CTL04,25.7,76152
10998,D,1,D1,195,CTL04,25.7,76152
10998,D,2,D2,11,SCZ01,25.7,96491
10998,D,2,D2,11,SCZ01,25.7,96491
10998,D,3,D3,291,SCZ09,25.7,87706
10998,D,3,D3,291,SCZ09,25.7,87706
10998,D,4,D4,802,SCZ17,25.7,65264
10998,D,4,D4,802,SCZ17,25.7,65264
10998,D,5,D5,5000ng lysate + HI,LYS_HI,25.7,94803
10998,D,5,D5,5000ng lysate + HI,LYS_HI,25.7,94803
10998,D,6,D6,RECOMBINANT ERK  0.75 nM,ERK_0.750nM,25.7,Inf
10998,D,6,D6,RECOMBINANT ERK  0.75 nM,ERK_0.750nM,25.7,Inf
10998,D,7,D7,195,CTL04,25.7,91809
10998,D,7,D7,195,CTL04,25.7,91809
10998,D,8,D8,11,SCZ01,25.7,88968
10998,D,8,D8,11,SCZ01,25.7,88968
10998,D,9,D9,291,SCZ09,25.7,81367
10998,D,9,D9,291,SCZ09,25.7,81367
10998,D,10,D10,802,SCZ17,25.7,81073
10998,D,10,D10,802,SCZ17,25.7,81073
10998,D,11,D11,5000ng lysate + HI,LYS_HI,25.7,93666
10998,D,11,D11,5000ng lysate + HI,LYS_HI,25.7,93666
10998,D,12,D12,RECOMBINANT ERK  0.75 nM,ERK_0.750nM,25.7,Inf
10998,D,12,D12,RECOMBINANT ERK  0.75 nM,ERK_0.750nM,25.7,Inf
10998,E,1,E1,223,CTL05,25.7,Inf
10998,E,1,E1,223,CTL05,25.7,Inf
10998,E,2,E2,22,SCZ02,25.7,Inf
10998,E,2,E2,22,SCZ02,25.7,Inf
10998,E,3,E3,329,SCZ10,25.7,Inf
10998,E,3,E3,329,SCZ10,25.7,Inf
10998,E,4,E4,930,SCZ18,25.7,73328
10998,E,4,E4,930,SCZ18,25.7,73328
10998,E,5,E5,5000ng lysate +ERK INHIBITOR,LYS_INH,25.7,86007
10998,E,5,E5,5000ng lysate +ERK INHIBITOR,LYS_INH,25.7,86007
10998,E,6,E6,RECOMBINANT ERK 0.5 nM,ERK_0.500nM,25.7,Inf
10998,E,6,E6,RECOMBINANT ERK 0.5 nM,ERK_0.500nM,25.7,Inf
10998,E,7,E7,223,CTL05,25.7,Inf
10998,E,7,E7,223,CTL05,25.7,Inf
10998,E,8,E8,22,SCZ02,25.7,Inf
10998,E,8,E8,22,SCZ02,25.7,Inf
10998,E,9,E9,329,SCZ10,25.7,Inf
10998,E,9,E9,329,SCZ10,25.7,Inf
10998,E,10,E10,930,SCZ18,25.7,78314
10998,E,10,E10,930,SCZ18,25.7,78314
10998,E,11,E11,5000ng lysate +ERK INHIBITOR,LYS_INH,25.7,88771
10998,E,11,E11,5000ng lysate +ERK INHIBITOR,LYS_INH,25.7,88771
10998,E,12,E12,RECOMBINANT ERK 0.5 nM,ERK_0.500nM,25.7,Inf
10998,E,12,E12,RECOMBINANT ERK 0.5 nM,ERK_0.500nM,25.7,Inf
10998,F,1,F1,524,CTL06,25.7,Inf
10998,F,1,F1,524,CTL06,25.7,Inf
10998,F,2,F2,29,SCZ03,25.7,Inf
10998,F,2,F2,29,SCZ03,25.7,Inf
10998,F,3,F3,446,SCZ11,25.7,Inf
10998,F,3,F3,446,SCZ11,25.7,Inf
10998,F,4,F4,931,SCZ19,25.7,82636
10998,F,4,F4,931,SCZ19,25.7,82636
10998,F,5,F5,"BLANK- Master Mix, no lysate",BLNK,25.7,84679
10998,F,5,F5,"BLANK- Master Mix, no lysate",BLNK,25.7,84679
10998,F,6,F6,RECOMBINANT ERK  0.25 nM,ERK_0.250nM,25.7,Inf
10998,F,6,F6,RECOMBINANT ERK  0.25 nM,ERK_0.250nM,25.7,Inf
10998,F,7,F7,524,CTL06,25.7,Inf
10998,F,7,F7,524,CTL06,25.7,Inf
10998,F,8,F8,29,SCZ03,25.7,Inf
10998,F,8,F8,29,SCZ03,25.7,Inf
10998,F,9,F9,446,SCZ11,25.7,73823
10998,F,9,F9,446,SCZ11,25.7,73823
10998,F,10,F10,931,SCZ19,25.7,82593
10998,F,10,F10,931,SCZ19,25.7,82593
10998,F,11,F11,"BLANK- Master Mix, no lysate",BLNK,25.7,85440
10998,F,11,F11,"BLANK- Master Mix, no lysate",BLNK,25.7,85440
10998,F,12,F12,RECOMBINANT ERK  0.25 nM,ERK_0.250nM,25.7,95937
10998,F,12,F12,RECOMBINANT ERK  0.25 nM,ERK_0.250nM,25.7,95937
10998,G,1,G1,661,CTL07,25.7,87592
10998,G,1,G1,661,CTL07,25.7,87592
10998,G,2,G2,69,SCZ04,25.7,Inf
10998,G,2,G2,69,SCZ04,25.7,Inf
10998,G,3,G3,510,SCZ12,25.7,Inf
10998,G,3,G3,510,SCZ12,25.7,Inf
10998,G,4,G4,932,SCZ20,25.7,85838
10998,G,4,G4,932,SCZ20,25.7,85838
10998,G,5,G5,"BLANK- Master Mix, lysate, no reporter",BLNK_LYS,25.7,23301
10998,G,5,G5,"BLANK- Master Mix, lysate, no reporter",BLNK_LYS,25.7,23301
10998,G,6,G6,RECOMBINANT ERK  0.125 nM,ERK_0.125nM,25.7,Inf
10998,G,6,G6,RECOMBINANT ERK  0.125 nM,ERK_0.125nM,25.7,Inf
10998,G,7,G7,661,CTL07,25.7,82656
10998,G,7,G7,661,CTL07,25.7,82656
10998,G,8,G8,69,SCZ04,25.7,Inf
10998,G,8,G8,69,SCZ04,25.7,Inf
10998,G,9,G9,510,SCZ12,25.7,Inf
10998,G,9,G9,510,SCZ12,25.7,Inf
10998,G,10,G10,932,SCZ20,25.7,85236
10998,G,10,G10,932,SCZ20,25.7,85236
10998,G,11,G11,"BLANK- Master Mix, lysate, no reporter",BLNK_LYS,25.7,24063
10998,G,11,G11,"BLANK- Master Mix, lysate, no reporter",BLNK_LYS,25.7,24063
10998,G,12,G12,RECOMBINANT ERK  0.125 nM,ERK_0.125nM,25.7,97111
10998,G,12,G12,RECOMBINANT ERK  0.125 nM,ERK_0.125nM,25.7,97111
10998,H,1,H1,689,CTL08,25.7,Inf
10998,H,1,H1,689,CTL08,25.7,Inf
10998,H,2,H2,94,SCZ05,25.7,84699
10998,H,2,H2,94,SCZ05,25.7,84699
10998,H,3,H3,547,SCZ13,25.7,89099
10998,H,3,H3,547,SCZ13,25.7,89099
10998,H,4,H4,326,LYS01,25.7,Inf
10998,H,4,H4,326,LYS01,25.7,Inf
10998,H,5,H5,NA,EMPTY,25.7,89640
10998,H,5,H5,NA,EMPTY,25.7,89640
10998,H,6,H6,RECOMBINANT ERK 2nM + ERK INHIBITOR,ERK_2.000nM_INH,25.7,27473
10998,H,6,H6,RECOMBINANT ERK 2nM + ERK INHIBITOR,ERK_2.000nM_INH,25.7,27473
10998,H,7,H7,689,CTL08,25.7,Inf
10998,H,7,H7,689,CTL08,25.7,Inf
10998,H,8,H8,94,SCZ05,25.7,29501
10998,H,8,H8,94,SCZ05,25.7,29501
10998,H,9,H9,547,SCZ13,25.7,95336
10998,H,9,H9,547,SCZ13,25.7,95336
10998,H,10,H10,326,LYS01,25.7,Inf
10998,H,10,H10,326,LYS01,25.7,Inf
10998,H,11,H11,NA,EMPTY,25.7,22661
10998,H,11,H11,NA,EMPTY,25.7,22661
10998,H,12,H12,RECOMBINANT ERK 2nM + ERK INHIBITOR,ERK_2.000nM_INH,25.7,Inf
10998,H,12,H12,RECOMBINANT ERK 2nM + ERK INHIBITOR,ERK_2.000nM_INH,25.7,Inf
11139,A,1,A1,46,CTL01,25.7,Inf
11139,A,1,A1,46,CTL01,25.7,Inf
11139,A,2,A2,720,CTL09,25.7,Inf
11139,A,2,A2,720,CTL09,25.7,Inf
11139,A,3,A3,225,SCZ06,25.7,87674
11139,A,3,A3,225,SCZ06,25.7,87674
11139,A,4,A4,552,SCZ14,25.7,96017
11139,A,4,A4,552,SCZ14,25.7,96017
11139,A,5,A5,328,LYS02,25.7,Inf
11139,A,5,A5,328,LYS02,25.7,Inf
11139,A,6,A6,RECOMBINANT ERK  2nM,ERK_2.000nM,25.7,Inf
11139,A,6,A6,RECOMBINANT ERK  2nM,ERK_2.000nM,25.7,Inf
11139,A,7,A7,46,CTL01,25.7,99377
11139,A,7,A7,46,CTL01,25.7,99377
11139,A,8,A8,720,CTL09,25.7,Inf
11139,A,8,A8,720,CTL09,25.7,Inf
11139,A,9,A9,225,SCZ06,25.7,97283
11139,A,9,A9,225,SCZ06,25.7,97283
11139,A,10,A10,552,SCZ14,25.7,92259
11139,A,10,A10,552,SCZ14,25.7,92259
11139,A,11,A11,328,LYS02,25.7,Inf
11139,A,11,A11,328,LYS02,25.7,Inf
11139,A,12,A12,RECOMBINANT ERK  2nM,ERK_2.000nM,25.7,Inf
11139,A,12,A12,RECOMBINANT ERK  2nM,ERK_2.000nM,25.7,Inf
11139,B,1,B1,116,CTL02,25.7,89412
11139,B,1,B1,116,CTL02,25.7,89412
11139,B,2,B2,859,CTL10,25.7,Inf
11139,B,2,B2,859,CTL10,25.7,Inf
11139,B,3,B3,235,SCZ07,25.7,Inf
11139,B,3,B3,235,SCZ07,25.7,Inf
11139,B,4,B4,565,SCZ15,25.7,90655
11139,B,4,B4,565,SCZ15,25.7,90655
11139,B,5,B5,335,LYS03,25.7,Inf
11139,B,5,B5,335,LYS03,25.7,Inf
11139,B,6,B6,RECOMBINANT ERK 1.5 nM,ERK_1.500nM,25.7,Inf
11139,B,6,B6,RECOMBINANT ERK 1.5 nM,ERK_1.500nM,25.7,Inf
11139,B,7,B7,116,CTL02,25.7,82171
11139,B,7,B7,116,CTL02,25.7,82171
11139,B,8,B8,859,CTL10,25.7,Inf
11139,B,8,B8,859,CTL10,25.7,Inf
11139,B,9,B9,235,SCZ07,25.7,97267
11139,B,9,B9,235,SCZ07,25.7,97267
11139,B,10,B10,565,SCZ15,25.7,91359
11139,B,10,B10,565,SCZ15,25.7,91359
11139,B,11,B11,335,LYS03,25.7,Inf
11139,B,11,B11,335,LYS03,25.7,Inf
11139,B,12,B12,RECOMBINANT ERK 1.5 nM,ERK_1.500nM,25.7,Inf
11139,B,12,B12,RECOMBINANT ERK 1.5 nM,ERK_1.500nM,25.7,Inf
11139,C,1,C1,167,CTL03,25.7,Inf
11139,C,1,C1,167,CTL03,25.7,Inf
11139,C,2,C2,874,CTL11,25.7,94073
11139,C,2,C2,874,CTL11,25.7,94073
11139,C,3,C3,262,SCZ08,25.7,Inf
11139,C,3,C3,262,SCZ08,25.7,Inf
11139,C,4,C4,737,SCZ16,25.7,91786
11139,C,4,C4,737,SCZ16,25.7,91786
11139,C,5,C5,907,LYS04,25.7,Inf
11139,C,5,C5,907,LYS04,25.7,Inf
11139,C,6,C6,RECOMBINANT ERK  1 nM,ERK_1.000nM,25.7,Inf
11139,C,6,C6,RECOMBINANT ERK  1 nM,ERK_1.000nM,25.7,Inf
11139,C,7,C7,167,CTL03,25.7,Inf
11139,C,7,C7,167,CTL03,25.7,Inf
11139,C,8,C8,874,CTL11,25.7,80776
11139,C,8,C8,874,CTL11,25.7,80776
11139,C,9,C9,262,SCZ08,25.7,98196
11139,C,9,C9,262,SCZ08,25.7,98196
11139,C,10,C10,737,SCZ16,25.7,86744
11139,C,10,C10,737,SCZ16,25.7,86744
11139,C,11,C11,907,LYS04,25.7,Inf
11139,C,11,C11,907,LYS04,25.7,Inf
11139,C,12,C12,RECOMBINANT ERK  1 nM,ERK_1.000nM,25.7,Inf
11139,C,12,C12,RECOMBINANT ERK  1 nM,ERK_1.000nM,25.7,Inf
11139,D,1,D1,195,CTL04,25.7,76746
11139,D,1,D1,195,CTL04,25.7,76746
11139,D,2,D2,11,SCZ01,25.7,96347
11139,D,2,D2,11,SCZ01,25.7,96347
11139,D,3,D3,291,SCZ09,25.7,87545
11139,D,3,D3,291,SCZ09,25.7,87545
11139,D,4,D4,802,SCZ17,25.7,65438
11139,D,4,D4,802,SCZ17,25.7,65438
11139,D,5,D5,5000ng lysate + HI,LYS_HI,25.7,95080
11139,D,5,D5,5000ng lysate + HI,LYS_HI,25.7,95080
11139,D,6,D6,RECOMBINANT ERK  0.75 nM,ERK_0.750nM,25.7,Inf
11139,D,6,D6,RECOMBINANT ERK  0.75 nM,ERK_0.750nM,25.7,Inf
11139,D,7,D7,195,CTL04,25.7,91732
11139,D,7,D7,195,CTL04,25.7,91732
11139,D,8,D8,11,SCZ01,25.7,88778
11139,D,8,D8,11,SCZ01,25.7,88778
11139,D,9,D9,291,SCZ09,25.7,81556
11139,D,9,D9,291,SCZ09,25.7,81556
11139,D,10,D10,802,SCZ17,25.7,81772
11139,D,10,D10,802,SCZ17,25.7,81772
11139,D,11,D11,5000ng lysate + HI,LYS_HI,25.7,93509
11139,D,11,D11,5000ng lysate + HI,LYS_HI,25.7,93509
11139,D,12,D12,RECOMBINANT ERK  0.75 nM,ERK_0.750nM,25.7,Inf
11139,D,12,D12,RECOMBINANT ERK  0.75 nM,ERK_0.750nM,25.7,Inf
11139,E,1,E1,223,CTL05,25.7,Inf
11139,E,1,E1,223,CTL05,25.7,Inf
11139,E,2,E2,22,SCZ02,25.7,Inf
11139,E,2,E2,22,SCZ02,25.7,Inf
11139,E,3,E3,329,SCZ10,25.7,Inf
11139,E,3,E3,329,SCZ10,25.7,Inf
11139,E,4,E4,930,SCZ18,25.7,74005
11139,E,4,E4,930,SCZ18,25.7,74005
11139,E,5,E5,5000ng lysate +ERK INHIBITOR,LYS_INH,25.7,84946
11139,E,5,E5,5000ng lysate +ERK INHIBITOR,LYS_INH,25.7,84946
11139,E,6,E6,RECOMBINANT ERK 0.5 nM,ERK_0.500nM,25.7,Inf
11139,E,6,E6,RECOMBINANT ERK 0.5 nM,ERK_0.500nM,25.7,Inf
11139,E,7,E7,223,CTL05,25.7,Inf
11139,E,7,E7,223,CTL05,25.7,Inf
11139,E,8,E8,22,SCZ02,25.7,Inf
11139,E,8,E8,22,SCZ02,25.7,Inf
11139,E,9,E9,329,SCZ10,25.7,Inf
11139,E,9,E9,329,SCZ10,25.7,Inf
11139,E,10,E10,930,SCZ18,25.7,78982
11139,E,10,E10,930,SCZ18,25.7,78982
11139,E,11,E11,5000ng lysate +ERK INHIBITOR,LYS_INH,25.7,87907
11139,E,11,E11,5000ng lysate +ERK INHIBITOR,LYS_INH,25.7,87907
11139,E,12,E12,RECOMBINANT ERK 0.5 nM,ERK_0.500nM,25.7,Inf
11139,E,12,E12,RECOMBINANT ERK 0.5 nM,ERK_0.500nM,25.7,Inf
11139,F,1,F1,524,CTL06,25.7,Inf
11139,F,1,F1,524,CTL06,25.7,Inf
11139,F,2,F2,29,SCZ03,25.7,Inf
11139,F,2,F2,29,SCZ03,25.7,Inf
11139,F,3,F3,446,SCZ11,25.7,Inf
11139,F,3,F3,446,SCZ11,25.7,Inf
11139,F,4,F4,931,SCZ19,25.7,83666
11139,F,4,F4,931,SCZ19,25.7,83666
11139,F,5,F5,"BLANK- Master Mix, no lysate",BLNK,25.7,84358
11139,F,5,F5,"BLANK- Master Mix, no lysate",BLNK,25.7,84358
11139,F,6,F6,RECOMBINANT ERK  0.25 nM,ERK_0.250nM,25.7,Inf
11139,F,6,F6,RECOMBINANT ERK  0.25 nM,ERK_0.250nM,25.7,Inf
11139,F,7,F7,524,CTL06,25.7,Inf
11139,F,7,F7,524,CTL06,25.7,Inf
11139,F,8,F8,29,SCZ03,25.7,Inf
11139,F,8,F8,29,SCZ03,25.7,Inf
11139,F,9,F9,446,SCZ11,25.7,73591
11139,F,9,F9,446,SCZ11,25.7,73591
11139,F,10,F10,931,SCZ19,25.7,82606
11139,F,10,F10,931,SCZ19,25.7,82606
11139,F,11,F11,"BLANK- Master Mix, no lysate",BLNK,25.7,84848
11139,F,11,F11,"BLANK- Master Mix, no lysate",BLNK,25.7,84848
11139,F,12,F12,RECOMBINANT ERK  0.25 nM,ERK_0.250nM,25.7,95796
11139,F,12,F12,RECOMBINANT ERK  0.25 nM,ERK_0.250nM,25.7,95796
11139,G,1,G1,661,CTL07,25.7,87208
11139,G,1,G1,661,CTL07,25.7,87208
11139,G,2,G2,69,SCZ04,25.7,Inf
11139,G,2,G2,69,SCZ04,25.7,Inf
11139,G,3,G3,510,SCZ12,25.7,Inf
11139,G,3,G3,510,SCZ12,25.7,Inf
11139,G,4,G4,932,SCZ20,25.7,86493
11139,G,4,G4,932,SCZ20,25.7,86493
11139,G,5,G5,"BLANK- Master Mix, lysate, no reporter",BLNK_LYS,25.7,23280
11139,G,5,G5,"BLANK- Master Mix, lysate, no reporter",BLNK_LYS,25.7,23280
11139,G,6,G6,RECOMBINANT ERK  0.125 nM,ERK_0.125nM,25.7,Inf
11139,G,6,G6,RECOMBINANT ERK  0.125 nM,ERK_0.125nM,25.7,Inf
11139,G,7,G7,661,CTL07,25.7,81985
11139,G,7,G7,661,CTL07,25.7,81985
11139,G,8,G8,69,SCZ04,25.7,Inf
11139,G,8,G8,69,SCZ04,25.7,Inf
11139,G,9,G9,510,SCZ12,25.7,Inf
11139,G,9,G9,510,SCZ12,25.7,Inf
11139,G,10,G10,932,SCZ20,25.7,84880
11139,G,10,G10,932,SCZ20,25.7,84880
11139,G,11,G11,"BLANK- Master Mix, lysate, no reporter",BLNK_LYS,25.7,24221
11139,G,11,G11,"BLANK- Master Mix, lysate, no reporter",BLNK_LYS,25.7,24221
11139,G,12,G12,RECOMBINANT ERK  0.125 nM,ERK_0.125nM,25.7,97052
11139,G,12,G12,RECOMBINANT ERK  0.125 nM,ERK_0.125nM,25.7,97052
11139,H,1,H1,689,CTL08,25.7,Inf
11139,H,1,H1,689,CTL08,25.7,Inf
11139,H,2,H2,94,SCZ05,25.7,85081
11139,H,2,H2,94,SCZ05,25.7,85081
11139,H,3,H3,547,SCZ13,25.7,89207
11139,H,3,H3,547,SCZ13,25.7,89207
11139,H,4,H4,326,LYS01,25.7,Inf
11139,H,4,H4,326,LYS01,25.7,Inf
11139,H,5,H5,NA,EMPTY,25.7,89572
11139,H,5,H5,NA,EMPTY,25.7,89572
11139,H,6,H6,RECOMBINANT ERK 2nM + ERK INHIBITOR,ERK_2.000nM_INH,25.7,27217
11139,H,6,H6,RECOMBINANT ERK 2nM + ERK INHIBITOR,ERK_2.000nM_INH,25.7,27217
11139,H,7,H7,689,CTL08,25.7,Inf
11139,H,7,H7,689,CTL08,25.7,Inf
11139,H,8,H8,94,SCZ05,25.7,29524
11139,H,8,H8,94,SCZ05,25.7,29524
11139,H,9,H9,547,SCZ13,25.7,94933
11139,H,9,H9,547,SCZ13,25.7,94933
11139,H,10,H10,326,LYS01,25.7,Inf
11139,H,10,H10,326,LYS01,25.7,Inf
11139,H,11,H11,NA,EMPTY,25.7,23015
11139,H,11,H11,NA,EMPTY,25.7,23015
11139,H,12,H12,RECOMBINANT ERK 2nM + ERK INHIBITOR,ERK_2.000nM_INH,25.7,Inf
11139,H,12,H12,RECOMBINANT ERK 2nM + ERK INHIBITOR,ERK_2.000nM_INH,25.7,Inf
11280,A,1,A1,46,CTL01,25.7,Inf
11280,A,1,A1,46,CTL01,25.7,Inf
11280,A,2,A2,720,CTL09,25.7,Inf
11280,A,2,A2,720,CTL09,25.7,Inf
11280,A,3,A3,225,SCZ06,25.7,87419
11280,A,3,A3,225,SCZ06,25.7,87419
11280,A,4,A4,552,SCZ14,25.7,95868
11280,A,4,A4,552,SCZ14,25.7,95868
11280,A,5,A5,328,LYS02,25.7,Inf
11280,A,5,A5,328,LYS02,25.7,Inf
11280,A,6,A6,RECOMBINANT ERK  2nM,ERK_2.000nM,25.7,Inf
11280,A,6,A6,RECOMBINANT ERK  2nM,ERK_2.000nM,25.7,Inf
11280,A,7,A7,46,CTL01,25.7,99759
11280,A,7,A7,46,CTL01,25.7,99759
11280,A,8,A8,720,CTL09,25.7,Inf
11280,A,8,A8,720,CTL09,25.7,Inf
11280,A,9,A9,225,SCZ06,25.7,97290
11280,A,9,A9,225,SCZ06,25.7,97290
11280,A,10,A10,552,SCZ14,25.7,93084
11280,A,10,A10,552,SCZ14,25.7,93084
11280,A,11,A11,328,LYS02,25.7,Inf
11280,A,11,A11,328,LYS02,25.7,Inf
11280,A,12,A12,RECOMBINANT ERK  2nM,ERK_2.000nM,25.7,Inf
11280,A,12,A12,RECOMBINANT ERK  2nM,ERK_2.000nM,25.7,Inf
11280,B,1,B1,116,CTL02,25.7,90342
11280,B,1,B1,116,CTL02,25.7,90342
11280,B,2,B2,859,CTL10,25.7,Inf
11280,B,2,B2,859,CTL10,25.7,Inf
11280,B,3,B3,235,SCZ07,25.7,Inf
11280,B,3,B3,235,SCZ07,25.7,Inf
11280,B,4,B4,565,SCZ15,25.7,90823
11280,B,4,B4,565,SCZ15,25.7,90823
11280,B,5,B5,335,LYS03,25.7,Inf
11280,B,5,B5,335,LYS03,25.7,Inf
11280,B,6,B6,RECOMBINANT ERK 1.5 nM,ERK_1.500nM,25.7,Inf
11280,B,6,B6,RECOMBINANT ERK 1.5 nM,ERK_1.500nM,25.7,Inf
11280,B,7,B7,116,CTL02,25.7,82203
11280,B,7,B7,116,CTL02,25.7,82203
11280,B,8,B8,859,CTL10,25.7,Inf
11280,B,8,B8,859,CTL10,25.7,Inf
11280,B,9,B9,235,SCZ07,25.7,97642
11280,B,9,B9,235,SCZ07,25.7,97642
11280,B,10,B10,565,SCZ15,25.7,90781
11280,B,10,B10,565,SCZ15,25.7,90781
11280,B,11,B11,335,LYS03,25.7,Inf
11280,B,11,B11,335,LYS03,25.7,Inf
11280,B,12,B12,RECOMBINANT ERK 1.5 nM,ERK_1.500nM,25.7,Inf
11280,B,12,B12,RECOMBINANT ERK 1.5 nM,ERK_1.500nM,25.7,Inf
11280,C,1,C1,167,CTL03,25.7,Inf
11280,C,1,C1,167,CTL03,25.7,Inf
11280,C,2,C2,874,CTL11,25.7,94222
11280,C,2,C2,874,CTL11,25.7,94222
11280,C,3,C3,262,SCZ08,25.7,Inf
11280,C,3,C3,262,SCZ08,25.7,Inf
11280,C,4,C4,737,SCZ16,25.7,91579
11280,C,4,C4,737,SCZ16,25.7,91579
11280,C,5,C5,907,LYS04,25.7,Inf
11280,C,5,C5,907,LYS04,25.7,Inf
11280,C,6,C6,RECOMBINANT ERK  1 nM,ERK_1.000nM,25.7,Inf
11280,C,6,C6,RECOMBINANT ERK  1 nM,ERK_1.000nM,25.7,Inf
11280,C,7,C7,167,CTL03,25.7,Inf
11280,C,7,C7,167,CTL03,25.7,Inf
11280,C,8,C8,874,CTL11,25.7,80757
11280,C,8,C8,874,CTL11,25.7,80757
11280,C,9,C9,262,SCZ08,25.7,99506
11280,C,9,C9,262,SCZ08,25.7,99506
11280,C,10,C10,737,SCZ16,25.7,86238
11280,C,10,C10,737,SCZ16,25.7,86238
11280,C,11,C11,907,LYS04,25.7,Inf
11280,C,11,C11,907,LYS04,25.7,Inf
11280,C,12,C12,RECOMBINANT ERK  1 nM,ERK_1.000nM,25.7,Inf
11280,C,12,C12,RECOMBINANT ERK  1 nM,ERK_1.000nM,25.7,Inf
11280,D,1,D1,195,CTL04,25.7,75875
11280,D,1,D1,195,CTL04,25.7,75875
11280,D,2,D2,11,SCZ01,25.7,96801
11280,D,2,D2,11,SCZ01,25.7,96801
11280,D,3,D3,291,SCZ09,25.7,86935
11280,D,3,D3,291,SCZ09,25.7,86935
11280,D,4,D4,802,SCZ17,25.7,65456
11280,D,4,D4,802,SCZ17,25.7,65456
11280,D,5,D5,5000ng lysate + HI,LYS_HI,25.7,94680
11280,D,5,D5,5000ng lysate + HI,LYS_HI,25.7,94680
11280,D,6,D6,RECOMBINANT ERK  0.75 nM,ERK_0.750nM,25.7,Inf
11280,D,6,D6,RECOMBINANT ERK  0.75 nM,ERK_0.750nM,25.7,Inf
11280,D,7,D7,195,CTL04,25.7,91906
11280,D,7,D7,195,CTL04,25.7,91906
11280,D,8,D8,11,SCZ01,25.7,89750
11280,D,8,D8,11,SCZ01,25.7,89750
11280,D,9,D9,291,SCZ09,25.7,81752
11280,D,9,D9,291,SCZ09,25.7,81752
11280,D,10,D10,802,SCZ17,25.7,81878
11280,D,10,D10,802,SCZ17,25.7,81878
11280,D,11,D11,5000ng lysate + HI,LYS_HI,25.7,92915
11280,D,11,D11,5000ng lysate + HI,LYS_HI,25.7,92915
11280,D,12,D12,RECOMBINANT ERK  0.75 nM,ERK_0.750nM,25.7,Inf
11280,D,12,D12,RECOMBINANT ERK  0.75 nM,ERK_0.750nM,25.7,Inf
11280,E,1,E1,223,CTL05,25.7,Inf
11280,E,1,E1,223,CTL05,25.7,Inf
11280,E,2,E2,22,SCZ02,25.7,Inf
11280,E,2,E2,22,SCZ02,25.7,Inf
11280,E,3,E3,329,SCZ10,25.7,Inf
11280,E,3,E3,329,SCZ10,25.7,Inf
11280,E,4,E4,930,SCZ18,25.7,74543
11280,E,4,E4,930,SCZ18,25.7,74543
11280,E,5,E5,5000ng lysate +ERK INHIBITOR,LYS_INH,25.7,85895
11280,E,5,E5,5000ng lysate +ERK INHIBITOR,LYS_INH,25.7,85895
11280,E,6,E6,RECOMBINANT ERK 0.5 nM,ERK_0.500nM,25.7,Inf
11280,E,6,E6,RECOMBINANT ERK 0.5 nM,ERK_0.500nM,25.7,Inf
11280,E,7,E7,223,CTL05,25.7,Inf
11280,E,7,E7,223,CTL05,25.7,Inf
11280,E,8,E8,22,SCZ02,25.7,Inf
11280,E,8,E8,22,SCZ02,25.7,Inf
11280,E,9,E9,329,SCZ10,25.7,Inf
11280,E,9,E9,329,SCZ10,25.7,Inf
11280,E,10,E10,930,SCZ18,25.7,78717
11280,E,10,E10,930,SCZ18,25.7,78717
11280,E,11,E11,5000ng lysate +ERK INHIBITOR,LYS_INH,25.7,87882
11280,E,11,E11,5000ng lysate +ERK INHIBITOR,LYS_INH,25.7,87882
11280,E,12,E12,RECOMBINANT ERK 0.5 nM,ERK_0.500nM,25.7,Inf
11280,E,12,E12,RECOMBINANT ERK 0.5 nM,ERK_0.500nM,25.7,Inf
11280,F,1,F1,524,CTL06,25.7,Inf
11280,F,1,F1,524,CTL06,25.7,Inf
11280,F,2,F2,29,SCZ03,25.7,Inf
11280,F,2,F2,29,SCZ03,25.7,Inf
11280,F,3,F3,446,SCZ11,25.7,Inf
11280,F,3,F3,446,SCZ11,25.7,Inf
11280,F,4,F4,931,SCZ19,25.7,83086
11280,F,4,F4,931,SCZ19,25.7,83086
11280,F,5,F5,"BLANK- Master Mix, no lysate",BLNK,25.7,84746
11280,F,5,F5,"BLANK- Master Mix, no lysate",BLNK,25.7,84746
11280,F,6,F6,RECOMBINANT ERK  0.25 nM,ERK_0.250nM,25.7,Inf
11280,F,6,F6,RECOMBINANT ERK  0.25 nM,ERK_0.250nM,25.7,Inf
11280,F,7,F7,524,CTL06,25.7,Inf
11280,F,7,F7,524,CTL06,25.7,Inf
11280,F,8,F8,29,SCZ03,25.7,Inf
11280,F,8,F8,29,SCZ03,25.7,Inf
11280,F,9,F9,446,SCZ11,25.7,74282
11280,F,9,F9,446,SCZ11,25.7,74282
11280,F,10,F10,931,SCZ19,25.7,83046
11280,F,10,F10,931,SCZ19,25.7,83046
11280,F,11,F11,"BLANK- Master Mix, no lysate",BLNK,25.7,85326
11280,F,11,F11,"BLANK- Master Mix, no lysate",BLNK,25.7,85326
11280,F,12,F12,RECOMBINANT ERK  0.25 nM,ERK_0.250nM,25.7,95374
11280,F,12,F12,RECOMBINANT ERK  0.25 nM,ERK_0.250nM,25.7,95374
11280,G,1,G1,661,CTL07,25.7,87310
11280,G,1,G1,661,CTL07,25.7,87310
11280,G,2,G2,69,SCZ04,25.7,Inf
11280,G,2,G2,69,SCZ04,25.7,Inf
11280,G,3,G3,510,SCZ12,25.7,Inf
11280,G,3,G3,510,SCZ12,25.7,Inf
11280,G,4,G4,932,SCZ20,25.7,86574
11280,G,4,G4,932,SCZ20,25.7,86574
11280,G,5,G5,"BLANK- Master Mix, lysate, no reporter",BLNK_LYS,25.7,23336
11280,G,5,G5,"BLANK- Master Mix, lysate, no reporter",BLNK_LYS,25.7,23336
11280,G,6,G6,RECOMBINANT ERK  0.125 nM,ERK_0.125nM,25.7,Inf
11280,G,6,G6,RECOMBINANT ERK  0.125 nM,ERK_0.125nM,25.7,Inf
11280,G,7,G7,661,CTL07,25.7,81932
11280,G,7,G7,661,CTL07,25.7,81932
11280,G,8,G8,69,SCZ04,25.7,Inf
11280,G,8,G8,69,SCZ04,25.7,Inf
11280,G,9,G9,510,SCZ12,25.7,Inf
11280,G,9,G9,510,SCZ12,25.7,Inf
11280,G,10,G10,932,SCZ20,25.7,85560
11280,G,10,G10,932,SCZ20,25.7,85560
11280,G,11,G11,"BLANK- Master Mix, lysate, no reporter",BLNK_LYS,25.7,24181
11280,G,11,G11,"BLANK- Master Mix, lysate, no reporter",BLNK_LYS,25.7,24181
11280,G,12,G12,RECOMBINANT ERK  0.125 nM,ERK_0.125nM,25.7,97396
11280,G,12,G12,RECOMBINANT ERK  0.125 nM,ERK_0.125nM,25.7,97396
11280,H,1,H1,689,CTL08,25.7,Inf
11280,H,1,H1,689,CTL08,25.7,Inf
11280,H,2,H2,94,SCZ05,25.7,85048
11280,H,2,H2,94,SCZ05,25.7,85048
11280,H,3,H3,547,SCZ13,25.7,89852
11280,H,3,H3,547,SCZ13,25.7,89852
11280,H,4,H4,326,LYS01,25.7,Inf
11280,H,4,H4,326,LYS01,25.7,Inf
11280,H,5,H5,NA,EMPTY,25.7,89682
11280,H,5,H5,NA,EMPTY,25.7,89682
11280,H,6,H6,RECOMBINANT ERK 2nM + ERK INHIBITOR,ERK_2.000nM_INH,25.7,27190
11280,H,6,H6,RECOMBINANT ERK 2nM + ERK INHIBITOR,ERK_2.000nM_INH,25.7,27190
11280,H,7,H7,689,CTL08,25.7,Inf
11280,H,7,H7,689,CTL08,25.7,Inf
11280,H,8,H8,94,SCZ05,25.7,29443
11280,H,8,H8,94,SCZ05,25.7,29443
11280,H,9,H9,547,SCZ13,25.7,94865
11280,H,9,H9,547,SCZ13,25.7,94865
11280,H,10,H10,326,LYS01,25.7,Inf
11280,H,10,H10,326,LYS01,25.7,Inf
11280,H,11,H11,NA,EMPTY,25.7,23142
11280,H,11,H11,NA,EMPTY,25.7,23142
11280,H,12,H12,RECOMBINANT ERK 2nM + ERK INHIBITOR,ERK_2.000nM_INH,25.7,Inf
11280,H,12,H12,RECOMBINANT ERK 2nM + ERK INHIBITOR,ERK_2.000nM_INH,25.7,Inf
11421,A,1,A1,46,CTL01,25.7,Inf
11421,A,1,A1,46,CTL01,25.7,Inf
11421,A,2,A2,720,CTL09,25.7,Inf
11421,A,2,A2,720,CTL09,25.7,Inf
11421,A,3,A3,225,SCZ06,25.7,88067
11421,A,3,A3,225,SCZ06,25.7,88067
11421,A,4,A4,552,SCZ14,25.7,96206
11421,A,4,A4,552,SCZ14,25.7,96206
11421,A,5,A5,328,LYS02,25.7,Inf
11421,A,5,A5,328,LYS02,25.7,Inf
11421,A,6,A6,RECOMBINANT ERK  2nM,ERK_2.000nM,25.7,Inf
11421,A,6,A6,RECOMBINANT ERK  2nM,ERK_2.000nM,25.7,Inf
11421,A,7,A7,46,CTL01,25.7,99670
11421,A,7,A7,46,CTL01,25.7,99670
11421,A,8,A8,720,CTL09,25.7,Inf
11421,A,8,A8,720,CTL09,25.7,Inf
11421,A,9,A9,225,SCZ06,25.7,97726
11421,A,9,A9,225,SCZ06,25.7,97726
11421,A,10,A10,552,SCZ14,25.7,92937
11421,A,10,A10,552,SCZ14,25.7,92937
11421,A,11,A11,328,LYS02,25.7,Inf
11421,A,11,A11,328,LYS02,25.7,Inf
11421,A,12,A12,RECOMBINANT ERK  2nM,ERK_2.000nM,25.7,Inf
11421,A,12,A12,RECOMBINANT ERK  2nM,ERK_2.000nM,25.7,Inf
11421,B,1,B1,116,CTL02,25.7,89900
11421,B,1,B1,116,CTL02,25.7,89900
11421,B,2,B2,859,CTL10,25.7,Inf
11421,B,2,B2,859,CTL10,25.7,Inf
11421,B,3,B3,235,SCZ07,25.7,Inf
11421,B,3,B3,235,SCZ07,25.7,Inf
11421,B,4,B4,565,SCZ15,25.7,91504
11421,B,4,B4,565,SCZ15,25.7,91504
11421,B,5,B5,335,LYS03,25.7,Inf
11421,B,5,B5,335,LYS03,25.7,Inf
11421,B,6,B6,RECOMBINANT ERK 1.5 nM,ERK_1.500nM,25.7,Inf
11421,B,6,B6,RECOMBINANT ERK 1.5 nM,ERK_1.500nM,25.7,Inf
11421,B,7,B7,116,CTL02,25.7,82039
11421,B,7,B7,116,CTL02,25.7,82039
11421,B,8,B8,859,CTL10,25.7,Inf
11421,B,8,B8,859,CTL10,25.7,Inf
11421,B,9,B9,235,SCZ07,25.7,97610
11421,B,9,B9,235,SCZ07,25.7,97610
11421,B,10,B10,565,SCZ15,25.7,91356
11421,B,10,B10,565,SCZ15,25.7,91356
11421,B,11,B11,335,LYS03,25.7,Inf
11421,B,11,B11,335,LYS03,25.7,Inf
11421,B,12,B12,RECOMBINANT ERK 1.5 nM,ERK_1.500nM,25.7,Inf
11421,B,12,B12,RECOMBINANT ERK 1.5 nM,ERK_1.500nM,25.7,Inf
11421,C,1,C1,167,CTL03,25.7,Inf
11421,C,1,C1,167,CTL03,25.7,Inf
11421,C,2,C2,874,CTL11,25.7,94354
11421,C,2,C2,874,CTL11,25.7,94354
11421,C,3,C3,262,SCZ08,25.7,Inf
11421,C,3,C3,262,SCZ08,25.7,Inf
11421,C,4,C4,737,SCZ16,25.7,92113
11421,C,4,C4,737,SCZ16,25.7,92113
11421,C,5,C5,907,LYS04,25.7,Inf
11421,C,5,C5,907,LYS04,25.7,Inf
11421,C,6,C6,RECOMBINANT ERK  1 nM,ERK_1.000nM,25.7,Inf
11421,C,6,C6,RECOMBINANT ERK  1 nM,ERK_1.000nM,25.7,Inf
11421,C,7,C7,167,CTL03,25.7,Inf
11421,C,7,C7,167,CTL03,25.7,Inf
11421,C,8,C8,874,CTL11,25.7,81922
11421,C,8,C8,874,CTL11,25.7,81922
11421,C,9,C9,262,SCZ08,25.7,99119
11421,C,9,C9,262,SCZ08,25.7,99119
11421,C,10,C10,737,SCZ16,25.7,86728
11421,C,10,C10,737,SCZ16,25.7,86728
11421,C,11,C11,907,LYS04,25.7,Inf
11421,C,11,C11,907,LYS04,25.7,Inf
11421,C,12,C12,RECOMBINANT ERK  1 nM,ERK_1.000nM,25.7,Inf
11421,C,12,C12,RECOMBINANT ERK  1 nM,ERK_1.000nM,25.7,Inf
11421,D,1,D1,195,CTL04,25.7,76242
11421,D,1,D1,195,CTL04,25.7,76242
11421,D,2,D2,11,SCZ01,25.7,97636
11421,D,2,D2,11,SCZ01,25.7,97636
11421,D,3,D3,291,SCZ09,25.7,87153
11421,D,3,D3,291,SCZ09,25.7,87153
11421,D,4,D4,802,SCZ17,25.7,65783
11421,D,4,D4,802,SCZ17,25.7,65783
11421,D,5,D5,5000ng lysate + HI,LYS_HI,25.7,95188
11421,D,5,D5,5000ng lysate + HI,LYS_HI,25.7,95188
11421,D,6,D6,RECOMBINANT ERK  0.75 nM,ERK_0.750nM,25.7,Inf
11421,D,6,D6,RECOMBINANT ERK  0.75 nM,ERK_0.750nM,25.7,Inf
11421,D,7,D7,195,CTL04,25.7,92468
11421,D,7,D7,195,CTL04,25.7,92468
11421,D,8,D8,11,SCZ01,25.7,89174
11421,D,8,D8,11,SCZ01,25.7,89174
11421,D,9,D9,291,SCZ09,25.7,82056
11421,D,9,D9,291,SCZ09,25.7,82056
11421,D,10,D10,802,SCZ17,25.7,81044
11421,D,10,D10,802,SCZ17,25.7,81044
11421,D,11,D11,5000ng lysate + HI,LYS_HI,25.7,94052
11421,D,11,D11,5000ng lysate + HI,LYS_HI,25.7,94052
11421,D,12,D12,RECOMBINANT ERK  0.75 nM,ERK_0.750nM,25.7,Inf
11421,D,12,D12,RECOMBINANT ERK  0.75 nM,ERK_0.750nM,25.7,Inf
11421,E,1,E1,223,CTL05,25.7,Inf
11421,E,1,E1,223,CTL05,25.7,Inf
11421,E,2,E2,22,SCZ02,25.7,Inf
11421,E,2,E2,22,SCZ02,25.7,Inf
11421,E,3,E3,329,SCZ10,25.7,Inf
11421,E,3,E3,329,SCZ10,25.7,Inf
11421,E,4,E4,930,SCZ18,25.7,74012
11421,E,4,E4,930,SCZ18,25.7,74012
11421,E,5,E5,5000ng lysate +ERK INHIBITOR,LYS_INH,25.7,85613
11421,E,5,E5,5000ng lysate +ERK INHIBITOR,LYS_INH,25.7,85613
11421,E,6,E6,RECOMBINANT ERK 0.5 nM,ERK_0.500nM,25.7,Inf
11421,E,6,E6,RECOMBINANT ERK 0.5 nM,ERK_0.500nM,25.7,Inf
11421,E,7,E7,223,CTL05,25.7,Inf
11421,E,7,E7,223,CTL05,25.7,Inf
11421,E,8,E8,22,SCZ02,25.7,Inf
11421,E,8,E8,22,SCZ02,25.7,Inf
11421,E,9,E9,329,SCZ10,25.7,Inf
11421,E,9,E9,329,SCZ10,25.7,Inf
11421,E,10,E10,930,SCZ18,25.7,79228
11421,E,10,E10,930,SCZ18,25.7,79228
11421,E,11,E11,5000ng lysate +ERK INHIBITOR,LYS_INH,25.7,88233
11421,E,11,E11,5000ng lysate +ERK INHIBITOR,LYS_INH,25.7,88233
11421,E,12,E12,RECOMBINANT ERK 0.5 nM,ERK_0.500nM,25.7,Inf
11421,E,12,E12,RECOMBINANT ERK 0.5 nM,ERK_0.500nM,25.7,Inf
11421,F,1,F1,524,CTL06,25.7,Inf
11421,F,1,F1,524,CTL06,25.7,Inf
11421,F,2,F2,29,SCZ03,25.7,Inf
11421,F,2,F2,29,SCZ03,25.7,Inf
11421,F,3,F3,446,SCZ11,25.7,Inf
11421,F,3,F3,446,SCZ11,25.7,Inf
11421,F,4,F4,931,SCZ19,25.7,83712
11421,F,4,F4,931,SCZ19,25.7,83712
11421,F,5,F5,"BLANK- Master Mix, no lysate",BLNK,25.7,85410
11421,F,5,F5,"BLANK- Master Mix, no lysate",BLNK,25.7,85410
11421,F,6,F6,RECOMBINANT ERK  0.25 nM,ERK_0.250nM,25.7,Inf
11421,F,6,F6,RECOMBINANT ERK  0.25 nM,ERK_0.250nM,25.7,Inf
11421,F,7,F7,524,CTL06,25.7,Inf
11421,F,7,F7,524,CTL06,25.7,Inf
11421,F,8,F8,29,SCZ03,25.7,Inf
11421,F,8,F8,29,SCZ03,25.7,Inf
11421,F,9,F9,446,SCZ11,25.7,74489
11421,F,9,F9,446,SCZ11,25.7,74489
11421,F,10,F10,931,SCZ19,25.7,82656
11421,F,10,F10,931,SCZ19,25.7,82656
11421,F,11,F11,"BLANK- Master Mix, no lysate",BLNK,25.7,85617
11421,F,11,F11,"BLANK- Master Mix, no lysate",BLNK,25.7,85617
11421,F,12,F12,RECOMBINANT ERK  0.25 nM,ERK_0.250nM,25.7,96282
11421,F,12,F12,RECOMBINANT ERK  0.25 nM,ERK_0.250nM,25.7,96282
11421,G,1,G1,661,CTL07,25.7,87781
11421,G,1,G1,661,CTL07,25.7,87781
11421,G,2,G2,69,SCZ04,25.7,Inf
11421,G,2,G2,69,SCZ04,25.7,Inf
11421,G,3,G3,510,SCZ12,25.7,Inf
11421,G,3,G3,510,SCZ12,25.7,Inf
11421,G,4,G4,932,SCZ20,25.7,87189
11421,G,4,G4,932,SCZ20,25.7,87189
11421,G,5,G5,"BLANK- Master Mix, lysate, no reporter",BLNK_LYS,25.7,22941
11421,G,5,G5,"BLANK- Master Mix, lysate, no reporter",BLNK_LYS,25.7,22941
11421,G,6,G6,RECOMBINANT ERK  0.125 nM,ERK_0.125nM,25.7,Inf
11421,G,6,G6,RECOMBINANT ERK  0.125 nM,ERK_0.125nM,25.7,Inf
11421,G,7,G7,661,CTL07,25.7,82633
11421,G,7,G7,661,CTL07,25.7,82633
11421,G,8,G8,69,SCZ04,25.7,Inf
11421,G,8,G8,69,SCZ04,25.7,Inf
11421,G,9,G9,510,SCZ12,25.7,Inf
11421,G,9,G9,510,SCZ12,25.7,Inf
11421,G,10,G10,932,SCZ20,25.7,85709
11421,G,10,G10,932,SCZ20,25.7,85709
11421,G,11,G11,"BLANK- Master Mix, lysate, no reporter",BLNK_LYS,25.7,24150
11421,G,11,G11,"BLANK- Master Mix, lysate, no reporter",BLNK_LYS,25.7,24150
11421,G,12,G12,RECOMBINANT ERK  0.125 nM,ERK_0.125nM,25.7,97033
11421,G,12,G12,RECOMBINANT ERK  0.125 nM,ERK_0.125nM,25.7,97033
11421,H,1,H1,689,CTL08,25.7,Inf
11421,H,1,H1,689,CTL08,25.7,Inf
11421,H,2,H2,94,SCZ05,25.7,85113
11421,H,2,H2,94,SCZ05,25.7,85113
11421,H,3,H3,547,SCZ13,25.7,89580
11421,H,3,H3,547,SCZ13,25.7,89580
11421,H,4,H4,326,LYS01,25.7,Inf
11421,H,4,H4,326,LYS01,25.7,Inf
11421,H,5,H5,NA,EMPTY,25.7,88853
11421,H,5,H5,NA,EMPTY,25.7,88853
11421,H,6,H6,RECOMBINANT ERK 2nM + ERK INHIBITOR,ERK_2.000nM_INH,25.7,27260
11421,H,6,H6,RECOMBINANT ERK 2nM + ERK INHIBITOR,ERK_2.000nM_INH,25.7,27260
11421,H,7,H7,689,CTL08,25.7,Inf
11421,H,7,H7,689,CTL08,25.7,Inf
11421,H,8,H8,94,SCZ05,25.7,29711
11421,H,8,H8,94,SCZ05,25.7,29711
11421,H,9,H9,547,SCZ13,25.7,94860
11421,H,9,H9,547,SCZ13,25.7,94860
11421,H,10,H10,326,LYS01,25.7,Inf
11421,H,10,H10,326,LYS01,25.7,Inf
11421,H,11,H11,NA,EMPTY,25.7,22709
11421,H,11,H11,NA,EMPTY,25.7,22709
11421,H,12,H12,RECOMBINANT ERK 2nM + ERK INHIBITOR,ERK_2.000nM_INH,25.7,Inf
11421,H,12,H12,RECOMBINANT ERK 2nM + ERK INHIBITOR,ERK_2.000nM_INH,25.7,Inf
11562,A,1,A1,46,CTL01,25.7,Inf
11562,A,1,A1,46,CTL01,25.7,Inf
11562,A,2,A2,720,CTL09,25.7,Inf
11562,A,2,A2,720,CTL09,25.7,Inf
11562,A,3,A3,225,SCZ06,25.7,87383
11562,A,3,A3,225,SCZ06,25.7,87383
11562,A,4,A4,552,SCZ14,25.7,97070
11562,A,4,A4,552,SCZ14,25.7,97070
11562,A,5,A5,328,LYS02,25.7,Inf
11562,A,5,A5,328,LYS02,25.7,Inf
11562,A,6,A6,RECOMBINANT ERK  2nM,ERK_2.000nM,25.7,Inf
11562,A,6,A6,RECOMBINANT ERK  2nM,ERK_2.000nM,25.7,Inf
11562,A,7,A7,46,CTL01,25.7,99829
11562,A,7,A7,46,CTL01,25.7,99829
11562,A,8,A8,720,CTL09,25.7,Inf
11562,A,8,A8,720,CTL09,25.7,Inf
11562,A,9,A9,225,SCZ06,25.7,97833
11562,A,9,A9,225,SCZ06,25.7,97833
11562,A,10,A10,552,SCZ14,25.7,93191
11562,A,10,A10,552,SCZ14,25.7,93191
11562,A,11,A11,328,LYS02,25.7,Inf
11562,A,11,A11,328,LYS02,25.7,Inf
11562,A,12,A12,RECOMBINANT ERK  2nM,ERK_2.000nM,25.7,Inf
11562,A,12,A12,RECOMBINANT ERK  2nM,ERK_2.000nM,25.7,Inf
11562,B,1,B1,116,CTL02,25.7,90349
11562,B,1,B1,116,CTL02,25.7,90349
11562,B,2,B2,859,CTL10,25.7,Inf
11562,B,2,B2,859,CTL10,25.7,Inf
11562,B,3,B3,235,SCZ07,25.7,Inf
11562,B,3,B3,235,SCZ07,25.7,Inf
11562,B,4,B4,565,SCZ15,25.7,91394
11562,B,4,B4,565,SCZ15,25.7,91394
11562,B,5,B5,335,LYS03,25.7,Inf
11562,B,5,B5,335,LYS03,25.7,Inf
11562,B,6,B6,RECOMBINANT ERK 1.5 nM,ERK_1.500nM,25.7,Inf
11562,B,6,B6,RECOMBINANT ERK 1.5 nM,ERK_1.500nM,25.7,Inf
11562,B,7,B7,116,CTL02,25.7,82269
11562,B,7,B7,116,CTL02,25.7,82269
11562,B,8,B8,859,CTL10,25.7,Inf
11562,B,8,B8,859,CTL10,25.7,Inf
11562,B,9,B9,235,SCZ07,25.7,98052
11562,B,9,B9,235,SCZ07,25.7,98052
11562,B,10,B10,565,SCZ15,25.7,90962
11562,B,10,B10,565,SCZ15,25.7,90962
11562,B,11,B11,335,LYS03,25.7,Inf
11562,B,11,B11,335,LYS03,25.7,Inf
11562,B,12,B12,RECOMBINANT ERK 1.5 nM,ERK_1.500nM,25.7,Inf
11562,B,12,B12,RECOMBINANT ERK 1.5 nM,ERK_1.500nM,25.7,Inf
11562,C,1,C1,167,CTL03,25.7,Inf
11562,C,1,C1,167,CTL03,25.7,Inf
11562,C,2,C2,874,CTL11,25.7,93998
11562,C,2,C2,874,CTL11,25.7,93998
11562,C,3,C3,262,SCZ08,25.7,Inf
11562,C,3,C3,262,SCZ08,25.7,Inf
11562,C,4,C4,737,SCZ16,25.7,92458
11562,C,4,C4,737,SCZ16,25.7,92458
11562,C,5,C5,907,LYS04,25.7,Inf
11562,C,5,C5,907,LYS04,25.7,Inf
11562,C,6,C6,RECOMBINANT ERK  1 nM,ERK_1.000nM,25.7,Inf
11562,C,6,C6,RECOMBINANT ERK  1 nM,ERK_1.000nM,25.7,Inf
11562,C,7,C7,167,CTL03,25.7,Inf
11562,C,7,C7,167,CTL03,25.7,Inf
11562,C,8,C8,874,CTL11,25.7,83170
11562,C,8,C8,874,CTL11,25.7,83170
11562,C,9,C9,262,SCZ08,25.7,99646
11562,C,9,C9,262,SCZ08,25.7,99646
11562,C,10,C10,737,SCZ16,25.7,86412
11562,C,10,C10,737,SCZ16,25.7,86412
11562,C,11,C11,907,LYS04,25.7,Inf
11562,C,11,C11,907,LYS04,25.7,Inf
11562,C,12,C12,RECOMBINANT ERK  1 nM,ERK_1.000nM,25.7,Inf
11562,C,12,C12,RECOMBINANT ERK  1 nM,ERK_1.000nM,25.7,Inf
11562,D,1,D1,195,CTL04,25.7,76783
11562,D,1,D1,195,CTL04,25.7,76783
11562,D,2,D2,11,SCZ01,25.7,97698
11562,D,2,D2,11,SCZ01,25.7,97698
11562,D,3,D3,291,SCZ09,25.7,87300
11562,D,3,D3,291,SCZ09,25.7,87300
11562,D,4,D4,802,SCZ17,25.7,66240
11562,D,4,D4,802,SCZ17,25.7,66240
11562,D,5,D5,5000ng lysate + HI,LYS_HI,25.7,95800
11562,D,5,D5,5000ng lysate + HI,LYS_HI,25.7,95800
11562,D,6,D6,RECOMBINANT ERK  0.75 nM,ERK_0.750nM,25.7,Inf
11562,D,6,D6,RECOMBINANT ERK  0.75 nM,ERK_0.750nM,25.7,Inf
11562,D,7,D7,195,CTL04,25.7,91967
11562,D,7,D7,195,CTL04,25.7,91967
11562,D,8,D8,11,SCZ01,25.7,89376
11562,D,8,D8,11,SCZ01,25.7,89376
11562,D,9,D9,291,SCZ09,25.7,81750
11562,D,9,D9,291,SCZ09,25.7,81750
11562,D,10,D10,802,SCZ17,25.7,81011
11562,D,10,D10,802,SCZ17,25.7,81011
11562,D,11,D11,5000ng lysate + HI,LYS_HI,25.7,93662
11562,D,11,D11,5000ng lysate + HI,LYS_HI,25.7,93662
11562,D,12,D12,RECOMBINANT ERK  0.75 nM,ERK_0.750nM,25.7,Inf
11562,D,12,D12,RECOMBINANT ERK  0.75 nM,ERK_0.750nM,25.7,Inf
11562,E,1,E1,223,CTL05,25.7,Inf
11562,E,1,E1,223,CTL05,25.7,Inf
11562,E,2,E2,22,SCZ02,25.7,Inf
11562,E,2,E2,22,SCZ02,25.7,Inf
11562,E,3,E3,329,SCZ10,25.7,Inf
11562,E,3,E3,329,SCZ10,25.7,Inf
11562,E,4,E4,930,SCZ18,25.7,75105
11562,E,4,E4,930,SCZ18,25.7,75105
11562,E,5,E5,5000ng lysate +ERK INHIBITOR,LYS_INH,25.7,85374
11562,E,5,E5,5000ng lysate +ERK INHIBITOR,LYS_INH,25.7,85374
11562,E,6,E6,RECOMBINANT ERK 0.5 nM,ERK_0.500nM,25.7,Inf
11562,E,6,E6,RECOMBINANT ERK 0.5 nM,ERK_0.500nM,25.7,Inf
11562,E,7,E7,223,CTL05,25.7,Inf
11562,E,7,E7,223,CTL05,25.7,Inf
11562,E,8,E8,22,SCZ02,25.7,Inf
11562,E,8,E8,22,SCZ02,25.7,Inf
11562,E,9,E9,329,SCZ10,25.7,Inf
11562,E,9,E9,329,SCZ10,25.7,Inf
11562,E,10,E10,930,SCZ18,25.7,79122
11562,E,10,E10,930,SCZ18,25.7,79122
11562,E,11,E11,5000ng lysate +ERK INHIBITOR,LYS_INH,25.7,87678
11562,E,11,E11,5000ng lysate +ERK INHIBITOR,LYS_INH,25.7,87678
11562,E,12,E12,RECOMBINANT ERK 0.5 nM,ERK_0.500nM,25.7,Inf
11562,E,12,E12,RECOMBINANT ERK 0.5 nM,ERK_0.500nM,25.7,Inf
11562,F,1,F1,524,CTL06,25.7,Inf
11562,F,1,F1,524,CTL06,25.7,Inf
11562,F,2,F2,29,SCZ03,25.7,Inf
11562,F,2,F2,29,SCZ03,25.7,Inf
11562,F,3,F3,446,SCZ11,25.7,Inf
11562,F,3,F3,446,SCZ11,25.7,Inf
11562,F,4,F4,931,SCZ19,25.7,83335
11562,F,4,F4,931,SCZ19,25.7,83335
11562,F,5,F5,"BLANK- Master Mix, no lysate",BLNK,25.7,84754
11562,F,5,F5,"BLANK- Master Mix, no lysate",BLNK,25.7,84754
11562,F,6,F6,RECOMBINANT ERK  0.25 nM,ERK_0.250nM,25.7,Inf
11562,F,6,F6,RECOMBINANT ERK  0.25 nM,ERK_0.250nM,25.7,Inf
11562,F,7,F7,524,CTL06,25.7,Inf
11562,F,7,F7,524,CTL06,25.7,Inf
11562,F,8,F8,29,SCZ03,25.7,Inf
11562,F,8,F8,29,SCZ03,25.7,Inf
11562,F,9,F9,446,SCZ11,25.7,74683
11562,F,9,F9,446,SCZ11,25.7,74683
11562,F,10,F10,931,SCZ19,25.7,82737
11562,F,10,F10,931,SCZ19,25.7,82737
11562,F,11,F11,"BLANK- Master Mix, no lysate",BLNK,25.7,85540
11562,F,11,F11,"BLANK- Master Mix, no lysate",BLNK,25.7,85540
11562,F,12,F12,RECOMBINANT ERK  0.25 nM,ERK_0.250nM,25.7,94989
11562,F,12,F12,RECOMBINANT ERK  0.25 nM,ERK_0.250nM,25.7,94989
11562,G,1,G1,661,CTL07,25.7,87311
11562,G,1,G1,661,CTL07,25.7,87311
11562,G,2,G2,69,SCZ04,25.7,Inf
11562,G,2,G2,69,SCZ04,25.7,Inf
11562,G,3,G3,510,SCZ12,25.7,Inf
11562,G,3,G3,510,SCZ12,25.7,Inf
11562,G,4,G4,932,SCZ20,25.7,87642
11562,G,4,G4,932,SCZ20,25.7,87642
11562,G,5,G5,"BLANK- Master Mix, lysate, no reporter",BLNK_LYS,25.7,23293
11562,G,5,G5,"BLANK- Master Mix, lysate, no reporter",BLNK_LYS,25.7,23293
11562,G,6,G6,RECOMBINANT ERK  0.125 nM,ERK_0.125nM,25.7,Inf
11562,G,6,G6,RECOMBINANT ERK  0.125 nM,ERK_0.125nM,25.7,Inf
11562,G,7,G7,661,CTL07,25.7,82175
11562,G,7,G7,661,CTL07,25.7,82175
11562,G,8,G8,69,SCZ04,25.7,Inf
11562,G,8,G8,69,SCZ04,25.7,Inf
11562,G,9,G9,510,SCZ12,25.7,Inf
11562,G,9,G9,510,SCZ12,25.7,Inf
11562,G,10,G10,932,SCZ20,25.7,86230
11562,G,10,G10,932,SCZ20,25.7,86230
11562,G,11,G11,"BLANK- Master Mix, lysate, no reporter",BLNK_LYS,25.7,24317
11562,G,11,G11,"BLANK- Master Mix, lysate, no reporter",BLNK_LYS,25.7,24317
11562,G,12,G12,RECOMBINANT ERK  0.125 nM,ERK_0.125nM,25.7,97526
11562,G,12,G12,RECOMBINANT ERK  0.125 nM,ERK_0.125nM,25.7,97526
11562,H,1,H1,689,CTL08,25.7,Inf
11562,H,1,H1,689,CTL08,25.7,Inf
11562,H,2,H2,94,SCZ05,25.7,85197
11562,H,2,H2,94,SCZ05,25.7,85197
11562,H,3,H3,547,SCZ13,25.7,90261
11562,H,3,H3,547,SCZ13,25.7,90261
11562,H,4,H4,326,LYS01,25.7,Inf
11562,H,4,H4,326,LYS01,25.7,Inf
11562,H,5,H5,NA,EMPTY,25.7,90031
11562,H,5,H5,NA,EMPTY,25.7,90031
11562,H,6,H6,RECOMBINANT ERK 2nM + ERK INHIBITOR,ERK_2.000nM_INH,25.7,26867
11562,H,6,H6,RECOMBINANT ERK 2nM + ERK INHIBITOR,ERK_2.000nM_INH,25.7,26867
11562,H,7,H7,689,CTL08,25.7,Inf
11562,H,7,H7,689,CTL08,25.7,Inf
11562,H,8,H8,94,SCZ05,25.7,29691
11562,H,8,H8,94,SCZ05,25.7,29691
11562,H,9,H9,547,SCZ13,25.7,95403
11562,H,9,H9,547,SCZ13,25.7,95403
11562,H,10,H10,326,LYS01,25.7,Inf
11562,H,10,H10,326,LYS01,25.7,Inf
11562,H,11,H11,NA,EMPTY,25.7,22828
11562,H,11,H11,NA,EMPTY,25.7,22828
11562,H,12,H12,RECOMBINANT ERK 2nM + ERK INHIBITOR,ERK_2.000nM_INH,25.7,Inf
11562,H,12,H12,RECOMBINANT ERK 2nM + ERK INHIBITOR,ERK_2.000nM_INH,25.7,Inf
11703,A,1,A1,46,CTL01,25.7,Inf
11703,A,1,A1,46,CTL01,25.7,Inf
11703,A,2,A2,720,CTL09,25.7,Inf
11703,A,2,A2,720,CTL09,25.7,Inf
11703,A,3,A3,225,SCZ06,25.7,87280
11703,A,3,A3,225,SCZ06,25.7,87280
11703,A,4,A4,552,SCZ14,25.7,96466
11703,A,4,A4,552,SCZ14,25.7,96466
11703,A,5,A5,328,LYS02,25.7,Inf
11703,A,5,A5,328,LYS02,25.7,Inf
11703,A,6,A6,RECOMBINANT ERK  2nM,ERK_2.000nM,25.7,Inf
11703,A,6,A6,RECOMBINANT ERK  2nM,ERK_2.000nM,25.7,Inf
11703,A,7,A7,46,CTL01,25.7,99434
11703,A,7,A7,46,CTL01,25.7,99434
11703,A,8,A8,720,CTL09,25.7,Inf
11703,A,8,A8,720,CTL09,25.7,Inf
11703,A,9,A9,225,SCZ06,25.7,97680
11703,A,9,A9,225,SCZ06,25.7,97680
11703,A,10,A10,552,SCZ14,25.7,93998
11703,A,10,A10,552,SCZ14,25.7,93998
11703,A,11,A11,328,LYS02,25.7,Inf
11703,A,11,A11,328,LYS02,25.7,Inf
11703,A,12,A12,RECOMBINANT ERK  2nM,ERK_2.000nM,25.7,Inf
11703,A,12,A12,RECOMBINANT ERK  2nM,ERK_2.000nM,25.7,Inf
11703,B,1,B1,116,CTL02,25.7,89839
11703,B,1,B1,116,CTL02,25.7,89839
11703,B,2,B2,859,CTL10,25.7,Inf
11703,B,2,B2,859,CTL10,25.7,Inf
11703,B,3,B3,235,SCZ07,25.7,Inf
11703,B,3,B3,235,SCZ07,25.7,Inf
11703,B,4,B4,565,SCZ15,25.7,90924
11703,B,4,B4,565,SCZ15,25.7,90924
11703,B,5,B5,335,LYS03,25.7,Inf
11703,B,5,B5,335,LYS03,25.7,Inf
11703,B,6,B6,RECOMBINANT ERK 1.5 nM,ERK_1.500nM,25.7,Inf
11703,B,6,B6,RECOMBINANT ERK 1.5 nM,ERK_1.500nM,25.7,Inf
11703,B,7,B7,116,CTL02,25.7,82385
11703,B,7,B7,116,CTL02,25.7,82385
11703,B,8,B8,859,CTL10,25.7,Inf
11703,B,8,B8,859,CTL10,25.7,Inf
11703,B,9,B9,235,SCZ07,25.7,97788
11703,B,9,B9,235,SCZ07,25.7,97788
11703,B,10,B10,565,SCZ15,25.7,91253
11703,B,10,B10,565,SCZ15,25.7,91253
11703,B,11,B11,335,LYS03,25.7,Inf
11703,B,11,B11,335,LYS03,25.7,Inf
11703,B,12,B12,RECOMBINANT ERK 1.5 nM,ERK_1.500nM,25.7,Inf
11703,B,12,B12,RECOMBINANT ERK 1.5 nM,ERK_1.500nM,25.7,Inf
11703,C,1,C1,167,CTL03,25.7,Inf
11703,C,1,C1,167,CTL03,25.7,Inf
11703,C,2,C2,874,CTL11,25.7,94833
11703,C,2,C2,874,CTL11,25.7,94833
11703,C,3,C3,262,SCZ08,25.7,Inf
11703,C,3,C3,262,SCZ08,25.7,Inf
11703,C,4,C4,737,SCZ16,25.7,92672
11703,C,4,C4,737,SCZ16,25.7,92672
11703,C,5,C5,907,LYS04,25.7,Inf
11703,C,5,C5,907,LYS04,25.7,Inf
11703,C,6,C6,RECOMBINANT ERK  1 nM,ERK_1.000nM,25.7,Inf
11703,C,6,C6,RECOMBINANT ERK  1 nM,ERK_1.000nM,25.7,Inf
11703,C,7,C7,167,CTL03,25.7,Inf
11703,C,7,C7,167,CTL03,25.7,Inf
11703,C,8,C8,874,CTL11,25.7,84294
11703,C,8,C8,874,CTL11,25.7,84294
11703,C,9,C9,262,SCZ08,25.7,Inf
11703,C,9,C9,262,SCZ08,25.7,Inf
11703,C,10,C10,737,SCZ16,25.7,85874
11703,C,10,C10,737,SCZ16,25.7,85874
11703,C,11,C11,907,LYS04,25.7,Inf
11703,C,11,C11,907,LYS04,25.7,Inf
11703,C,12,C12,RECOMBINANT ERK  1 nM,ERK_1.000nM,25.7,Inf
11703,C,12,C12,RECOMBINANT ERK  1 nM,ERK_1.000nM,25.7,Inf
11703,D,1,D1,195,CTL04,25.7,76644
11703,D,1,D1,195,CTL04,25.7,76644
11703,D,2,D2,11,SCZ01,25.7,96596
11703,D,2,D2,11,SCZ01,25.7,96596
11703,D,3,D3,291,SCZ09,25.7,87697
11703,D,3,D3,291,SCZ09,25.7,87697
11703,D,4,D4,802,SCZ17,25.7,65435
11703,D,4,D4,802,SCZ17,25.7,65435
11703,D,5,D5,5000ng lysate + HI,LYS_HI,25.7,95632
11703,D,5,D5,5000ng lysate + HI,LYS_HI,25.7,95632
11703,D,6,D6,RECOMBINANT ERK  0.75 nM,ERK_0.750nM,25.7,Inf
11703,D,6,D6,RECOMBINANT ERK  0.75 nM,ERK_0.750nM,25.7,Inf
11703,D,7,D7,195,CTL04,25.7,92231
11703,D,7,D7,195,CTL04,25.7,92231
11703,D,8,D8,11,SCZ01,25.7,89762
11703,D,8,D8,11,SCZ01,25.7,89762
11703,D,9,D9,291,SCZ09,25.7,81693
11703,D,9,D9,291,SCZ09,25.7,81693
11703,D,10,D10,802,SCZ17,25.7,81031
11703,D,10,D10,802,SCZ17,25.7,81031
11703,D,11,D11,5000ng lysate + HI,LYS_HI,25.7,93601
11703,D,11,D11,5000ng lysate + HI,LYS_HI,25.7,93601
11703,D,12,D12,RECOMBINANT ERK  0.75 nM,ERK_0.750nM,25.7,Inf
11703,D,12,D12,RECOMBINANT ERK  0.75 nM,ERK_0.750nM,25.7,Inf
11703,E,1,E1,223,CTL05,25.7,Inf
11703,E,1,E1,223,CTL05,25.7,Inf
11703,E,2,E2,22,SCZ02,25.7,Inf
11703,E,2,E2,22,SCZ02,25.7,Inf
11703,E,3,E3,329,SCZ10,25.7,Inf
11703,E,3,E3,329,SCZ10,25.7,Inf
11703,E,4,E4,930,SCZ18,25.7,75371
11703,E,4,E4,930,SCZ18,25.7,75371
11703,E,5,E5,5000ng lysate +ERK INHIBITOR,LYS_INH,25.7,85944
11703,E,5,E5,5000ng lysate +ERK INHIBITOR,LYS_INH,25.7,85944
11703,E,6,E6,RECOMBINANT ERK 0.5 nM,ERK_0.500nM,25.7,Inf
11703,E,6,E6,RECOMBINANT ERK 0.5 nM,ERK_0.500nM,25.7,Inf
11703,E,7,E7,223,CTL05,25.7,Inf
11703,E,7,E7,223,CTL05,25.7,Inf
11703,E,8,E8,22,SCZ02,25.7,Inf
11703,E,8,E8,22,SCZ02,25.7,Inf
11703,E,9,E9,329,SCZ10,25.7,Inf
11703,E,9,E9,329,SCZ10,25.7,Inf
11703,E,10,E10,930,SCZ18,25.7,79661
11703,E,10,E10,930,SCZ18,25.7,79661
11703,E,11,E11,5000ng lysate +ERK INHIBITOR,LYS_INH,25.7,88102
11703,E,11,E11,5000ng lysate +ERK INHIBITOR,LYS_INH,25.7,88102
11703,E,12,E12,RECOMBINANT ERK 0.5 nM,ERK_0.500nM,25.7,Inf
11703,E,12,E12,RECOMBINANT ERK 0.5 nM,ERK_0.500nM,25.7,Inf
11703,F,1,F1,524,CTL06,25.7,Inf
11703,F,1,F1,524,CTL06,25.7,Inf
11703,F,2,F2,29,SCZ03,25.7,Inf
11703,F,2,F2,29,SCZ03,25.7,Inf
11703,F,3,F3,446,SCZ11,25.7,Inf
11703,F,3,F3,446,SCZ11,25.7,Inf
11703,F,4,F4,931,SCZ19,25.7,83503
11703,F,4,F4,931,SCZ19,25.7,83503
11703,F,5,F5,"BLANK- Master Mix, no lysate",BLNK,25.7,84831
11703,F,5,F5,"BLANK- Master Mix, no lysate",BLNK,25.7,84831
11703,F,6,F6,RECOMBINANT ERK  0.25 nM,ERK_0.250nM,25.7,Inf
11703,F,6,F6,RECOMBINANT ERK  0.25 nM,ERK_0.250nM,25.7,Inf
11703,F,7,F7,524,CTL06,25.7,Inf
11703,F,7,F7,524,CTL06,25.7,Inf
11703,F,8,F8,29,SCZ03,25.7,Inf
11703,F,8,F8,29,SCZ03,25.7,Inf
11703,F,9,F9,446,SCZ11,25.7,74834
11703,F,9,F9,446,SCZ11,25.7,74834
11703,F,10,F10,931,SCZ19,25.7,82535
11703,F,10,F10,931,SCZ19,25.7,82535
11703,F,11,F11,"BLANK- Master Mix, no lysate",BLNK,25.7,85864
11703,F,11,F11,"BLANK- Master Mix, no lysate",BLNK,25.7,85864
11703,F,12,F12,RECOMBINANT ERK  0.25 nM,ERK_0.250nM,25.7,96420
11703,F,12,F12,RECOMBINANT ERK  0.25 nM,ERK_0.250nM,25.7,96420
11703,G,1,G1,661,CTL07,25.7,86980
11703,G,1,G1,661,CTL07,25.7,86980
11703,G,2,G2,69,SCZ04,25.7,Inf
11703,G,2,G2,69,SCZ04,25.7,Inf
11703,G,3,G3,510,SCZ12,25.7,Inf
11703,G,3,G3,510,SCZ12,25.7,Inf
11703,G,4,G4,932,SCZ20,25.7,88275
11703,G,4,G4,932,SCZ20,25.7,88275
11703,G,5,G5,"BLANK- Master Mix, lysate, no reporter",BLNK_LYS,25.7,23056
11703,G,5,G5,"BLANK- Master Mix, lysate, no reporter",BLNK_LYS,25.7,23056
11703,G,6,G6,RECOMBINANT ERK  0.125 nM,ERK_0.125nM,25.7,Inf
11703,G,6,G6,RECOMBINANT ERK  0.125 nM,ERK_0.125nM,25.7,Inf
11703,G,7,G7,661,CTL07,25.7,82453
11703,G,7,G7,661,CTL07,25.7,82453
11703,G,8,G8,69,SCZ04,25.7,Inf
11703,G,8,G8,69,SCZ04,25.7,Inf
11703,G,9,G9,510,SCZ12,25.7,Inf
11703,G,9,G9,510,SCZ12,25.7,Inf
11703,G,10,G10,932,SCZ20,25.7,87197
11703,G,10,G10,932,SCZ20,25.7,87197
11703,G,11,G11,"BLANK- Master Mix, lysate, no reporter",BLNK_LYS,25.7,23800
11703,G,11,G11,"BLANK- Master Mix, lysate, no reporter",BLNK_LYS,25.7,23800
11703,G,12,G12,RECOMBINANT ERK  0.125 nM,ERK_0.125nM,25.7,97313
11703,G,12,G12,RECOMBINANT ERK  0.125 nM,ERK_0.125nM,25.7,97313
11703,H,1,H1,689,CTL08,25.7,Inf
11703,H,1,H1,689,CTL08,25.7,Inf
11703,H,2,H2,94,SCZ05,25.7,85540
11703,H,2,H2,94,SCZ05,25.7,85540
11703,H,3,H3,547,SCZ13,25.7,90391
11703,H,3,H3,547,SCZ13,25.7,90391
11703,H,4,H4,326,LYS01,25.7,Inf
11703,H,4,H4,326,LYS01,25.7,Inf
11703,H,5,H5,NA,EMPTY,25.7,89840
11703,H,5,H5,NA,EMPTY,25.7,89840
11703,H,6,H6,RECOMBINANT ERK 2nM + ERK INHIBITOR,ERK_2.000nM_INH,25.7,27303
11703,H,6,H6,RECOMBINANT ERK 2nM + ERK INHIBITOR,ERK_2.000nM_INH,25.7,27303
11703,H,7,H7,689,CTL08,25.7,Inf
11703,H,7,H7,689,CTL08,25.7,Inf
11703,H,8,H8,94,SCZ05,25.7,29978
11703,H,8,H8,94,SCZ05,25.7,29978
11703,H,9,H9,547,SCZ13,25.7,95592
11703,H,9,H9,547,SCZ13,25.7,95592
11703,H,10,H10,326,LYS01,25.7,Inf
11703,H,10,H10,326,LYS01,25.7,Inf
11703,H,11,H11,NA,EMPTY,25.7,22844
11703,H,11,H11,NA,EMPTY,25.7,22844
11703,H,12,H12,RECOMBINANT ERK 2nM + ERK INHIBITOR,ERK_2.000nM_INH,25.7,Inf
11703,H,12,H12,RECOMBINANT ERK 2nM + ERK INHIBITOR,ERK_2.000nM_INH,25.7,Inf
11844,A,1,A1,46,CTL01,25.7,Inf
11844,A,1,A1,46,CTL01,25.7,Inf
11844,A,2,A2,720,CTL09,25.7,Inf
11844,A,2,A2,720,CTL09,25.7,Inf
11844,A,3,A3,225,SCZ06,25.7,88348
11844,A,3,A3,225,SCZ06,25.7,88348
11844,A,4,A4,552,SCZ14,25.7,96001
11844,A,4,A4,552,SCZ14,25.7,96001
11844,A,5,A5,328,LYS02,25.7,Inf
11844,A,5,A5,328,LYS02,25.7,Inf
11844,A,6,A6,RECOMBINANT ERK  2nM,ERK_2.000nM,25.7,Inf
11844,A,6,A6,RECOMBINANT ERK  2nM,ERK_2.000nM,25.7,Inf
11844,A,7,A7,46,CTL01,25.7,Inf
11844,A,7,A7,46,CTL01,25.7,Inf
11844,A,8,A8,720,CTL09,25.7,Inf
11844,A,8,A8,720,CTL09,25.7,Inf
11844,A,9,A9,225,SCZ06,25.7,97917
11844,A,9,A9,225,SCZ06,25.7,97917
11844,A,10,A10,552,SCZ14,25.7,93763
11844,A,10,A10,552,SCZ14,25.7,93763
11844,A,11,A11,328,LYS02,25.7,Inf
11844,A,11,A11,328,LYS02,25.7,Inf
11844,A,12,A12,RECOMBINANT ERK  2nM,ERK_2.000nM,25.7,Inf
11844,A,12,A12,RECOMBINANT ERK  2nM,ERK_2.000nM,25.7,Inf
11844,B,1,B1,116,CTL02,25.7,91065
11844,B,1,B1,116,CTL02,25.7,91065
11844,B,2,B2,859,CTL10,25.7,Inf
11844,B,2,B2,859,CTL10,25.7,Inf
11844,B,3,B3,235,SCZ07,25.7,Inf
11844,B,3,B3,235,SCZ07,25.7,Inf
11844,B,4,B4,565,SCZ15,25.7,91066
11844,B,4,B4,565,SCZ15,25.7,91066
11844,B,5,B5,335,LYS03,25.7,Inf
11844,B,5,B5,335,LYS03,25.7,Inf
11844,B,6,B6,RECOMBINANT ERK 1.5 nM,ERK_1.500nM,25.7,Inf
11844,B,6,B6,RECOMBINANT ERK 1.5 nM,ERK_1.500nM,25.7,Inf
11844,B,7,B7,116,CTL02,25.7,81818
11844,B,7,B7,116,CTL02,25.7,81818
11844,B,8,B8,859,CTL10,25.7,Inf
11844,B,8,B8,859,CTL10,25.7,Inf
11844,B,9,B9,235,SCZ07,25.7,98180
11844,B,9,B9,235,SCZ07,25.7,98180
11844,B,10,B10,565,SCZ15,25.7,91981
11844,B,10,B10,565,SCZ15,25.7,91981
11844,B,11,B11,335,LYS03,25.7,Inf
11844,B,11,B11,335,LYS03,25.7,Inf
11844,B,12,B12,RECOMBINANT ERK 1.5 nM,ERK_1.500nM,25.7,Inf
11844,B,12,B12,RECOMBINANT ERK 1.5 nM,ERK_1.500nM,25.7,Inf
11844,C,1,C1,167,CTL03,25.7,Inf
11844,C,1,C1,167,CTL03,25.7,Inf
11844,C,2,C2,874,CTL11,25.7,96130
11844,C,2,C2,874,CTL11,25.7,96130
11844,C,3,C3,262,SCZ08,25.7,Inf
11844,C,3,C3,262,SCZ08,25.7,Inf
11844,C,4,C4,737,SCZ16,25.7,92642
11844,C,4,C4,737,SCZ16,25.7,92642
11844,C,5,C5,907,LYS04,25.7,Inf
11844,C,5,C5,907,LYS04,25.7,Inf
11844,C,6,C6,RECOMBINANT ERK  1 nM,ERK_1.000nM,25.7,Inf
11844,C,6,C6,RECOMBINANT ERK  1 nM,ERK_1.000nM,25.7,Inf
11844,C,7,C7,167,CTL03,25.7,Inf
11844,C,7,C7,167,CTL03,25.7,Inf
11844,C,8,C8,874,CTL11,25.7,84358
11844,C,8,C8,874,CTL11,25.7,84358
11844,C,9,C9,262,SCZ08,25.7,Inf
11844,C,9,C9,262,SCZ08,25.7,Inf
11844,C,10,C10,737,SCZ16,25.7,85899
11844,C,10,C10,737,SCZ16,25.7,85899
11844,C,11,C11,907,LYS04,25.7,Inf
11844,C,11,C11,907,LYS04,25.7,Inf
11844,C,12,C12,RECOMBINANT ERK  1 nM,ERK_1.000nM,25.7,Inf
11844,C,12,C12,RECOMBINANT ERK  1 nM,ERK_1.000nM,25.7,Inf
11844,D,1,D1,195,CTL04,25.7,76946
11844,D,1,D1,195,CTL04,25.7,76946
11844,D,2,D2,11,SCZ01,25.7,97393
11844,D,2,D2,11,SCZ01,25.7,97393
11844,D,3,D3,291,SCZ09,25.7,87128
11844,D,3,D3,291,SCZ09,25.7,87128
11844,D,4,D4,802,SCZ17,25.7,66152
11844,D,4,D4,802,SCZ17,25.7,66152
11844,D,5,D5,5000ng lysate + HI,LYS_HI,25.7,95246
11844,D,5,D5,5000ng lysate + HI,LYS_HI,25.7,95246
11844,D,6,D6,RECOMBINANT ERK  0.75 nM,ERK_0.750nM,25.7,Inf
11844,D,6,D6,RECOMBINANT ERK  0.75 nM,ERK_0.750nM,25.7,Inf
11844,D,7,D7,195,CTL04,25.7,92026
11844,D,7,D7,195,CTL04,25.7,92026
11844,D,8,D8,11,SCZ01,25.7,89412
11844,D,8,D8,11,SCZ01,25.7,89412
11844,D,9,D9,291,SCZ09,25.7,81832
11844,D,9,D9,291,SCZ09,25.7,81832
11844,D,10,D10,802,SCZ17,25.7,80828
11844,D,10,D10,802,SCZ17,25.7,80828
11844,D,11,D11,5000ng lysate + HI,LYS_HI,25.7,93681
11844,D,11,D11,5000ng lysate + HI,LYS_HI,25.7,93681
11844,D,12,D12,RECOMBINANT ERK  0.75 nM,ERK_0.750nM,25.7,Inf
11844,D,12,D12,RECOMBINANT ERK  0.75 nM,ERK_0.750nM,25.7,Inf
11844,E,1,E1,223,CTL05,25.7,Inf
11844,E,1,E1,223,CTL05,25.7,Inf
11844,E,2,E2,22,SCZ02,25.7,Inf
11844,E,2,E2,22,SCZ02,25.7,Inf
11844,E,3,E3,329,SCZ10,25.7,Inf
11844,E,3,E3,329,SCZ10,25.7,Inf
11844,E,4,E4,930,SCZ18,25.7,75333
11844,E,4,E4,930,SCZ18,25.7,75333
11844,E,5,E5,5000ng lysate +ERK INHIBITOR,LYS_INH,25.7,86140
11844,E,5,E5,5000ng lysate +ERK INHIBITOR,LYS_INH,25.7,86140
11844,E,6,E6,RECOMBINANT ERK 0.5 nM,ERK_0.500nM,25.7,Inf
11844,E,6,E6,RECOMBINANT ERK 0.5 nM,ERK_0.500nM,25.7,Inf
11844,E,7,E7,223,CTL05,25.7,Inf
11844,E,7,E7,223,CTL05,25.7,Inf
11844,E,8,E8,22,SCZ02,25.7,Inf
11844,E,8,E8,22,SCZ02,25.7,Inf
11844,E,9,E9,329,SCZ10,25.7,Inf
11844,E,9,E9,329,SCZ10,25.7,Inf
11844,E,10,E10,930,SCZ18,25.7,79794
11844,E,10,E10,930,SCZ18,25.7,79794
11844,E,11,E11,5000ng lysate +ERK INHIBITOR,LYS_INH,25.7,88208
11844,E,11,E11,5000ng lysate +ERK INHIBITOR,LYS_INH,25.7,88208
11844,E,12,E12,RECOMBINANT ERK 0.5 nM,ERK_0.500nM,25.7,Inf
11844,E,12,E12,RECOMBINANT ERK 0.5 nM,ERK_0.500nM,25.7,Inf
11844,F,1,F1,524,CTL06,25.7,Inf
11844,F,1,F1,524,CTL06,25.7,Inf
11844,F,2,F2,29,SCZ03,25.7,Inf
11844,F,2,F2,29,SCZ03,25.7,Inf
11844,F,3,F3,446,SCZ11,25.7,Inf
11844,F,3,F3,446,SCZ11,25.7,Inf
11844,F,4,F4,931,SCZ19,25.7,84205
11844,F,4,F4,931,SCZ19,25.7,84205
11844,F,5,F5,"BLANK- Master Mix, no lysate",BLNK,25.7,85300
11844,F,5,F5,"BLANK- Master Mix, no lysate",BLNK,25.7,85300
11844,F,6,F6,RECOMBINANT ERK  0.25 nM,ERK_0.250nM,25.7,Inf
11844,F,6,F6,RECOMBINANT ERK  0.25 nM,ERK_0.250nM,25.7,Inf
11844,F,7,F7,524,CTL06,25.7,Inf
11844,F,7,F7,524,CTL06,25.7,Inf
11844,F,8,F8,29,SCZ03,25.7,Inf
11844,F,8,F8,29,SCZ03,25.7,Inf
11844,F,9,F9,446,SCZ11,25.7,74466
11844,F,9,F9,446,SCZ11,25.7,74466
11844,F,10,F10,931,SCZ19,25.7,82361
11844,F,10,F10,931,SCZ19,25.7,82361
11844,F,11,F11,"BLANK- Master Mix, no lysate",BLNK,25.7,85306
11844,F,11,F11,"BLANK- Master Mix, no lysate",BLNK,25.7,85306
11844,F,12,F12,RECOMBINANT ERK  0.25 nM,ERK_0.250nM,25.7,97095
11844,F,12,F12,RECOMBINANT ERK  0.25 nM,ERK_0.250nM,25.7,97095
11844,G,1,G1,661,CTL07,25.7,87343
11844,G,1,G1,661,CTL07,25.7,87343
11844,G,2,G2,69,SCZ04,25.7,Inf
11844,G,2,G2,69,SCZ04,25.7,Inf
11844,G,3,G3,510,SCZ12,25.7,Inf
11844,G,3,G3,510,SCZ12,25.7,Inf
11844,G,4,G4,932,SCZ20,25.7,88331
11844,G,4,G4,932,SCZ20,25.7,88331
11844,G,5,G5,"BLANK- Master Mix, lysate, no reporter",BLNK_LYS,25.7,23114
11844,G,5,G5,"BLANK- Master Mix, lysate, no reporter",BLNK_LYS,25.7,23114
11844,G,6,G6,RECOMBINANT ERK  0.125 nM,ERK_0.125nM,25.7,Inf
11844,G,6,G6,RECOMBINANT ERK  0.125 nM,ERK_0.125nM,25.7,Inf
11844,G,7,G7,661,CTL07,25.7,82734
11844,G,7,G7,661,CTL07,25.7,82734
11844,G,8,G8,69,SCZ04,25.7,Inf
11844,G,8,G8,69,SCZ04,25.7,Inf
11844,G,9,G9,510,SCZ12,25.7,Inf
11844,G,9,G9,510,SCZ12,25.7,Inf
11844,G,10,G10,932,SCZ20,25.7,87668
11844,G,10,G10,932,SCZ20,25.7,87668
11844,G,11,G11,"BLANK- Master Mix, lysate, no reporter",BLNK_LYS,25.7,24223
11844,G,11,G11,"BLANK- Master Mix, lysate, no reporter",BLNK_LYS,25.7,24223
11844,G,12,G12,RECOMBINANT ERK  0.125 nM,ERK_0.125nM,25.7,97405
11844,G,12,G12,RECOMBINANT ERK  0.125 nM,ERK_0.125nM,25.7,97405
11844,H,1,H1,689,CTL08,25.7,Inf
11844,H,1,H1,689,CTL08,25.7,Inf
11844,H,2,H2,94,SCZ05,25.7,85892
11844,H,2,H2,94,SCZ05,25.7,85892
11844,H,3,H3,547,SCZ13,25.7,89912
11844,H,3,H3,547,SCZ13,25.7,89912
11844,H,4,H4,326,LYS01,25.7,Inf
11844,H,4,H4,326,LYS01,25.7,Inf
11844,H,5,H5,NA,EMPTY,25.7,89548
11844,H,5,H5,NA,EMPTY,25.7,89548
11844,H,6,H6,RECOMBINANT ERK 2nM + ERK INHIBITOR,ERK_2.000nM_INH,25.7,27468
11844,H,6,H6,RECOMBINANT ERK 2nM + ERK INHIBITOR,ERK_2.000nM_INH,25.7,27468
11844,H,7,H7,689,CTL08,25.7,Inf
11844,H,7,H7,689,CTL08,25.7,Inf
11844,H,8,H8,94,SCZ05,25.7,29663
11844,H,8,H8,94,SCZ05,25.7,29663
11844,H,9,H9,547,SCZ13,25.7,95482
11844,H,9,H9,547,SCZ13,25.7,95482
11844,H,10,H10,326,LYS01,25.7,Inf
11844,H,10,H10,326,LYS01,25.7,Inf
11844,H,11,H11,NA,EMPTY,25.7,22610
11844,H,11,H11,NA,EMPTY,25.7,22610
11844,H,12,H12,RECOMBINANT ERK 2nM + ERK INHIBITOR,ERK_2.000nM_INH,25.7,Inf
11844,H,12,H12,RECOMBINANT ERK 2nM + ERK INHIBITOR,ERK_2.000nM_INH,25.7,Inf
11985,A,1,A1,46,CTL01,25.7,Inf
11985,A,1,A1,46,CTL01,25.7,Inf
11985,A,2,A2,720,CTL09,25.7,Inf
11985,A,2,A2,720,CTL09,25.7,Inf
11985,A,3,A3,225,SCZ06,25.7,88720
11985,A,3,A3,225,SCZ06,25.7,88720
11985,A,4,A4,552,SCZ14,25.7,96460
11985,A,4,A4,552,SCZ14,25.7,96460
11985,A,5,A5,328,LYS02,25.7,Inf
11985,A,5,A5,328,LYS02,25.7,Inf
11985,A,6,A6,RECOMBINANT ERK  2nM,ERK_2.000nM,25.7,Inf
11985,A,6,A6,RECOMBINANT ERK  2nM,ERK_2.000nM,25.7,Inf
11985,A,7,A7,46,CTL01,25.7,Inf
11985,A,7,A7,46,CTL01,25.7,Inf
11985,A,8,A8,720,CTL09,25.7,Inf
11985,A,8,A8,720,CTL09,25.7,Inf
11985,A,9,A9,225,SCZ06,25.7,98270
11985,A,9,A9,225,SCZ06,25.7,98270
11985,A,10,A10,552,SCZ14,25.7,95136
11985,A,10,A10,552,SCZ14,25.7,95136
11985,A,11,A11,328,LYS02,25.7,Inf
11985,A,11,A11,328,LYS02,25.7,Inf
11985,A,12,A12,RECOMBINANT ERK  2nM,ERK_2.000nM,25.7,Inf
11985,A,12,A12,RECOMBINANT ERK  2nM,ERK_2.000nM,25.7,Inf
11985,B,1,B1,116,CTL02,25.7,90048
11985,B,1,B1,116,CTL02,25.7,90048
11985,B,2,B2,859,CTL10,25.7,Inf
11985,B,2,B2,859,CTL10,25.7,Inf
11985,B,3,B3,235,SCZ07,25.7,Inf
11985,B,3,B3,235,SCZ07,25.7,Inf
11985,B,4,B4,565,SCZ15,25.7,90948
11985,B,4,B4,565,SCZ15,25.7,90948
11985,B,5,B5,335,LYS03,25.7,Inf
11985,B,5,B5,335,LYS03,25.7,Inf
11985,B,6,B6,RECOMBINANT ERK 1.5 nM,ERK_1.500nM,25.7,Inf
11985,B,6,B6,RECOMBINANT ERK 1.5 nM,ERK_1.500nM,25.7,Inf
11985,B,7,B7,116,CTL02,25.7,82184
11985,B,7,B7,116,CTL02,25.7,82184
11985,B,8,B8,859,CTL10,25.7,Inf
11985,B,8,B8,859,CTL10,25.7,Inf
11985,B,9,B9,235,SCZ07,25.7,98293
11985,B,9,B9,235,SCZ07,25.7,98293
11985,B,10,B10,565,SCZ15,25.7,91014
11985,B,10,B10,565,SCZ15,25.7,91014
11985,B,11,B11,335,LYS03,25.7,Inf
11985,B,11,B11,335,LYS03,25.7,Inf
11985,B,12,B12,RECOMBINANT ERK 1.5 nM,ERK_1.500nM,25.7,Inf
11985,B,12,B12,RECOMBINANT ERK 1.5 nM,ERK_1.500nM,25.7,Inf
11985,C,1,C1,167,CTL03,25.7,Inf
11985,C,1,C1,167,CTL03,25.7,Inf
11985,C,2,C2,874,CTL11,25.7,95331
11985,C,2,C2,874,CTL11,25.7,95331
11985,C,3,C3,262,SCZ08,25.7,Inf
11985,C,3,C3,262,SCZ08,25.7,Inf
11985,C,4,C4,737,SCZ16,25.7,92446
11985,C,4,C4,737,SCZ16,25.7,92446
11985,C,5,C5,907,LYS04,25.7,Inf
11985,C,5,C5,907,LYS04,25.7,Inf
11985,C,6,C6,RECOMBINANT ERK  1 nM,ERK_1.000nM,25.7,Inf
11985,C,6,C6,RECOMBINANT ERK  1 nM,ERK_1.000nM,25.7,Inf
11985,C,7,C7,167,CTL03,25.7,Inf
11985,C,7,C7,167,CTL03,25.7,Inf
11985,C,8,C8,874,CTL11,25.7,84947
11985,C,8,C8,874,CTL11,25.7,84947
11985,C,9,C9,262,SCZ08,25.7,Inf
11985,C,9,C9,262,SCZ08,25.7,Inf
11985,C,10,C10,737,SCZ16,25.7,86188
11985,C,10,C10,737,SCZ16,25.7,86188
11985,C,11,C11,907,LYS04,25.7,Inf
11985,C,11,C11,907,LYS04,25.7,Inf
11985,C,12,C12,RECOMBINANT ERK  1 nM,ERK_1.000nM,25.7,Inf
11985,C,12,C12,RECOMBINANT ERK  1 nM,ERK_1.000nM,25.7,Inf
11985,D,1,D1,195,CTL04,25.7,77055
11985,D,1,D1,195,CTL04,25.7,77055
11985,D,2,D2,11,SCZ01,25.7,97114
11985,D,2,D2,11,SCZ01,25.7,97114
11985,D,3,D3,291,SCZ09,25.7,87914
11985,D,3,D3,291,SCZ09,25.7,87914
11985,D,4,D4,802,SCZ17,25.7,66149
11985,D,4,D4,802,SCZ17,25.7,66149
11985,D,5,D5,5000ng lysate + HI,LYS_HI,25.7,96248
11985,D,5,D5,5000ng lysate + HI,LYS_HI,25.7,96248
11985,D,6,D6,RECOMBINANT ERK  0.75 nM,ERK_0.750nM,25.7,Inf
11985,D,6,D6,RECOMBINANT ERK  0.75 nM,ERK_0.750nM,25.7,Inf
11985,D,7,D7,195,CTL04,25.7,91794
11985,D,7,D7,195,CTL04,25.7,91794
11985,D,8,D8,11,SCZ01,25.7,90089
11985,D,8,D8,11,SCZ01,25.7,90089
11985,D,9,D9,291,SCZ09,25.7,81078
11985,D,9,D9,291,SCZ09,25.7,81078
11985,D,10,D10,802,SCZ17,25.7,81838
11985,D,10,D10,802,SCZ17,25.7,81838
11985,D,11,D11,5000ng lysate + HI,LYS_HI,25.7,93777
11985,D,11,D11,5000ng lysate + HI,LYS_HI,25.7,93777
11985,D,12,D12,RECOMBINANT ERK  0.75 nM,ERK_0.750nM,25.7,Inf
11985,D,12,D12,RECOMBINANT ERK  0.75 nM,ERK_0.750nM,25.7,Inf
11985,E,1,E1,223,CTL05,25.7,Inf
11985,E,1,E1,223,CTL05,25.7,Inf
11985,E,2,E2,22,SCZ02,25.7,Inf
11985,E,2,E2,22,SCZ02,25.7,Inf
11985,E,3,E3,329,SCZ10,25.7,Inf
11985,E,3,E3,329,SCZ10,25.7,Inf
11985,E,4,E4,930,SCZ18,25.7,75028
11985,E,4,E4,930,SCZ18,25.7,75028
11985,E,5,E5,5000ng lysate +ERK INHIBITOR,LYS_INH,25.7,85454
11985,E,5,E5,5000ng lysate +ERK INHIBITOR,LYS_INH,25.7,85454
11985,E,6,E6,RECOMBINANT ERK 0.5 nM,ERK_0.500nM,25.7,Inf
11985,E,6,E6,RECOMBINANT ERK 0.5 nM,ERK_0.500nM,25.7,Inf
11985,E,7,E7,223,CTL05,25.7,Inf
11985,E,7,E7,223,CTL05,25.7,Inf
11985,E,8,E8,22,SCZ02,25.7,Inf
11985,E,8,E8,22,SCZ02,25.7,Inf
11985,E,9,E9,329,SCZ10,25.7,Inf
11985,E,9,E9,329,SCZ10,25.7,Inf
11985,E,10,E10,930,SCZ18,25.7,79718
11985,E,10,E10,930,SCZ18,25.7,79718
11985,E,11,E11,5000ng lysate +ERK INHIBITOR,LYS_INH,25.7,88152
11985,E,11,E11,5000ng lysate +ERK INHIBITOR,LYS_INH,25.7,88152
11985,E,12,E12,RECOMBINANT ERK 0.5 nM,ERK_0.500nM,25.7,Inf
11985,E,12,E12,RECOMBINANT ERK 0.5 nM,ERK_0.500nM,25.7,Inf
11985,F,1,F1,524,CTL06,25.7,Inf
11985,F,1,F1,524,CTL06,25.7,Inf
11985,F,2,F2,29,SCZ03,25.7,Inf
11985,F,2,F2,29,SCZ03,25.7,Inf
11985,F,3,F3,446,SCZ11,25.7,Inf
11985,F,3,F3,446,SCZ11,25.7,Inf
11985,F,4,F4,931,SCZ19,25.7,84388
11985,F,4,F4,931,SCZ19,25.7,84388
11985,F,5,F5,"BLANK- Master Mix, no lysate",BLNK,25.7,84835
11985,F,5,F5,"BLANK- Master Mix, no lysate",BLNK,25.7,84835
11985,F,6,F6,RECOMBINANT ERK  0.25 nM,ERK_0.250nM,25.7,Inf
11985,F,6,F6,RECOMBINANT ERK  0.25 nM,ERK_0.250nM,25.7,Inf
11985,F,7,F7,524,CTL06,25.7,Inf
11985,F,7,F7,524,CTL06,25.7,Inf
11985,F,8,F8,29,SCZ03,25.7,Inf
11985,F,8,F8,29,SCZ03,25.7,Inf
11985,F,9,F9,446,SCZ11,25.7,74996
11985,F,9,F9,446,SCZ11,25.7,74996
11985,F,10,F10,931,SCZ19,25.7,82811
11985,F,10,F10,931,SCZ19,25.7,82811
11985,F,11,F11,"BLANK- Master Mix, no lysate",BLNK,25.7,85372
11985,F,11,F11,"BLANK- Master Mix, no lysate",BLNK,25.7,85372
11985,F,12,F12,RECOMBINANT ERK  0.25 nM,ERK_0.250nM,25.7,96510
11985,F,12,F12,RECOMBINANT ERK  0.25 nM,ERK_0.250nM,25.7,96510
11985,G,1,G1,661,CTL07,25.7,87105
11985,G,1,G1,661,CTL07,25.7,87105
11985,G,2,G2,69,SCZ04,25.7,Inf
11985,G,2,G2,69,SCZ04,25.7,Inf
11985,G,3,G3,510,SCZ12,25.7,Inf
11985,G,3,G3,510,SCZ12,25.7,Inf
11985,G,4,G4,932,SCZ20,25.7,88693
11985,G,4,G4,932,SCZ20,25.7,88693
11985,G,5,G5,"BLANK- Master Mix, lysate, no reporter",BLNK_LYS,25.7,23233
11985,G,5,G5,"BLANK- Master Mix, lysate, no reporter",BLNK_LYS,25.7,23233
11985,G,6,G6,RECOMBINANT ERK  0.125 nM,ERK_0.125nM,25.7,Inf
11985,G,6,G6,RECOMBINANT ERK  0.125 nM,ERK_0.125nM,25.7,Inf
11985,G,7,G7,661,CTL07,25.7,82192
11985,G,7,G7,661,CTL07,25.7,82192
11985,G,8,G8,69,SCZ04,25.7,Inf
11985,G,8,G8,69,SCZ04,25.7,Inf
11985,G,9,G9,510,SCZ12,25.7,Inf
11985,G,9,G9,510,SCZ12,25.7,Inf
11985,G,10,G10,932,SCZ20,25.7,88314
11985,G,10,G10,932,SCZ20,25.7,88314
11985,G,11,G11,"BLANK- Master Mix, lysate, no reporter",BLNK_LYS,25.7,23927
11985,G,11,G11,"BLANK- Master Mix, lysate, no reporter",BLNK_LYS,25.7,23927
11985,G,12,G12,RECOMBINANT ERK  0.125 nM,ERK_0.125nM,25.7,97289
11985,G,12,G12,RECOMBINANT ERK  0.125 nM,ERK_0.125nM,25.7,97289
11985,H,1,H1,689,CTL08,25.7,Inf
11985,H,1,H1,689,CTL08,25.7,Inf
11985,H,2,H2,94,SCZ05,25.7,85171
11985,H,2,H2,94,SCZ05,25.7,85171
11985,H,3,H3,547,SCZ13,25.7,90047
11985,H,3,H3,547,SCZ13,25.7,90047
11985,H,4,H4,326,LYS01,25.7,Inf
11985,H,4,H4,326,LYS01,25.7,Inf
11985,H,5,H5,NA,EMPTY,25.7,89340
11985,H,5,H5,NA,EMPTY,25.7,89340
11985,H,6,H6,RECOMBINANT ERK 2nM + ERK INHIBITOR,ERK_2.000nM_INH,25.7,27205
11985,H,6,H6,RECOMBINANT ERK 2nM + ERK INHIBITOR,ERK_2.000nM_INH,25.7,27205
11985,H,7,H7,689,CTL08,25.7,Inf
11985,H,7,H7,689,CTL08,25.7,Inf
11985,H,8,H8,94,SCZ05,25.7,29814
11985,H,8,H8,94,SCZ05,25.7,29814
11985,H,9,H9,547,SCZ13,25.7,95329
11985,H,9,H9,547,SCZ13,25.7,95329
11985,H,10,H10,326,LYS01,25.7,Inf
11985,H,10,H10,326,LYS01,25.7,Inf
11985,H,11,H11,NA,EMPTY,25.7,22478
11985,H,11,H11,NA,EMPTY,25.7,22478
11985,H,12,H12,RECOMBINANT ERK 2nM + ERK INHIBITOR,ERK_2.000nM_INH,25.7,Inf
11985,H,12,H12,RECOMBINANT ERK 2nM + ERK INHIBITOR,ERK_2.000nM_INH,25.7,Inf
12126,A,1,A1,46,CTL01,25.7,Inf
12126,A,1,A1,46,CTL01,25.7,Inf
12126,A,2,A2,720,CTL09,25.7,Inf
12126,A,2,A2,720,CTL09,25.7,Inf
12126,A,3,A3,225,SCZ06,25.7,88385
12126,A,3,A3,225,SCZ06,25.7,88385
12126,A,4,A4,552,SCZ14,25.7,97175
12126,A,4,A4,552,SCZ14,25.7,97175
12126,A,5,A5,328,LYS02,25.7,Inf
12126,A,5,A5,328,LYS02,25.7,Inf
12126,A,6,A6,RECOMBINANT ERK  2nM,ERK_2.000nM,25.7,Inf
12126,A,6,A6,RECOMBINANT ERK  2nM,ERK_2.000nM,25.7,Inf
12126,A,7,A7,46,CTL01,25.7,Inf
12126,A,7,A7,46,CTL01,25.7,Inf
12126,A,8,A8,720,CTL09,25.7,Inf
12126,A,8,A8,720,CTL09,25.7,Inf
12126,A,9,A9,225,SCZ06,25.7,98785
12126,A,9,A9,225,SCZ06,25.7,98785
12126,A,10,A10,552,SCZ14,25.7,95128
12126,A,10,A10,552,SCZ14,25.7,95128
12126,A,11,A11,328,LYS02,25.7,Inf
12126,A,11,A11,328,LYS02,25.7,Inf
12126,A,12,A12,RECOMBINANT ERK  2nM,ERK_2.000nM,25.7,Inf
12126,A,12,A12,RECOMBINANT ERK  2nM,ERK_2.000nM,25.7,Inf
12126,B,1,B1,116,CTL02,25.7,90107
12126,B,1,B1,116,CTL02,25.7,90107
12126,B,2,B2,859,CTL10,25.7,Inf
12126,B,2,B2,859,CTL10,25.7,Inf
12126,B,3,B3,235,SCZ07,25.7,Inf
12126,B,3,B3,235,SCZ07,25.7,Inf
12126,B,4,B4,565,SCZ15,25.7,91595
12126,B,4,B4,565,SCZ15,25.7,91595
12126,B,5,B5,335,LYS03,25.7,Inf
12126,B,5,B5,335,LYS03,25.7,Inf
12126,B,6,B6,RECOMBINANT ERK 1.5 nM,ERK_1.500nM,25.7,Inf
12126,B,6,B6,RECOMBINANT ERK 1.5 nM,ERK_1.500nM,25.7,Inf
12126,B,7,B7,116,CTL02,25.7,81962
12126,B,7,B7,116,CTL02,25.7,81962
12126,B,8,B8,859,CTL10,25.7,Inf
12126,B,8,B8,859,CTL10,25.7,Inf
12126,B,9,B9,235,SCZ07,25.7,98268
12126,B,9,B9,235,SCZ07,25.7,98268
12126,B,10,B10,565,SCZ15,25.7,92016
12126,B,10,B10,565,SCZ15,25.7,92016
12126,B,11,B11,335,LYS03,25.7,Inf
12126,B,11,B11,335,LYS03,25.7,Inf
12126,B,12,B12,RECOMBINANT ERK 1.5 nM,ERK_1.500nM,25.7,Inf
12126,B,12,B12,RECOMBINANT ERK 1.5 nM,ERK_1.500nM,25.7,Inf
12126,C,1,C1,167,CTL03,25.7,Inf
12126,C,1,C1,167,CTL03,25.7,Inf
12126,C,2,C2,874,CTL11,25.7,96663
12126,C,2,C2,874,CTL11,25.7,96663
12126,C,3,C3,262,SCZ08,25.7,Inf
12126,C,3,C3,262,SCZ08,25.7,Inf
12126,C,4,C4,737,SCZ16,25.7,91753
12126,C,4,C4,737,SCZ16,25.7,91753
12126,C,5,C5,907,LYS04,25.7,Inf
12126,C,5,C5,907,LYS04,25.7,Inf
12126,C,6,C6,RECOMBINANT ERK  1 nM,ERK_1.000nM,25.7,Inf
12126,C,6,C6,RECOMBINANT ERK  1 nM,ERK_1.000nM,25.7,Inf
12126,C,7,C7,167,CTL03,25.7,Inf
12126,C,7,C7,167,CTL03,25.7,Inf
12126,C,8,C8,874,CTL11,25.7,86609
12126,C,8,C8,874,CTL11,25.7,86609
12126,C,9,C9,262,SCZ08,25.7,Inf
12126,C,9,C9,262,SCZ08,25.7,Inf
12126,C,10,C10,737,SCZ16,25.7,86698
12126,C,10,C10,737,SCZ16,25.7,86698
12126,C,11,C11,907,LYS04,25.7,Inf
12126,C,11,C11,907,LYS04,25.7,Inf
12126,C,12,C12,RECOMBINANT ERK  1 nM,ERK_1.000nM,25.7,Inf
12126,C,12,C12,RECOMBINANT ERK  1 nM,ERK_1.000nM,25.7,Inf
12126,D,1,D1,195,CTL04,25.7,76670
12126,D,1,D1,195,CTL04,25.7,76670
12126,D,2,D2,11,SCZ01,25.7,97687
12126,D,2,D2,11,SCZ01,25.7,97687
12126,D,3,D3,291,SCZ09,25.7,87814
12126,D,3,D3,291,SCZ09,25.7,87814
12126,D,4,D4,802,SCZ17,25.7,66877
12126,D,4,D4,802,SCZ17,25.7,66877
12126,D,5,D5,5000ng lysate + HI,LYS_HI,25.7,95352
12126,D,5,D5,5000ng lysate + HI,LYS_HI,25.7,95352
12126,D,6,D6,RECOMBINANT ERK  0.75 nM,ERK_0.750nM,25.7,Inf
12126,D,6,D6,RECOMBINANT ERK  0.75 nM,ERK_0.750nM,25.7,Inf
12126,D,7,D7,195,CTL04,25.7,92551
12126,D,7,D7,195,CTL04,25.7,92551
12126,D,8,D8,11,SCZ01,25.7,90737
12126,D,8,D8,11,SCZ01,25.7,90737
12126,D,9,D9,291,SCZ09,25.7,81155
12126,D,9,D9,291,SCZ09,25.7,81155
12126,D,10,D10,802,SCZ17,25.7,81296
12126,D,10,D10,802,SCZ17,25.7,81296
12126,D,11,D11,5000ng lysate + HI,LYS_HI,25.7,93859
12126,D,11,D11,5000ng lysate + HI,LYS_HI,25.7,93859
12126,D,12,D12,RECOMBINANT ERK  0.75 nM,ERK_0.750nM,25.7,Inf
12126,D,12,D12,RECOMBINANT ERK  0.75 nM,ERK_0.750nM,25.7,Inf
12126,E,1,E1,223,CTL05,25.7,Inf
12126,E,1,E1,223,CTL05,25.7,Inf
12126,E,2,E2,22,SCZ02,25.7,Inf
12126,E,2,E2,22,SCZ02,25.7,Inf
12126,E,3,E3,329,SCZ10,25.7,Inf
12126,E,3,E3,329,SCZ10,25.7,Inf
12126,E,4,E4,930,SCZ18,25.7,75826
12126,E,4,E4,930,SCZ18,25.7,75826
12126,E,5,E5,5000ng lysate +ERK INHIBITOR,LYS_INH,25.7,85872
12126,E,5,E5,5000ng lysate +ERK INHIBITOR,LYS_INH,25.7,85872
12126,E,6,E6,RECOMBINANT ERK 0.5 nM,ERK_0.500nM,25.7,Inf
12126,E,6,E6,RECOMBINANT ERK 0.5 nM,ERK_0.500nM,25.7,Inf
12126,E,7,E7,223,CTL05,25.7,Inf
12126,E,7,E7,223,CTL05,25.7,Inf
12126,E,8,E8,22,SCZ02,25.7,Inf
12126,E,8,E8,22,SCZ02,25.7,Inf
12126,E,9,E9,329,SCZ10,25.7,Inf
12126,E,9,E9,329,SCZ10,25.7,Inf
12126,E,10,E10,930,SCZ18,25.7,80479
12126,E,10,E10,930,SCZ18,25.7,80479
12126,E,11,E11,5000ng lysate +ERK INHIBITOR,LYS_INH,25.7,87888
12126,E,11,E11,5000ng lysate +ERK INHIBITOR,LYS_INH,25.7,87888
12126,E,12,E12,RECOMBINANT ERK 0.5 nM,ERK_0.500nM,25.7,Inf
12126,E,12,E12,RECOMBINANT ERK 0.5 nM,ERK_0.500nM,25.7,Inf
12126,F,1,F1,524,CTL06,25.7,Inf
12126,F,1,F1,524,CTL06,25.7,Inf
12126,F,2,F2,29,SCZ03,25.7,Inf
12126,F,2,F2,29,SCZ03,25.7,Inf
12126,F,3,F3,446,SCZ11,25.7,Inf
12126,F,3,F3,446,SCZ11,25.7,Inf
12126,F,4,F4,931,SCZ19,25.7,84735
12126,F,4,F4,931,SCZ19,25.7,84735
12126,F,5,F5,"BLANK- Master Mix, no lysate",BLNK,25.7,84966
12126,F,5,F5,"BLANK- Master Mix, no lysate",BLNK,25.7,84966
12126,F,6,F6,RECOMBINANT ERK  0.25 nM,ERK_0.250nM,25.7,Inf
12126,F,6,F6,RECOMBINANT ERK  0.25 nM,ERK_0.250nM,25.7,Inf
12126,F,7,F7,524,CTL06,25.7,Inf
12126,F,7,F7,524,CTL06,25.7,Inf
12126,F,8,F8,29,SCZ03,25.7,Inf
12126,F,8,F8,29,SCZ03,25.7,Inf
12126,F,9,F9,446,SCZ11,25.7,74725
12126,F,9,F9,446,SCZ11,25.7,74725
12126,F,10,F10,931,SCZ19,25.7,82995
12126,F,10,F10,931,SCZ19,25.7,82995
12126,F,11,F11,"BLANK- Master Mix, no lysate",BLNK,25.7,85169
12126,F,11,F11,"BLANK- Master Mix, no lysate",BLNK,25.7,85169
12126,F,12,F12,RECOMBINANT ERK  0.25 nM,ERK_0.250nM,25.7,96975
12126,F,12,F12,RECOMBINANT ERK  0.25 nM,ERK_0.250nM,25.7,96975
12126,G,1,G1,661,CTL07,25.7,87873
12126,G,1,G1,661,CTL07,25.7,87873
12126,G,2,G2,69,SCZ04,25.7,Inf
12126,G,2,G2,69,SCZ04,25.7,Inf
12126,G,3,G3,510,SCZ12,25.7,Inf
12126,G,3,G3,510,SCZ12,25.7,Inf
12126,G,4,G4,932,SCZ20,25.7,89888
12126,G,4,G4,932,SCZ20,25.7,89888
12126,G,5,G5,"BLANK- Master Mix, lysate, no reporter",BLNK_LYS,25.7,23046
12126,G,5,G5,"BLANK- Master Mix, lysate, no reporter",BLNK_LYS,25.7,23046
12126,G,6,G6,RECOMBINANT ERK  0.125 nM,ERK_0.125nM,25.7,Inf
12126,G,6,G6,RECOMBINANT ERK  0.125 nM,ERK_0.125nM,25.7,Inf
12126,G,7,G7,661,CTL07,25.7,82955
12126,G,7,G7,661,CTL07,25.7,82955
12126,G,8,G8,69,SCZ04,25.7,Inf
12126,G,8,G8,69,SCZ04,25.7,Inf
12126,G,9,G9,510,SCZ12,25.7,Inf
12126,G,9,G9,510,SCZ12,25.7,Inf
12126,G,10,G10,932,SCZ20,25.7,88991
12126,G,10,G10,932,SCZ20,25.7,88991
12126,G,11,G11,"BLANK- Master Mix, lysate, no reporter",BLNK_LYS,25.7,23811
12126,G,11,G11,"BLANK- Master Mix, lysate, no reporter",BLNK_LYS,25.7,23811
12126,G,12,G12,RECOMBINANT ERK  0.125 nM,ERK_0.125nM,25.7,97656
12126,G,12,G12,RECOMBINANT ERK  0.125 nM,ERK_0.125nM,25.7,97656
12126,H,1,H1,689,CTL08,25.7,Inf
12126,H,1,H1,689,CTL08,25.7,Inf
12126,H,2,H2,94,SCZ05,25.7,85490
12126,H,2,H2,94,SCZ05,25.7,85490
12126,H,3,H3,547,SCZ13,25.7,90799
12126,H,3,H3,547,SCZ13,25.7,90799
12126,H,4,H4,326,LYS01,25.7,Inf
12126,H,4,H4,326,LYS01,25.7,Inf
12126,H,5,H5,NA,EMPTY,25.7,89695
12126,H,5,H5,NA,EMPTY,25.7,89695
12126,H,6,H6,RECOMBINANT ERK 2nM + ERK INHIBITOR,ERK_2.000nM_INH,25.7,27303
12126,H,6,H6,RECOMBINANT ERK 2nM + ERK INHIBITOR,ERK_2.000nM_INH,25.7,27303
12126,H,7,H7,689,CTL08,25.7,Inf
12126,H,7,H7,689,CTL08,25.7,Inf
12126,H,8,H8,94,SCZ05,25.7,29619
12126,H,8,H8,94,SCZ05,25.7,29619
12126,H,9,H9,547,SCZ13,25.7,95640
12126,H,9,H9,547,SCZ13,25.7,95640
12126,H,10,H10,326,LYS01,25.7,Inf
12126,H,10,H10,326,LYS01,25.7,Inf
12126,H,11,H11,NA,EMPTY,25.7,22936
12126,H,11,H11,NA,EMPTY,25.7,22936
12126,H,12,H12,RECOMBINANT ERK 2nM + ERK INHIBITOR,ERK_2.000nM_INH,25.7,Inf
12126,H,12,H12,RECOMBINANT ERK 2nM + ERK INHIBITOR,ERK_2.000nM_INH,25.7,Inf
12267,A,1,A1,46,CTL01,25.7,Inf
12267,A,1,A1,46,CTL01,25.7,Inf
12267,A,2,A2,720,CTL09,25.7,Inf
12267,A,2,A2,720,CTL09,25.7,Inf
12267,A,3,A3,225,SCZ06,25.7,87992
12267,A,3,A3,225,SCZ06,25.7,87992
12267,A,4,A4,552,SCZ14,25.7,97741
12267,A,4,A4,552,SCZ14,25.7,97741
12267,A,5,A5,328,LYS02,25.7,Inf
12267,A,5,A5,328,LYS02,25.7,Inf
12267,A,6,A6,RECOMBINANT ERK  2nM,ERK_2.000nM,25.7,Inf
12267,A,6,A6,RECOMBINANT ERK  2nM,ERK_2.000nM,25.7,Inf
12267,A,7,A7,46,CTL01,25.7,Inf
12267,A,7,A7,46,CTL01,25.7,Inf
12267,A,8,A8,720,CTL09,25.7,Inf
12267,A,8,A8,720,CTL09,25.7,Inf
12267,A,9,A9,225,SCZ06,25.7,98151
12267,A,9,A9,225,SCZ06,25.7,98151
12267,A,10,A10,552,SCZ14,25.7,94488
12267,A,10,A10,552,SCZ14,25.7,94488
12267,A,11,A11,328,LYS02,25.7,Inf
12267,A,11,A11,328,LYS02,25.7,Inf
12267,A,12,A12,RECOMBINANT ERK  2nM,ERK_2.000nM,25.7,Inf
12267,A,12,A12,RECOMBINANT ERK  2nM,ERK_2.000nM,25.7,Inf
12267,B,1,B1,116,CTL02,25.7,90170
12267,B,1,B1,116,CTL02,25.7,90170
12267,B,2,B2,859,CTL10,25.7,Inf
12267,B,2,B2,859,CTL10,25.7,Inf
12267,B,3,B3,235,SCZ07,25.7,Inf
12267,B,3,B3,235,SCZ07,25.7,Inf
12267,B,4,B4,565,SCZ15,25.7,91739
12267,B,4,B4,565,SCZ15,25.7,91739
12267,B,5,B5,335,LYS03,25.7,Inf
12267,B,5,B5,335,LYS03,25.7,Inf
12267,B,6,B6,RECOMBINANT ERK 1.5 nM,ERK_1.500nM,25.7,Inf
12267,B,6,B6,RECOMBINANT ERK 1.5 nM,ERK_1.500nM,25.7,Inf
12267,B,7,B7,116,CTL02,25.7,81583
12267,B,7,B7,116,CTL02,25.7,81583
12267,B,8,B8,859,CTL10,25.7,Inf
12267,B,8,B8,859,CTL10,25.7,Inf
12267,B,9,B9,235,SCZ07,25.7,98787
12267,B,9,B9,235,SCZ07,25.7,98787
12267,B,10,B10,565,SCZ15,25.7,91564
12267,B,10,B10,565,SCZ15,25.7,91564
12267,B,11,B11,335,LYS03,25.7,Inf
12267,B,11,B11,335,LYS03,25.7,Inf
12267,B,12,B12,RECOMBINANT ERK 1.5 nM,ERK_1.500nM,25.7,Inf
12267,B,12,B12,RECOMBINANT ERK 1.5 nM,ERK_1.500nM,25.7,Inf
12267,C,1,C1,167,CTL03,25.7,Inf
12267,C,1,C1,167,CTL03,25.7,Inf
12267,C,2,C2,874,CTL11,25.7,97092
12267,C,2,C2,874,CTL11,25.7,97092
12267,C,3,C3,262,SCZ08,25.7,Inf
12267,C,3,C3,262,SCZ08,25.7,Inf
12267,C,4,C4,737,SCZ16,25.7,92095
12267,C,4,C4,737,SCZ16,25.7,92095
12267,C,5,C5,907,LYS04,25.7,Inf
12267,C,5,C5,907,LYS04,25.7,Inf
12267,C,6,C6,RECOMBINANT ERK  1 nM,ERK_1.000nM,25.7,Inf
12267,C,6,C6,RECOMBINANT ERK  1 nM,ERK_1.000nM,25.7,Inf
12267,C,7,C7,167,CTL03,25.7,Inf
12267,C,7,C7,167,CTL03,25.7,Inf
12267,C,8,C8,874,CTL11,25.7,86753
12267,C,8,C8,874,CTL11,25.7,86753
12267,C,9,C9,262,SCZ08,25.7,Inf
12267,C,9,C9,262,SCZ08,25.7,Inf
12267,C,10,C10,737,SCZ16,25.7,86327
12267,C,10,C10,737,SCZ16,25.7,86327
12267,C,11,C11,907,LYS04,25.7,Inf
12267,C,11,C11,907,LYS04,25.7,Inf
12267,C,12,C12,RECOMBINANT ERK  1 nM,ERK_1.000nM,25.7,Inf
12267,C,12,C12,RECOMBINANT ERK  1 nM,ERK_1.000nM,25.7,Inf
12267,D,1,D1,195,CTL04,25.7,76977
12267,D,1,D1,195,CTL04,25.7,76977
12267,D,2,D2,11,SCZ01,25.7,97171
12267,D,2,D2,11,SCZ01,25.7,97171
12267,D,3,D3,291,SCZ09,25.7,88237
12267,D,3,D3,291,SCZ09,25.7,88237
12267,D,4,D4,802,SCZ17,25.7,66770
12267,D,4,D4,802,SCZ17,25.7,66770
12267,D,5,D5,5000ng lysate + HI,LYS_HI,25.7,95955
12267,D,5,D5,5000ng lysate + HI,LYS_HI,25.7,95955
12267,D,6,D6,RECOMBINANT ERK  0.75 nM,ERK_0.750nM,25.7,Inf
12267,D,6,D6,RECOMBINANT ERK  0.75 nM,ERK_0.750nM,25.7,Inf
12267,D,7,D7,195,CTL04,25.7,92449
12267,D,7,D7,195,CTL04,25.7,92449
12267,D,8,D8,11,SCZ01,25.7,91357
12267,D,8,D8,11,SCZ01,25.7,91357
12267,D,9,D9,291,SCZ09,25.7,81453
12267,D,9,D9,291,SCZ09,25.7,81453
12267,D,10,D10,802,SCZ17,25.7,81278
12267,D,10,D10,802,SCZ17,25.7,81278
12267,D,11,D11,5000ng lysate + HI,LYS_HI,25.7,93517
12267,D,11,D11,5000ng lysate + HI,LYS_HI,25.7,93517
12267,D,12,D12,RECOMBINANT ERK  0.75 nM,ERK_0.750nM,25.7,Inf
12267,D,12,D12,RECOMBINANT ERK  0.75 nM,ERK_0.750nM,25.7,Inf
12267,E,1,E1,223,CTL05,25.7,Inf
12267,E,1,E1,223,CTL05,25.7,Inf
12267,E,2,E2,22,SCZ02,25.7,Inf
12267,E,2,E2,22,SCZ02,25.7,Inf
12267,E,3,E3,329,SCZ10,25.7,Inf
12267,E,3,E3,329,SCZ10,25.7,Inf
12267,E,4,E4,930,SCZ18,25.7,76294
12267,E,4,E4,930,SCZ18,25.7,76294
12267,E,5,E5,5000ng lysate +ERK INHIBITOR,LYS_INH,25.7,85839
12267,E,5,E5,5000ng lysate +ERK INHIBITOR,LYS_INH,25.7,85839
12267,E,6,E6,RECOMBINANT ERK 0.5 nM,ERK_0.500nM,25.7,Inf
12267,E,6,E6,RECOMBINANT ERK 0.5 nM,ERK_0.500nM,25.7,Inf
12267,E,7,E7,223,CTL05,25.7,Inf
12267,E,7,E7,223,CTL05,25.7,Inf
12267,E,8,E8,22,SCZ02,25.7,Inf
12267,E,8,E8,22,SCZ02,25.7,Inf
12267,E,9,E9,329,SCZ10,25.7,Inf
12267,E,9,E9,329,SCZ10,25.7,Inf
12267,E,10,E10,930,SCZ18,25.7,79587
12267,E,10,E10,930,SCZ18,25.7,79587
12267,E,11,E11,5000ng lysate +ERK INHIBITOR,LYS_INH,25.7,88577
12267,E,11,E11,5000ng lysate +ERK INHIBITOR,LYS_INH,25.7,88577
12267,E,12,E12,RECOMBINANT ERK 0.5 nM,ERK_0.500nM,25.7,Inf
12267,E,12,E12,RECOMBINANT ERK 0.5 nM,ERK_0.500nM,25.7,Inf
12267,F,1,F1,524,CTL06,25.7,Inf
12267,F,1,F1,524,CTL06,25.7,Inf
12267,F,2,F2,29,SCZ03,25.7,Inf
12267,F,2,F2,29,SCZ03,25.7,Inf
12267,F,3,F3,446,SCZ11,25.7,Inf
12267,F,3,F3,446,SCZ11,25.7,Inf
12267,F,4,F4,931,SCZ19,25.7,84593
12267,F,4,F4,931,SCZ19,25.7,84593
12267,F,5,F5,"BLANK- Master Mix, no lysate",BLNK,25.7,84757
12267,F,5,F5,"BLANK- Master Mix, no lysate",BLNK,25.7,84757
12267,F,6,F6,RECOMBINANT ERK  0.25 nM,ERK_0.250nM,25.7,Inf
12267,F,6,F6,RECOMBINANT ERK  0.25 nM,ERK_0.250nM,25.7,Inf
12267,F,7,F7,524,CTL06,25.7,Inf
12267,F,7,F7,524,CTL06,25.7,Inf
12267,F,8,F8,29,SCZ03,25.7,Inf
12267,F,8,F8,29,SCZ03,25.7,Inf
12267,F,9,F9,446,SCZ11,25.7,75581
12267,F,9,F9,446,SCZ11,25.7,75581
12267,F,10,F10,931,SCZ19,25.7,83899
12267,F,10,F10,931,SCZ19,25.7,83899
12267,F,11,F11,"BLANK- Master Mix, no lysate",BLNK,25.7,85483
12267,F,11,F11,"BLANK- Master Mix, no lysate",BLNK,25.7,85483
12267,F,12,F12,RECOMBINANT ERK  0.25 nM,ERK_0.250nM,25.7,96912
12267,F,12,F12,RECOMBINANT ERK  0.25 nM,ERK_0.250nM,25.7,96912
12267,G,1,G1,661,CTL07,25.7,87555
12267,G,1,G1,661,CTL07,25.7,87555
12267,G,2,G2,69,SCZ04,25.7,Inf
12267,G,2,G2,69,SCZ04,25.7,Inf
12267,G,3,G3,510,SCZ12,25.7,Inf
12267,G,3,G3,510,SCZ12,25.7,Inf
12267,G,4,G4,932,SCZ20,25.7,90355
12267,G,4,G4,932,SCZ20,25.7,90355
12267,G,5,G5,"BLANK- Master Mix, lysate, no reporter",BLNK_LYS,25.7,23195
12267,G,5,G5,"BLANK- Master Mix, lysate, no reporter",BLNK_LYS,25.7,23195
12267,G,6,G6,RECOMBINANT ERK  0.125 nM,ERK_0.125nM,25.7,Inf
12267,G,6,G6,RECOMBINANT ERK  0.125 nM,ERK_0.125nM,25.7,Inf
12267,G,7,G7,661,CTL07,25.7,82143
12267,G,7,G7,661,CTL07,25.7,82143
12267,G,8,G8,69,SCZ04,25.7,Inf
12267,G,8,G8,69,SCZ04,25.7,Inf
12267,G,9,G9,510,SCZ12,25.7,Inf
12267,G,9,G9,510,SCZ12,25.7,Inf
12267,G,10,G10,932,SCZ20,25.7,88282
12267,G,10,G10,932,SCZ20,25.7,88282
12267,G,11,G11,"BLANK- Master Mix, lysate, no reporter",BLNK_LYS,25.7,23756
12267,G,11,G11,"BLANK- Master Mix, lysate, no reporter",BLNK_LYS,25.7,23756
12267,G,12,G12,RECOMBINANT ERK  0.125 nM,ERK_0.125nM,25.7,97171
12267,G,12,G12,RECOMBINANT ERK  0.125 nM,ERK_0.125nM,25.7,97171
12267,H,1,H1,689,CTL08,25.7,Inf
12267,H,1,H1,689,CTL08,25.7,Inf
12267,H,2,H2,94,SCZ05,25.7,85824
12267,H,2,H2,94,SCZ05,25.7,85824
12267,H,3,H3,547,SCZ13,25.7,90662
12267,H,3,H3,547,SCZ13,25.7,90662
12267,H,4,H4,326,LYS01,25.7,Inf
12267,H,4,H4,326,LYS01,25.7,Inf
12267,H,5,H5,NA,EMPTY,25.7,89167
12267,H,5,H5,NA,EMPTY,25.7,89167
12267,H,6,H6,RECOMBINANT ERK 2nM + ERK INHIBITOR,ERK_2.000nM_INH,25.7,27155
12267,H,6,H6,RECOMBINANT ERK 2nM + ERK INHIBITOR,ERK_2.000nM_INH,25.7,27155
12267,H,7,H7,689,CTL08,25.7,Inf
12267,H,7,H7,689,CTL08,25.7,Inf
12267,H,8,H8,94,SCZ05,25.7,29882
12267,H,8,H8,94,SCZ05,25.7,29882
12267,H,9,H9,547,SCZ13,25.7,95407
12267,H,9,H9,547,SCZ13,25.7,95407
12267,H,10,H10,326,LYS01,25.7,Inf
12267,H,10,H10,326,LYS01,25.7,Inf
12267,H,11,H11,NA,EMPTY,25.7,22408
12267,H,11,H11,NA,EMPTY,25.7,22408
12267,H,12,H12,RECOMBINANT ERK 2nM + ERK INHIBITOR,ERK_2.000nM_INH,25.7,Inf
12267,H,12,H12,RECOMBINANT ERK 2nM + ERK INHIBITOR,ERK_2.000nM_INH,25.7,Inf
12408,A,1,A1,46,CTL01,25.7,Inf
12408,A,1,A1,46,CTL01,25.7,Inf
12408,A,2,A2,720,CTL09,25.7,Inf
12408,A,2,A2,720,CTL09,25.7,Inf
12408,A,3,A3,225,SCZ06,25.7,88466
12408,A,3,A3,225,SCZ06,25.7,88466
12408,A,4,A4,552,SCZ14,25.7,97140
12408,A,4,A4,552,SCZ14,25.7,97140
12408,A,5,A5,328,LYS02,25.7,Inf
12408,A,5,A5,328,LYS02,25.7,Inf
12408,A,6,A6,RECOMBINANT ERK  2nM,ERK_2.000nM,25.7,Inf
12408,A,6,A6,RECOMBINANT ERK  2nM,ERK_2.000nM,25.7,Inf
12408,A,7,A7,46,CTL01,25.7,Inf
12408,A,7,A7,46,CTL01,25.7,Inf
12408,A,8,A8,720,CTL09,25.7,Inf
12408,A,8,A8,720,CTL09,25.7,Inf
12408,A,9,A9,225,SCZ06,25.7,98069
12408,A,9,A9,225,SCZ06,25.7,98069
12408,A,10,A10,552,SCZ14,25.7,95352
12408,A,10,A10,552,SCZ14,25.7,95352
12408,A,11,A11,328,LYS02,25.7,Inf
12408,A,11,A11,328,LYS02,25.7,Inf
12408,A,12,A12,RECOMBINANT ERK  2nM,ERK_2.000nM,25.7,Inf
12408,A,12,A12,RECOMBINANT ERK  2nM,ERK_2.000nM,25.7,Inf
12408,B,1,B1,116,CTL02,25.7,90061
12408,B,1,B1,116,CTL02,25.7,90061
12408,B,2,B2,859,CTL10,25.7,Inf
12408,B,2,B2,859,CTL10,25.7,Inf
12408,B,3,B3,235,SCZ07,25.7,Inf
12408,B,3,B3,235,SCZ07,25.7,Inf
12408,B,4,B4,565,SCZ15,25.7,91739
12408,B,4,B4,565,SCZ15,25.7,91739
12408,B,5,B5,335,LYS03,25.7,Inf
12408,B,5,B5,335,LYS03,25.7,Inf
12408,B,6,B6,RECOMBINANT ERK 1.5 nM,ERK_1.500nM,25.7,Inf
12408,B,6,B6,RECOMBINANT ERK 1.5 nM,ERK_1.500nM,25.7,Inf
12408,B,7,B7,116,CTL02,25.7,82473
12408,B,7,B7,116,CTL02,25.7,82473
12408,B,8,B8,859,CTL10,25.7,Inf
12408,B,8,B8,859,CTL10,25.7,Inf
12408,B,9,B9,235,SCZ07,25.7,97737
12408,B,9,B9,235,SCZ07,25.7,97737
12408,B,10,B10,565,SCZ15,25.7,91638
12408,B,10,B10,565,SCZ15,25.7,91638
12408,B,11,B11,335,LYS03,25.7,Inf
12408,B,11,B11,335,LYS03,25.7,Inf
12408,B,12,B12,RECOMBINANT ERK 1.5 nM,ERK_1.500nM,25.7,Inf
12408,B,12,B12,RECOMBINANT ERK 1.5 nM,ERK_1.500nM,25.7,Inf
12408,C,1,C1,167,CTL03,25.7,Inf
12408,C,1,C1,167,CTL03,25.7,Inf
12408,C,2,C2,874,CTL11,25.7,97017
12408,C,2,C2,874,CTL11,25.7,97017
12408,C,3,C3,262,SCZ08,25.7,Inf
12408,C,3,C3,262,SCZ08,25.7,Inf
12408,C,4,C4,737,SCZ16,25.7,91977
12408,C,4,C4,737,SCZ16,25.7,91977
12408,C,5,C5,907,LYS04,25.7,Inf
12408,C,5,C5,907,LYS04,25.7,Inf
12408,C,6,C6,RECOMBINANT ERK  1 nM,ERK_1.000nM,25.7,Inf
12408,C,6,C6,RECOMBINANT ERK  1 nM,ERK_1.000nM,25.7,Inf
12408,C,7,C7,167,CTL03,25.7,Inf
12408,C,7,C7,167,CTL03,25.7,Inf
12408,C,8,C8,874,CTL11,25.7,87208
12408,C,8,C8,874,CTL11,25.7,87208
12408,C,9,C9,262,SCZ08,25.7,Inf
12408,C,9,C9,262,SCZ08,25.7,Inf
12408,C,10,C10,737,SCZ16,25.7,86745
12408,C,10,C10,737,SCZ16,25.7,86745
12408,C,11,C11,907,LYS04,25.7,Inf
12408,C,11,C11,907,LYS04,25.7,Inf
12408,C,12,C12,RECOMBINANT ERK  1 nM,ERK_1.000nM,25.7,Inf
12408,C,12,C12,RECOMBINANT ERK  1 nM,ERK_1.000nM,25.7,Inf
12408,D,1,D1,195,CTL04,25.7,77242
12408,D,1,D1,195,CTL04,25.7,77242
12408,D,2,D2,11,SCZ01,25.7,97798
12408,D,2,D2,11,SCZ01,25.7,97798
12408,D,3,D3,291,SCZ09,25.7,87507
12408,D,3,D3,291,SCZ09,25.7,87507
12408,D,4,D4,802,SCZ17,25.7,67349
12408,D,4,D4,802,SCZ17,25.7,67349
12408,D,5,D5,5000ng lysate + HI,LYS_HI,25.7,96570
12408,D,5,D5,5000ng lysate + HI,LYS_HI,25.7,96570
12408,D,6,D6,RECOMBINANT ERK  0.75 nM,ERK_0.750nM,25.7,Inf
12408,D,6,D6,RECOMBINANT ERK  0.75 nM,ERK_0.750nM,25.7,Inf
12408,D,7,D7,195,CTL04,25.7,92414
12408,D,7,D7,195,CTL04,25.7,92414
12408,D,8,D8,11,SCZ01,25.7,89965
12408,D,8,D8,11,SCZ01,25.7,89965
12408,D,9,D9,291,SCZ09,25.7,81591
12408,D,9,D9,291,SCZ09,25.7,81591
12408,D,10,D10,802,SCZ17,25.7,80914
12408,D,10,D10,802,SCZ17,25.7,80914
12408,D,11,D11,5000ng lysate + HI,LYS_HI,25.7,94351
12408,D,11,D11,5000ng lysate + HI,LYS_HI,25.7,94351
12408,D,12,D12,RECOMBINANT ERK  0.75 nM,ERK_0.750nM,25.7,Inf
12408,D,12,D12,RECOMBINANT ERK  0.75 nM,ERK_0.750nM,25.7,Inf
12408,E,1,E1,223,CTL05,25.7,Inf
12408,E,1,E1,223,CTL05,25.7,Inf
12408,E,2,E2,22,SCZ02,25.7,Inf
12408,E,2,E2,22,SCZ02,25.7,Inf
12408,E,3,E3,329,SCZ10,25.7,Inf
12408,E,3,E3,329,SCZ10,25.7,Inf
12408,E,4,E4,930,SCZ18,25.7,76981
12408,E,4,E4,930,SCZ18,25.7,76981
12408,E,5,E5,5000ng lysate +ERK INHIBITOR,LYS_INH,25.7,87119
12408,E,5,E5,5000ng lysate +ERK INHIBITOR,LYS_INH,25.7,87119
12408,E,6,E6,RECOMBINANT ERK 0.5 nM,ERK_0.500nM,25.7,Inf
12408,E,6,E6,RECOMBINANT ERK 0.5 nM,ERK_0.500nM,25.7,Inf
12408,E,7,E7,223,CTL05,25.7,Inf
12408,E,7,E7,223,CTL05,25.7,Inf
12408,E,8,E8,22,SCZ02,25.7,Inf
12408,E,8,E8,22,SCZ02,25.7,Inf
12408,E,9,E9,329,SCZ10,25.7,Inf
12408,E,9,E9,329,SCZ10,25.7,Inf
12408,E,10,E10,930,SCZ18,25.7,80473
12408,E,10,E10,930,SCZ18,25.7,80473
12408,E,11,E11,5000ng lysate +ERK INHIBITOR,LYS_INH,25.7,88296
12408,E,11,E11,5000ng lysate +ERK INHIBITOR,LYS_INH,25.7,88296
12408,E,12,E12,RECOMBINANT ERK 0.5 nM,ERK_0.500nM,25.7,Inf
12408,E,12,E12,RECOMBINANT ERK 0.5 nM,ERK_0.500nM,25.7,Inf
12408,F,1,F1,524,CTL06,25.7,Inf
12408,F,1,F1,524,CTL06,25.7,Inf
12408,F,2,F2,29,SCZ03,25.7,Inf
12408,F,2,F2,29,SCZ03,25.7,Inf
12408,F,3,F3,446,SCZ11,25.7,Inf
12408,F,3,F3,446,SCZ11,25.7,Inf
12408,F,4,F4,931,SCZ19,25.7,84760
12408,F,4,F4,931,SCZ19,25.7,84760
12408,F,5,F5,"BLANK- Master Mix, no lysate",BLNK,25.7,85538
12408,F,5,F5,"BLANK- Master Mix, no lysate",BLNK,25.7,85538
12408,F,6,F6,RECOMBINANT ERK  0.25 nM,ERK_0.250nM,25.7,Inf
12408,F,6,F6,RECOMBINANT ERK  0.25 nM,ERK_0.250nM,25.7,Inf
12408,F,7,F7,524,CTL06,25.7,Inf
12408,F,7,F7,524,CTL06,25.7,Inf
12408,F,8,F8,29,SCZ03,25.7,Inf
12408,F,8,F8,29,SCZ03,25.7,Inf
12408,F,9,F9,446,SCZ11,25.7,75343
12408,F,9,F9,446,SCZ11,25.7,75343
12408,F,10,F10,931,SCZ19,25.7,83661
12408,F,10,F10,931,SCZ19,25.7,83661
12408,F,11,F11,"BLANK- Master Mix, no lysate",BLNK,25.7,86416
12408,F,11,F11,"BLANK- Master Mix, no lysate",BLNK,25.7,86416
12408,F,12,F12,RECOMBINANT ERK  0.25 nM,ERK_0.250nM,25.7,97203
12408,F,12,F12,RECOMBINANT ERK  0.25 nM,ERK_0.250nM,25.7,97203
12408,G,1,G1,661,CTL07,25.7,87514
12408,G,1,G1,661,CTL07,25.7,87514
12408,G,2,G2,69,SCZ04,25.7,Inf
12408,G,2,G2,69,SCZ04,25.7,Inf
12408,G,3,G3,510,SCZ12,25.7,Inf
12408,G,3,G3,510,SCZ12,25.7,Inf
12408,G,4,G4,932,SCZ20,25.7,90460
12408,G,4,G4,932,SCZ20,25.7,90460
12408,G,5,G5,"BLANK- Master Mix, lysate, no reporter",BLNK_LYS,25.7,23058
12408,G,5,G5,"BLANK- Master Mix, lysate, no reporter",BLNK_LYS,25.7,23058
12408,G,6,G6,RECOMBINANT ERK  0.125 nM,ERK_0.125nM,25.7,Inf
12408,G,6,G6,RECOMBINANT ERK  0.125 nM,ERK_0.125nM,25.7,Inf
12408,G,7,G7,661,CTL07,25.7,83422
12408,G,7,G7,661,CTL07,25.7,83422
12408,G,8,G8,69,SCZ04,25.7,Inf
12408,G,8,G8,69,SCZ04,25.7,Inf
12408,G,9,G9,510,SCZ12,25.7,Inf
12408,G,9,G9,510,SCZ12,25.7,Inf
12408,G,10,G10,932,SCZ20,25.7,89509
12408,G,10,G10,932,SCZ20,25.7,89509
12408,G,11,G11,"BLANK- Master Mix, lysate, no reporter",BLNK_LYS,25.7,24175
12408,G,11,G11,"BLANK- Master Mix, lysate, no reporter",BLNK_LYS,25.7,24175
12408,G,12,G12,RECOMBINANT ERK  0.125 nM,ERK_0.125nM,25.7,96874
12408,G,12,G12,RECOMBINANT ERK  0.125 nM,ERK_0.125nM,25.7,96874
12408,H,1,H1,689,CTL08,25.7,Inf
12408,H,1,H1,689,CTL08,25.7,Inf
12408,H,2,H2,94,SCZ05,25.7,85533
12408,H,2,H2,94,SCZ05,25.7,85533
12408,H,3,H3,547,SCZ13,25.7,91174
12408,H,3,H3,547,SCZ13,25.7,91174
12408,H,4,H4,326,LYS01,25.7,Inf
12408,H,4,H4,326,LYS01,25.7,Inf
12408,H,5,H5,NA,EMPTY,25.7,90049
12408,H,5,H5,NA,EMPTY,25.7,90049
12408,H,6,H6,RECOMBINANT ERK 2nM + ERK INHIBITOR,ERK_2.000nM_INH,25.7,27229
12408,H,6,H6,RECOMBINANT ERK 2nM + ERK INHIBITOR,ERK_2.000nM_INH,25.7,27229
12408,H,7,H7,689,CTL08,25.7,Inf
12408,H,7,H7,689,CTL08,25.7,Inf
12408,H,8,H8,94,SCZ05,25.7,29574
12408,H,8,H8,94,SCZ05,25.7,29574
12408,H,9,H9,547,SCZ13,25.7,95413
12408,H,9,H9,547,SCZ13,25.7,95413
12408,H,10,H10,326,LYS01,25.7,Inf
12408,H,10,H10,326,LYS01,25.7,Inf
12408,H,11,H11,NA,EMPTY,25.7,22896
12408,H,11,H11,NA,EMPTY,25.7,22896
12408,H,12,H12,RECOMBINANT ERK 2nM + ERK INHIBITOR,ERK_2.000nM_INH,25.7,Inf
12408,H,12,H12,RECOMBINANT ERK 2nM + ERK INHIBITOR,ERK_2.000nM_INH,25.7,Inf
12549,A,1,A1,46,CTL01,25.7,Inf
12549,A,1,A1,46,CTL01,25.7,Inf
12549,A,2,A2,720,CTL09,25.7,Inf
12549,A,2,A2,720,CTL09,25.7,Inf
12549,A,3,A3,225,SCZ06,25.7,89412
12549,A,3,A3,225,SCZ06,25.7,89412
12549,A,4,A4,552,SCZ14,25.7,97462
12549,A,4,A4,552,SCZ14,25.7,97462
12549,A,5,A5,328,LYS02,25.7,Inf
12549,A,5,A5,328,LYS02,25.7,Inf
12549,A,6,A6,RECOMBINANT ERK  2nM,ERK_2.000nM,25.7,Inf
12549,A,6,A6,RECOMBINANT ERK  2nM,ERK_2.000nM,25.7,Inf
12549,A,7,A7,46,CTL01,25.7,Inf
12549,A,7,A7,46,CTL01,25.7,Inf
12549,A,8,A8,720,CTL09,25.7,Inf
12549,A,8,A8,720,CTL09,25.7,Inf
12549,A,9,A9,225,SCZ06,25.7,99181
12549,A,9,A9,225,SCZ06,25.7,99181
12549,A,10,A10,552,SCZ14,25.7,95657
12549,A,10,A10,552,SCZ14,25.7,95657
12549,A,11,A11,328,LYS02,25.7,Inf
12549,A,11,A11,328,LYS02,25.7,Inf
12549,A,12,A12,RECOMBINANT ERK  2nM,ERK_2.000nM,25.7,Inf
12549,A,12,A12,RECOMBINANT ERK  2nM,ERK_2.000nM,25.7,Inf
12549,B,1,B1,116,CTL02,25.7,90806
12549,B,1,B1,116,CTL02,25.7,90806
12549,B,2,B2,859,CTL10,25.7,Inf
12549,B,2,B2,859,CTL10,25.7,Inf
12549,B,3,B3,235,SCZ07,25.7,Inf
12549,B,3,B3,235,SCZ07,25.7,Inf
12549,B,4,B4,565,SCZ15,25.7,91835
12549,B,4,B4,565,SCZ15,25.7,91835
12549,B,5,B5,335,LYS03,25.7,Inf
12549,B,5,B5,335,LYS03,25.7,Inf
12549,B,6,B6,RECOMBINANT ERK 1.5 nM,ERK_1.500nM,25.7,Inf
12549,B,6,B6,RECOMBINANT ERK 1.5 nM,ERK_1.500nM,25.7,Inf
12549,B,7,B7,116,CTL02,25.7,82905
12549,B,7,B7,116,CTL02,25.7,82905
12549,B,8,B8,859,CTL10,25.7,Inf
12549,B,8,B8,859,CTL10,25.7,Inf
12549,B,9,B9,235,SCZ07,25.7,98249
12549,B,9,B9,235,SCZ07,25.7,98249
12549,B,10,B10,565,SCZ15,25.7,91966
12549,B,10,B10,565,SCZ15,25.7,91966
12549,B,11,B11,335,LYS03,25.7,Inf
12549,B,11,B11,335,LYS03,25.7,Inf
12549,B,12,B12,RECOMBINANT ERK 1.5 nM,ERK_1.500nM,25.7,Inf
12549,B,12,B12,RECOMBINANT ERK 1.5 nM,ERK_1.500nM,25.7,Inf
12549,C,1,C1,167,CTL03,25.7,Inf
12549,C,1,C1,167,CTL03,25.7,Inf
12549,C,2,C2,874,CTL11,25.7,98148
12549,C,2,C2,874,CTL11,25.7,98148
12549,C,3,C3,262,SCZ08,25.7,Inf
12549,C,3,C3,262,SCZ08,25.7,Inf
12549,C,4,C4,737,SCZ16,25.7,91583
12549,C,4,C4,737,SCZ16,25.7,91583
12549,C,5,C5,907,LYS04,25.7,Inf
12549,C,5,C5,907,LYS04,25.7,Inf
12549,C,6,C6,RECOMBINANT ERK  1 nM,ERK_1.000nM,25.7,Inf
12549,C,6,C6,RECOMBINANT ERK  1 nM,ERK_1.000nM,25.7,Inf
12549,C,7,C7,167,CTL03,25.7,Inf
12549,C,7,C7,167,CTL03,25.7,Inf
12549,C,8,C8,874,CTL11,25.7,87840
12549,C,8,C8,874,CTL11,25.7,87840
12549,C,9,C9,262,SCZ08,25.7,Inf
12549,C,9,C9,262,SCZ08,25.7,Inf
12549,C,10,C10,737,SCZ16,25.7,86606
12549,C,10,C10,737,SCZ16,25.7,86606
12549,C,11,C11,907,LYS04,25.7,Inf
12549,C,11,C11,907,LYS04,25.7,Inf
12549,C,12,C12,RECOMBINANT ERK  1 nM,ERK_1.000nM,25.7,Inf
12549,C,12,C12,RECOMBINANT ERK  1 nM,ERK_1.000nM,25.7,Inf
12549,D,1,D1,195,CTL04,25.7,76638
12549,D,1,D1,195,CTL04,25.7,76638
12549,D,2,D2,11,SCZ01,25.7,97547
12549,D,2,D2,11,SCZ01,25.7,97547
12549,D,3,D3,291,SCZ09,25.7,88280
12549,D,3,D3,291,SCZ09,25.7,88280
12549,D,4,D4,802,SCZ17,25.7,67472
12549,D,4,D4,802,SCZ17,25.7,67472
12549,D,5,D5,5000ng lysate + HI,LYS_HI,25.7,96925
12549,D,5,D5,5000ng lysate + HI,LYS_HI,25.7,96925
12549,D,6,D6,RECOMBINANT ERK  0.75 nM,ERK_0.750nM,25.7,Inf
12549,D,6,D6,RECOMBINANT ERK  0.75 nM,ERK_0.750nM,25.7,Inf
12549,D,7,D7,195,CTL04,25.7,92432
12549,D,7,D7,195,CTL04,25.7,92432
12549,D,8,D8,11,SCZ01,25.7,90759
12549,D,8,D8,11,SCZ01,25.7,90759
12549,D,9,D9,291,SCZ09,25.7,81718
12549,D,9,D9,291,SCZ09,25.7,81718
12549,D,10,D10,802,SCZ17,25.7,81457
12549,D,10,D10,802,SCZ17,25.7,81457
12549,D,11,D11,5000ng lysate + HI,LYS_HI,25.7,93871
12549,D,11,D11,5000ng lysate + HI,LYS_HI,25.7,93871
12549,D,12,D12,RECOMBINANT ERK  0.75 nM,ERK_0.750nM,25.7,Inf
12549,D,12,D12,RECOMBINANT ERK  0.75 nM,ERK_0.750nM,25.7,Inf
12549,E,1,E1,223,CTL05,25.7,Inf
12549,E,1,E1,223,CTL05,25.7,Inf
12549,E,2,E2,22,SCZ02,25.7,Inf
12549,E,2,E2,22,SCZ02,25.7,Inf
12549,E,3,E3,329,SCZ10,25.7,Inf
12549,E,3,E3,329,SCZ10,25.7,Inf
12549,E,4,E4,930,SCZ18,25.7,76880
12549,E,4,E4,930,SCZ18,25.7,76880
12549,E,5,E5,5000ng lysate +ERK INHIBITOR,LYS_INH,25.7,86918
12549,E,5,E5,5000ng lysate +ERK INHIBITOR,LYS_INH,25.7,86918
12549,E,6,E6,RECOMBINANT ERK 0.5 nM,ERK_0.500nM,25.7,Inf
12549,E,6,E6,RECOMBINANT ERK 0.5 nM,ERK_0.500nM,25.7,Inf
12549,E,7,E7,223,CTL05,25.7,Inf
12549,E,7,E7,223,CTL05,25.7,Inf
12549,E,8,E8,22,SCZ02,25.7,Inf
12549,E,8,E8,22,SCZ02,25.7,Inf
12549,E,9,E9,329,SCZ10,25.7,Inf
12549,E,9,E9,329,SCZ10,25.7,Inf
12549,E,10,E10,930,SCZ18,25.7,80814
12549,E,10,E10,930,SCZ18,25.7,80814
12549,E,11,E11,5000ng lysate +ERK INHIBITOR,LYS_INH,25.7,88192
12549,E,11,E11,5000ng lysate +ERK INHIBITOR,LYS_INH,25.7,88192
12549,E,12,E12,RECOMBINANT ERK 0.5 nM,ERK_0.500nM,25.7,Inf
12549,E,12,E12,RECOMBINANT ERK 0.5 nM,ERK_0.500nM,25.7,Inf
12549,F,1,F1,524,CTL06,25.7,Inf
12549,F,1,F1,524,CTL06,25.7,Inf
12549,F,2,F2,29,SCZ03,25.7,Inf
12549,F,2,F2,29,SCZ03,25.7,Inf
12549,F,3,F3,446,SCZ11,25.7,Inf
12549,F,3,F3,446,SCZ11,25.7,Inf
12549,F,4,F4,931,SCZ19,25.7,84569
12549,F,4,F4,931,SCZ19,25.7,84569
12549,F,5,F5,"BLANK- Master Mix, no lysate",BLNK,25.7,84905
12549,F,5,F5,"BLANK- Master Mix, no lysate",BLNK,25.7,84905
12549,F,6,F6,RECOMBINANT ERK  0.25 nM,ERK_0.250nM,25.7,Inf
12549,F,6,F6,RECOMBINANT ERK  0.25 nM,ERK_0.250nM,25.7,Inf
12549,F,7,F7,524,CTL06,25.7,Inf
12549,F,7,F7,524,CTL06,25.7,Inf
12549,F,8,F8,29,SCZ03,25.7,Inf
12549,F,8,F8,29,SCZ03,25.7,Inf
12549,F,9,F9,446,SCZ11,25.7,75726
12549,F,9,F9,446,SCZ11,25.7,75726
12549,F,10,F10,931,SCZ19,25.7,83785
12549,F,10,F10,931,SCZ19,25.7,83785
12549,F,11,F11,"BLANK- Master Mix, no lysate",BLNK,25.7,85522
12549,F,11,F11,"BLANK- Master Mix, no lysate",BLNK,25.7,85522
12549,F,12,F12,RECOMBINANT ERK  0.25 nM,ERK_0.250nM,25.7,97850
12549,F,12,F12,RECOMBINANT ERK  0.25 nM,ERK_0.250nM,25.7,97850
12549,G,1,G1,661,CTL07,25.7,87626
12549,G,1,G1,661,CTL07,25.7,87626
12549,G,2,G2,69,SCZ04,25.7,Inf
12549,G,2,G2,69,SCZ04,25.7,Inf
12549,G,3,G3,510,SCZ12,25.7,Inf
12549,G,3,G3,510,SCZ12,25.7,Inf
12549,G,4,G4,932,SCZ20,25.7,91300
12549,G,4,G4,932,SCZ20,25.7,91300
12549,G,5,G5,"BLANK- Master Mix, lysate, no reporter",BLNK_LYS,25.7,23181
12549,G,5,G5,"BLANK- Master Mix, lysate, no reporter",BLNK_LYS,25.7,23181
12549,G,6,G6,RECOMBINANT ERK  0.125 nM,ERK_0.125nM,25.7,Inf
12549,G,6,G6,RECOMBINANT ERK  0.125 nM,ERK_0.125nM,25.7,Inf
12549,G,7,G7,661,CTL07,25.7,82768
12549,G,7,G7,661,CTL07,25.7,82768
12549,G,8,G8,69,SCZ04,25.7,Inf
12549,G,8,G8,69,SCZ04,25.7,Inf
12549,G,9,G9,510,SCZ12,25.7,Inf
12549,G,9,G9,510,SCZ12,25.7,Inf
12549,G,10,G10,932,SCZ20,25.7,89502
12549,G,10,G10,932,SCZ20,25.7,89502
12549,G,11,G11,"BLANK- Master Mix, lysate, no reporter",BLNK_LYS,25.7,23782
12549,G,11,G11,"BLANK- Master Mix, lysate, no reporter",BLNK_LYS,25.7,23782
12549,G,12,G12,RECOMBINANT ERK  0.125 nM,ERK_0.125nM,25.7,97233
12549,G,12,G12,RECOMBINANT ERK  0.125 nM,ERK_0.125nM,25.7,97233
12549,H,1,H1,689,CTL08,25.7,Inf
12549,H,1,H1,689,CTL08,25.7,Inf
12549,H,2,H2,94,SCZ05,25.7,86077
12549,H,2,H2,94,SCZ05,25.7,86077
12549,H,3,H3,547,SCZ13,25.7,91418
12549,H,3,H3,547,SCZ13,25.7,91418
12549,H,4,H4,326,LYS01,25.7,Inf
12549,H,4,H4,326,LYS01,25.7,Inf
12549,H,5,H5,NA,EMPTY,25.7,89058
12549,H,5,H5,NA,EMPTY,25.7,89058
12549,H,6,H6,RECOMBINANT ERK 2nM + ERK INHIBITOR,ERK_2.000nM_INH,25.7,27274
12549,H,6,H6,RECOMBINANT ERK 2nM + ERK INHIBITOR,ERK_2.000nM_INH,25.7,27274
12549,H,7,H7,689,CTL08,25.7,Inf
12549,H,7,H7,689,CTL08,25.7,Inf
12549,H,8,H8,94,SCZ05,25.7,29946
12549,H,8,H8,94,SCZ05,25.7,29946
12549,H,9,H9,547,SCZ13,25.7,95458
12549,H,9,H9,547,SCZ13,25.7,95458
12549,H,10,H10,326,LYS01,25.7,Inf
12549,H,10,H10,326,LYS01,25.7,Inf
12549,H,11,H11,NA,EMPTY,25.7,22613
12549,H,11,H11,NA,EMPTY,25.7,22613
12549,H,12,H12,RECOMBINANT ERK 2nM + ERK INHIBITOR,ERK_2.000nM_INH,25.7,Inf
12549,H,12,H12,RECOMBINANT ERK 2nM + ERK INHIBITOR,ERK_2.000nM_INH,25.7,Inf
12690,A,1,A1,46,CTL01,25.7,Inf
12690,A,1,A1,46,CTL01,25.7,Inf
12690,A,2,A2,720,CTL09,25.7,Inf
12690,A,2,A2,720,CTL09,25.7,Inf
12690,A,3,A3,225,SCZ06,25.7,88869
12690,A,3,A3,225,SCZ06,25.7,88869
12690,A,4,A4,552,SCZ14,25.7,97761
12690,A,4,A4,552,SCZ14,25.7,97761
12690,A,5,A5,328,LYS02,25.7,Inf
12690,A,5,A5,328,LYS02,25.7,Inf
12690,A,6,A6,RECOMBINANT ERK  2nM,ERK_2.000nM,25.7,Inf
12690,A,6,A6,RECOMBINANT ERK  2nM,ERK_2.000nM,25.7,Inf
12690,A,7,A7,46,CTL01,25.7,Inf
12690,A,7,A7,46,CTL01,25.7,Inf
12690,A,8,A8,720,CTL09,25.7,Inf
12690,A,8,A8,720,CTL09,25.7,Inf
12690,A,9,A9,225,SCZ06,25.7,99147
12690,A,9,A9,225,SCZ06,25.7,99147
12690,A,10,A10,552,SCZ14,25.7,96369
12690,A,10,A10,552,SCZ14,25.7,96369
12690,A,11,A11,328,LYS02,25.7,Inf
12690,A,11,A11,328,LYS02,25.7,Inf
12690,A,12,A12,RECOMBINANT ERK  2nM,ERK_2.000nM,25.7,Inf
12690,A,12,A12,RECOMBINANT ERK  2nM,ERK_2.000nM,25.7,Inf
12690,B,1,B1,116,CTL02,25.7,90707
12690,B,1,B1,116,CTL02,25.7,90707
12690,B,2,B2,859,CTL10,25.7,Inf
12690,B,2,B2,859,CTL10,25.7,Inf
12690,B,3,B3,235,SCZ07,25.7,Inf
12690,B,3,B3,235,SCZ07,25.7,Inf
12690,B,4,B4,565,SCZ15,25.7,90892
12690,B,4,B4,565,SCZ15,25.7,90892
12690,B,5,B5,335,LYS03,25.7,Inf
12690,B,5,B5,335,LYS03,25.7,Inf
12690,B,6,B6,RECOMBINANT ERK 1.5 nM,ERK_1.500nM,25.7,Inf
12690,B,6,B6,RECOMBINANT ERK 1.5 nM,ERK_1.500nM,25.7,Inf
12690,B,7,B7,116,CTL02,25.7,82401
12690,B,7,B7,116,CTL02,25.7,82401
12690,B,8,B8,859,CTL10,25.7,Inf
12690,B,8,B8,859,CTL10,25.7,Inf
12690,B,9,B9,235,SCZ07,25.7,97692
12690,B,9,B9,235,SCZ07,25.7,97692
12690,B,10,B10,565,SCZ15,25.7,91821
12690,B,10,B10,565,SCZ15,25.7,91821
12690,B,11,B11,335,LYS03,25.7,Inf
12690,B,11,B11,335,LYS03,25.7,Inf
12690,B,12,B12,RECOMBINANT ERK 1.5 nM,ERK_1.500nM,25.7,Inf
12690,B,12,B12,RECOMBINANT ERK 1.5 nM,ERK_1.500nM,25.7,Inf
12690,C,1,C1,167,CTL03,25.7,Inf
12690,C,1,C1,167,CTL03,25.7,Inf
12690,C,2,C2,874,CTL11,25.7,98238
12690,C,2,C2,874,CTL11,25.7,98238
12690,C,3,C3,262,SCZ08,25.7,Inf
12690,C,3,C3,262,SCZ08,25.7,Inf
12690,C,4,C4,737,SCZ16,25.7,91684
12690,C,4,C4,737,SCZ16,25.7,91684
12690,C,5,C5,907,LYS04,25.7,Inf
12690,C,5,C5,907,LYS04,25.7,Inf
12690,C,6,C6,RECOMBINANT ERK  1 nM,ERK_1.000nM,25.7,Inf
12690,C,6,C6,RECOMBINANT ERK  1 nM,ERK_1.000nM,25.7,Inf
12690,C,7,C7,167,CTL03,25.7,Inf
12690,C,7,C7,167,CTL03,25.7,Inf
12690,C,8,C8,874,CTL11,25.7,88972
12690,C,8,C8,874,CTL11,25.7,88972
12690,C,9,C9,262,SCZ08,25.7,Inf
12690,C,9,C9,262,SCZ08,25.7,Inf
12690,C,10,C10,737,SCZ16,25.7,86583
12690,C,10,C10,737,SCZ16,25.7,86583
12690,C,11,C11,907,LYS04,25.7,Inf
12690,C,11,C11,907,LYS04,25.7,Inf
12690,C,12,C12,RECOMBINANT ERK  1 nM,ERK_1.000nM,25.7,Inf
12690,C,12,C12,RECOMBINANT ERK  1 nM,ERK_1.000nM,25.7,Inf
12690,D,1,D1,195,CTL04,25.7,76935
12690,D,1,D1,195,CTL04,25.7,76935
12690,D,2,D2,11,SCZ01,25.7,98030
12690,D,2,D2,11,SCZ01,25.7,98030
12690,D,3,D3,291,SCZ09,25.7,87933
12690,D,3,D3,291,SCZ09,25.7,87933
12690,D,4,D4,802,SCZ17,25.7,67523
12690,D,4,D4,802,SCZ17,25.7,67523
12690,D,5,D5,5000ng lysate + HI,LYS_HI,25.7,96785
12690,D,5,D5,5000ng lysate + HI,LYS_HI,25.7,96785
12690,D,6,D6,RECOMBINANT ERK  0.75 nM,ERK_0.750nM,25.7,Inf
12690,D,6,D6,RECOMBINANT ERK  0.75 nM,ERK_0.750nM,25.7,Inf
12690,D,7,D7,195,CTL04,25.7,92065
12690,D,7,D7,195,CTL04,25.7,92065
12690,D,8,D8,11,SCZ01,25.7,91191
12690,D,8,D8,11,SCZ01,25.7,91191
12690,D,9,D9,291,SCZ09,25.7,81947
12690,D,9,D9,291,SCZ09,25.7,81947
12690,D,10,D10,802,SCZ17,25.7,81457
12690,D,10,D10,802,SCZ17,25.7,81457
12690,D,11,D11,5000ng lysate + HI,LYS_HI,25.7,93340
12690,D,11,D11,5000ng lysate + HI,LYS_HI,25.7,93340
12690,D,12,D12,RECOMBINANT ERK  0.75 nM,ERK_0.750nM,25.7,Inf
12690,D,12,D12,RECOMBINANT ERK  0.75 nM,ERK_0.750nM,25.7,Inf
12690,E,1,E1,223,CTL05,25.7,Inf
12690,E,1,E1,223,CTL05,25.7,Inf
12690,E,2,E2,22,SCZ02,25.7,Inf
12690,E,2,E2,22,SCZ02,25.7,Inf
12690,E,3,E3,329,SCZ10,25.7,Inf
12690,E,3,E3,329,SCZ10,25.7,Inf
12690,E,4,E4,930,SCZ18,25.7,77778
12690,E,4,E4,930,SCZ18,25.7,77778
12690,E,5,E5,5000ng lysate +ERK INHIBITOR,LYS_INH,25.7,86832
12690,E,5,E5,5000ng lysate +ERK INHIBITOR,LYS_INH,25.7,86832
12690,E,6,E6,RECOMBINANT ERK 0.5 nM,ERK_0.500nM,25.7,Inf
12690,E,6,E6,RECOMBINANT ERK 0.5 nM,ERK_0.500nM,25.7,Inf
12690,E,7,E7,223,CTL05,25.7,Inf
12690,E,7,E7,223,CTL05,25.7,Inf
12690,E,8,E8,22,SCZ02,25.7,Inf
12690,E,8,E8,22,SCZ02,25.7,Inf
12690,E,9,E9,329,SCZ10,25.7,Inf
12690,E,9,E9,329,SCZ10,25.7,Inf
12690,E,10,E10,930,SCZ18,25.7,80830
12690,E,10,E10,930,SCZ18,25.7,80830
12690,E,11,E11,5000ng lysate +ERK INHIBITOR,LYS_INH,25.7,87623
12690,E,11,E11,5000ng lysate +ERK INHIBITOR,LYS_INH,25.7,87623
12690,E,12,E12,RECOMBINANT ERK 0.5 nM,ERK_0.500nM,25.7,Inf
12690,E,12,E12,RECOMBINANT ERK 0.5 nM,ERK_0.500nM,25.7,Inf
12690,F,1,F1,524,CTL06,25.7,Inf
12690,F,1,F1,524,CTL06,25.7,Inf
12690,F,2,F2,29,SCZ03,25.7,Inf
12690,F,2,F2,29,SCZ03,25.7,Inf
12690,F,3,F3,446,SCZ11,25.7,Inf
12690,F,3,F3,446,SCZ11,25.7,Inf
12690,F,4,F4,931,SCZ19,25.7,84385
12690,F,4,F4,931,SCZ19,25.7,84385
12690,F,5,F5,"BLANK- Master Mix, no lysate",BLNK,25.7,85305
12690,F,5,F5,"BLANK- Master Mix, no lysate",BLNK,25.7,85305
12690,F,6,F6,RECOMBINANT ERK  0.25 nM,ERK_0.250nM,25.7,Inf
12690,F,6,F6,RECOMBINANT ERK  0.25 nM,ERK_0.250nM,25.7,Inf
12690,F,7,F7,524,CTL06,25.7,Inf
12690,F,7,F7,524,CTL06,25.7,Inf
12690,F,8,F8,29,SCZ03,25.7,Inf
12690,F,8,F8,29,SCZ03,25.7,Inf
12690,F,9,F9,446,SCZ11,25.7,75696
12690,F,9,F9,446,SCZ11,25.7,75696
12690,F,10,F10,931,SCZ19,25.7,84391
12690,F,10,F10,931,SCZ19,25.7,84391
12690,F,11,F11,"BLANK- Master Mix, no lysate",BLNK,25.7,85594
12690,F,11,F11,"BLANK- Master Mix, no lysate",BLNK,25.7,85594
12690,F,12,F12,RECOMBINANT ERK  0.25 nM,ERK_0.250nM,25.7,97910
12690,F,12,F12,RECOMBINANT ERK  0.25 nM,ERK_0.250nM,25.7,97910
12690,G,1,G1,661,CTL07,25.7,87132
12690,G,1,G1,661,CTL07,25.7,87132
12690,G,2,G2,69,SCZ04,25.7,Inf
12690,G,2,G2,69,SCZ04,25.7,Inf
12690,G,3,G3,510,SCZ12,25.7,Inf
12690,G,3,G3,510,SCZ12,25.7,Inf
12690,G,4,G4,932,SCZ20,25.7,92092
12690,G,4,G4,932,SCZ20,25.7,92092
12690,G,5,G5,"BLANK- Master Mix, lysate, no reporter",BLNK_LYS,25.7,23379
12690,G,5,G5,"BLANK- Master Mix, lysate, no reporter",BLNK_LYS,25.7,23379
12690,G,6,G6,RECOMBINANT ERK  0.125 nM,ERK_0.125nM,25.7,Inf
12690,G,6,G6,RECOMBINANT ERK  0.125 nM,ERK_0.125nM,25.7,Inf
12690,G,7,G7,661,CTL07,25.7,83453
12690,G,7,G7,661,CTL07,25.7,83453
12690,G,8,G8,69,SCZ04,25.7,Inf
12690,G,8,G8,69,SCZ04,25.7,Inf
12690,G,9,G9,510,SCZ12,25.7,Inf
12690,G,9,G9,510,SCZ12,25.7,Inf
12690,G,10,G10,932,SCZ20,25.7,89960
12690,G,10,G10,932,SCZ20,25.7,89960
12690,G,11,G11,"BLANK- Master Mix, lysate, no reporter",BLNK_LYS,25.7,24229
12690,G,11,G11,"BLANK- Master Mix, lysate, no reporter",BLNK_LYS,25.7,24229
12690,G,12,G12,RECOMBINANT ERK  0.125 nM,ERK_0.125nM,25.7,97486
12690,G,12,G12,RECOMBINANT ERK  0.125 nM,ERK_0.125nM,25.7,97486
12690,H,1,H1,689,CTL08,25.7,Inf
12690,H,1,H1,689,CTL08,25.7,Inf
12690,H,2,H2,94,SCZ05,25.7,85560
12690,H,2,H2,94,SCZ05,25.7,85560
12690,H,3,H3,547,SCZ13,25.7,91447
12690,H,3,H3,547,SCZ13,25.7,91447
12690,H,4,H4,326,LYS01,25.7,Inf
12690,H,4,H4,326,LYS01,25.7,Inf
12690,H,5,H5,NA,EMPTY,25.7,89474
12690,H,5,H5,NA,EMPTY,25.7,89474
12690,H,6,H6,RECOMBINANT ERK 2nM + ERK INHIBITOR,ERK_2.000nM_INH,25.7,27020
12690,H,6,H6,RECOMBINANT ERK 2nM + ERK INHIBITOR,ERK_2.000nM_INH,25.7,27020
12690,H,7,H7,689,CTL08,25.7,Inf
12690,H,7,H7,689,CTL08,25.7,Inf
12690,H,8,H8,94,SCZ05,25.7,29800
12690,H,8,H8,94,SCZ05,25.7,29800
12690,H,9,H9,547,SCZ13,25.7,96763
12690,H,9,H9,547,SCZ13,25.7,96763
12690,H,10,H10,326,LYS01,25.7,Inf
12690,H,10,H10,326,LYS01,25.7,Inf
12690,H,11,H11,NA,EMPTY,25.7,22272
12690,H,11,H11,NA,EMPTY,25.7,22272
12690,H,12,H12,RECOMBINANT ERK 2nM + ERK INHIBITOR,ERK_2.000nM_INH,25.7,Inf
12690,H,12,H12,RECOMBINANT ERK 2nM + ERK INHIBITOR,ERK_2.000nM_INH,25.7,Inf
12831,A,1,A1,46,CTL01,25.7,Inf
12831,A,1,A1,46,CTL01,25.7,Inf
12831,A,2,A2,720,CTL09,25.7,Inf
12831,A,2,A2,720,CTL09,25.7,Inf
12831,A,3,A3,225,SCZ06,25.7,89078
12831,A,3,A3,225,SCZ06,25.7,89078
12831,A,4,A4,552,SCZ14,25.7,96906
12831,A,4,A4,552,SCZ14,25.7,96906
12831,A,5,A5,328,LYS02,25.7,Inf
12831,A,5,A5,328,LYS02,25.7,Inf
12831,A,6,A6,RECOMBINANT ERK  2nM,ERK_2.000nM,25.7,Inf
12831,A,6,A6,RECOMBINANT ERK  2nM,ERK_2.000nM,25.7,Inf
12831,A,7,A7,46,CTL01,25.7,Inf
12831,A,7,A7,46,CTL01,25.7,Inf
12831,A,8,A8,720,CTL09,25.7,Inf
12831,A,8,A8,720,CTL09,25.7,Inf
12831,A,9,A9,225,SCZ06,25.7,98786
12831,A,9,A9,225,SCZ06,25.7,98786
12831,A,10,A10,552,SCZ14,25.7,96434
12831,A,10,A10,552,SCZ14,25.7,96434
12831,A,11,A11,328,LYS02,25.7,Inf
12831,A,11,A11,328,LYS02,25.7,Inf
12831,A,12,A12,RECOMBINANT ERK  2nM,ERK_2.000nM,25.7,Inf
12831,A,12,A12,RECOMBINANT ERK  2nM,ERK_2.000nM,25.7,Inf
12831,B,1,B1,116,CTL02,25.7,90463
12831,B,1,B1,116,CTL02,25.7,90463
12831,B,2,B2,859,CTL10,25.7,Inf
12831,B,2,B2,859,CTL10,25.7,Inf
12831,B,3,B3,235,SCZ07,25.7,Inf
12831,B,3,B3,235,SCZ07,25.7,Inf
12831,B,4,B4,565,SCZ15,25.7,92128
12831,B,4,B4,565,SCZ15,25.7,92128
12831,B,5,B5,335,LYS03,25.7,Inf
12831,B,5,B5,335,LYS03,25.7,Inf
12831,B,6,B6,RECOMBINANT ERK 1.5 nM,ERK_1.500nM,25.7,Inf
12831,B,6,B6,RECOMBINANT ERK 1.5 nM,ERK_1.500nM,25.7,Inf
12831,B,7,B7,116,CTL02,25.7,82572
12831,B,7,B7,116,CTL02,25.7,82572
12831,B,8,B8,859,CTL10,25.7,Inf
12831,B,8,B8,859,CTL10,25.7,Inf
12831,B,9,B9,235,SCZ07,25.7,98271
12831,B,9,B9,235,SCZ07,25.7,98271
12831,B,10,B10,565,SCZ15,25.7,92549
12831,B,10,B10,565,SCZ15,25.7,92549
12831,B,11,B11,335,LYS03,25.7,Inf
12831,B,11,B11,335,LYS03,25.7,Inf
12831,B,12,B12,RECOMBINANT ERK 1.5 nM,ERK_1.500nM,25.7,Inf
12831,B,12,B12,RECOMBINANT ERK 1.5 nM,ERK_1.500nM,25.7,Inf
12831,C,1,C1,167,CTL03,25.7,Inf
12831,C,1,C1,167,CTL03,25.7,Inf
12831,C,2,C2,874,CTL11,25.7,98624
12831,C,2,C2,874,CTL11,25.7,98624
12831,C,3,C3,262,SCZ08,25.7,Inf
12831,C,3,C3,262,SCZ08,25.7,Inf
12831,C,4,C4,737,SCZ16,25.7,92366
12831,C,4,C4,737,SCZ16,25.7,92366
12831,C,5,C5,907,LYS04,25.7,Inf
12831,C,5,C5,907,LYS04,25.7,Inf
12831,C,6,C6,RECOMBINANT ERK  1 nM,ERK_1.000nM,25.7,Inf
12831,C,6,C6,RECOMBINANT ERK  1 nM,ERK_1.000nM,25.7,Inf
12831,C,7,C7,167,CTL03,25.7,Inf
12831,C,7,C7,167,CTL03,25.7,Inf
12831,C,8,C8,874,CTL11,25.7,89575
12831,C,8,C8,874,CTL11,25.7,89575
12831,C,9,C9,262,SCZ08,25.7,Inf
12831,C,9,C9,262,SCZ08,25.7,Inf
12831,C,10,C10,737,SCZ16,25.7,86347
12831,C,10,C10,737,SCZ16,25.7,86347
12831,C,11,C11,907,LYS04,25.7,Inf
12831,C,11,C11,907,LYS04,25.7,Inf
12831,C,12,C12,RECOMBINANT ERK  1 nM,ERK_1.000nM,25.7,Inf
12831,C,12,C12,RECOMBINANT ERK  1 nM,ERK_1.000nM,25.7,Inf
12831,D,1,D1,195,CTL04,25.7,77546
12831,D,1,D1,195,CTL04,25.7,77546
12831,D,2,D2,11,SCZ01,25.7,97655
12831,D,2,D2,11,SCZ01,25.7,97655
12831,D,3,D3,291,SCZ09,25.7,87397
12831,D,3,D3,291,SCZ09,25.7,87397
12831,D,4,D4,802,SCZ17,25.7,67512
12831,D,4,D4,802,SCZ17,25.7,67512
12831,D,5,D5,5000ng lysate + HI,LYS_HI,25.7,96877
12831,D,5,D5,5000ng lysate + HI,LYS_HI,25.7,96877
12831,D,6,D6,RECOMBINANT ERK  0.75 nM,ERK_0.750nM,25.7,Inf
12831,D,6,D6,RECOMBINANT ERK  0.75 nM,ERK_0.750nM,25.7,Inf
12831,D,7,D7,195,CTL04,25.7,92280
12831,D,7,D7,195,CTL04,25.7,92280
12831,D,8,D8,11,SCZ01,25.7,91552
12831,D,8,D8,11,SCZ01,25.7,91552
12831,D,9,D9,291,SCZ09,25.7,81450
12831,D,9,D9,291,SCZ09,25.7,81450
12831,D,10,D10,802,SCZ17,25.7,81034
12831,D,10,D10,802,SCZ17,25.7,81034
12831,D,11,D11,5000ng lysate + HI,LYS_HI,25.7,93785
12831,D,11,D11,5000ng lysate + HI,LYS_HI,25.7,93785
12831,D,12,D12,RECOMBINANT ERK  0.75 nM,ERK_0.750nM,25.7,Inf
12831,D,12,D12,RECOMBINANT ERK  0.75 nM,ERK_0.750nM,25.7,Inf
12831,E,1,E1,223,CTL05,25.7,Inf
12831,E,1,E1,223,CTL05,25.7,Inf
12831,E,2,E2,22,SCZ02,25.7,Inf
12831,E,2,E2,22,SCZ02,25.7,Inf
12831,E,3,E3,329,SCZ10,25.7,Inf
12831,E,3,E3,329,SCZ10,25.7,Inf
12831,E,4,E4,930,SCZ18,25.7,77735
12831,E,4,E4,930,SCZ18,25.7,77735
12831,E,5,E5,5000ng lysate +ERK INHIBITOR,LYS_INH,25.7,86940
12831,E,5,E5,5000ng lysate +ERK INHIBITOR,LYS_INH,25.7,86940
12831,E,6,E6,RECOMBINANT ERK 0.5 nM,ERK_0.500nM,25.7,Inf
12831,E,6,E6,RECOMBINANT ERK 0.5 nM,ERK_0.500nM,25.7,Inf
12831,E,7,E7,223,CTL05,25.7,Inf
12831,E,7,E7,223,CTL05,25.7,Inf
12831,E,8,E8,22,SCZ02,25.7,Inf
12831,E,8,E8,22,SCZ02,25.7,Inf
12831,E,9,E9,329,SCZ10,25.7,Inf
12831,E,9,E9,329,SCZ10,25.7,Inf
12831,E,10,E10,930,SCZ18,25.7,80799
12831,E,10,E10,930,SCZ18,25.7,80799
12831,E,11,E11,5000ng lysate +ERK INHIBITOR,LYS_INH,25.7,88075
12831,E,11,E11,5000ng lysate +ERK INHIBITOR,LYS_INH,25.7,88075
12831,E,12,E12,RECOMBINANT ERK 0.5 nM,ERK_0.500nM,25.7,Inf
12831,E,12,E12,RECOMBINANT ERK 0.5 nM,ERK_0.500nM,25.7,Inf
12831,F,1,F1,524,CTL06,25.7,Inf
12831,F,1,F1,524,CTL06,25.7,Inf
12831,F,2,F2,29,SCZ03,25.7,Inf
12831,F,2,F2,29,SCZ03,25.7,Inf
12831,F,3,F3,446,SCZ11,25.7,Inf
12831,F,3,F3,446,SCZ11,25.7,Inf
12831,F,4,F4,931,SCZ19,25.7,85085
12831,F,4,F4,931,SCZ19,25.7,85085
12831,F,5,F5,"BLANK- Master Mix, no lysate",BLNK,25.7,85186
12831,F,5,F5,"BLANK- Master Mix, no lysate",BLNK,25.7,85186
12831,F,6,F6,RECOMBINANT ERK  0.25 nM,ERK_0.250nM,25.7,Inf
12831,F,6,F6,RECOMBINANT ERK  0.25 nM,ERK_0.250nM,25.7,Inf
12831,F,7,F7,524,CTL06,25.7,Inf
12831,F,7,F7,524,CTL06,25.7,Inf
12831,F,8,F8,29,SCZ03,25.7,Inf
12831,F,8,F8,29,SCZ03,25.7,Inf
12831,F,9,F9,446,SCZ11,25.7,75320
12831,F,9,F9,446,SCZ11,25.7,75320
12831,F,10,F10,931,SCZ19,25.7,83682
12831,F,10,F10,931,SCZ19,25.7,83682
12831,F,11,F11,"BLANK- Master Mix, no lysate",BLNK,25.7,85137
12831,F,11,F11,"BLANK- Master Mix, no lysate",BLNK,25.7,85137
12831,F,12,F12,RECOMBINANT ERK  0.25 nM,ERK_0.250nM,25.7,97740
12831,F,12,F12,RECOMBINANT ERK  0.25 nM,ERK_0.250nM,25.7,97740
12831,G,1,G1,661,CTL07,25.7,87780
12831,G,1,G1,661,CTL07,25.7,87780
12831,G,2,G2,69,SCZ04,25.7,Inf
12831,G,2,G2,69,SCZ04,25.7,Inf
12831,G,3,G3,510,SCZ12,25.7,Inf
12831,G,3,G3,510,SCZ12,25.7,Inf
12831,G,4,G4,932,SCZ20,25.7,92052
12831,G,4,G4,932,SCZ20,25.7,92052
12831,G,5,G5,"BLANK- Master Mix, lysate, no reporter",BLNK_LYS,25.7,23023
12831,G,5,G5,"BLANK- Master Mix, lysate, no reporter",BLNK_LYS,25.7,23023
12831,G,6,G6,RECOMBINANT ERK  0.125 nM,ERK_0.125nM,25.7,Inf
12831,G,6,G6,RECOMBINANT ERK  0.125 nM,ERK_0.125nM,25.7,Inf
12831,G,7,G7,661,CTL07,25.7,82511
12831,G,7,G7,661,CTL07,25.7,82511
12831,G,8,G8,69,SCZ04,25.7,Inf
12831,G,8,G8,69,SCZ04,25.7,Inf
12831,G,9,G9,510,SCZ12,25.7,Inf
12831,G,9,G9,510,SCZ12,25.7,Inf
12831,G,10,G10,932,SCZ20,25.7,90973
12831,G,10,G10,932,SCZ20,25.7,90973
12831,G,11,G11,"BLANK- Master Mix, lysate, no reporter",BLNK_LYS,25.7,24097
12831,G,11,G11,"BLANK- Master Mix, lysate, no reporter",BLNK_LYS,25.7,24097
12831,G,12,G12,RECOMBINANT ERK  0.125 nM,ERK_0.125nM,25.7,97428
12831,G,12,G12,RECOMBINANT ERK  0.125 nM,ERK_0.125nM,25.7,97428
12831,H,1,H1,689,CTL08,25.7,Inf
12831,H,1,H1,689,CTL08,25.7,Inf
12831,H,2,H2,94,SCZ05,25.7,85624
12831,H,2,H2,94,SCZ05,25.7,85624
12831,H,3,H3,547,SCZ13,25.7,91330
12831,H,3,H3,547,SCZ13,25.7,91330
12831,H,4,H4,326,LYS01,25.7,Inf
12831,H,4,H4,326,LYS01,25.7,Inf
12831,H,5,H5,NA,EMPTY,25.7,88380
12831,H,5,H5,NA,EMPTY,25.7,88380
12831,H,6,H6,RECOMBINANT ERK 2nM + ERK INHIBITOR,ERK_2.000nM_INH,25.7,27202
12831,H,6,H6,RECOMBINANT ERK 2nM + ERK INHIBITOR,ERK_2.000nM_INH,25.7,27202
12831,H,7,H7,689,CTL08,25.7,Inf
12831,H,7,H7,689,CTL08,25.7,Inf
12831,H,8,H8,94,SCZ05,25.7,29370
12831,H,8,H8,94,SCZ05,25.7,29370
12831,H,9,H9,547,SCZ13,25.7,96446
12831,H,9,H9,547,SCZ13,25.7,96446
12831,H,10,H10,326,LYS01,25.7,Inf
12831,H,10,H10,326,LYS01,25.7,Inf
12831,H,11,H11,NA,EMPTY,25.7,22506
12831,H,11,H11,NA,EMPTY,25.7,22506
12831,H,12,H12,RECOMBINANT ERK 2nM + ERK INHIBITOR,ERK_2.000nM_INH,25.7,Inf
12831,H,12,H12,RECOMBINANT ERK 2nM + ERK INHIBITOR,ERK_2.000nM_INH,25.7,Inf
12972,A,1,A1,46,CTL01,25.7,Inf
12972,A,1,A1,46,CTL01,25.7,Inf
12972,A,2,A2,720,CTL09,25.7,Inf
12972,A,2,A2,720,CTL09,25.7,Inf
12972,A,3,A3,225,SCZ06,25.7,88690
12972,A,3,A3,225,SCZ06,25.7,88690
12972,A,4,A4,552,SCZ14,25.7,97269
12972,A,4,A4,552,SCZ14,25.7,97269
12972,A,5,A5,328,LYS02,25.7,Inf
12972,A,5,A5,328,LYS02,25.7,Inf
12972,A,6,A6,RECOMBINANT ERK  2nM,ERK_2.000nM,25.7,Inf
12972,A,6,A6,RECOMBINANT ERK  2nM,ERK_2.000nM,25.7,Inf
12972,A,7,A7,46,CTL01,25.7,Inf
12972,A,7,A7,46,CTL01,25.7,Inf
12972,A,8,A8,720,CTL09,25.7,Inf
12972,A,8,A8,720,CTL09,25.7,Inf
12972,A,9,A9,225,SCZ06,25.7,99784
12972,A,9,A9,225,SCZ06,25.7,99784
12972,A,10,A10,552,SCZ14,25.7,96099
12972,A,10,A10,552,SCZ14,25.7,96099
12972,A,11,A11,328,LYS02,25.7,Inf
12972,A,11,A11,328,LYS02,25.7,Inf
12972,A,12,A12,RECOMBINANT ERK  2nM,ERK_2.000nM,25.7,Inf
12972,A,12,A12,RECOMBINANT ERK  2nM,ERK_2.000nM,25.7,Inf
12972,B,1,B1,116,CTL02,25.7,90367
12972,B,1,B1,116,CTL02,25.7,90367
12972,B,2,B2,859,CTL10,25.7,Inf
12972,B,2,B2,859,CTL10,25.7,Inf
12972,B,3,B3,235,SCZ07,25.7,Inf
12972,B,3,B3,235,SCZ07,25.7,Inf
12972,B,4,B4,565,SCZ15,25.7,91863
12972,B,4,B4,565,SCZ15,25.7,91863
12972,B,5,B5,335,LYS03,25.7,Inf
12972,B,5,B5,335,LYS03,25.7,Inf
12972,B,6,B6,RECOMBINANT ERK 1.5 nM,ERK_1.500nM,25.7,Inf
12972,B,6,B6,RECOMBINANT ERK 1.5 nM,ERK_1.500nM,25.7,Inf
12972,B,7,B7,116,CTL02,25.7,82311
12972,B,7,B7,116,CTL02,25.7,82311
12972,B,8,B8,859,CTL10,25.7,Inf
12972,B,8,B8,859,CTL10,25.7,Inf
12972,B,9,B9,235,SCZ07,25.7,97757
12972,B,9,B9,235,SCZ07,25.7,97757
12972,B,10,B10,565,SCZ15,25.7,92420
12972,B,10,B10,565,SCZ15,25.7,92420
12972,B,11,B11,335,LYS03,25.7,Inf
12972,B,11,B11,335,LYS03,25.7,Inf
12972,B,12,B12,RECOMBINANT ERK 1.5 nM,ERK_1.500nM,25.7,Inf
12972,B,12,B12,RECOMBINANT ERK 1.5 nM,ERK_1.500nM,25.7,Inf
12972,C,1,C1,167,CTL03,25.7,Inf
12972,C,1,C1,167,CTL03,25.7,Inf
12972,C,2,C2,874,CTL11,25.7,98911
12972,C,2,C2,874,CTL11,25.7,98911
12972,C,3,C3,262,SCZ08,25.7,Inf
12972,C,3,C3,262,SCZ08,25.7,Inf
12972,C,4,C4,737,SCZ16,25.7,92393
12972,C,4,C4,737,SCZ16,25.7,92393
12972,C,5,C5,907,LYS04,25.7,Inf
12972,C,5,C5,907,LYS04,25.7,Inf
12972,C,6,C6,RECOMBINANT ERK  1 nM,ERK_1.000nM,25.7,Inf
12972,C,6,C6,RECOMBINANT ERK  1 nM,ERK_1.000nM,25.7,Inf
12972,C,7,C7,167,CTL03,25.7,Inf
12972,C,7,C7,167,CTL03,25.7,Inf
12972,C,8,C8,874,CTL11,25.7,89515
12972,C,8,C8,874,CTL11,25.7,89515
12972,C,9,C9,262,SCZ08,25.7,Inf
12972,C,9,C9,262,SCZ08,25.7,Inf
12972,C,10,C10,737,SCZ16,25.7,87104
12972,C,10,C10,737,SCZ16,25.7,87104
12972,C,11,C11,907,LYS04,25.7,Inf
12972,C,11,C11,907,LYS04,25.7,Inf
12972,C,12,C12,RECOMBINANT ERK  1 nM,ERK_1.000nM,25.7,Inf
12972,C,12,C12,RECOMBINANT ERK  1 nM,ERK_1.000nM,25.7,Inf
12972,D,1,D1,195,CTL04,25.7,77941
12972,D,1,D1,195,CTL04,25.7,77941
12972,D,2,D2,11,SCZ01,25.7,97858
12972,D,2,D2,11,SCZ01,25.7,97858
12972,D,3,D3,291,SCZ09,25.7,87936
12972,D,3,D3,291,SCZ09,25.7,87936
12972,D,4,D4,802,SCZ17,25.7,67933
12972,D,4,D4,802,SCZ17,25.7,67933
12972,D,5,D5,5000ng lysate + HI,LYS_HI,25.7,97158
12972,D,5,D5,5000ng lysate + HI,LYS_HI,25.7,97158
12972,D,6,D6,RECOMBINANT ERK  0.75 nM,ERK_0.750nM,25.7,Inf
12972,D,6,D6,RECOMBINANT ERK  0.75 nM,ERK_0.750nM,25.7,Inf
12972,D,7,D7,195,CTL04,25.7,92350
12972,D,7,D7,195,CTL04,25.7,92350
12972,D,8,D8,11,SCZ01,25.7,91330
12972,D,8,D8,11,SCZ01,25.7,91330
12972,D,9,D9,291,SCZ09,25.7,81507
12972,D,9,D9,291,SCZ09,25.7,81507
12972,D,10,D10,802,SCZ17,25.7,81453
12972,D,10,D10,802,SCZ17,25.7,81453
12972,D,11,D11,5000ng lysate + HI,LYS_HI,25.7,94248
12972,D,11,D11,5000ng lysate + HI,LYS_HI,25.7,94248
12972,D,12,D12,RECOMBINANT ERK  0.75 nM,ERK_0.750nM,25.7,Inf
12972,D,12,D12,RECOMBINANT ERK  0.75 nM,ERK_0.750nM,25.7,Inf
12972,E,1,E1,223,CTL05,25.7,Inf
12972,E,1,E1,223,CTL05,25.7,Inf
12972,E,2,E2,22,SCZ02,25.7,Inf
12972,E,2,E2,22,SCZ02,25.7,Inf
12972,E,3,E3,329,SCZ10,25.7,Inf
12972,E,3,E3,329,SCZ10,25.7,Inf
12972,E,4,E4,930,SCZ18,25.7,78272
12972,E,4,E4,930,SCZ18,25.7,78272
12972,E,5,E5,5000ng lysate +ERK INHIBITOR,LYS_INH,25.7,86719
12972,E,5,E5,5000ng lysate +ERK INHIBITOR,LYS_INH,25.7,86719
12972,E,6,E6,RECOMBINANT ERK 0.5 nM,ERK_0.500nM,25.7,Inf
12972,E,6,E6,RECOMBINANT ERK 0.5 nM,ERK_0.500nM,25.7,Inf
12972,E,7,E7,223,CTL05,25.7,Inf
12972,E,7,E7,223,CTL05,25.7,Inf
12972,E,8,E8,22,SCZ02,25.7,Inf
12972,E,8,E8,22,SCZ02,25.7,Inf
12972,E,9,E9,329,SCZ10,25.7,Inf
12972,E,9,E9,329,SCZ10,25.7,Inf
12972,E,10,E10,930,SCZ18,25.7,80871
12972,E,10,E10,930,SCZ18,25.7,80871
12972,E,11,E11,5000ng lysate +ERK INHIBITOR,LYS_INH,25.7,88189
12972,E,11,E11,5000ng lysate +ERK INHIBITOR,LYS_INH,25.7,88189
12972,E,12,E12,RECOMBINANT ERK 0.5 nM,ERK_0.500nM,25.7,Inf
12972,E,12,E12,RECOMBINANT ERK 0.5 nM,ERK_0.500nM,25.7,Inf
12972,F,1,F1,524,CTL06,25.7,Inf
12972,F,1,F1,524,CTL06,25.7,Inf
12972,F,2,F2,29,SCZ03,25.7,Inf
12972,F,2,F2,29,SCZ03,25.7,Inf
12972,F,3,F3,446,SCZ11,25.7,Inf
12972,F,3,F3,446,SCZ11,25.7,Inf
12972,F,4,F4,931,SCZ19,25.7,85807
12972,F,4,F4,931,SCZ19,25.7,85807
12972,F,5,F5,"BLANK- Master Mix, no lysate",BLNK,25.7,84941
12972,F,5,F5,"BLANK- Master Mix, no lysate",BLNK,25.7,84941
12972,F,6,F6,RECOMBINANT ERK  0.25 nM,ERK_0.250nM,25.7,Inf
12972,F,6,F6,RECOMBINANT ERK  0.25 nM,ERK_0.250nM,25.7,Inf
12972,F,7,F7,524,CTL06,25.7,Inf
12972,F,7,F7,524,CTL06,25.7,Inf
12972,F,8,F8,29,SCZ03,25.7,Inf
12972,F,8,F8,29,SCZ03,25.7,Inf
12972,F,9,F9,446,SCZ11,25.7,75828
12972,F,9,F9,446,SCZ11,25.7,75828
12972,F,10,F10,931,SCZ19,25.7,83088
12972,F,10,F10,931,SCZ19,25.7,83088
12972,F,11,F11,"BLANK- Master Mix, no lysate",BLNK,25.7,85781
12972,F,11,F11,"BLANK- Master Mix, no lysate",BLNK,25.7,85781
12972,F,12,F12,RECOMBINANT ERK  0.25 nM,ERK_0.250nM,25.7,98636
12972,F,12,F12,RECOMBINANT ERK  0.25 nM,ERK_0.250nM,25.7,98636
12972,G,1,G1,661,CTL07,25.7,88120
12972,G,1,G1,661,CTL07,25.7,88120
12972,G,2,G2,69,SCZ04,25.7,Inf
12972,G,2,G2,69,SCZ04,25.7,Inf
12972,G,3,G3,510,SCZ12,25.7,Inf
12972,G,3,G3,510,SCZ12,25.7,Inf
12972,G,4,G4,932,SCZ20,25.7,92346
12972,G,4,G4,932,SCZ20,25.7,92346
12972,G,5,G5,"BLANK- Master Mix, lysate, no reporter",BLNK_LYS,25.7,23067
12972,G,5,G5,"BLANK- Master Mix, lysate, no reporter",BLNK_LYS,25.7,23067
12972,G,6,G6,RECOMBINANT ERK  0.125 nM,ERK_0.125nM,25.7,Inf
12972,G,6,G6,RECOMBINANT ERK  0.125 nM,ERK_0.125nM,25.7,Inf
12972,G,7,G7,661,CTL07,25.7,82969
12972,G,7,G7,661,CTL07,25.7,82969
12972,G,8,G8,69,SCZ04,25.7,Inf
12972,G,8,G8,69,SCZ04,25.7,Inf
12972,G,9,G9,510,SCZ12,25.7,Inf
12972,G,9,G9,510,SCZ12,25.7,Inf
12972,G,10,G10,932,SCZ20,25.7,91522
12972,G,10,G10,932,SCZ20,25.7,91522
12972,G,11,G11,"BLANK- Master Mix, lysate, no reporter",BLNK_LYS,25.7,23561
12972,G,11,G11,"BLANK- Master Mix, lysate, no reporter",BLNK_LYS,25.7,23561
12972,G,12,G12,RECOMBINANT ERK  0.125 nM,ERK_0.125nM,25.7,97573
12972,G,12,G12,RECOMBINANT ERK  0.125 nM,ERK_0.125nM,25.7,97573
12972,H,1,H1,689,CTL08,25.7,Inf
12972,H,1,H1,689,CTL08,25.7,Inf
12972,H,2,H2,94,SCZ05,25.7,85974
12972,H,2,H2,94,SCZ05,25.7,85974
12972,H,3,H3,547,SCZ13,25.7,92044
12972,H,3,H3,547,SCZ13,25.7,92044
12972,H,4,H4,326,LYS01,25.7,Inf
12972,H,4,H4,326,LYS01,25.7,Inf
12972,H,5,H5,NA,EMPTY,25.7,89341
12972,H,5,H5,NA,EMPTY,25.7,89341
12972,H,6,H6,RECOMBINANT ERK 2nM + ERK INHIBITOR,ERK_2.000nM_INH,25.7,27430
12972,H,6,H6,RECOMBINANT ERK 2nM + ERK INHIBITOR,ERK_2.000nM_INH,25.7,27430
12972,H,7,H7,689,CTL08,25.7,Inf
12972,H,7,H7,689,CTL08,25.7,Inf
12972,H,8,H8,94,SCZ05,25.7,29664
12972,H,8,H8,94,SCZ05,25.7,29664
12972,H,9,H9,547,SCZ13,25.7,96159
12972,H,9,H9,547,SCZ13,25.7,96159
12972,H,10,H10,326,LYS01,25.7,Inf
12972,H,10,H10,326,LYS01,25.7,Inf
12972,H,11,H11,NA,EMPTY,25.7,22375
12972,H,11,H11,NA,EMPTY,25.7,22375
12972,H,12,H12,RECOMBINANT ERK 2nM + ERK INHIBITOR,ERK_2.000nM_INH,25.7,Inf
12972,H,12,H12,RECOMBINANT ERK 2nM + ERK INHIBITOR,ERK_2.000nM_INH,25.7,Inf
13113,A,1,A1,46,CTL01,25.7,Inf
13113,A,1,A1,46,CTL01,25.7,Inf
13113,A,2,A2,720,CTL09,25.7,Inf
13113,A,2,A2,720,CTL09,25.7,Inf
13113,A,3,A3,225,SCZ06,25.7,89093
13113,A,3,A3,225,SCZ06,25.7,89093
13113,A,4,A4,552,SCZ14,25.7,97843
13113,A,4,A4,552,SCZ14,25.7,97843
13113,A,5,A5,328,LYS02,25.7,Inf
13113,A,5,A5,328,LYS02,25.7,Inf
13113,A,6,A6,RECOMBINANT ERK  2nM,ERK_2.000nM,25.7,Inf
13113,A,6,A6,RECOMBINANT ERK  2nM,ERK_2.000nM,25.7,Inf
13113,A,7,A7,46,CTL01,25.7,Inf
13113,A,7,A7,46,CTL01,25.7,Inf
13113,A,8,A8,720,CTL09,25.7,Inf
13113,A,8,A8,720,CTL09,25.7,Inf
13113,A,9,A9,225,SCZ06,25.7,98960
13113,A,9,A9,225,SCZ06,25.7,98960
13113,A,10,A10,552,SCZ14,25.7,97062
13113,A,10,A10,552,SCZ14,25.7,97062
13113,A,11,A11,328,LYS02,25.7,Inf
13113,A,11,A11,328,LYS02,25.7,Inf
13113,A,12,A12,RECOMBINANT ERK  2nM,ERK_2.000nM,25.7,Inf
13113,A,12,A12,RECOMBINANT ERK  2nM,ERK_2.000nM,25.7,Inf
13113,B,1,B1,116,CTL02,25.7,91219
13113,B,1,B1,116,CTL02,25.7,91219
13113,B,2,B2,859,CTL10,25.7,Inf
13113,B,2,B2,859,CTL10,25.7,Inf
13113,B,3,B3,235,SCZ07,25.7,Inf
13113,B,3,B3,235,SCZ07,25.7,Inf
13113,B,4,B4,565,SCZ15,25.7,92011
13113,B,4,B4,565,SCZ15,25.7,92011
13113,B,5,B5,335,LYS03,25.7,Inf
13113,B,5,B5,335,LYS03,25.7,Inf
13113,B,6,B6,RECOMBINANT ERK 1.5 nM,ERK_1.500nM,25.7,Inf
13113,B,6,B6,RECOMBINANT ERK 1.5 nM,ERK_1.500nM,25.7,Inf
13113,B,7,B7,116,CTL02,25.7,83000
13113,B,7,B7,116,CTL02,25.7,83000
13113,B,8,B8,859,CTL10,25.7,Inf
13113,B,8,B8,859,CTL10,25.7,Inf
13113,B,9,B9,235,SCZ07,25.7,97276
13113,B,9,B9,235,SCZ07,25.7,97276
13113,B,10,B10,565,SCZ15,25.7,91891
13113,B,10,B10,565,SCZ15,25.7,91891
13113,B,11,B11,335,LYS03,25.7,Inf
13113,B,11,B11,335,LYS03,25.7,Inf
13113,B,12,B12,RECOMBINANT ERK 1.5 nM,ERK_1.500nM,25.7,Inf
13113,B,12,B12,RECOMBINANT ERK 1.5 nM,ERK_1.500nM,25.7,Inf
13113,C,1,C1,167,CTL03,25.7,Inf
13113,C,1,C1,167,CTL03,25.7,Inf
13113,C,2,C2,874,CTL11,25.7,99343
13113,C,2,C2,874,CTL11,25.7,99343
13113,C,3,C3,262,SCZ08,25.7,Inf
13113,C,3,C3,262,SCZ08,25.7,Inf
13113,C,4,C4,737,SCZ16,25.7,91924
13113,C,4,C4,737,SCZ16,25.7,91924
13113,C,5,C5,907,LYS04,25.7,Inf
13113,C,5,C5,907,LYS04,25.7,Inf
13113,C,6,C6,RECOMBINANT ERK  1 nM,ERK_1.000nM,25.7,Inf
13113,C,6,C6,RECOMBINANT ERK  1 nM,ERK_1.000nM,25.7,Inf
13113,C,7,C7,167,CTL03,25.7,Inf
13113,C,7,C7,167,CTL03,25.7,Inf
13113,C,8,C8,874,CTL11,25.7,90583
13113,C,8,C8,874,CTL11,25.7,90583
13113,C,9,C9,262,SCZ08,25.7,Inf
13113,C,9,C9,262,SCZ08,25.7,Inf
13113,C,10,C10,737,SCZ16,25.7,86840
13113,C,10,C10,737,SCZ16,25.7,86840
13113,C,11,C11,907,LYS04,25.7,Inf
13113,C,11,C11,907,LYS04,25.7,Inf
13113,C,12,C12,RECOMBINANT ERK  1 nM,ERK_1.000nM,25.7,Inf
13113,C,12,C12,RECOMBINANT ERK  1 nM,ERK_1.000nM,25.7,Inf
13113,D,1,D1,195,CTL04,25.7,77477
13113,D,1,D1,195,CTL04,25.7,77477
13113,D,2,D2,11,SCZ01,25.7,98193
13113,D,2,D2,11,SCZ01,25.7,98193
13113,D,3,D3,291,SCZ09,25.7,88327
13113,D,3,D3,291,SCZ09,25.7,88327
13113,D,4,D4,802,SCZ17,25.7,67921
13113,D,4,D4,802,SCZ17,25.7,67921
13113,D,5,D5,5000ng lysate + HI,LYS_HI,25.7,96941
13113,D,5,D5,5000ng lysate + HI,LYS_HI,25.7,96941
13113,D,6,D6,RECOMBINANT ERK  0.75 nM,ERK_0.750nM,25.7,Inf
13113,D,6,D6,RECOMBINANT ERK  0.75 nM,ERK_0.750nM,25.7,Inf
13113,D,7,D7,195,CTL04,25.7,92492
13113,D,7,D7,195,CTL04,25.7,92492
13113,D,8,D8,11,SCZ01,25.7,90747
13113,D,8,D8,11,SCZ01,25.7,90747
13113,D,9,D9,291,SCZ09,25.7,81762
13113,D,9,D9,291,SCZ09,25.7,81762
13113,D,10,D10,802,SCZ17,25.7,81910
13113,D,10,D10,802,SCZ17,25.7,81910
13113,D,11,D11,5000ng lysate + HI,LYS_HI,25.7,94002
13113,D,11,D11,5000ng lysate + HI,LYS_HI,25.7,94002
13113,D,12,D12,RECOMBINANT ERK  0.75 nM,ERK_0.750nM,25.7,Inf
13113,D,12,D12,RECOMBINANT ERK  0.75 nM,ERK_0.750nM,25.7,Inf
13113,E,1,E1,223,CTL05,25.7,Inf
13113,E,1,E1,223,CTL05,25.7,Inf
13113,E,2,E2,22,SCZ02,25.7,Inf
13113,E,2,E2,22,SCZ02,25.7,Inf
13113,E,3,E3,329,SCZ10,25.7,Inf
13113,E,3,E3,329,SCZ10,25.7,Inf
13113,E,4,E4,930,SCZ18,25.7,78036
13113,E,4,E4,930,SCZ18,25.7,78036
13113,E,5,E5,5000ng lysate +ERK INHIBITOR,LYS_INH,25.7,86927
13113,E,5,E5,5000ng lysate +ERK INHIBITOR,LYS_INH,25.7,86927
13113,E,6,E6,RECOMBINANT ERK 0.5 nM,ERK_0.500nM,25.7,Inf
13113,E,6,E6,RECOMBINANT ERK 0.5 nM,ERK_0.500nM,25.7,Inf
13113,E,7,E7,223,CTL05,25.7,Inf
13113,E,7,E7,223,CTL05,25.7,Inf
13113,E,8,E8,22,SCZ02,25.7,Inf
13113,E,8,E8,22,SCZ02,25.7,Inf
13113,E,9,E9,329,SCZ10,25.7,Inf
13113,E,9,E9,329,SCZ10,25.7,Inf
13113,E,10,E10,930,SCZ18,25.7,80712
13113,E,10,E10,930,SCZ18,25.7,80712
13113,E,11,E11,5000ng lysate +ERK INHIBITOR,LYS_INH,25.7,87728
13113,E,11,E11,5000ng lysate +ERK INHIBITOR,LYS_INH,25.7,87728
13113,E,12,E12,RECOMBINANT ERK 0.5 nM,ERK_0.500nM,25.7,Inf
13113,E,12,E12,RECOMBINANT ERK 0.5 nM,ERK_0.500nM,25.7,Inf
13113,F,1,F1,524,CTL06,25.7,Inf
13113,F,1,F1,524,CTL06,25.7,Inf
13113,F,2,F2,29,SCZ03,25.7,Inf
13113,F,2,F2,29,SCZ03,25.7,Inf
13113,F,3,F3,446,SCZ11,25.7,Inf
13113,F,3,F3,446,SCZ11,25.7,Inf
13113,F,4,F4,931,SCZ19,25.7,85894
13113,F,4,F4,931,SCZ19,25.7,85894
13113,F,5,F5,"BLANK- Master Mix, no lysate",BLNK,25.7,84551
13113,F,5,F5,"BLANK- Master Mix, no lysate",BLNK,25.7,84551
13113,F,6,F6,RECOMBINANT ERK  0.25 nM,ERK_0.250nM,25.7,Inf
13113,F,6,F6,RECOMBINANT ERK  0.25 nM,ERK_0.250nM,25.7,Inf
13113,F,7,F7,524,CTL06,25.7,Inf
13113,F,7,F7,524,CTL06,25.7,Inf
13113,F,8,F8,29,SCZ03,25.7,Inf
13113,F,8,F8,29,SCZ03,25.7,Inf
13113,F,9,F9,446,SCZ11,25.7,75411
13113,F,9,F9,446,SCZ11,25.7,75411
13113,F,10,F10,931,SCZ19,25.7,84382
13113,F,10,F10,931,SCZ19,25.7,84382
13113,F,11,F11,"BLANK- Master Mix, no lysate",BLNK,25.7,86051
13113,F,11,F11,"BLANK- Master Mix, no lysate",BLNK,25.7,86051
13113,F,12,F12,RECOMBINANT ERK  0.25 nM,ERK_0.250nM,25.7,98408
13113,F,12,F12,RECOMBINANT ERK  0.25 nM,ERK_0.250nM,25.7,98408
13113,G,1,G1,661,CTL07,25.7,87458
13113,G,1,G1,661,CTL07,25.7,87458
13113,G,2,G2,69,SCZ04,25.7,Inf
13113,G,2,G2,69,SCZ04,25.7,Inf
13113,G,3,G3,510,SCZ12,25.7,Inf
13113,G,3,G3,510,SCZ12,25.7,Inf
13113,G,4,G4,932,SCZ20,25.7,92866
13113,G,4,G4,932,SCZ20,25.7,92866
13113,G,5,G5,"BLANK- Master Mix, lysate, no reporter",BLNK_LYS,25.7,22950
13113,G,5,G5,"BLANK- Master Mix, lysate, no reporter",BLNK_LYS,25.7,22950
13113,G,6,G6,RECOMBINANT ERK  0.125 nM,ERK_0.125nM,25.7,Inf
13113,G,6,G6,RECOMBINANT ERK  0.125 nM,ERK_0.125nM,25.7,Inf
13113,G,7,G7,661,CTL07,25.7,82565
13113,G,7,G7,661,CTL07,25.7,82565
13113,G,8,G8,69,SCZ04,25.7,Inf
13113,G,8,G8,69,SCZ04,25.7,Inf
13113,G,9,G9,510,SCZ12,25.7,Inf
13113,G,9,G9,510,SCZ12,25.7,Inf
13113,G,10,G10,932,SCZ20,25.7,91918
13113,G,10,G10,932,SCZ20,25.7,91918
13113,G,11,G11,"BLANK- Master Mix, lysate, no reporter",BLNK_LYS,25.7,23634
13113,G,11,G11,"BLANK- Master Mix, lysate, no reporter",BLNK_LYS,25.7,23634
13113,G,12,G12,RECOMBINANT ERK  0.125 nM,ERK_0.125nM,25.7,97232
13113,G,12,G12,RECOMBINANT ERK  0.125 nM,ERK_0.125nM,25.7,97232
13113,H,1,H1,689,CTL08,25.7,Inf
13113,H,1,H1,689,CTL08,25.7,Inf
13113,H,2,H2,94,SCZ05,25.7,86135
13113,H,2,H2,94,SCZ05,25.7,86135
13113,H,3,H3,547,SCZ13,25.7,91442
13113,H,3,H3,547,SCZ13,25.7,91442
13113,H,4,H4,326,LYS01,25.7,Inf
13113,H,4,H4,326,LYS01,25.7,Inf
13113,H,5,H5,NA,EMPTY,25.7,88826
13113,H,5,H5,NA,EMPTY,25.7,88826
13113,H,6,H6,RECOMBINANT ERK 2nM + ERK INHIBITOR,ERK_2.000nM_INH,25.7,27079
13113,H,6,H6,RECOMBINANT ERK 2nM + ERK INHIBITOR,ERK_2.000nM_INH,25.7,27079
13113,H,7,H7,689,CTL08,25.7,Inf
13113,H,7,H7,689,CTL08,25.7,Inf
13113,H,8,H8,94,SCZ05,25.7,29625
13113,H,8,H8,94,SCZ05,25.7,29625
13113,H,9,H9,547,SCZ13,25.7,96105
13113,H,9,H9,547,SCZ13,25.7,96105
13113,H,10,H10,326,LYS01,25.7,Inf
13113,H,10,H10,326,LYS01,25.7,Inf
13113,H,11,H11,NA,EMPTY,25.7,22376
13113,H,11,H11,NA,EMPTY,25.7,22376
13113,H,12,H12,RECOMBINANT ERK 2nM + ERK INHIBITOR,ERK_2.000nM_INH,25.7,Inf
13113,H,12,H12,RECOMBINANT ERK 2nM + ERK INHIBITOR,ERK_2.000nM_INH,25.7,Inf
13254,A,1,A1,46,CTL01,25.7,Inf
13254,A,1,A1,46,CTL01,25.7,Inf
13254,A,2,A2,720,CTL09,25.7,Inf
13254,A,2,A2,720,CTL09,25.7,Inf
13254,A,3,A3,225,SCZ06,25.7,88734
13254,A,3,A3,225,SCZ06,25.7,88734
13254,A,4,A4,552,SCZ14,25.7,97901
13254,A,4,A4,552,SCZ14,25.7,97901
13254,A,5,A5,328,LYS02,25.7,Inf
13254,A,5,A5,328,LYS02,25.7,Inf
13254,A,6,A6,RECOMBINANT ERK  2nM,ERK_2.000nM,25.7,Inf
13254,A,6,A6,RECOMBINANT ERK  2nM,ERK_2.000nM,25.7,Inf
13254,A,7,A7,46,CTL01,25.7,Inf
13254,A,7,A7,46,CTL01,25.7,Inf
13254,A,8,A8,720,CTL09,25.7,Inf
13254,A,8,A8,720,CTL09,25.7,Inf
13254,A,9,A9,225,SCZ06,25.7,99207
13254,A,9,A9,225,SCZ06,25.7,99207
13254,A,10,A10,552,SCZ14,25.7,97378
13254,A,10,A10,552,SCZ14,25.7,97378
13254,A,11,A11,328,LYS02,25.7,Inf
13254,A,11,A11,328,LYS02,25.7,Inf
13254,A,12,A12,RECOMBINANT ERK  2nM,ERK_2.000nM,25.7,Inf
13254,A,12,A12,RECOMBINANT ERK  2nM,ERK_2.000nM,25.7,Inf
13254,B,1,B1,116,CTL02,25.7,90979
13254,B,1,B1,116,CTL02,25.7,90979
13254,B,2,B2,859,CTL10,25.7,Inf
13254,B,2,B2,859,CTL10,25.7,Inf
13254,B,3,B3,235,SCZ07,25.7,Inf
13254,B,3,B3,235,SCZ07,25.7,Inf
13254,B,4,B4,565,SCZ15,25.7,92758
13254,B,4,B4,565,SCZ15,25.7,92758
13254,B,5,B5,335,LYS03,25.7,Inf
13254,B,5,B5,335,LYS03,25.7,Inf
13254,B,6,B6,RECOMBINANT ERK 1.5 nM,ERK_1.500nM,25.7,Inf
13254,B,6,B6,RECOMBINANT ERK 1.5 nM,ERK_1.500nM,25.7,Inf
13254,B,7,B7,116,CTL02,25.7,82843
13254,B,7,B7,116,CTL02,25.7,82843
13254,B,8,B8,859,CTL10,25.7,Inf
13254,B,8,B8,859,CTL10,25.7,Inf
13254,B,9,B9,235,SCZ07,25.7,98784
13254,B,9,B9,235,SCZ07,25.7,98784
13254,B,10,B10,565,SCZ15,25.7,92383
13254,B,10,B10,565,SCZ15,25.7,92383
13254,B,11,B11,335,LYS03,25.7,Inf
13254,B,11,B11,335,LYS03,25.7,Inf
13254,B,12,B12,RECOMBINANT ERK 1.5 nM,ERK_1.500nM,25.7,Inf
13254,B,12,B12,RECOMBINANT ERK 1.5 nM,ERK_1.500nM,25.7,Inf
13254,C,1,C1,167,CTL03,25.7,Inf
13254,C,1,C1,167,CTL03,25.7,Inf
13254,C,2,C2,874,CTL11,25.7,99507
13254,C,2,C2,874,CTL11,25.7,99507
13254,C,3,C3,262,SCZ08,25.7,Inf
13254,C,3,C3,262,SCZ08,25.7,Inf
13254,C,4,C4,737,SCZ16,25.7,92608
13254,C,4,C4,737,SCZ16,25.7,92608
13254,C,5,C5,907,LYS04,25.7,Inf
13254,C,5,C5,907,LYS04,25.7,Inf
13254,C,6,C6,RECOMBINANT ERK  1 nM,ERK_1.000nM,25.7,Inf
13254,C,6,C6,RECOMBINANT ERK  1 nM,ERK_1.000nM,25.7,Inf
13254,C,7,C7,167,CTL03,25.7,Inf
13254,C,7,C7,167,CTL03,25.7,Inf
13254,C,8,C8,874,CTL11,25.7,91566
13254,C,8,C8,874,CTL11,25.7,91566
13254,C,9,C9,262,SCZ08,25.7,Inf
13254,C,9,C9,262,SCZ08,25.7,Inf
13254,C,10,C10,737,SCZ16,25.7,86714
13254,C,10,C10,737,SCZ16,25.7,86714
13254,C,11,C11,907,LYS04,25.7,Inf
13254,C,11,C11,907,LYS04,25.7,Inf
13254,C,12,C12,RECOMBINANT ERK  1 nM,ERK_1.000nM,25.7,Inf
13254,C,12,C12,RECOMBINANT ERK  1 nM,ERK_1.000nM,25.7,Inf
13254,D,1,D1,195,CTL04,25.7,77074
13254,D,1,D1,195,CTL04,25.7,77074
13254,D,2,D2,11,SCZ01,25.7,98613
13254,D,2,D2,11,SCZ01,25.7,98613
13254,D,3,D3,291,SCZ09,25.7,87398
13254,D,3,D3,291,SCZ09,25.7,87398
13254,D,4,D4,802,SCZ17,25.7,68059
13254,D,4,D4,802,SCZ17,25.7,68059
13254,D,5,D5,5000ng lysate + HI,LYS_HI,25.7,97643
13254,D,5,D5,5000ng lysate + HI,LYS_HI,25.7,97643
13254,D,6,D6,RECOMBINANT ERK  0.75 nM,ERK_0.750nM,25.7,Inf
13254,D,6,D6,RECOMBINANT ERK  0.75 nM,ERK_0.750nM,25.7,Inf
13254,D,7,D7,195,CTL04,25.7,92661
13254,D,7,D7,195,CTL04,25.7,92661
13254,D,8,D8,11,SCZ01,25.7,91146
13254,D,8,D8,11,SCZ01,25.7,91146
13254,D,9,D9,291,SCZ09,25.7,81641
13254,D,9,D9,291,SCZ09,25.7,81641
13254,D,10,D10,802,SCZ17,25.7,81629
13254,D,10,D10,802,SCZ17,25.7,81629
13254,D,11,D11,5000ng lysate + HI,LYS_HI,25.7,93647
13254,D,11,D11,5000ng lysate + HI,LYS_HI,25.7,93647
13254,D,12,D12,RECOMBINANT ERK  0.75 nM,ERK_0.750nM,25.7,Inf
13254,D,12,D12,RECOMBINANT ERK  0.75 nM,ERK_0.750nM,25.7,Inf
13254,E,1,E1,223,CTL05,25.7,Inf
13254,E,1,E1,223,CTL05,25.7,Inf
13254,E,2,E2,22,SCZ02,25.7,Inf
13254,E,2,E2,22,SCZ02,25.7,Inf
13254,E,3,E3,329,SCZ10,25.7,Inf
13254,E,3,E3,329,SCZ10,25.7,Inf
13254,E,4,E4,930,SCZ18,25.7,78609
13254,E,4,E4,930,SCZ18,25.7,78609
13254,E,5,E5,5000ng lysate +ERK INHIBITOR,LYS_INH,25.7,86869
13254,E,5,E5,5000ng lysate +ERK INHIBITOR,LYS_INH,25.7,86869
13254,E,6,E6,RECOMBINANT ERK 0.5 nM,ERK_0.500nM,25.7,Inf
13254,E,6,E6,RECOMBINANT ERK 0.5 nM,ERK_0.500nM,25.7,Inf
13254,E,7,E7,223,CTL05,25.7,Inf
13254,E,7,E7,223,CTL05,25.7,Inf
13254,E,8,E8,22,SCZ02,25.7,Inf
13254,E,8,E8,22,SCZ02,25.7,Inf
13254,E,9,E9,329,SCZ10,25.7,Inf
13254,E,9,E9,329,SCZ10,25.7,Inf
13254,E,10,E10,930,SCZ18,25.7,81792
13254,E,10,E10,930,SCZ18,25.7,81792
13254,E,11,E11,5000ng lysate +ERK INHIBITOR,LYS_INH,25.7,87551
13254,E,11,E11,5000ng lysate +ERK INHIBITOR,LYS_INH,25.7,87551
13254,E,12,E12,RECOMBINANT ERK 0.5 nM,ERK_0.500nM,25.7,Inf
13254,E,12,E12,RECOMBINANT ERK 0.5 nM,ERK_0.500nM,25.7,Inf
13254,F,1,F1,524,CTL06,25.7,Inf
13254,F,1,F1,524,CTL06,25.7,Inf
13254,F,2,F2,29,SCZ03,25.7,Inf
13254,F,2,F2,29,SCZ03,25.7,Inf
13254,F,3,F3,446,SCZ11,25.7,Inf
13254,F,3,F3,446,SCZ11,25.7,Inf
13254,F,4,F4,931,SCZ19,25.7,85512
13254,F,4,F4,931,SCZ19,25.7,85512
13254,F,5,F5,"BLANK- Master Mix, no lysate",BLNK,25.7,84589
13254,F,5,F5,"BLANK- Master Mix, no lysate",BLNK,25.7,84589
13254,F,6,F6,RECOMBINANT ERK  0.25 nM,ERK_0.250nM,25.7,Inf
13254,F,6,F6,RECOMBINANT ERK  0.25 nM,ERK_0.250nM,25.7,Inf
13254,F,7,F7,524,CTL06,25.7,Inf
13254,F,7,F7,524,CTL06,25.7,Inf
13254,F,8,F8,29,SCZ03,25.7,Inf
13254,F,8,F8,29,SCZ03,25.7,Inf
13254,F,9,F9,446,SCZ11,25.7,75990
13254,F,9,F9,446,SCZ11,25.7,75990
13254,F,10,F10,931,SCZ19,25.7,84926
13254,F,10,F10,931,SCZ19,25.7,84926
13254,F,11,F11,"BLANK- Master Mix, no lysate",BLNK,25.7,85618
13254,F,11,F11,"BLANK- Master Mix, no lysate",BLNK,25.7,85618
13254,F,12,F12,RECOMBINANT ERK  0.25 nM,ERK_0.250nM,25.7,98568
13254,F,12,F12,RECOMBINANT ERK  0.25 nM,ERK_0.250nM,25.7,98568
13254,G,1,G1,661,CTL07,25.7,87468
13254,G,1,G1,661,CTL07,25.7,87468
13254,G,2,G2,69,SCZ04,25.7,Inf
13254,G,2,G2,69,SCZ04,25.7,Inf
13254,G,3,G3,510,SCZ12,25.7,Inf
13254,G,3,G3,510,SCZ12,25.7,Inf
13254,G,4,G4,932,SCZ20,25.7,94058
13254,G,4,G4,932,SCZ20,25.7,94058
13254,G,5,G5,"BLANK- Master Mix, lysate, no reporter",BLNK_LYS,25.7,22941
13254,G,5,G5,"BLANK- Master Mix, lysate, no reporter",BLNK_LYS,25.7,22941
13254,G,6,G6,RECOMBINANT ERK  0.125 nM,ERK_0.125nM,25.7,Inf
13254,G,6,G6,RECOMBINANT ERK  0.125 nM,ERK_0.125nM,25.7,Inf
13254,G,7,G7,661,CTL07,25.7,82465
13254,G,7,G7,661,CTL07,25.7,82465
13254,G,8,G8,69,SCZ04,25.7,Inf
13254,G,8,G8,69,SCZ04,25.7,Inf
13254,G,9,G9,510,SCZ12,25.7,Inf
13254,G,9,G9,510,SCZ12,25.7,Inf
13254,G,10,G10,932,SCZ20,25.7,92224
13254,G,10,G10,932,SCZ20,25.7,92224
13254,G,11,G11,"BLANK- Master Mix, lysate, no reporter",BLNK_LYS,25.7,24053
13254,G,11,G11,"BLANK- Master Mix, lysate, no reporter",BLNK_LYS,25.7,24053
13254,G,12,G12,RECOMBINANT ERK  0.125 nM,ERK_0.125nM,25.7,97809
13254,G,12,G12,RECOMBINANT ERK  0.125 nM,ERK_0.125nM,25.7,97809
13254,H,1,H1,689,CTL08,25.7,Inf
13254,H,1,H1,689,CTL08,25.7,Inf
13254,H,2,H2,94,SCZ05,25.7,85846
13254,H,2,H2,94,SCZ05,25.7,85846
13254,H,3,H3,547,SCZ13,25.7,91652
13254,H,3,H3,547,SCZ13,25.7,91652
13254,H,4,H4,326,LYS01,25.7,Inf
13254,H,4,H4,326,LYS01,25.7,Inf
13254,H,5,H5,NA,EMPTY,25.7,89045
13254,H,5,H5,NA,EMPTY,25.7,89045
13254,H,6,H6,RECOMBINANT ERK 2nM + ERK INHIBITOR,ERK_2.000nM_INH,25.7,27240
13254,H,6,H6,RECOMBINANT ERK 2nM + ERK INHIBITOR,ERK_2.000nM_INH,25.7,27240
13254,H,7,H7,689,CTL08,25.7,Inf
13254,H,7,H7,689,CTL08,25.7,Inf
13254,H,8,H8,94,SCZ05,25.7,30007
13254,H,8,H8,94,SCZ05,25.7,30007
13254,H,9,H9,547,SCZ13,25.7,96288
13254,H,9,H9,547,SCZ13,25.7,96288
13254,H,10,H10,326,LYS01,25.7,Inf
13254,H,10,H10,326,LYS01,25.7,Inf
13254,H,11,H11,NA,EMPTY,25.7,22761
13254,H,11,H11,NA,EMPTY,25.7,22761
13254,H,12,H12,RECOMBINANT ERK 2nM + ERK INHIBITOR,ERK_2.000nM_INH,25.7,Inf
13254,H,12,H12,RECOMBINANT ERK 2nM + ERK INHIBITOR,ERK_2.000nM_INH,25.7,Inf
13395,A,1,A1,46,CTL01,25.7,Inf
13395,A,1,A1,46,CTL01,25.7,Inf
13395,A,2,A2,720,CTL09,25.7,Inf
13395,A,2,A2,720,CTL09,25.7,Inf
13395,A,3,A3,225,SCZ06,25.7,89430
13395,A,3,A3,225,SCZ06,25.7,89430
13395,A,4,A4,552,SCZ14,25.7,98085
13395,A,4,A4,552,SCZ14,25.7,98085
13395,A,5,A5,328,LYS02,25.7,Inf
13395,A,5,A5,328,LYS02,25.7,Inf
13395,A,6,A6,RECOMBINANT ERK  2nM,ERK_2.000nM,25.7,Inf
13395,A,6,A6,RECOMBINANT ERK  2nM,ERK_2.000nM,25.7,Inf
13395,A,7,A7,46,CTL01,25.7,Inf
13395,A,7,A7,46,CTL01,25.7,Inf
13395,A,8,A8,720,CTL09,25.7,Inf
13395,A,8,A8,720,CTL09,25.7,Inf
13395,A,9,A9,225,SCZ06,25.7,99496
13395,A,9,A9,225,SCZ06,25.7,99496
13395,A,10,A10,552,SCZ14,25.7,97749
13395,A,10,A10,552,SCZ14,25.7,97749
13395,A,11,A11,328,LYS02,25.7,Inf
13395,A,11,A11,328,LYS02,25.7,Inf
13395,A,12,A12,RECOMBINANT ERK  2nM,ERK_2.000nM,25.7,Inf
13395,A,12,A12,RECOMBINANT ERK  2nM,ERK_2.000nM,25.7,Inf
13395,B,1,B1,116,CTL02,25.7,91200
13395,B,1,B1,116,CTL02,25.7,91200
13395,B,2,B2,859,CTL10,25.7,Inf
13395,B,2,B2,859,CTL10,25.7,Inf
13395,B,3,B3,235,SCZ07,25.7,Inf
13395,B,3,B3,235,SCZ07,25.7,Inf
13395,B,4,B4,565,SCZ15,25.7,92518
13395,B,4,B4,565,SCZ15,25.7,92518
13395,B,5,B5,335,LYS03,25.7,Inf
13395,B,5,B5,335,LYS03,25.7,Inf
13395,B,6,B6,RECOMBINANT ERK 1.5 nM,ERK_1.500nM,25.7,Inf
13395,B,6,B6,RECOMBINANT ERK 1.5 nM,ERK_1.500nM,25.7,Inf
13395,B,7,B7,116,CTL02,25.7,82537
13395,B,7,B7,116,CTL02,25.7,82537
13395,B,8,B8,859,CTL10,25.7,Inf
13395,B,8,B8,859,CTL10,25.7,Inf
13395,B,9,B9,235,SCZ07,25.7,97615
13395,B,9,B9,235,SCZ07,25.7,97615
13395,B,10,B10,565,SCZ15,25.7,92481
13395,B,10,B10,565,SCZ15,25.7,92481
13395,B,11,B11,335,LYS03,25.7,Inf
13395,B,11,B11,335,LYS03,25.7,Inf
13395,B,12,B12,RECOMBINANT ERK 1.5 nM,ERK_1.500nM,25.7,Inf
13395,B,12,B12,RECOMBINANT ERK 1.5 nM,ERK_1.500nM,25.7,Inf
13395,C,1,C1,167,CTL03,25.7,Inf
13395,C,1,C1,167,CTL03,25.7,Inf
13395,C,2,C2,874,CTL11,25.7,Inf
13395,C,2,C2,874,CTL11,25.7,Inf
13395,C,3,C3,262,SCZ08,25.7,Inf
13395,C,3,C3,262,SCZ08,25.7,Inf
13395,C,4,C4,737,SCZ16,25.7,92046
13395,C,4,C4,737,SCZ16,25.7,92046
13395,C,5,C5,907,LYS04,25.7,Inf
13395,C,5,C5,907,LYS04,25.7,Inf
13395,C,6,C6,RECOMBINANT ERK  1 nM,ERK_1.000nM,25.7,Inf
13395,C,6,C6,RECOMBINANT ERK  1 nM,ERK_1.000nM,25.7,Inf
13395,C,7,C7,167,CTL03,25.7,Inf
13395,C,7,C7,167,CTL03,25.7,Inf
13395,C,8,C8,874,CTL11,25.7,92800
13395,C,8,C8,874,CTL11,25.7,92800
13395,C,9,C9,262,SCZ08,25.7,Inf
13395,C,9,C9,262,SCZ08,25.7,Inf
13395,C,10,C10,737,SCZ16,25.7,86939
13395,C,10,C10,737,SCZ16,25.7,86939
13395,C,11,C11,907,LYS04,25.7,Inf
13395,C,11,C11,907,LYS04,25.7,Inf
13395,C,12,C12,RECOMBINANT ERK  1 nM,ERK_1.000nM,25.7,Inf
13395,C,12,C12,RECOMBINANT ERK  1 nM,ERK_1.000nM,25.7,Inf
13395,D,1,D1,195,CTL04,25.7,77933
13395,D,1,D1,195,CTL04,25.7,77933
13395,D,2,D2,11,SCZ01,25.7,97417
13395,D,2,D2,11,SCZ01,25.7,97417
13395,D,3,D3,291,SCZ09,25.7,87872
13395,D,3,D3,291,SCZ09,25.7,87872
13395,D,4,D4,802,SCZ17,25.7,68318
13395,D,4,D4,802,SCZ17,25.7,68318
13395,D,5,D5,5000ng lysate + HI,LYS_HI,25.7,98144
13395,D,5,D5,5000ng lysate + HI,LYS_HI,25.7,98144
13395,D,6,D6,RECOMBINANT ERK  0.75 nM,ERK_0.750nM,25.7,Inf
13395,D,6,D6,RECOMBINANT ERK  0.75 nM,ERK_0.750nM,25.7,Inf
13395,D,7,D7,195,CTL04,25.7,93100
13395,D,7,D7,195,CTL04,25.7,93100
13395,D,8,D8,11,SCZ01,25.7,91539
13395,D,8,D8,11,SCZ01,25.7,91539
13395,D,9,D9,291,SCZ09,25.7,82003
13395,D,9,D9,291,SCZ09,25.7,82003
13395,D,10,D10,802,SCZ17,25.7,80764
13395,D,10,D10,802,SCZ17,25.7,80764
13395,D,11,D11,5000ng lysate + HI,LYS_HI,25.7,94248
13395,D,11,D11,5000ng lysate + HI,LYS_HI,25.7,94248
13395,D,12,D12,RECOMBINANT ERK  0.75 nM,ERK_0.750nM,25.7,Inf
13395,D,12,D12,RECOMBINANT ERK  0.75 nM,ERK_0.750nM,25.7,Inf
13395,E,1,E1,223,CTL05,25.7,Inf
13395,E,1,E1,223,CTL05,25.7,Inf
13395,E,2,E2,22,SCZ02,25.7,Inf
13395,E,2,E2,22,SCZ02,25.7,Inf
13395,E,3,E3,329,SCZ10,25.7,Inf
13395,E,3,E3,329,SCZ10,25.7,Inf
13395,E,4,E4,930,SCZ18,25.7,78960
13395,E,4,E4,930,SCZ18,25.7,78960
13395,E,5,E5,5000ng lysate +ERK INHIBITOR,LYS_INH,25.7,87117
13395,E,5,E5,5000ng lysate +ERK INHIBITOR,LYS_INH,25.7,87117
13395,E,6,E6,RECOMBINANT ERK 0.5 nM,ERK_0.500nM,25.7,Inf
13395,E,6,E6,RECOMBINANT ERK 0.5 nM,ERK_0.500nM,25.7,Inf
13395,E,7,E7,223,CTL05,25.7,Inf
13395,E,7,E7,223,CTL05,25.7,Inf
13395,E,8,E8,22,SCZ02,25.7,Inf
13395,E,8,E8,22,SCZ02,25.7,Inf
13395,E,9,E9,329,SCZ10,25.7,Inf
13395,E,9,E9,329,SCZ10,25.7,Inf
13395,E,10,E10,930,SCZ18,25.7,81776
13395,E,10,E10,930,SCZ18,25.7,81776
13395,E,11,E11,5000ng lysate +ERK INHIBITOR,LYS_INH,25.7,88426
13395,E,11,E11,5000ng lysate +ERK INHIBITOR,LYS_INH,25.7,88426
13395,E,12,E12,RECOMBINANT ERK 0.5 nM,ERK_0.500nM,25.7,Inf
13395,E,12,E12,RECOMBINANT ERK 0.5 nM,ERK_0.500nM,25.7,Inf
13395,F,1,F1,524,CTL06,25.7,Inf
13395,F,1,F1,524,CTL06,25.7,Inf
13395,F,2,F2,29,SCZ03,25.7,Inf
13395,F,2,F2,29,SCZ03,25.7,Inf
13395,F,3,F3,446,SCZ11,25.7,Inf
13395,F,3,F3,446,SCZ11,25.7,Inf
13395,F,4,F4,931,SCZ19,25.7,85898
13395,F,4,F4,931,SCZ19,25.7,85898
13395,F,5,F5,"BLANK- Master Mix, no lysate",BLNK,25.7,84612
13395,F,5,F5,"BLANK- Master Mix, no lysate",BLNK,25.7,84612
13395,F,6,F6,RECOMBINANT ERK  0.25 nM,ERK_0.250nM,25.7,Inf
13395,F,6,F6,RECOMBINANT ERK  0.25 nM,ERK_0.250nM,25.7,Inf
13395,F,7,F7,524,CTL06,25.7,Inf
13395,F,7,F7,524,CTL06,25.7,Inf
13395,F,8,F8,29,SCZ03,25.7,Inf
13395,F,8,F8,29,SCZ03,25.7,Inf
13395,F,9,F9,446,SCZ11,25.7,76361
13395,F,9,F9,446,SCZ11,25.7,76361
13395,F,10,F10,931,SCZ19,25.7,85437
13395,F,10,F10,931,SCZ19,25.7,85437
13395,F,11,F11,"BLANK- Master Mix, no lysate",BLNK,25.7,85622
13395,F,11,F11,"BLANK- Master Mix, no lysate",BLNK,25.7,85622
13395,F,12,F12,RECOMBINANT ERK  0.25 nM,ERK_0.250nM,25.7,98821
13395,F,12,F12,RECOMBINANT ERK  0.25 nM,ERK_0.250nM,25.7,98821
13395,G,1,G1,661,CTL07,25.7,87655
13395,G,1,G1,661,CTL07,25.7,87655
13395,G,2,G2,69,SCZ04,25.7,Inf
13395,G,2,G2,69,SCZ04,25.7,Inf
13395,G,3,G3,510,SCZ12,25.7,Inf
13395,G,3,G3,510,SCZ12,25.7,Inf
13395,G,4,G4,932,SCZ20,25.7,94111
13395,G,4,G4,932,SCZ20,25.7,94111
13395,G,5,G5,"BLANK- Master Mix, lysate, no reporter",BLNK_LYS,25.7,23050
13395,G,5,G5,"BLANK- Master Mix, lysate, no reporter",BLNK_LYS,25.7,23050
13395,G,6,G6,RECOMBINANT ERK  0.125 nM,ERK_0.125nM,25.7,Inf
13395,G,6,G6,RECOMBINANT ERK  0.125 nM,ERK_0.125nM,25.7,Inf
13395,G,7,G7,661,CTL07,25.7,82588
13395,G,7,G7,661,CTL07,25.7,82588
13395,G,8,G8,69,SCZ04,25.7,Inf
13395,G,8,G8,69,SCZ04,25.7,Inf
13395,G,9,G9,510,SCZ12,25.7,Inf
13395,G,9,G9,510,SCZ12,25.7,Inf
13395,G,10,G10,932,SCZ20,25.7,93162
13395,G,10,G10,932,SCZ20,25.7,93162
13395,G,11,G11,"BLANK- Master Mix, lysate, no reporter",BLNK_LYS,25.7,24108
13395,G,11,G11,"BLANK- Master Mix, lysate, no reporter",BLNK_LYS,25.7,24108
13395,G,12,G12,RECOMBINANT ERK  0.125 nM,ERK_0.125nM,25.7,97672
13395,G,12,G12,RECOMBINANT ERK  0.125 nM,ERK_0.125nM,25.7,97672
13395,H,1,H1,689,CTL08,25.7,Inf
13395,H,1,H1,689,CTL08,25.7,Inf
13395,H,2,H2,94,SCZ05,25.7,86218
13395,H,2,H2,94,SCZ05,25.7,86218
13395,H,3,H3,547,SCZ13,25.7,91729
13395,H,3,H3,547,SCZ13,25.7,91729
13395,H,4,H4,326,LYS01,25.7,Inf
13395,H,4,H4,326,LYS01,25.7,Inf
13395,H,5,H5,NA,EMPTY,25.7,88331
13395,H,5,H5,NA,EMPTY,25.7,88331
13395,H,6,H6,RECOMBINANT ERK 2nM + ERK INHIBITOR,ERK_2.000nM_INH,25.7,27396
13395,H,6,H6,RECOMBINANT ERK 2nM + ERK INHIBITOR,ERK_2.000nM_INH,25.7,27396
13395,H,7,H7,689,CTL08,25.7,Inf
13395,H,7,H7,689,CTL08,25.7,Inf
13395,H,8,H8,94,SCZ05,25.7,29885
13395,H,8,H8,94,SCZ05,25.7,29885
13395,H,9,H9,547,SCZ13,25.7,95790
13395,H,9,H9,547,SCZ13,25.7,95790
13395,H,10,H10,326,LYS01,25.7,Inf
13395,H,10,H10,326,LYS01,25.7,Inf
13395,H,11,H11,NA,EMPTY,25.7,22576
13395,H,11,H11,NA,EMPTY,25.7,22576
13395,H,12,H12,RECOMBINANT ERK 2nM + ERK INHIBITOR,ERK_2.000nM_INH,25.7,Inf
13395,H,12,H12,RECOMBINANT ERK 2nM + ERK INHIBITOR,ERK_2.000nM_INH,25.7,Inf
13536,A,1,A1,46,CTL01,25.7,Inf
13536,A,1,A1,46,CTL01,25.7,Inf
13536,A,2,A2,720,CTL09,25.7,Inf
13536,A,2,A2,720,CTL09,25.7,Inf
13536,A,3,A3,225,SCZ06,25.7,88766
13536,A,3,A3,225,SCZ06,25.7,88766
13536,A,4,A4,552,SCZ14,25.7,98685
13536,A,4,A4,552,SCZ14,25.7,98685
13536,A,5,A5,328,LYS02,25.7,Inf
13536,A,5,A5,328,LYS02,25.7,Inf
13536,A,6,A6,RECOMBINANT ERK  2nM,ERK_2.000nM,25.7,Inf
13536,A,6,A6,RECOMBINANT ERK  2nM,ERK_2.000nM,25.7,Inf
13536,A,7,A7,46,CTL01,25.7,Inf
13536,A,7,A7,46,CTL01,25.7,Inf
13536,A,8,A8,720,CTL09,25.7,Inf
13536,A,8,A8,720,CTL09,25.7,Inf
13536,A,9,A9,225,SCZ06,25.7,99566
13536,A,9,A9,225,SCZ06,25.7,99566
13536,A,10,A10,552,SCZ14,25.7,97936
13536,A,10,A10,552,SCZ14,25.7,97936
13536,A,11,A11,328,LYS02,25.7,Inf
13536,A,11,A11,328,LYS02,25.7,Inf
13536,A,12,A12,RECOMBINANT ERK  2nM,ERK_2.000nM,25.7,Inf
13536,A,12,A12,RECOMBINANT ERK  2nM,ERK_2.000nM,25.7,Inf
13536,B,1,B1,116,CTL02,25.7,91008
13536,B,1,B1,116,CTL02,25.7,91008
13536,B,2,B2,859,CTL10,25.7,Inf
13536,B,2,B2,859,CTL10,25.7,Inf
13536,B,3,B3,235,SCZ07,25.7,Inf
13536,B,3,B3,235,SCZ07,25.7,Inf
13536,B,4,B4,565,SCZ15,25.7,92606
13536,B,4,B4,565,SCZ15,25.7,92606
13536,B,5,B5,335,LYS03,25.7,Inf
13536,B,5,B5,335,LYS03,25.7,Inf
13536,B,6,B6,RECOMBINANT ERK 1.5 nM,ERK_1.500nM,25.7,Inf
13536,B,6,B6,RECOMBINANT ERK 1.5 nM,ERK_1.500nM,25.7,Inf
13536,B,7,B7,116,CTL02,25.7,82026
13536,B,7,B7,116,CTL02,25.7,82026
13536,B,8,B8,859,CTL10,25.7,Inf
13536,B,8,B8,859,CTL10,25.7,Inf
13536,B,9,B9,235,SCZ07,25.7,98553
13536,B,9,B9,235,SCZ07,25.7,98553
13536,B,10,B10,565,SCZ15,25.7,92062
13536,B,10,B10,565,SCZ15,25.7,92062
13536,B,11,B11,335,LYS03,25.7,Inf
13536,B,11,B11,335,LYS03,25.7,Inf
13536,B,12,B12,RECOMBINANT ERK 1.5 nM,ERK_1.500nM,25.7,Inf
13536,B,12,B12,RECOMBINANT ERK 1.5 nM,ERK_1.500nM,25.7,Inf
13536,C,1,C1,167,CTL03,25.7,Inf
13536,C,1,C1,167,CTL03,25.7,Inf
13536,C,2,C2,874,CTL11,25.7,Inf
13536,C,2,C2,874,CTL11,25.7,Inf
13536,C,3,C3,262,SCZ08,25.7,Inf
13536,C,3,C3,262,SCZ08,25.7,Inf
13536,C,4,C4,737,SCZ16,25.7,92135
13536,C,4,C4,737,SCZ16,25.7,92135
13536,C,5,C5,907,LYS04,25.7,Inf
13536,C,5,C5,907,LYS04,25.7,Inf
13536,C,6,C6,RECOMBINANT ERK  1 nM,ERK_1.000nM,25.7,Inf
13536,C,6,C6,RECOMBINANT ERK  1 nM,ERK_1.000nM,25.7,Inf
13536,C,7,C7,167,CTL03,25.7,Inf
13536,C,7,C7,167,CTL03,25.7,Inf
13536,C,8,C8,874,CTL11,25.7,92599
13536,C,8,C8,874,CTL11,25.7,92599
13536,C,9,C9,262,SCZ08,25.7,Inf
13536,C,9,C9,262,SCZ08,25.7,Inf
13536,C,10,C10,737,SCZ16,25.7,86531
13536,C,10,C10,737,SCZ16,25.7,86531
13536,C,11,C11,907,LYS04,25.7,Inf
13536,C,11,C11,907,LYS04,25.7,Inf
13536,C,12,C12,RECOMBINANT ERK  1 nM,ERK_1.000nM,25.7,Inf
13536,C,12,C12,RECOMBINANT ERK  1 nM,ERK_1.000nM,25.7,Inf
13536,D,1,D1,195,CTL04,25.7,78415
13536,D,1,D1,195,CTL04,25.7,78415
13536,D,2,D2,11,SCZ01,25.7,98028
13536,D,2,D2,11,SCZ01,25.7,98028
13536,D,3,D3,291,SCZ09,25.7,87871
13536,D,3,D3,291,SCZ09,25.7,87871
13536,D,4,D4,802,SCZ17,25.7,68526
13536,D,4,D4,802,SCZ17,25.7,68526
13536,D,5,D5,5000ng lysate + HI,LYS_HI,25.7,97779
13536,D,5,D5,5000ng lysate + HI,LYS_HI,25.7,97779
13536,D,6,D6,RECOMBINANT ERK  0.75 nM,ERK_0.750nM,25.7,Inf
13536,D,6,D6,RECOMBINANT ERK  0.75 nM,ERK_0.750nM,25.7,Inf
13536,D,7,D7,195,CTL04,25.7,92564
13536,D,7,D7,195,CTL04,25.7,92564
13536,D,8,D8,11,SCZ01,25.7,91247
13536,D,8,D8,11,SCZ01,25.7,91247
13536,D,9,D9,291,SCZ09,25.7,81583
13536,D,9,D9,291,SCZ09,25.7,81583
13536,D,10,D10,802,SCZ17,25.7,81234
13536,D,10,D10,802,SCZ17,25.7,81234
13536,D,11,D11,5000ng lysate + HI,LYS_HI,25.7,94161
13536,D,11,D11,5000ng lysate + HI,LYS_HI,25.7,94161
13536,D,12,D12,RECOMBINANT ERK  0.75 nM,ERK_0.750nM,25.7,Inf
13536,D,12,D12,RECOMBINANT ERK  0.75 nM,ERK_0.750nM,25.7,Inf
13536,E,1,E1,223,CTL05,25.7,Inf
13536,E,1,E1,223,CTL05,25.7,Inf
13536,E,2,E2,22,SCZ02,25.7,Inf
13536,E,2,E2,22,SCZ02,25.7,Inf
13536,E,3,E3,329,SCZ10,25.7,Inf
13536,E,3,E3,329,SCZ10,25.7,Inf
13536,E,4,E4,930,SCZ18,25.7,79219
13536,E,4,E4,930,SCZ18,25.7,79219
13536,E,5,E5,5000ng lysate +ERK INHIBITOR,LYS_INH,25.7,86508
13536,E,5,E5,5000ng lysate +ERK INHIBITOR,LYS_INH,25.7,86508
13536,E,6,E6,RECOMBINANT ERK 0.5 nM,ERK_0.500nM,25.7,Inf
13536,E,6,E6,RECOMBINANT ERK 0.5 nM,ERK_0.500nM,25.7,Inf
13536,E,7,E7,223,CTL05,25.7,Inf
13536,E,7,E7,223,CTL05,25.7,Inf
13536,E,8,E8,22,SCZ02,25.7,Inf
13536,E,8,E8,22,SCZ02,25.7,Inf
13536,E,9,E9,329,SCZ10,25.7,Inf
13536,E,9,E9,329,SCZ10,25.7,Inf
13536,E,10,E10,930,SCZ18,25.7,82084
13536,E,10,E10,930,SCZ18,25.7,82084
13536,E,11,E11,5000ng lysate +ERK INHIBITOR,LYS_INH,25.7,88084
13536,E,11,E11,5000ng lysate +ERK INHIBITOR,LYS_INH,25.7,88084
13536,E,12,E12,RECOMBINANT ERK 0.5 nM,ERK_0.500nM,25.7,Inf
13536,E,12,E12,RECOMBINANT ERK 0.5 nM,ERK_0.500nM,25.7,Inf
13536,F,1,F1,524,CTL06,25.7,Inf
13536,F,1,F1,524,CTL06,25.7,Inf
13536,F,2,F2,29,SCZ03,25.7,Inf
13536,F,2,F2,29,SCZ03,25.7,Inf
13536,F,3,F3,446,SCZ11,25.7,Inf
13536,F,3,F3,446,SCZ11,25.7,Inf
13536,F,4,F4,931,SCZ19,25.7,86072
13536,F,4,F4,931,SCZ19,25.7,86072
13536,F,5,F5,"BLANK- Master Mix, no lysate",BLNK,25.7,85654
13536,F,5,F5,"BLANK- Master Mix, no lysate",BLNK,25.7,85654
13536,F,6,F6,RECOMBINANT ERK  0.25 nM,ERK_0.250nM,25.7,Inf
13536,F,6,F6,RECOMBINANT ERK  0.25 nM,ERK_0.250nM,25.7,Inf
13536,F,7,F7,524,CTL06,25.7,Inf
13536,F,7,F7,524,CTL06,25.7,Inf
13536,F,8,F8,29,SCZ03,25.7,Inf
13536,F,8,F8,29,SCZ03,25.7,Inf
13536,F,9,F9,446,SCZ11,25.7,75962
13536,F,9,F9,446,SCZ11,25.7,75962
13536,F,10,F10,931,SCZ19,25.7,84676
13536,F,10,F10,931,SCZ19,25.7,84676
13536,F,11,F11,"BLANK- Master Mix, no lysate",BLNK,25.7,85743
13536,F,11,F11,"BLANK- Master Mix, no lysate",BLNK,25.7,85743
13536,F,12,F12,RECOMBINANT ERK  0.25 nM,ERK_0.250nM,25.7,98835
13536,F,12,F12,RECOMBINANT ERK  0.25 nM,ERK_0.250nM,25.7,98835
13536,G,1,G1,661,CTL07,25.7,88208
13536,G,1,G1,661,CTL07,25.7,88208
13536,G,2,G2,69,SCZ04,25.7,Inf
13536,G,2,G2,69,SCZ04,25.7,Inf
13536,G,3,G3,510,SCZ12,25.7,Inf
13536,G,3,G3,510,SCZ12,25.7,Inf
13536,G,4,G4,932,SCZ20,25.7,93922
13536,G,4,G4,932,SCZ20,25.7,93922
13536,G,5,G5,"BLANK- Master Mix, lysate, no reporter",BLNK_LYS,25.7,23249
13536,G,5,G5,"BLANK- Master Mix, lysate, no reporter",BLNK_LYS,25.7,23249
13536,G,6,G6,RECOMBINANT ERK  0.125 nM,ERK_0.125nM,25.7,Inf
13536,G,6,G6,RECOMBINANT ERK  0.125 nM,ERK_0.125nM,25.7,Inf
13536,G,7,G7,661,CTL07,25.7,83481
13536,G,7,G7,661,CTL07,25.7,83481
13536,G,8,G8,69,SCZ04,25.7,Inf
13536,G,8,G8,69,SCZ04,25.7,Inf
13536,G,9,G9,510,SCZ12,25.7,Inf
13536,G,9,G9,510,SCZ12,25.7,Inf
13536,G,10,G10,932,SCZ20,25.7,93225
13536,G,10,G10,932,SCZ20,25.7,93225
13536,G,11,G11,"BLANK- Master Mix, lysate, no reporter",BLNK_LYS,25.7,23894
13536,G,11,G11,"BLANK- Master Mix, lysate, no reporter",BLNK_LYS,25.7,23894
13536,G,12,G12,RECOMBINANT ERK  0.125 nM,ERK_0.125nM,25.7,97963
13536,G,12,G12,RECOMBINANT ERK  0.125 nM,ERK_0.125nM,25.7,97963
13536,H,1,H1,689,CTL08,25.7,Inf
13536,H,1,H1,689,CTL08,25.7,Inf
13536,H,2,H2,94,SCZ05,25.7,86658
13536,H,2,H2,94,SCZ05,25.7,86658
13536,H,3,H3,547,SCZ13,25.7,92069
13536,H,3,H3,547,SCZ13,25.7,92069
13536,H,4,H4,326,LYS01,25.7,Inf
13536,H,4,H4,326,LYS01,25.7,Inf
13536,H,5,H5,NA,EMPTY,25.7,88771
13536,H,5,H5,NA,EMPTY,25.7,88771
13536,H,6,H6,RECOMBINANT ERK 2nM + ERK INHIBITOR,ERK_2.000nM_INH,25.7,26998
13536,H,6,H6,RECOMBINANT ERK 2nM + ERK INHIBITOR,ERK_2.000nM_INH,25.7,26998
13536,H,7,H7,689,CTL08,25.7,Inf
13536,H,7,H7,689,CTL08,25.7,Inf
13536,H,8,H8,94,SCZ05,25.7,29726
13536,H,8,H8,94,SCZ05,25.7,29726
13536,H,9,H9,547,SCZ13,25.7,95953
13536,H,9,H9,547,SCZ13,25.7,95953
13536,H,10,H10,326,LYS01,25.7,Inf
13536,H,10,H10,326,LYS01,25.7,Inf
13536,H,11,H11,NA,EMPTY,25.7,22503
13536,H,11,H11,NA,EMPTY,25.7,22503
13536,H,12,H12,RECOMBINANT ERK 2nM + ERK INHIBITOR,ERK_2.000nM_INH,25.7,Inf
13536,H,12,H12,RECOMBINANT ERK 2nM + ERK INHIBITOR,ERK_2.000nM_INH,25.7,Inf
13677,A,1,A1,46,CTL01,25.7,Inf
13677,A,1,A1,46,CTL01,25.7,Inf
13677,A,2,A2,720,CTL09,25.7,Inf
13677,A,2,A2,720,CTL09,25.7,Inf
13677,A,3,A3,225,SCZ06,25.7,89167
13677,A,3,A3,225,SCZ06,25.7,89167
13677,A,4,A4,552,SCZ14,25.7,98223
13677,A,4,A4,552,SCZ14,25.7,98223
13677,A,5,A5,328,LYS02,25.7,Inf
13677,A,5,A5,328,LYS02,25.7,Inf
13677,A,6,A6,RECOMBINANT ERK  2nM,ERK_2.000nM,25.7,Inf
13677,A,6,A6,RECOMBINANT ERK  2nM,ERK_2.000nM,25.7,Inf
13677,A,7,A7,46,CTL01,25.7,Inf
13677,A,7,A7,46,CTL01,25.7,Inf
13677,A,8,A8,720,CTL09,25.7,Inf
13677,A,8,A8,720,CTL09,25.7,Inf
13677,A,9,A9,225,SCZ06,25.7,99360
13677,A,9,A9,225,SCZ06,25.7,99360
13677,A,10,A10,552,SCZ14,25.7,99253
13677,A,10,A10,552,SCZ14,25.7,99253
13677,A,11,A11,328,LYS02,25.7,Inf
13677,A,11,A11,328,LYS02,25.7,Inf
13677,A,12,A12,RECOMBINANT ERK  2nM,ERK_2.000nM,25.7,Inf
13677,A,12,A12,RECOMBINANT ERK  2nM,ERK_2.000nM,25.7,Inf
13677,B,1,B1,116,CTL02,25.7,91468
13677,B,1,B1,116,CTL02,25.7,91468
13677,B,2,B2,859,CTL10,25.7,Inf
13677,B,2,B2,859,CTL10,25.7,Inf
13677,B,3,B3,235,SCZ07,25.7,Inf
13677,B,3,B3,235,SCZ07,25.7,Inf
13677,B,4,B4,565,SCZ15,25.7,92621
13677,B,4,B4,565,SCZ15,25.7,92621
13677,B,5,B5,335,LYS03,25.7,Inf
13677,B,5,B5,335,LYS03,25.7,Inf
13677,B,6,B6,RECOMBINANT ERK 1.5 nM,ERK_1.500nM,25.7,Inf
13677,B,6,B6,RECOMBINANT ERK 1.5 nM,ERK_1.500nM,25.7,Inf
13677,B,7,B7,116,CTL02,25.7,82190
13677,B,7,B7,116,CTL02,25.7,82190
13677,B,8,B8,859,CTL10,25.7,Inf
13677,B,8,B8,859,CTL10,25.7,Inf
13677,B,9,B9,235,SCZ07,25.7,99079
13677,B,9,B9,235,SCZ07,25.7,99079
13677,B,10,B10,565,SCZ15,25.7,92696
13677,B,10,B10,565,SCZ15,25.7,92696
13677,B,11,B11,335,LYS03,25.7,Inf
13677,B,11,B11,335,LYS03,25.7,Inf
13677,B,12,B12,RECOMBINANT ERK 1.5 nM,ERK_1.500nM,25.7,Inf
13677,B,12,B12,RECOMBINANT ERK 1.5 nM,ERK_1.500nM,25.7,Inf
13677,C,1,C1,167,CTL03,25.7,Inf
13677,C,1,C1,167,CTL03,25.7,Inf
13677,C,2,C2,874,CTL11,25.7,Inf
13677,C,2,C2,874,CTL11,25.7,Inf
13677,C,3,C3,262,SCZ08,25.7,Inf
13677,C,3,C3,262,SCZ08,25.7,Inf
13677,C,4,C4,737,SCZ16,25.7,92251
13677,C,4,C4,737,SCZ16,25.7,92251
13677,C,5,C5,907,LYS04,25.7,Inf
13677,C,5,C5,907,LYS04,25.7,Inf
13677,C,6,C6,RECOMBINANT ERK  1 nM,ERK_1.000nM,25.7,Inf
13677,C,6,C6,RECOMBINANT ERK  1 nM,ERK_1.000nM,25.7,Inf
13677,C,7,C7,167,CTL03,25.7,Inf
13677,C,7,C7,167,CTL03,25.7,Inf
13677,C,8,C8,874,CTL11,25.7,93633
13677,C,8,C8,874,CTL11,25.7,93633
13677,C,9,C9,262,SCZ08,25.7,Inf
13677,C,9,C9,262,SCZ08,25.7,Inf
13677,C,10,C10,737,SCZ16,25.7,86930
13677,C,10,C10,737,SCZ16,25.7,86930
13677,C,11,C11,907,LYS04,25.7,Inf
13677,C,11,C11,907,LYS04,25.7,Inf
13677,C,12,C12,RECOMBINANT ERK  1 nM,ERK_1.000nM,25.7,Inf
13677,C,12,C12,RECOMBINANT ERK  1 nM,ERK_1.000nM,25.7,Inf
13677,D,1,D1,195,CTL04,25.7,78935
13677,D,1,D1,195,CTL04,25.7,78935
13677,D,2,D2,11,SCZ01,25.7,98036
13677,D,2,D2,11,SCZ01,25.7,98036
13677,D,3,D3,291,SCZ09,25.7,88690
13677,D,3,D3,291,SCZ09,25.7,88690
13677,D,4,D4,802,SCZ17,25.7,69135
13677,D,4,D4,802,SCZ17,25.7,69135
13677,D,5,D5,5000ng lysate + HI,LYS_HI,25.7,97649
13677,D,5,D5,5000ng lysate + HI,LYS_HI,25.7,97649
13677,D,6,D6,RECOMBINANT ERK  0.75 nM,ERK_0.750nM,25.7,Inf
13677,D,6,D6,RECOMBINANT ERK  0.75 nM,ERK_0.750nM,25.7,Inf
13677,D,7,D7,195,CTL04,25.7,93158
13677,D,7,D7,195,CTL04,25.7,93158
13677,D,8,D8,11,SCZ01,25.7,91671
13677,D,8,D8,11,SCZ01,25.7,91671
13677,D,9,D9,291,SCZ09,25.7,81574
13677,D,9,D9,291,SCZ09,25.7,81574
13677,D,10,D10,802,SCZ17,25.7,81445
13677,D,10,D10,802,SCZ17,25.7,81445
13677,D,11,D11,5000ng lysate + HI,LYS_HI,25.7,93740
13677,D,11,D11,5000ng lysate + HI,LYS_HI,25.7,93740
13677,D,12,D12,RECOMBINANT ERK  0.75 nM,ERK_0.750nM,25.7,Inf
13677,D,12,D12,RECOMBINANT ERK  0.75 nM,ERK_0.750nM,25.7,Inf
13677,E,1,E1,223,CTL05,25.7,Inf
13677,E,1,E1,223,CTL05,25.7,Inf
13677,E,2,E2,22,SCZ02,25.7,Inf
13677,E,2,E2,22,SCZ02,25.7,Inf
13677,E,3,E3,329,SCZ10,25.7,Inf
13677,E,3,E3,329,SCZ10,25.7,Inf
13677,E,4,E4,930,SCZ18,25.7,79679
13677,E,4,E4,930,SCZ18,25.7,79679
13677,E,5,E5,5000ng lysate +ERK INHIBITOR,LYS_INH,25.7,86748
13677,E,5,E5,5000ng lysate +ERK INHIBITOR,LYS_INH,25.7,86748
13677,E,6,E6,RECOMBINANT ERK 0.5 nM,ERK_0.500nM,25.7,Inf
13677,E,6,E6,RECOMBINANT ERK 0.5 nM,ERK_0.500nM,25.7,Inf
13677,E,7,E7,223,CTL05,25.7,Inf
13677,E,7,E7,223,CTL05,25.7,Inf
13677,E,8,E8,22,SCZ02,25.7,Inf
13677,E,8,E8,22,SCZ02,25.7,Inf
13677,E,9,E9,329,SCZ10,25.7,Inf
13677,E,9,E9,329,SCZ10,25.7,Inf
13677,E,10,E10,930,SCZ18,25.7,81964
13677,E,10,E10,930,SCZ18,25.7,81964
13677,E,11,E11,5000ng lysate +ERK INHIBITOR,LYS_INH,25.7,87728
13677,E,11,E11,5000ng lysate +ERK INHIBITOR,LYS_INH,25.7,87728
13677,E,12,E12,RECOMBINANT ERK 0.5 nM,ERK_0.500nM,25.7,Inf
13677,E,12,E12,RECOMBINANT ERK 0.5 nM,ERK_0.500nM,25.7,Inf
13677,F,1,F1,524,CTL06,25.7,Inf
13677,F,1,F1,524,CTL06,25.7,Inf
13677,F,2,F2,29,SCZ03,25.7,Inf
13677,F,2,F2,29,SCZ03,25.7,Inf
13677,F,3,F3,446,SCZ11,25.7,Inf
13677,F,3,F3,446,SCZ11,25.7,Inf
13677,F,4,F4,931,SCZ19,25.7,86582
13677,F,4,F4,931,SCZ19,25.7,86582
13677,F,5,F5,"BLANK- Master Mix, no lysate",BLNK,25.7,85093
13677,F,5,F5,"BLANK- Master Mix, no lysate",BLNK,25.7,85093
13677,F,6,F6,RECOMBINANT ERK  0.25 nM,ERK_0.250nM,25.7,Inf
13677,F,6,F6,RECOMBINANT ERK  0.25 nM,ERK_0.250nM,25.7,Inf
13677,F,7,F7,524,CTL06,25.7,Inf
13677,F,7,F7,524,CTL06,25.7,Inf
13677,F,8,F8,29,SCZ03,25.7,Inf
13677,F,8,F8,29,SCZ03,25.7,Inf
13677,F,9,F9,446,SCZ11,25.7,76129
13677,F,9,F9,446,SCZ11,25.7,76129
13677,F,10,F10,931,SCZ19,25.7,84599
13677,F,10,F10,931,SCZ19,25.7,84599
13677,F,11,F11,"BLANK- Master Mix, no lysate",BLNK,25.7,85809
13677,F,11,F11,"BLANK- Master Mix, no lysate",BLNK,25.7,85809
13677,F,12,F12,RECOMBINANT ERK  0.25 nM,ERK_0.250nM,25.7,99620
13677,F,12,F12,RECOMBINANT ERK  0.25 nM,ERK_0.250nM,25.7,99620
13677,G,1,G1,661,CTL07,25.7,88188
13677,G,1,G1,661,CTL07,25.7,88188
13677,G,2,G2,69,SCZ04,25.7,Inf
13677,G,2,G2,69,SCZ04,25.7,Inf
13677,G,3,G3,510,SCZ12,25.7,Inf
13677,G,3,G3,510,SCZ12,25.7,Inf
13677,G,4,G4,932,SCZ20,25.7,95182
13677,G,4,G4,932,SCZ20,25.7,95182
13677,G,5,G5,"BLANK- Master Mix, lysate, no reporter",BLNK_LYS,25.7,23107
13677,G,5,G5,"BLANK- Master Mix, lysate, no reporter",BLNK_LYS,25.7,23107
13677,G,6,G6,RECOMBINANT ERK  0.125 nM,ERK_0.125nM,25.7,Inf
13677,G,6,G6,RECOMBINANT ERK  0.125 nM,ERK_0.125nM,25.7,Inf
13677,G,7,G7,661,CTL07,25.7,82965
13677,G,7,G7,661,CTL07,25.7,82965
13677,G,8,G8,69,SCZ04,25.7,Inf
13677,G,8,G8,69,SCZ04,25.7,Inf
13677,G,9,G9,510,SCZ12,25.7,Inf
13677,G,9,G9,510,SCZ12,25.7,Inf
13677,G,10,G10,932,SCZ20,25.7,94150
13677,G,10,G10,932,SCZ20,25.7,94150
13677,G,11,G11,"BLANK- Master Mix, lysate, no reporter",BLNK_LYS,25.7,24252
13677,G,11,G11,"BLANK- Master Mix, lysate, no reporter",BLNK_LYS,25.7,24252
13677,G,12,G12,RECOMBINANT ERK  0.125 nM,ERK_0.125nM,25.7,97658
13677,G,12,G12,RECOMBINANT ERK  0.125 nM,ERK_0.125nM,25.7,97658
13677,H,1,H1,689,CTL08,25.7,Inf
13677,H,1,H1,689,CTL08,25.7,Inf
13677,H,2,H2,94,SCZ05,25.7,86534
13677,H,2,H2,94,SCZ05,25.7,86534
13677,H,3,H3,547,SCZ13,25.7,92109
13677,H,3,H3,547,SCZ13,25.7,92109
13677,H,4,H4,326,LYS01,25.7,Inf
13677,H,4,H4,326,LYS01,25.7,Inf
13677,H,5,H5,NA,EMPTY,25.7,89250
13677,H,5,H5,NA,EMPTY,25.7,89250
13677,H,6,H6,RECOMBINANT ERK 2nM + ERK INHIBITOR,ERK_2.000nM_INH,25.7,27337
13677,H,6,H6,RECOMBINANT ERK 2nM + ERK INHIBITOR,ERK_2.000nM_INH,25.7,27337
13677,H,7,H7,689,CTL08,25.7,Inf
13677,H,7,H7,689,CTL08,25.7,Inf
13677,H,8,H8,94,SCZ05,25.7,29810
13677,H,8,H8,94,SCZ05,25.7,29810
13677,H,9,H9,547,SCZ13,25.7,96301
13677,H,9,H9,547,SCZ13,25.7,96301
13677,H,10,H10,326,LYS01,25.7,Inf
13677,H,10,H10,326,LYS01,25.7,Inf
13677,H,11,H11,NA,EMPTY,25.7,22336
13677,H,11,H11,NA,EMPTY,25.7,22336
13677,H,12,H12,RECOMBINANT ERK 2nM + ERK INHIBITOR,ERK_2.000nM_INH,25.7,Inf
13677,H,12,H12,RECOMBINANT ERK 2nM + ERK INHIBITOR,ERK_2.000nM_INH,25.7,Inf
13818,A,1,A1,46,CTL01,25.7,Inf
13818,A,1,A1,46,CTL01,25.7,Inf
13818,A,2,A2,720,CTL09,25.7,Inf
13818,A,2,A2,720,CTL09,25.7,Inf
13818,A,3,A3,225,SCZ06,25.7,89581
13818,A,3,A3,225,SCZ06,25.7,89581
13818,A,4,A4,552,SCZ14,25.7,98427
13818,A,4,A4,552,SCZ14,25.7,98427
13818,A,5,A5,328,LYS02,25.7,Inf
13818,A,5,A5,328,LYS02,25.7,Inf
13818,A,6,A6,RECOMBINANT ERK  2nM,ERK_2.000nM,25.7,Inf
13818,A,6,A6,RECOMBINANT ERK  2nM,ERK_2.000nM,25.7,Inf
13818,A,7,A7,46,CTL01,25.7,Inf
13818,A,7,A7,46,CTL01,25.7,Inf
13818,A,8,A8,720,CTL09,25.7,Inf
13818,A,8,A8,720,CTL09,25.7,Inf
13818,A,9,A9,225,SCZ06,25.7,99954
13818,A,9,A9,225,SCZ06,25.7,99954
13818,A,10,A10,552,SCZ14,25.7,98349
13818,A,10,A10,552,SCZ14,25.7,98349
13818,A,11,A11,328,LYS02,25.7,Inf
13818,A,11,A11,328,LYS02,25.7,Inf
13818,A,12,A12,RECOMBINANT ERK  2nM,ERK_2.000nM,25.7,Inf
13818,A,12,A12,RECOMBINANT ERK  2nM,ERK_2.000nM,25.7,Inf
13818,B,1,B1,116,CTL02,25.7,91614
13818,B,1,B1,116,CTL02,25.7,91614
13818,B,2,B2,859,CTL10,25.7,Inf
13818,B,2,B2,859,CTL10,25.7,Inf
13818,B,3,B3,235,SCZ07,25.7,Inf
13818,B,3,B3,235,SCZ07,25.7,Inf
13818,B,4,B4,565,SCZ15,25.7,92959
13818,B,4,B4,565,SCZ15,25.7,92959
13818,B,5,B5,335,LYS03,25.7,Inf
13818,B,5,B5,335,LYS03,25.7,Inf
13818,B,6,B6,RECOMBINANT ERK 1.5 nM,ERK_1.500nM,25.7,Inf
13818,B,6,B6,RECOMBINANT ERK 1.5 nM,ERK_1.500nM,25.7,Inf
13818,B,7,B7,116,CTL02,25.7,82329
13818,B,7,B7,116,CTL02,25.7,82329
13818,B,8,B8,859,CTL10,25.7,Inf
13818,B,8,B8,859,CTL10,25.7,Inf
13818,B,9,B9,235,SCZ07,25.7,98579
13818,B,9,B9,235,SCZ07,25.7,98579
13818,B,10,B10,565,SCZ15,25.7,92380
13818,B,10,B10,565,SCZ15,25.7,92380
13818,B,11,B11,335,LYS03,25.7,Inf
13818,B,11,B11,335,LYS03,25.7,Inf
13818,B,12,B12,RECOMBINANT ERK 1.5 nM,ERK_1.500nM,25.7,Inf
13818,B,12,B12,RECOMBINANT ERK 1.5 nM,ERK_1.500nM,25.7,Inf
13818,C,1,C1,167,CTL03,25.7,Inf
13818,C,1,C1,167,CTL03,25.7,Inf
13818,C,2,C2,874,CTL11,25.7,Inf
13818,C,2,C2,874,CTL11,25.7,Inf
13818,C,3,C3,262,SCZ08,25.7,Inf
13818,C,3,C3,262,SCZ08,25.7,Inf
13818,C,4,C4,737,SCZ16,25.7,91795
13818,C,4,C4,737,SCZ16,25.7,91795
13818,C,5,C5,907,LYS04,25.7,Inf
13818,C,5,C5,907,LYS04,25.7,Inf
13818,C,6,C6,RECOMBINANT ERK  1 nM,ERK_1.000nM,25.7,Inf
13818,C,6,C6,RECOMBINANT ERK  1 nM,ERK_1.000nM,25.7,Inf
13818,C,7,C7,167,CTL03,25.7,Inf
13818,C,7,C7,167,CTL03,25.7,Inf
13818,C,8,C8,874,CTL11,25.7,93569
13818,C,8,C8,874,CTL11,25.7,93569
13818,C,9,C9,262,SCZ08,25.7,Inf
13818,C,9,C9,262,SCZ08,25.7,Inf
13818,C,10,C10,737,SCZ16,25.7,86677
13818,C,10,C10,737,SCZ16,25.7,86677
13818,C,11,C11,907,LYS04,25.7,Inf
13818,C,11,C11,907,LYS04,25.7,Inf
13818,C,12,C12,RECOMBINANT ERK  1 nM,ERK_1.000nM,25.7,Inf
13818,C,12,C12,RECOMBINANT ERK  1 nM,ERK_1.000nM,25.7,Inf
13818,D,1,D1,195,CTL04,25.7,77986
13818,D,1,D1,195,CTL04,25.7,77986
13818,D,2,D2,11,SCZ01,25.7,98554
13818,D,2,D2,11,SCZ01,25.7,98554
13818,D,3,D3,291,SCZ09,25.7,87789
13818,D,3,D3,291,SCZ09,25.7,87789
13818,D,4,D4,802,SCZ17,25.7,69012
13818,D,4,D4,802,SCZ17,25.7,69012
13818,D,5,D5,5000ng lysate + HI,LYS_HI,25.7,97508
13818,D,5,D5,5000ng lysate + HI,LYS_HI,25.7,97508
13818,D,6,D6,RECOMBINANT ERK  0.75 nM,ERK_0.750nM,25.7,Inf
13818,D,6,D6,RECOMBINANT ERK  0.75 nM,ERK_0.750nM,25.7,Inf
13818,D,7,D7,195,CTL04,25.7,92633
13818,D,7,D7,195,CTL04,25.7,92633
13818,D,8,D8,11,SCZ01,25.7,91836
13818,D,8,D8,11,SCZ01,25.7,91836
13818,D,9,D9,291,SCZ09,25.7,82157
13818,D,9,D9,291,SCZ09,25.7,82157
13818,D,10,D10,802,SCZ17,25.7,80831
13818,D,10,D10,802,SCZ17,25.7,80831
13818,D,11,D11,5000ng lysate + HI,LYS_HI,25.7,93709
13818,D,11,D11,5000ng lysate + HI,LYS_HI,25.7,93709
13818,D,12,D12,RECOMBINANT ERK  0.75 nM,ERK_0.750nM,25.7,Inf
13818,D,12,D12,RECOMBINANT ERK  0.75 nM,ERK_0.750nM,25.7,Inf
13818,E,1,E1,223,CTL05,25.7,Inf
13818,E,1,E1,223,CTL05,25.7,Inf
13818,E,2,E2,22,SCZ02,25.7,Inf
13818,E,2,E2,22,SCZ02,25.7,Inf
13818,E,3,E3,329,SCZ10,25.7,Inf
13818,E,3,E3,329,SCZ10,25.7,Inf
13818,E,4,E4,930,SCZ18,25.7,80492
13818,E,4,E4,930,SCZ18,25.7,80492
13818,E,5,E5,5000ng lysate +ERK INHIBITOR,LYS_INH,25.7,86957
13818,E,5,E5,5000ng lysate +ERK INHIBITOR,LYS_INH,25.7,86957
13818,E,6,E6,RECOMBINANT ERK 0.5 nM,ERK_0.500nM,25.7,Inf
13818,E,6,E6,RECOMBINANT ERK 0.5 nM,ERK_0.500nM,25.7,Inf
13818,E,7,E7,223,CTL05,25.7,Inf
13818,E,7,E7,223,CTL05,25.7,Inf
13818,E,8,E8,22,SCZ02,25.7,Inf
13818,E,8,E8,22,SCZ02,25.7,Inf
13818,E,9,E9,329,SCZ10,25.7,Inf
13818,E,9,E9,329,SCZ10,25.7,Inf
13818,E,10,E10,930,SCZ18,25.7,82262
13818,E,10,E10,930,SCZ18,25.7,82262
13818,E,11,E11,5000ng lysate +ERK INHIBITOR,LYS_INH,25.7,88190
13818,E,11,E11,5000ng lysate +ERK INHIBITOR,LYS_INH,25.7,88190
13818,E,12,E12,RECOMBINANT ERK 0.5 nM,ERK_0.500nM,25.7,Inf
13818,E,12,E12,RECOMBINANT ERK 0.5 nM,ERK_0.500nM,25.7,Inf
13818,F,1,F1,524,CTL06,25.7,Inf
13818,F,1,F1,524,CTL06,25.7,Inf
13818,F,2,F2,29,SCZ03,25.7,Inf
13818,F,2,F2,29,SCZ03,25.7,Inf
13818,F,3,F3,446,SCZ11,25.7,Inf
13818,F,3,F3,446,SCZ11,25.7,Inf
13818,F,4,F4,931,SCZ19,25.7,85564
13818,F,4,F4,931,SCZ19,25.7,85564
13818,F,5,F5,"BLANK- Master Mix, no lysate",BLNK,25.7,84441
13818,F,5,F5,"BLANK- Master Mix, no lysate",BLNK,25.7,84441
13818,F,6,F6,RECOMBINANT ERK  0.25 nM,ERK_0.250nM,25.7,Inf
13818,F,6,F6,RECOMBINANT ERK  0.25 nM,ERK_0.250nM,25.7,Inf
13818,F,7,F7,524,CTL06,25.7,Inf
13818,F,7,F7,524,CTL06,25.7,Inf
13818,F,8,F8,29,SCZ03,25.7,Inf
13818,F,8,F8,29,SCZ03,25.7,Inf
13818,F,9,F9,446,SCZ11,25.7,76544
13818,F,9,F9,446,SCZ11,25.7,76544
13818,F,10,F10,931,SCZ19,25.7,84491
13818,F,10,F10,931,SCZ19,25.7,84491
13818,F,11,F11,"BLANK- Master Mix, no lysate",BLNK,25.7,86118
13818,F,11,F11,"BLANK- Master Mix, no lysate",BLNK,25.7,86118
13818,F,12,F12,RECOMBINANT ERK  0.25 nM,ERK_0.250nM,25.7,99341
13818,F,12,F12,RECOMBINANT ERK  0.25 nM,ERK_0.250nM,25.7,99341
13818,G,1,G1,661,CTL07,25.7,87705
13818,G,1,G1,661,CTL07,25.7,87705
13818,G,2,G2,69,SCZ04,25.7,Inf
13818,G,2,G2,69,SCZ04,25.7,Inf
13818,G,3,G3,510,SCZ12,25.7,Inf
13818,G,3,G3,510,SCZ12,25.7,Inf
13818,G,4,G4,932,SCZ20,25.7,95126
13818,G,4,G4,932,SCZ20,25.7,95126
13818,G,5,G5,"BLANK- Master Mix, lysate, no reporter",BLNK_LYS,25.7,23282
13818,G,5,G5,"BLANK- Master Mix, lysate, no reporter",BLNK_LYS,25.7,23282
13818,G,6,G6,RECOMBINANT ERK  0.125 nM,ERK_0.125nM,25.7,Inf
13818,G,6,G6,RECOMBINANT ERK  0.125 nM,ERK_0.125nM,25.7,Inf
13818,G,7,G7,661,CTL07,25.7,82574
13818,G,7,G7,661,CTL07,25.7,82574
13818,G,8,G8,69,SCZ04,25.7,Inf
13818,G,8,G8,69,SCZ04,25.7,Inf
13818,G,9,G9,510,SCZ12,25.7,Inf
13818,G,9,G9,510,SCZ12,25.7,Inf
13818,G,10,G10,932,SCZ20,25.7,94173
13818,G,10,G10,932,SCZ20,25.7,94173
13818,G,11,G11,"BLANK- Master Mix, lysate, no reporter",BLNK_LYS,25.7,23986
13818,G,11,G11,"BLANK- Master Mix, lysate, no reporter",BLNK_LYS,25.7,23986
13818,G,12,G12,RECOMBINANT ERK  0.125 nM,ERK_0.125nM,25.7,98175
13818,G,12,G12,RECOMBINANT ERK  0.125 nM,ERK_0.125nM,25.7,98175
13818,H,1,H1,689,CTL08,25.7,Inf
13818,H,1,H1,689,CTL08,25.7,Inf
13818,H,2,H2,94,SCZ05,25.7,86176
13818,H,2,H2,94,SCZ05,25.7,86176
13818,H,3,H3,547,SCZ13,25.7,92814
13818,H,3,H3,547,SCZ13,25.7,92814
13818,H,4,H4,326,LYS01,25.7,Inf
13818,H,4,H4,326,LYS01,25.7,Inf
13818,H,5,H5,NA,EMPTY,25.7,88905
13818,H,5,H5,NA,EMPTY,25.7,88905
13818,H,6,H6,RECOMBINANT ERK 2nM + ERK INHIBITOR,ERK_2.000nM_INH,25.7,27871
13818,H,6,H6,RECOMBINANT ERK 2nM + ERK INHIBITOR,ERK_2.000nM_INH,25.7,27871
13818,H,7,H7,689,CTL08,25.7,Inf
13818,H,7,H7,689,CTL08,25.7,Inf
13818,H,8,H8,94,SCZ05,25.7,29419
13818,H,8,H8,94,SCZ05,25.7,29419
13818,H,9,H9,547,SCZ13,25.7,96195
13818,H,9,H9,547,SCZ13,25.7,96195
13818,H,10,H10,326,LYS01,25.7,Inf
13818,H,10,H10,326,LYS01,25.7,Inf
13818,H,11,H11,NA,EMPTY,25.7,22278
13818,H,11,H11,NA,EMPTY,25.7,22278
13818,H,12,H12,RECOMBINANT ERK 2nM + ERK INHIBITOR,ERK_2.000nM_INH,25.7,Inf
13818,H,12,H12,RECOMBINANT ERK 2nM + ERK INHIBITOR,ERK_2.000nM_INH,25.7,Inf
13959,A,1,A1,46,CTL01,25.7,Inf
13959,A,1,A1,46,CTL01,25.7,Inf
13959,A,2,A2,720,CTL09,25.7,Inf
13959,A,2,A2,720,CTL09,25.7,Inf
13959,A,3,A3,225,SCZ06,25.7,89851
13959,A,3,A3,225,SCZ06,25.7,89851
13959,A,4,A4,552,SCZ14,25.7,98953
13959,A,4,A4,552,SCZ14,25.7,98953
13959,A,5,A5,328,LYS02,25.7,Inf
13959,A,5,A5,328,LYS02,25.7,Inf
13959,A,6,A6,RECOMBINANT ERK  2nM,ERK_2.000nM,25.7,Inf
13959,A,6,A6,RECOMBINANT ERK  2nM,ERK_2.000nM,25.7,Inf
13959,A,7,A7,46,CTL01,25.7,Inf
13959,A,7,A7,46,CTL01,25.7,Inf
13959,A,8,A8,720,CTL09,25.7,Inf
13959,A,8,A8,720,CTL09,25.7,Inf
13959,A,9,A9,225,SCZ06,25.7,99138
13959,A,9,A9,225,SCZ06,25.7,99138
13959,A,10,A10,552,SCZ14,25.7,98776
13959,A,10,A10,552,SCZ14,25.7,98776
13959,A,11,A11,328,LYS02,25.7,Inf
13959,A,11,A11,328,LYS02,25.7,Inf
13959,A,12,A12,RECOMBINANT ERK  2nM,ERK_2.000nM,25.7,Inf
13959,A,12,A12,RECOMBINANT ERK  2nM,ERK_2.000nM,25.7,Inf
13959,B,1,B1,116,CTL02,25.7,91242
13959,B,1,B1,116,CTL02,25.7,91242
13959,B,2,B2,859,CTL10,25.7,Inf
13959,B,2,B2,859,CTL10,25.7,Inf
13959,B,3,B3,235,SCZ07,25.7,Inf
13959,B,3,B3,235,SCZ07,25.7,Inf
13959,B,4,B4,565,SCZ15,25.7,92649
13959,B,4,B4,565,SCZ15,25.7,92649
13959,B,5,B5,335,LYS03,25.7,Inf
13959,B,5,B5,335,LYS03,25.7,Inf
13959,B,6,B6,RECOMBINANT ERK 1.5 nM,ERK_1.500nM,25.7,Inf
13959,B,6,B6,RECOMBINANT ERK 1.5 nM,ERK_1.500nM,25.7,Inf
13959,B,7,B7,116,CTL02,25.7,82054
13959,B,7,B7,116,CTL02,25.7,82054
13959,B,8,B8,859,CTL10,25.7,Inf
13959,B,8,B8,859,CTL10,25.7,Inf
13959,B,9,B9,235,SCZ07,25.7,98569
13959,B,9,B9,235,SCZ07,25.7,98569
13959,B,10,B10,565,SCZ15,25.7,93181
13959,B,10,B10,565,SCZ15,25.7,93181
13959,B,11,B11,335,LYS03,25.7,Inf
13959,B,11,B11,335,LYS03,25.7,Inf
13959,B,12,B12,RECOMBINANT ERK 1.5 nM,ERK_1.500nM,25.7,Inf
13959,B,12,B12,RECOMBINANT ERK 1.5 nM,ERK_1.500nM,25.7,Inf
13959,C,1,C1,167,CTL03,25.7,Inf
13959,C,1,C1,167,CTL03,25.7,Inf
13959,C,2,C2,874,CTL11,25.7,Inf
13959,C,2,C2,874,CTL11,25.7,Inf
13959,C,3,C3,262,SCZ08,25.7,Inf
13959,C,3,C3,262,SCZ08,25.7,Inf
13959,C,4,C4,737,SCZ16,25.7,92413
13959,C,4,C4,737,SCZ16,25.7,92413
13959,C,5,C5,907,LYS04,25.7,Inf
13959,C,5,C5,907,LYS04,25.7,Inf
13959,C,6,C6,RECOMBINANT ERK  1 nM,ERK_1.000nM,25.7,Inf
13959,C,6,C6,RECOMBINANT ERK  1 nM,ERK_1.000nM,25.7,Inf
13959,C,7,C7,167,CTL03,25.7,Inf
13959,C,7,C7,167,CTL03,25.7,Inf
13959,C,8,C8,874,CTL11,25.7,94456
13959,C,8,C8,874,CTL11,25.7,94456
13959,C,9,C9,262,SCZ08,25.7,Inf
13959,C,9,C9,262,SCZ08,25.7,Inf
13959,C,10,C10,737,SCZ16,25.7,87169
13959,C,10,C10,737,SCZ16,25.7,87169
13959,C,11,C11,907,LYS04,25.7,Inf
13959,C,11,C11,907,LYS04,25.7,Inf
13959,C,12,C12,RECOMBINANT ERK  1 nM,ERK_1.000nM,25.7,Inf
13959,C,12,C12,RECOMBINANT ERK  1 nM,ERK_1.000nM,25.7,Inf
13959,D,1,D1,195,CTL04,25.7,78559
13959,D,1,D1,195,CTL04,25.7,78559
13959,D,2,D2,11,SCZ01,25.7,98192
13959,D,2,D2,11,SCZ01,25.7,98192
13959,D,3,D3,291,SCZ09,25.7,88662
13959,D,3,D3,291,SCZ09,25.7,88662
13959,D,4,D4,802,SCZ17,25.7,69003
13959,D,4,D4,802,SCZ17,25.7,69003
13959,D,5,D5,5000ng lysate + HI,LYS_HI,25.7,97505
13959,D,5,D5,5000ng lysate + HI,LYS_HI,25.7,97505
13959,D,6,D6,RECOMBINANT ERK  0.75 nM,ERK_0.750nM,25.7,Inf
13959,D,6,D6,RECOMBINANT ERK  0.75 nM,ERK_0.750nM,25.7,Inf
13959,D,7,D7,195,CTL04,25.7,92774
13959,D,7,D7,195,CTL04,25.7,92774
13959,D,8,D8,11,SCZ01,25.7,91501
13959,D,8,D8,11,SCZ01,25.7,91501
13959,D,9,D9,291,SCZ09,25.7,82091
13959,D,9,D9,291,SCZ09,25.7,82091
13959,D,10,D10,802,SCZ17,25.7,81503
13959,D,10,D10,802,SCZ17,25.7,81503
13959,D,11,D11,5000ng lysate + HI,LYS_HI,25.7,94497
13959,D,11,D11,5000ng lysate + HI,LYS_HI,25.7,94497
13959,D,12,D12,RECOMBINANT ERK  0.75 nM,ERK_0.750nM,25.7,Inf
13959,D,12,D12,RECOMBINANT ERK  0.75 nM,ERK_0.750nM,25.7,Inf
13959,E,1,E1,223,CTL05,25.7,Inf
13959,E,1,E1,223,CTL05,25.7,Inf
13959,E,2,E2,22,SCZ02,25.7,Inf
13959,E,2,E2,22,SCZ02,25.7,Inf
13959,E,3,E3,329,SCZ10,25.7,Inf
13959,E,3,E3,329,SCZ10,25.7,Inf
13959,E,4,E4,930,SCZ18,25.7,80221
13959,E,4,E4,930,SCZ18,25.7,80221
13959,E,5,E5,5000ng lysate +ERK INHIBITOR,LYS_INH,25.7,87313
13959,E,5,E5,5000ng lysate +ERK INHIBITOR,LYS_INH,25.7,87313
13959,E,6,E6,RECOMBINANT ERK 0.5 nM,ERK_0.500nM,25.7,Inf
13959,E,6,E6,RECOMBINANT ERK 0.5 nM,ERK_0.500nM,25.7,Inf
13959,E,7,E7,223,CTL05,25.7,Inf
13959,E,7,E7,223,CTL05,25.7,Inf
13959,E,8,E8,22,SCZ02,25.7,Inf
13959,E,8,E8,22,SCZ02,25.7,Inf
13959,E,9,E9,329,SCZ10,25.7,Inf
13959,E,9,E9,329,SCZ10,25.7,Inf
13959,E,10,E10,930,SCZ18,25.7,82563
13959,E,10,E10,930,SCZ18,25.7,82563
13959,E,11,E11,5000ng lysate +ERK INHIBITOR,LYS_INH,25.7,88911
13959,E,11,E11,5000ng lysate +ERK INHIBITOR,LYS_INH,25.7,88911
13959,E,12,E12,RECOMBINANT ERK 0.5 nM,ERK_0.500nM,25.7,Inf
13959,E,12,E12,RECOMBINANT ERK 0.5 nM,ERK_0.500nM,25.7,Inf
13959,F,1,F1,524,CTL06,25.7,Inf
13959,F,1,F1,524,CTL06,25.7,Inf
13959,F,2,F2,29,SCZ03,25.7,Inf
13959,F,2,F2,29,SCZ03,25.7,Inf
13959,F,3,F3,446,SCZ11,25.7,Inf
13959,F,3,F3,446,SCZ11,25.7,Inf
13959,F,4,F4,931,SCZ19,25.7,86939
13959,F,4,F4,931,SCZ19,25.7,86939
13959,F,5,F5,"BLANK- Master Mix, no lysate",BLNK,25.7,84387
13959,F,5,F5,"BLANK- Master Mix, no lysate",BLNK,25.7,84387
13959,F,6,F6,RECOMBINANT ERK  0.25 nM,ERK_0.250nM,25.7,Inf
13959,F,6,F6,RECOMBINANT ERK  0.25 nM,ERK_0.250nM,25.7,Inf
13959,F,7,F7,524,CTL06,25.7,Inf
13959,F,7,F7,524,CTL06,25.7,Inf
13959,F,8,F8,29,SCZ03,25.7,Inf
13959,F,8,F8,29,SCZ03,25.7,Inf
13959,F,9,F9,446,SCZ11,25.7,76154
13959,F,9,F9,446,SCZ11,25.7,76154
13959,F,10,F10,931,SCZ19,25.7,84902
13959,F,10,F10,931,SCZ19,25.7,84902
13959,F,11,F11,"BLANK- Master Mix, no lysate",BLNK,25.7,85331
13959,F,11,F11,"BLANK- Master Mix, no lysate",BLNK,25.7,85331
13959,F,12,F12,RECOMBINANT ERK  0.25 nM,ERK_0.250nM,25.7,Inf
13959,F,12,F12,RECOMBINANT ERK  0.25 nM,ERK_0.250nM,25.7,Inf
13959,G,1,G1,661,CTL07,25.7,87800
13959,G,1,G1,661,CTL07,25.7,87800
13959,G,2,G2,69,SCZ04,25.7,Inf
13959,G,2,G2,69,SCZ04,25.7,Inf
13959,G,3,G3,510,SCZ12,25.7,Inf
13959,G,3,G3,510,SCZ12,25.7,Inf
13959,G,4,G4,932,SCZ20,25.7,96836
13959,G,4,G4,932,SCZ20,25.7,96836
13959,G,5,G5,"BLANK- Master Mix, lysate, no reporter",BLNK_LYS,25.7,22990
13959,G,5,G5,"BLANK- Master Mix, lysate, no reporter",BLNK_LYS,25.7,22990
13959,G,6,G6,RECOMBINANT ERK  0.125 nM,ERK_0.125nM,25.7,Inf
13959,G,6,G6,RECOMBINANT ERK  0.125 nM,ERK_0.125nM,25.7,Inf
13959,G,7,G7,661,CTL07,25.7,82969
13959,G,7,G7,661,CTL07,25.7,82969
13959,G,8,G8,69,SCZ04,25.7,Inf
13959,G,8,G8,69,SCZ04,25.7,Inf
13959,G,9,G9,510,SCZ12,25.7,Inf
13959,G,9,G9,510,SCZ12,25.7,Inf
13959,G,10,G10,932,SCZ20,25.7,94866
13959,G,10,G10,932,SCZ20,25.7,94866
13959,G,11,G11,"BLANK- Master Mix, lysate, no reporter",BLNK_LYS,25.7,24046
13959,G,11,G11,"BLANK- Master Mix, lysate, no reporter",BLNK_LYS,25.7,24046
13959,G,12,G12,RECOMBINANT ERK  0.125 nM,ERK_0.125nM,25.7,97352
13959,G,12,G12,RECOMBINANT ERK  0.125 nM,ERK_0.125nM,25.7,97352
13959,H,1,H1,689,CTL08,25.7,Inf
13959,H,1,H1,689,CTL08,25.7,Inf
13959,H,2,H2,94,SCZ05,25.7,86197
13959,H,2,H2,94,SCZ05,25.7,86197
13959,H,3,H3,547,SCZ13,25.7,92145
13959,H,3,H3,547,SCZ13,25.7,92145
13959,H,4,H4,326,LYS01,25.7,Inf
13959,H,4,H4,326,LYS01,25.7,Inf
13959,H,5,H5,NA,EMPTY,25.7,88907
13959,H,5,H5,NA,EMPTY,25.7,88907
13959,H,6,H6,RECOMBINANT ERK 2nM + ERK INHIBITOR,ERK_2.000nM_INH,25.7,27376
13959,H,6,H6,RECOMBINANT ERK 2nM + ERK INHIBITOR,ERK_2.000nM_INH,25.7,27376
13959,H,7,H7,689,CTL08,25.7,Inf
13959,H,7,H7,689,CTL08,25.7,Inf
13959,H,8,H8,94,SCZ05,25.7,29914
13959,H,8,H8,94,SCZ05,25.7,29914
13959,H,9,H9,547,SCZ13,25.7,96711
13959,H,9,H9,547,SCZ13,25.7,96711
13959,H,10,H10,326,LYS01,25.7,Inf
13959,H,10,H10,326,LYS01,25.7,Inf
13959,H,11,H11,NA,EMPTY,25.7,22311
13959,H,11,H11,NA,EMPTY,25.7,22311
13959,H,12,H12,RECOMBINANT ERK 2nM + ERK INHIBITOR,ERK_2.000nM_INH,25.7,Inf
13959,H,12,H12,RECOMBINANT ERK 2nM + ERK INHIBITOR,ERK_2.000nM_INH,25.7,Inf
14100,A,1,A1,46,CTL01,25.7,Inf
14100,A,1,A1,46,CTL01,25.7,Inf
14100,A,2,A2,720,CTL09,25.7,Inf
14100,A,2,A2,720,CTL09,25.7,Inf
14100,A,3,A3,225,SCZ06,25.7,89747
14100,A,3,A3,225,SCZ06,25.7,89747
14100,A,4,A4,552,SCZ14,25.7,98504
14100,A,4,A4,552,SCZ14,25.7,98504
14100,A,5,A5,328,LYS02,25.7,Inf
14100,A,5,A5,328,LYS02,25.7,Inf
14100,A,6,A6,RECOMBINANT ERK  2nM,ERK_2.000nM,25.7,Inf
14100,A,6,A6,RECOMBINANT ERK  2nM,ERK_2.000nM,25.7,Inf
14100,A,7,A7,46,CTL01,25.7,Inf
14100,A,7,A7,46,CTL01,25.7,Inf
14100,A,8,A8,720,CTL09,25.7,Inf
14100,A,8,A8,720,CTL09,25.7,Inf
14100,A,9,A9,225,SCZ06,25.7,99650
14100,A,9,A9,225,SCZ06,25.7,99650
14100,A,10,A10,552,SCZ14,25.7,99176
14100,A,10,A10,552,SCZ14,25.7,99176
14100,A,11,A11,328,LYS02,25.7,Inf
14100,A,11,A11,328,LYS02,25.7,Inf
14100,A,12,A12,RECOMBINANT ERK  2nM,ERK_2.000nM,25.7,Inf
14100,A,12,A12,RECOMBINANT ERK  2nM,ERK_2.000nM,25.7,Inf
14100,B,1,B1,116,CTL02,25.7,91052
14100,B,1,B1,116,CTL02,25.7,91052
14100,B,2,B2,859,CTL10,25.7,Inf
14100,B,2,B2,859,CTL10,25.7,Inf
14100,B,3,B3,235,SCZ07,25.7,Inf
14100,B,3,B3,235,SCZ07,25.7,Inf
14100,B,4,B4,565,SCZ15,25.7,93162
14100,B,4,B4,565,SCZ15,25.7,93162
14100,B,5,B5,335,LYS03,25.7,Inf
14100,B,5,B5,335,LYS03,25.7,Inf
14100,B,6,B6,RECOMBINANT ERK 1.5 nM,ERK_1.500nM,25.7,Inf
14100,B,6,B6,RECOMBINANT ERK 1.5 nM,ERK_1.500nM,25.7,Inf
14100,B,7,B7,116,CTL02,25.7,82648
14100,B,7,B7,116,CTL02,25.7,82648
14100,B,8,B8,859,CTL10,25.7,Inf
14100,B,8,B8,859,CTL10,25.7,Inf
14100,B,9,B9,235,SCZ07,25.7,98539
14100,B,9,B9,235,SCZ07,25.7,98539
14100,B,10,B10,565,SCZ15,25.7,92584
14100,B,10,B10,565,SCZ15,25.7,92584
14100,B,11,B11,335,LYS03,25.7,Inf
14100,B,11,B11,335,LYS03,25.7,Inf
14100,B,12,B12,RECOMBINANT ERK 1.5 nM,ERK_1.500nM,25.7,Inf
14100,B,12,B12,RECOMBINANT ERK 1.5 nM,ERK_1.500nM,25.7,Inf
14100,C,1,C1,167,CTL03,25.7,Inf
14100,C,1,C1,167,CTL03,25.7,Inf
14100,C,2,C2,874,CTL11,25.7,Inf
14100,C,2,C2,874,CTL11,25.7,Inf
14100,C,3,C3,262,SCZ08,25.7,Inf
14100,C,3,C3,262,SCZ08,25.7,Inf
14100,C,4,C4,737,SCZ16,25.7,92225
14100,C,4,C4,737,SCZ16,25.7,92225
14100,C,5,C5,907,LYS04,25.7,Inf
14100,C,5,C5,907,LYS04,25.7,Inf
14100,C,6,C6,RECOMBINANT ERK  1 nM,ERK_1.000nM,25.7,Inf
14100,C,6,C6,RECOMBINANT ERK  1 nM,ERK_1.000nM,25.7,Inf
14100,C,7,C7,167,CTL03,25.7,Inf
14100,C,7,C7,167,CTL03,25.7,Inf
14100,C,8,C8,874,CTL11,25.7,95396
14100,C,8,C8,874,CTL11,25.7,95396
14100,C,9,C9,262,SCZ08,25.7,Inf
14100,C,9,C9,262,SCZ08,25.7,Inf
14100,C,10,C10,737,SCZ16,25.7,87008
14100,C,10,C10,737,SCZ16,25.7,87008
14100,C,11,C11,907,LYS04,25.7,Inf
14100,C,11,C11,907,LYS04,25.7,Inf
14100,C,12,C12,RECOMBINANT ERK  1 nM,ERK_1.000nM,25.7,Inf
14100,C,12,C12,RECOMBINANT ERK  1 nM,ERK_1.000nM,25.7,Inf
14100,D,1,D1,195,CTL04,25.7,78381
14100,D,1,D1,195,CTL04,25.7,78381
14100,D,2,D2,11,SCZ01,25.7,98001
14100,D,2,D2,11,SCZ01,25.7,98001
14100,D,3,D3,291,SCZ09,25.7,88245
14100,D,3,D3,291,SCZ09,25.7,88245
14100,D,4,D4,802,SCZ17,25.7,69112
14100,D,4,D4,802,SCZ17,25.7,69112
14100,D,5,D5,5000ng lysate + HI,LYS_HI,25.7,98076
14100,D,5,D5,5000ng lysate + HI,LYS_HI,25.7,98076
14100,D,6,D6,RECOMBINANT ERK  0.75 nM,ERK_0.750nM,25.7,Inf
14100,D,6,D6,RECOMBINANT ERK  0.75 nM,ERK_0.750nM,25.7,Inf
14100,D,7,D7,195,CTL04,25.7,92991
14100,D,7,D7,195,CTL04,25.7,92991
14100,D,8,D8,11,SCZ01,25.7,91849
14100,D,8,D8,11,SCZ01,25.7,91849
14100,D,9,D9,291,SCZ09,25.7,81388
14100,D,9,D9,291,SCZ09,25.7,81388
14100,D,10,D10,802,SCZ17,25.7,81004
14100,D,10,D10,802,SCZ17,25.7,81004
14100,D,11,D11,5000ng lysate + HI,LYS_HI,25.7,94949
14100,D,11,D11,5000ng lysate + HI,LYS_HI,25.7,94949
14100,D,12,D12,RECOMBINANT ERK  0.75 nM,ERK_0.750nM,25.7,Inf
14100,D,12,D12,RECOMBINANT ERK  0.75 nM,ERK_0.750nM,25.7,Inf
14100,E,1,E1,223,CTL05,25.7,Inf
14100,E,1,E1,223,CTL05,25.7,Inf
14100,E,2,E2,22,SCZ02,25.7,Inf
14100,E,2,E2,22,SCZ02,25.7,Inf
14100,E,3,E3,329,SCZ10,25.7,Inf
14100,E,3,E3,329,SCZ10,25.7,Inf
14100,E,4,E4,930,SCZ18,25.7,80147
14100,E,4,E4,930,SCZ18,25.7,80147
14100,E,5,E5,5000ng lysate +ERK INHIBITOR,LYS_INH,25.7,86287
14100,E,5,E5,5000ng lysate +ERK INHIBITOR,LYS_INH,25.7,86287
14100,E,6,E6,RECOMBINANT ERK 0.5 nM,ERK_0.500nM,25.7,Inf
14100,E,6,E6,RECOMBINANT ERK 0.5 nM,ERK_0.500nM,25.7,Inf
14100,E,7,E7,223,CTL05,25.7,Inf
14100,E,7,E7,223,CTL05,25.7,Inf
14100,E,8,E8,22,SCZ02,25.7,Inf
14100,E,8,E8,22,SCZ02,25.7,Inf
14100,E,9,E9,329,SCZ10,25.7,Inf
14100,E,9,E9,329,SCZ10,25.7,Inf
14100,E,10,E10,930,SCZ18,25.7,82936
14100,E,10,E10,930,SCZ18,25.7,82936
14100,E,11,E11,5000ng lysate +ERK INHIBITOR,LYS_INH,25.7,88185
14100,E,11,E11,5000ng lysate +ERK INHIBITOR,LYS_INH,25.7,88185
14100,E,12,E12,RECOMBINANT ERK 0.5 nM,ERK_0.500nM,25.7,Inf
14100,E,12,E12,RECOMBINANT ERK 0.5 nM,ERK_0.500nM,25.7,Inf
14100,F,1,F1,524,CTL06,25.7,Inf
14100,F,1,F1,524,CTL06,25.7,Inf
14100,F,2,F2,29,SCZ03,25.7,Inf
14100,F,2,F2,29,SCZ03,25.7,Inf
14100,F,3,F3,446,SCZ11,25.7,Inf
14100,F,3,F3,446,SCZ11,25.7,Inf
14100,F,4,F4,931,SCZ19,25.7,87060
14100,F,4,F4,931,SCZ19,25.7,87060
14100,F,5,F5,"BLANK- Master Mix, no lysate",BLNK,25.7,84409
14100,F,5,F5,"BLANK- Master Mix, no lysate",BLNK,25.7,84409
14100,F,6,F6,RECOMBINANT ERK  0.25 nM,ERK_0.250nM,25.7,Inf
14100,F,6,F6,RECOMBINANT ERK  0.25 nM,ERK_0.250nM,25.7,Inf
14100,F,7,F7,524,CTL06,25.7,Inf
14100,F,7,F7,524,CTL06,25.7,Inf
14100,F,8,F8,29,SCZ03,25.7,Inf
14100,F,8,F8,29,SCZ03,25.7,Inf
14100,F,9,F9,446,SCZ11,25.7,76553
14100,F,9,F9,446,SCZ11,25.7,76553
14100,F,10,F10,931,SCZ19,25.7,84776
14100,F,10,F10,931,SCZ19,25.7,84776
14100,F,11,F11,"BLANK- Master Mix, no lysate",BLNK,25.7,85740
14100,F,11,F11,"BLANK- Master Mix, no lysate",BLNK,25.7,85740
14100,F,12,F12,RECOMBINANT ERK  0.25 nM,ERK_0.250nM,25.7,99514
14100,F,12,F12,RECOMBINANT ERK  0.25 nM,ERK_0.250nM,25.7,99514
14100,G,1,G1,661,CTL07,25.7,88001
14100,G,1,G1,661,CTL07,25.7,88001
14100,G,2,G2,69,SCZ04,25.7,Inf
14100,G,2,G2,69,SCZ04,25.7,Inf
14100,G,3,G3,510,SCZ12,25.7,Inf
14100,G,3,G3,510,SCZ12,25.7,Inf
14100,G,4,G4,932,SCZ20,25.7,96485
14100,G,4,G4,932,SCZ20,25.7,96485
14100,G,5,G5,"BLANK- Master Mix, lysate, no reporter",BLNK_LYS,25.7,23375
14100,G,5,G5,"BLANK- Master Mix, lysate, no reporter",BLNK_LYS,25.7,23375
14100,G,6,G6,RECOMBINANT ERK  0.125 nM,ERK_0.125nM,25.7,Inf
14100,G,6,G6,RECOMBINANT ERK  0.125 nM,ERK_0.125nM,25.7,Inf
14100,G,7,G7,661,CTL07,25.7,83097
14100,G,7,G7,661,CTL07,25.7,83097
14100,G,8,G8,69,SCZ04,25.7,Inf
14100,G,8,G8,69,SCZ04,25.7,Inf
14100,G,9,G9,510,SCZ12,25.7,Inf
14100,G,9,G9,510,SCZ12,25.7,Inf
14100,G,10,G10,932,SCZ20,25.7,96030
14100,G,10,G10,932,SCZ20,25.7,96030
14100,G,11,G11,"BLANK- Master Mix, lysate, no reporter",BLNK_LYS,25.7,23919
14100,G,11,G11,"BLANK- Master Mix, lysate, no reporter",BLNK_LYS,25.7,23919
14100,G,12,G12,RECOMBINANT ERK  0.125 nM,ERK_0.125nM,25.7,97315
14100,G,12,G12,RECOMBINANT ERK  0.125 nM,ERK_0.125nM,25.7,97315
14100,H,1,H1,689,CTL08,25.7,Inf
14100,H,1,H1,689,CTL08,25.7,Inf
14100,H,2,H2,94,SCZ05,25.7,86165
14100,H,2,H2,94,SCZ05,25.7,86165
14100,H,3,H3,547,SCZ13,25.7,92294
14100,H,3,H3,547,SCZ13,25.7,92294
14100,H,4,H4,326,LYS01,25.7,Inf
14100,H,4,H4,326,LYS01,25.7,Inf
14100,H,5,H5,NA,EMPTY,25.7,88981
14100,H,5,H5,NA,EMPTY,25.7,88981
14100,H,6,H6,RECOMBINANT ERK 2nM + ERK INHIBITOR,ERK_2.000nM_INH,25.7,27426
14100,H,6,H6,RECOMBINANT ERK 2nM + ERK INHIBITOR,ERK_2.000nM_INH,25.7,27426
14100,H,7,H7,689,CTL08,25.7,Inf
14100,H,7,H7,689,CTL08,25.7,Inf
14100,H,8,H8,94,SCZ05,25.7,29913
14100,H,8,H8,94,SCZ05,25.7,29913
14100,H,9,H9,547,SCZ13,25.7,97066
14100,H,9,H9,547,SCZ13,25.7,97066
14100,H,10,H10,326,LYS01,25.7,Inf
14100,H,10,H10,326,LYS01,25.7,Inf
14100,H,11,H11,NA,EMPTY,25.7,22646
14100,H,11,H11,NA,EMPTY,25.7,22646
14100,H,12,H12,RECOMBINANT ERK 2nM + ERK INHIBITOR,ERK_2.000nM_INH,25.7,Inf
14100,H,12,H12,RECOMBINANT ERK 2nM + ERK INHIBITOR,ERK_2.000nM_INH,25.7,Inf
14241,A,1,A1,46,CTL01,25.7,Inf
14241,A,1,A1,46,CTL01,25.7,Inf
14241,A,2,A2,720,CTL09,25.7,Inf
14241,A,2,A2,720,CTL09,25.7,Inf
14241,A,3,A3,225,SCZ06,25.7,89267
14241,A,3,A3,225,SCZ06,25.7,89267
14241,A,4,A4,552,SCZ14,25.7,98950
14241,A,4,A4,552,SCZ14,25.7,98950
14241,A,5,A5,328,LYS02,25.7,Inf
14241,A,5,A5,328,LYS02,25.7,Inf
14241,A,6,A6,RECOMBINANT ERK  2nM,ERK_2.000nM,25.7,Inf
14241,A,6,A6,RECOMBINANT ERK  2nM,ERK_2.000nM,25.7,Inf
14241,A,7,A7,46,CTL01,25.7,Inf
14241,A,7,A7,46,CTL01,25.7,Inf
14241,A,8,A8,720,CTL09,25.7,Inf
14241,A,8,A8,720,CTL09,25.7,Inf
14241,A,9,A9,225,SCZ06,25.7,99716
14241,A,9,A9,225,SCZ06,25.7,99716
14241,A,10,A10,552,SCZ14,25.7,98736
14241,A,10,A10,552,SCZ14,25.7,98736
14241,A,11,A11,328,LYS02,25.7,Inf
14241,A,11,A11,328,LYS02,25.7,Inf
14241,A,12,A12,RECOMBINANT ERK  2nM,ERK_2.000nM,25.7,Inf
14241,A,12,A12,RECOMBINANT ERK  2nM,ERK_2.000nM,25.7,Inf
14241,B,1,B1,116,CTL02,25.7,91510
14241,B,1,B1,116,CTL02,25.7,91510
14241,B,2,B2,859,CTL10,25.7,Inf
14241,B,2,B2,859,CTL10,25.7,Inf
14241,B,3,B3,235,SCZ07,25.7,Inf
14241,B,3,B3,235,SCZ07,25.7,Inf
14241,B,4,B4,565,SCZ15,25.7,93261
14241,B,4,B4,565,SCZ15,25.7,93261
14241,B,5,B5,335,LYS03,25.7,Inf
14241,B,5,B5,335,LYS03,25.7,Inf
14241,B,6,B6,RECOMBINANT ERK 1.5 nM,ERK_1.500nM,25.7,Inf
14241,B,6,B6,RECOMBINANT ERK 1.5 nM,ERK_1.500nM,25.7,Inf
14241,B,7,B7,116,CTL02,25.7,82083
14241,B,7,B7,116,CTL02,25.7,82083
14241,B,8,B8,859,CTL10,25.7,Inf
14241,B,8,B8,859,CTL10,25.7,Inf
14241,B,9,B9,235,SCZ07,25.7,98066
14241,B,9,B9,235,SCZ07,25.7,98066
14241,B,10,B10,565,SCZ15,25.7,93043
14241,B,10,B10,565,SCZ15,25.7,93043
14241,B,11,B11,335,LYS03,25.7,Inf
14241,B,11,B11,335,LYS03,25.7,Inf
14241,B,12,B12,RECOMBINANT ERK 1.5 nM,ERK_1.500nM,25.7,Inf
14241,B,12,B12,RECOMBINANT ERK 1.5 nM,ERK_1.500nM,25.7,Inf
14241,C,1,C1,167,CTL03,25.7,Inf
14241,C,1,C1,167,CTL03,25.7,Inf
14241,C,2,C2,874,CTL11,25.7,Inf
14241,C,2,C2,874,CTL11,25.7,Inf
14241,C,3,C3,262,SCZ08,25.7,Inf
14241,C,3,C3,262,SCZ08,25.7,Inf
14241,C,4,C4,737,SCZ16,25.7,91603
14241,C,4,C4,737,SCZ16,25.7,91603
14241,C,5,C5,907,LYS04,25.7,Inf
14241,C,5,C5,907,LYS04,25.7,Inf
14241,C,6,C6,RECOMBINANT ERK  1 nM,ERK_1.000nM,25.7,Inf
14241,C,6,C6,RECOMBINANT ERK  1 nM,ERK_1.000nM,25.7,Inf
14241,C,7,C7,167,CTL03,25.7,Inf
14241,C,7,C7,167,CTL03,25.7,Inf
14241,C,8,C8,874,CTL11,25.7,96113
14241,C,8,C8,874,CTL11,25.7,96113
14241,C,9,C9,262,SCZ08,25.7,Inf
14241,C,9,C9,262,SCZ08,25.7,Inf
14241,C,10,C10,737,SCZ16,25.7,87185
14241,C,10,C10,737,SCZ16,25.7,87185
14241,C,11,C11,907,LYS04,25.7,Inf
14241,C,11,C11,907,LYS04,25.7,Inf
14241,C,12,C12,RECOMBINANT ERK  1 nM,ERK_1.000nM,25.7,Inf
14241,C,12,C12,RECOMBINANT ERK  1 nM,ERK_1.000nM,25.7,Inf
14241,D,1,D1,195,CTL04,25.7,78703
14241,D,1,D1,195,CTL04,25.7,78703
14241,D,2,D2,11,SCZ01,25.7,99138
14241,D,2,D2,11,SCZ01,25.7,99138
14241,D,3,D3,291,SCZ09,25.7,87922
14241,D,3,D3,291,SCZ09,25.7,87922
14241,D,4,D4,802,SCZ17,25.7,70036
14241,D,4,D4,802,SCZ17,25.7,70036
14241,D,5,D5,5000ng lysate + HI,LYS_HI,25.7,98575
14241,D,5,D5,5000ng lysate + HI,LYS_HI,25.7,98575
14241,D,6,D6,RECOMBINANT ERK  0.75 nM,ERK_0.750nM,25.7,Inf
14241,D,6,D6,RECOMBINANT ERK  0.75 nM,ERK_0.750nM,25.7,Inf
14241,D,7,D7,195,CTL04,25.7,93306
14241,D,7,D7,195,CTL04,25.7,93306
14241,D,8,D8,11,SCZ01,25.7,91944
14241,D,8,D8,11,SCZ01,25.7,91944
14241,D,9,D9,291,SCZ09,25.7,81480
14241,D,9,D9,291,SCZ09,25.7,81480
14241,D,10,D10,802,SCZ17,25.7,81241
14241,D,10,D10,802,SCZ17,25.7,81241
14241,D,11,D11,5000ng lysate + HI,LYS_HI,25.7,94260
14241,D,11,D11,5000ng lysate + HI,LYS_HI,25.7,94260
14241,D,12,D12,RECOMBINANT ERK  0.75 nM,ERK_0.750nM,25.7,Inf
14241,D,12,D12,RECOMBINANT ERK  0.75 nM,ERK_0.750nM,25.7,Inf
14241,E,1,E1,223,CTL05,25.7,Inf
14241,E,1,E1,223,CTL05,25.7,Inf
14241,E,2,E2,22,SCZ02,25.7,Inf
14241,E,2,E2,22,SCZ02,25.7,Inf
14241,E,3,E3,329,SCZ10,25.7,Inf
14241,E,3,E3,329,SCZ10,25.7,Inf
14241,E,4,E4,930,SCZ18,25.7,80855
14241,E,4,E4,930,SCZ18,25.7,80855
14241,E,5,E5,5000ng lysate +ERK INHIBITOR,LYS_INH,25.7,87134
14241,E,5,E5,5000ng lysate +ERK INHIBITOR,LYS_INH,25.7,87134
14241,E,6,E6,RECOMBINANT ERK 0.5 nM,ERK_0.500nM,25.7,Inf
14241,E,6,E6,RECOMBINANT ERK 0.5 nM,ERK_0.500nM,25.7,Inf
14241,E,7,E7,223,CTL05,25.7,Inf
14241,E,7,E7,223,CTL05,25.7,Inf
14241,E,8,E8,22,SCZ02,25.7,Inf
14241,E,8,E8,22,SCZ02,25.7,Inf
14241,E,9,E9,329,SCZ10,25.7,Inf
14241,E,9,E9,329,SCZ10,25.7,Inf
14241,E,10,E10,930,SCZ18,25.7,83282
14241,E,10,E10,930,SCZ18,25.7,83282
14241,E,11,E11,5000ng lysate +ERK INHIBITOR,LYS_INH,25.7,87754
14241,E,11,E11,5000ng lysate +ERK INHIBITOR,LYS_INH,25.7,87754
14241,E,12,E12,RECOMBINANT ERK 0.5 nM,ERK_0.500nM,25.7,Inf
14241,E,12,E12,RECOMBINANT ERK 0.5 nM,ERK_0.500nM,25.7,Inf
14241,F,1,F1,524,CTL06,25.7,Inf
14241,F,1,F1,524,CTL06,25.7,Inf
14241,F,2,F2,29,SCZ03,25.7,Inf
14241,F,2,F2,29,SCZ03,25.7,Inf
14241,F,3,F3,446,SCZ11,25.7,Inf
14241,F,3,F3,446,SCZ11,25.7,Inf
14241,F,4,F4,931,SCZ19,25.7,86280
14241,F,4,F4,931,SCZ19,25.7,86280
14241,F,5,F5,"BLANK- Master Mix, no lysate",BLNK,25.7,84820
14241,F,5,F5,"BLANK- Master Mix, no lysate",BLNK,25.7,84820
14241,F,6,F6,RECOMBINANT ERK  0.25 nM,ERK_0.250nM,25.7,Inf
14241,F,6,F6,RECOMBINANT ERK  0.25 nM,ERK_0.250nM,25.7,Inf
14241,F,7,F7,524,CTL06,25.7,Inf
14241,F,7,F7,524,CTL06,25.7,Inf
14241,F,8,F8,29,SCZ03,25.7,Inf
14241,F,8,F8,29,SCZ03,25.7,Inf
14241,F,9,F9,446,SCZ11,25.7,76957
14241,F,9,F9,446,SCZ11,25.7,76957
14241,F,10,F10,931,SCZ19,25.7,85147
14241,F,10,F10,931,SCZ19,25.7,85147
14241,F,11,F11,"BLANK- Master Mix, no lysate",BLNK,25.7,85639
14241,F,11,F11,"BLANK- Master Mix, no lysate",BLNK,25.7,85639
14241,F,12,F12,RECOMBINANT ERK  0.25 nM,ERK_0.250nM,25.7,99590
14241,F,12,F12,RECOMBINANT ERK  0.25 nM,ERK_0.250nM,25.7,99590
14241,G,1,G1,661,CTL07,25.7,88110
14241,G,1,G1,661,CTL07,25.7,88110
14241,G,2,G2,69,SCZ04,25.7,Inf
14241,G,2,G2,69,SCZ04,25.7,Inf
14241,G,3,G3,510,SCZ12,25.7,Inf
14241,G,3,G3,510,SCZ12,25.7,Inf
14241,G,4,G4,932,SCZ20,25.7,97321
14241,G,4,G4,932,SCZ20,25.7,97321
14241,G,5,G5,"BLANK- Master Mix, lysate, no reporter",BLNK_LYS,25.7,23342
14241,G,5,G5,"BLANK- Master Mix, lysate, no reporter",BLNK_LYS,25.7,23342
14241,G,6,G6,RECOMBINANT ERK  0.125 nM,ERK_0.125nM,25.7,Inf
14241,G,6,G6,RECOMBINANT ERK  0.125 nM,ERK_0.125nM,25.7,Inf
14241,G,7,G7,661,CTL07,25.7,83206
14241,G,7,G7,661,CTL07,25.7,83206
14241,G,8,G8,69,SCZ04,25.7,Inf
14241,G,8,G8,69,SCZ04,25.7,Inf
14241,G,9,G9,510,SCZ12,25.7,Inf
14241,G,9,G9,510,SCZ12,25.7,Inf
14241,G,10,G10,932,SCZ20,25.7,96276
14241,G,10,G10,932,SCZ20,25.7,96276
14241,G,11,G11,"BLANK- Master Mix, lysate, no reporter",BLNK_LYS,25.7,23824
14241,G,11,G11,"BLANK- Master Mix, lysate, no reporter",BLNK_LYS,25.7,23824
14241,G,12,G12,RECOMBINANT ERK  0.125 nM,ERK_0.125nM,25.7,97924
14241,G,12,G12,RECOMBINANT ERK  0.125 nM,ERK_0.125nM,25.7,97924
14241,H,1,H1,689,CTL08,25.7,Inf
14241,H,1,H1,689,CTL08,25.7,Inf
14241,H,2,H2,94,SCZ05,25.7,86830
14241,H,2,H2,94,SCZ05,25.7,86830
14241,H,3,H3,547,SCZ13,25.7,92968
14241,H,3,H3,547,SCZ13,25.7,92968
14241,H,4,H4,326,LYS01,25.7,Inf
14241,H,4,H4,326,LYS01,25.7,Inf
14241,H,5,H5,NA,EMPTY,25.7,89753
14241,H,5,H5,NA,EMPTY,25.7,89753
14241,H,6,H6,RECOMBINANT ERK 2nM + ERK INHIBITOR,ERK_2.000nM_INH,25.7,27271
14241,H,6,H6,RECOMBINANT ERK 2nM + ERK INHIBITOR,ERK_2.000nM_INH,25.7,27271
14241,H,7,H7,689,CTL08,25.7,Inf
14241,H,7,H7,689,CTL08,25.7,Inf
14241,H,8,H8,94,SCZ05,25.7,29714
14241,H,8,H8,94,SCZ05,25.7,29714
14241,H,9,H9,547,SCZ13,25.7,97729
14241,H,9,H9,547,SCZ13,25.7,97729
14241,H,10,H10,326,LYS01,25.7,Inf
14241,H,10,H10,326,LYS01,25.7,Inf
14241,H,11,H11,NA,EMPTY,25.7,22532
14241,H,11,H11,NA,EMPTY,25.7,22532
14241,H,12,H12,RECOMBINANT ERK 2nM + ERK INHIBITOR,ERK_2.000nM_INH,25.7,Inf
14241,H,12,H12,RECOMBINANT ERK 2nM + ERK INHIBITOR,ERK_2.000nM_INH,25.7,Inf
14382,A,1,A1,46,CTL01,25.7,Inf
14382,A,1,A1,46,CTL01,25.7,Inf
14382,A,2,A2,720,CTL09,25.7,Inf
14382,A,2,A2,720,CTL09,25.7,Inf
14382,A,3,A3,225,SCZ06,25.7,89445
14382,A,3,A3,225,SCZ06,25.7,89445
14382,A,4,A4,552,SCZ14,25.7,99224
14382,A,4,A4,552,SCZ14,25.7,99224
14382,A,5,A5,328,LYS02,25.7,Inf
14382,A,5,A5,328,LYS02,25.7,Inf
14382,A,6,A6,RECOMBINANT ERK  2nM,ERK_2.000nM,25.7,Inf
14382,A,6,A6,RECOMBINANT ERK  2nM,ERK_2.000nM,25.7,Inf
14382,A,7,A7,46,CTL01,25.7,Inf
14382,A,7,A7,46,CTL01,25.7,Inf
14382,A,8,A8,720,CTL09,25.7,Inf
14382,A,8,A8,720,CTL09,25.7,Inf
14382,A,9,A9,225,SCZ06,25.7,99529
14382,A,9,A9,225,SCZ06,25.7,99529
14382,A,10,A10,552,SCZ14,25.7,99009
14382,A,10,A10,552,SCZ14,25.7,99009
14382,A,11,A11,328,LYS02,25.7,Inf
14382,A,11,A11,328,LYS02,25.7,Inf
14382,A,12,A12,RECOMBINANT ERK  2nM,ERK_2.000nM,25.7,Inf
14382,A,12,A12,RECOMBINANT ERK  2nM,ERK_2.000nM,25.7,Inf
14382,B,1,B1,116,CTL02,25.7,91499
14382,B,1,B1,116,CTL02,25.7,91499
14382,B,2,B2,859,CTL10,25.7,Inf
14382,B,2,B2,859,CTL10,25.7,Inf
14382,B,3,B3,235,SCZ07,25.7,Inf
14382,B,3,B3,235,SCZ07,25.7,Inf
14382,B,4,B4,565,SCZ15,25.7,93576
14382,B,4,B4,565,SCZ15,25.7,93576
14382,B,5,B5,335,LYS03,25.7,Inf
14382,B,5,B5,335,LYS03,25.7,Inf
14382,B,6,B6,RECOMBINANT ERK 1.5 nM,ERK_1.500nM,25.7,Inf
14382,B,6,B6,RECOMBINANT ERK 1.5 nM,ERK_1.500nM,25.7,Inf
14382,B,7,B7,116,CTL02,25.7,82635
14382,B,7,B7,116,CTL02,25.7,82635
14382,B,8,B8,859,CTL10,25.7,Inf
14382,B,8,B8,859,CTL10,25.7,Inf
14382,B,9,B9,235,SCZ07,25.7,98725
14382,B,9,B9,235,SCZ07,25.7,98725
14382,B,10,B10,565,SCZ15,25.7,92847
14382,B,10,B10,565,SCZ15,25.7,92847
14382,B,11,B11,335,LYS03,25.7,Inf
14382,B,11,B11,335,LYS03,25.7,Inf
14382,B,12,B12,RECOMBINANT ERK 1.5 nM,ERK_1.500nM,25.7,Inf
14382,B,12,B12,RECOMBINANT ERK 1.5 nM,ERK_1.500nM,25.7,Inf
14382,C,1,C1,167,CTL03,25.7,Inf
14382,C,1,C1,167,CTL03,25.7,Inf
14382,C,2,C2,874,CTL11,25.7,Inf
14382,C,2,C2,874,CTL11,25.7,Inf
14382,C,3,C3,262,SCZ08,25.7,Inf
14382,C,3,C3,262,SCZ08,25.7,Inf
14382,C,4,C4,737,SCZ16,25.7,92051
14382,C,4,C4,737,SCZ16,25.7,92051
14382,C,5,C5,907,LYS04,25.7,Inf
14382,C,5,C5,907,LYS04,25.7,Inf
14382,C,6,C6,RECOMBINANT ERK  1 nM,ERK_1.000nM,25.7,Inf
14382,C,6,C6,RECOMBINANT ERK  1 nM,ERK_1.000nM,25.7,Inf
14382,C,7,C7,167,CTL03,25.7,Inf
14382,C,7,C7,167,CTL03,25.7,Inf
14382,C,8,C8,874,CTL11,25.7,96545
14382,C,8,C8,874,CTL11,25.7,96545
14382,C,9,C9,262,SCZ08,25.7,Inf
14382,C,9,C9,262,SCZ08,25.7,Inf
14382,C,10,C10,737,SCZ16,25.7,87435
14382,C,10,C10,737,SCZ16,25.7,87435
14382,C,11,C11,907,LYS04,25.7,Inf
14382,C,11,C11,907,LYS04,25.7,Inf
14382,C,12,C12,RECOMBINANT ERK  1 nM,ERK_1.000nM,25.7,Inf
14382,C,12,C12,RECOMBINANT ERK  1 nM,ERK_1.000nM,25.7,Inf
14382,D,1,D1,195,CTL04,25.7,78927
14382,D,1,D1,195,CTL04,25.7,78927
14382,D,2,D2,11,SCZ01,25.7,98967
14382,D,2,D2,11,SCZ01,25.7,98967
14382,D,3,D3,291,SCZ09,25.7,87786
14382,D,3,D3,291,SCZ09,25.7,87786
14382,D,4,D4,802,SCZ17,25.7,69974
14382,D,4,D4,802,SCZ17,25.7,69974
14382,D,5,D5,5000ng lysate + HI,LYS_HI,25.7,98472
14382,D,5,D5,5000ng lysate + HI,LYS_HI,25.7,98472
14382,D,6,D6,RECOMBINANT ERK  0.75 nM,ERK_0.750nM,25.7,Inf
14382,D,6,D6,RECOMBINANT ERK  0.75 nM,ERK_0.750nM,25.7,Inf
14382,D,7,D7,195,CTL04,25.7,93254
14382,D,7,D7,195,CTL04,25.7,93254
14382,D,8,D8,11,SCZ01,25.7,91925
14382,D,8,D8,11,SCZ01,25.7,91925
14382,D,9,D9,291,SCZ09,25.7,81754
14382,D,9,D9,291,SCZ09,25.7,81754
14382,D,10,D10,802,SCZ17,25.7,81068
14382,D,10,D10,802,SCZ17,25.7,81068
14382,D,11,D11,5000ng lysate + HI,LYS_HI,25.7,94179
14382,D,11,D11,5000ng lysate + HI,LYS_HI,25.7,94179
14382,D,12,D12,RECOMBINANT ERK  0.75 nM,ERK_0.750nM,25.7,Inf
14382,D,12,D12,RECOMBINANT ERK  0.75 nM,ERK_0.750nM,25.7,Inf
14382,E,1,E1,223,CTL05,25.7,Inf
14382,E,1,E1,223,CTL05,25.7,Inf
14382,E,2,E2,22,SCZ02,25.7,Inf
14382,E,2,E2,22,SCZ02,25.7,Inf
14382,E,3,E3,329,SCZ10,25.7,Inf
14382,E,3,E3,329,SCZ10,25.7,Inf
14382,E,4,E4,930,SCZ18,25.7,80838
14382,E,4,E4,930,SCZ18,25.7,80838
14382,E,5,E5,5000ng lysate +ERK INHIBITOR,LYS_INH,25.7,87010
14382,E,5,E5,5000ng lysate +ERK INHIBITOR,LYS_INH,25.7,87010
14382,E,6,E6,RECOMBINANT ERK 0.5 nM,ERK_0.500nM,25.7,Inf
14382,E,6,E6,RECOMBINANT ERK 0.5 nM,ERK_0.500nM,25.7,Inf
14382,E,7,E7,223,CTL05,25.7,Inf
14382,E,7,E7,223,CTL05,25.7,Inf
14382,E,8,E8,22,SCZ02,25.7,Inf
14382,E,8,E8,22,SCZ02,25.7,Inf
14382,E,9,E9,329,SCZ10,25.7,Inf
14382,E,9,E9,329,SCZ10,25.7,Inf
14382,E,10,E10,930,SCZ18,25.7,83636
14382,E,10,E10,930,SCZ18,25.7,83636
14382,E,11,E11,5000ng lysate +ERK INHIBITOR,LYS_INH,25.7,88818
14382,E,11,E11,5000ng lysate +ERK INHIBITOR,LYS_INH,25.7,88818
14382,E,12,E12,RECOMBINANT ERK 0.5 nM,ERK_0.500nM,25.7,Inf
14382,E,12,E12,RECOMBINANT ERK 0.5 nM,ERK_0.500nM,25.7,Inf
14382,F,1,F1,524,CTL06,25.7,Inf
14382,F,1,F1,524,CTL06,25.7,Inf
14382,F,2,F2,29,SCZ03,25.7,Inf
14382,F,2,F2,29,SCZ03,25.7,Inf
14382,F,3,F3,446,SCZ11,25.7,Inf
14382,F,3,F3,446,SCZ11,25.7,Inf
14382,F,4,F4,931,SCZ19,25.7,87345
14382,F,4,F4,931,SCZ19,25.7,87345
14382,F,5,F5,"BLANK- Master Mix, no lysate",BLNK,25.7,84492
14382,F,5,F5,"BLANK- Master Mix, no lysate",BLNK,25.7,84492
14382,F,6,F6,RECOMBINANT ERK  0.25 nM,ERK_0.250nM,25.7,Inf
14382,F,6,F6,RECOMBINANT ERK  0.25 nM,ERK_0.250nM,25.7,Inf
14382,F,7,F7,524,CTL06,25.7,Inf
14382,F,7,F7,524,CTL06,25.7,Inf
14382,F,8,F8,29,SCZ03,25.7,Inf
14382,F,8,F8,29,SCZ03,25.7,Inf
14382,F,9,F9,446,SCZ11,25.7,77565
14382,F,9,F9,446,SCZ11,25.7,77565
14382,F,10,F10,931,SCZ19,25.7,85040
14382,F,10,F10,931,SCZ19,25.7,85040
14382,F,11,F11,"BLANK- Master Mix, no lysate",BLNK,25.7,85704
14382,F,11,F11,"BLANK- Master Mix, no lysate",BLNK,25.7,85704
14382,F,12,F12,RECOMBINANT ERK  0.25 nM,ERK_0.250nM,25.7,99800
14382,F,12,F12,RECOMBINANT ERK  0.25 nM,ERK_0.250nM,25.7,99800
14382,G,1,G1,661,CTL07,25.7,88097
14382,G,1,G1,661,CTL07,25.7,88097
14382,G,2,G2,69,SCZ04,25.7,Inf
14382,G,2,G2,69,SCZ04,25.7,Inf
14382,G,3,G3,510,SCZ12,25.7,Inf
14382,G,3,G3,510,SCZ12,25.7,Inf
14382,G,4,G4,932,SCZ20,25.7,97289
14382,G,4,G4,932,SCZ20,25.7,97289
14382,G,5,G5,"BLANK- Master Mix, lysate, no reporter",BLNK_LYS,25.7,23215
14382,G,5,G5,"BLANK- Master Mix, lysate, no reporter",BLNK_LYS,25.7,23215
14382,G,6,G6,RECOMBINANT ERK  0.125 nM,ERK_0.125nM,25.7,Inf
14382,G,6,G6,RECOMBINANT ERK  0.125 nM,ERK_0.125nM,25.7,Inf
14382,G,7,G7,661,CTL07,25.7,82890
14382,G,7,G7,661,CTL07,25.7,82890
14382,G,8,G8,69,SCZ04,25.7,Inf
14382,G,8,G8,69,SCZ04,25.7,Inf
14382,G,9,G9,510,SCZ12,25.7,Inf
14382,G,9,G9,510,SCZ12,25.7,Inf
14382,G,10,G10,932,SCZ20,25.7,96849
14382,G,10,G10,932,SCZ20,25.7,96849
14382,G,11,G11,"BLANK- Master Mix, lysate, no reporter",BLNK_LYS,25.7,23945
14382,G,11,G11,"BLANK- Master Mix, lysate, no reporter",BLNK_LYS,25.7,23945
14382,G,12,G12,RECOMBINANT ERK  0.125 nM,ERK_0.125nM,25.7,98001
14382,G,12,G12,RECOMBINANT ERK  0.125 nM,ERK_0.125nM,25.7,98001
14382,H,1,H1,689,CTL08,25.7,Inf
14382,H,1,H1,689,CTL08,25.7,Inf
14382,H,2,H2,94,SCZ05,25.7,87150
14382,H,2,H2,94,SCZ05,25.7,87150
14382,H,3,H3,547,SCZ13,25.7,92899
14382,H,3,H3,547,SCZ13,25.7,92899
14382,H,4,H4,326,LYS01,25.7,Inf
14382,H,4,H4,326,LYS01,25.7,Inf
14382,H,5,H5,NA,EMPTY,25.7,88872
14382,H,5,H5,NA,EMPTY,25.7,88872
14382,H,6,H6,RECOMBINANT ERK 2nM + ERK INHIBITOR,ERK_2.000nM_INH,25.7,27246
14382,H,6,H6,RECOMBINANT ERK 2nM + ERK INHIBITOR,ERK_2.000nM_INH,25.7,27246
14382,H,7,H7,689,CTL08,25.7,Inf
14382,H,7,H7,689,CTL08,25.7,Inf
14382,H,8,H8,94,SCZ05,25.7,29556
14382,H,8,H8,94,SCZ05,25.7,29556
14382,H,9,H9,547,SCZ13,25.7,97708
14382,H,9,H9,547,SCZ13,25.7,97708
14382,H,10,H10,326,LYS01,25.7,Inf
14382,H,10,H10,326,LYS01,25.7,Inf
14382,H,11,H11,NA,EMPTY,25.7,22278
14382,H,11,H11,NA,EMPTY,25.7,22278
14382,H,12,H12,RECOMBINANT ERK 2nM + ERK INHIBITOR,ERK_2.000nM_INH,25.7,Inf
14382,H,12,H12,RECOMBINANT ERK 2nM + ERK INHIBITOR,ERK_2.000nM_INH,25.7,Inf
14523,A,1,A1,46,CTL01,25.7,Inf
14523,A,1,A1,46,CTL01,25.7,Inf
14523,A,2,A2,720,CTL09,25.7,Inf
14523,A,2,A2,720,CTL09,25.7,Inf
14523,A,3,A3,225,SCZ06,25.7,89317
14523,A,3,A3,225,SCZ06,25.7,89317
14523,A,4,A4,552,SCZ14,25.7,99438
14523,A,4,A4,552,SCZ14,25.7,99438
14523,A,5,A5,328,LYS02,25.7,Inf
14523,A,5,A5,328,LYS02,25.7,Inf
14523,A,6,A6,RECOMBINANT ERK  2nM,ERK_2.000nM,25.7,Inf
14523,A,6,A6,RECOMBINANT ERK  2nM,ERK_2.000nM,25.7,Inf
14523,A,7,A7,46,CTL01,25.7,Inf
14523,A,7,A7,46,CTL01,25.7,Inf
14523,A,8,A8,720,CTL09,25.7,Inf
14523,A,8,A8,720,CTL09,25.7,Inf
14523,A,9,A9,225,SCZ06,25.7,99951
14523,A,9,A9,225,SCZ06,25.7,99951
14523,A,10,A10,552,SCZ14,25.7,98856
14523,A,10,A10,552,SCZ14,25.7,98856
14523,A,11,A11,328,LYS02,25.7,Inf
14523,A,11,A11,328,LYS02,25.7,Inf
14523,A,12,A12,RECOMBINANT ERK  2nM,ERK_2.000nM,25.7,Inf
14523,A,12,A12,RECOMBINANT ERK  2nM,ERK_2.000nM,25.7,Inf
14523,B,1,B1,116,CTL02,25.7,91878
14523,B,1,B1,116,CTL02,25.7,91878
14523,B,2,B2,859,CTL10,25.7,Inf
14523,B,2,B2,859,CTL10,25.7,Inf
14523,B,3,B3,235,SCZ07,25.7,Inf
14523,B,3,B3,235,SCZ07,25.7,Inf
14523,B,4,B4,565,SCZ15,25.7,93418
14523,B,4,B4,565,SCZ15,25.7,93418
14523,B,5,B5,335,LYS03,25.7,Inf
14523,B,5,B5,335,LYS03,25.7,Inf
14523,B,6,B6,RECOMBINANT ERK 1.5 nM,ERK_1.500nM,25.7,Inf
14523,B,6,B6,RECOMBINANT ERK 1.5 nM,ERK_1.500nM,25.7,Inf
14523,B,7,B7,116,CTL02,25.7,82597
14523,B,7,B7,116,CTL02,25.7,82597
14523,B,8,B8,859,CTL10,25.7,Inf
14523,B,8,B8,859,CTL10,25.7,Inf
14523,B,9,B9,235,SCZ07,25.7,98524
14523,B,9,B9,235,SCZ07,25.7,98524
14523,B,10,B10,565,SCZ15,25.7,93029
14523,B,10,B10,565,SCZ15,25.7,93029
14523,B,11,B11,335,LYS03,25.7,Inf
14523,B,11,B11,335,LYS03,25.7,Inf
14523,B,12,B12,RECOMBINANT ERK 1.5 nM,ERK_1.500nM,25.7,Inf
14523,B,12,B12,RECOMBINANT ERK 1.5 nM,ERK_1.500nM,25.7,Inf
14523,C,1,C1,167,CTL03,25.7,Inf
14523,C,1,C1,167,CTL03,25.7,Inf
14523,C,2,C2,874,CTL11,25.7,Inf
14523,C,2,C2,874,CTL11,25.7,Inf
14523,C,3,C3,262,SCZ08,25.7,Inf
14523,C,3,C3,262,SCZ08,25.7,Inf
14523,C,4,C4,737,SCZ16,25.7,92197
14523,C,4,C4,737,SCZ16,25.7,92197
14523,C,5,C5,907,LYS04,25.7,Inf
14523,C,5,C5,907,LYS04,25.7,Inf
14523,C,6,C6,RECOMBINANT ERK  1 nM,ERK_1.000nM,25.7,Inf
14523,C,6,C6,RECOMBINANT ERK  1 nM,ERK_1.000nM,25.7,Inf
14523,C,7,C7,167,CTL03,25.7,Inf
14523,C,7,C7,167,CTL03,25.7,Inf
14523,C,8,C8,874,CTL11,25.7,96730
14523,C,8,C8,874,CTL11,25.7,96730
14523,C,9,C9,262,SCZ08,25.7,Inf
14523,C,9,C9,262,SCZ08,25.7,Inf
14523,C,10,C10,737,SCZ16,25.7,87471
14523,C,10,C10,737,SCZ16,25.7,87471
14523,C,11,C11,907,LYS04,25.7,Inf
14523,C,11,C11,907,LYS04,25.7,Inf
14523,C,12,C12,RECOMBINANT ERK  1 nM,ERK_1.000nM,25.7,Inf
14523,C,12,C12,RECOMBINANT ERK  1 nM,ERK_1.000nM,25.7,Inf
14523,D,1,D1,195,CTL04,25.7,79174
14523,D,1,D1,195,CTL04,25.7,79174
14523,D,2,D2,11,SCZ01,25.7,99035
14523,D,2,D2,11,SCZ01,25.7,99035
14523,D,3,D3,291,SCZ09,25.7,88638
14523,D,3,D3,291,SCZ09,25.7,88638
14523,D,4,D4,802,SCZ17,25.7,69809
14523,D,4,D4,802,SCZ17,25.7,69809
14523,D,5,D5,5000ng lysate + HI,LYS_HI,25.7,97757
14523,D,5,D5,5000ng lysate + HI,LYS_HI,25.7,97757
14523,D,6,D6,RECOMBINANT ERK  0.75 nM,ERK_0.750nM,25.7,Inf
14523,D,6,D6,RECOMBINANT ERK  0.75 nM,ERK_0.750nM,25.7,Inf
14523,D,7,D7,195,CTL04,25.7,93688
14523,D,7,D7,195,CTL04,25.7,93688
14523,D,8,D8,11,SCZ01,25.7,91909
14523,D,8,D8,11,SCZ01,25.7,91909
14523,D,9,D9,291,SCZ09,25.7,81697
14523,D,9,D9,291,SCZ09,25.7,81697
14523,D,10,D10,802,SCZ17,25.7,81520
14523,D,10,D10,802,SCZ17,25.7,81520
14523,D,11,D11,5000ng lysate + HI,LYS_HI,25.7,93878
14523,D,11,D11,5000ng lysate + HI,LYS_HI,25.7,93878
14523,D,12,D12,RECOMBINANT ERK  0.75 nM,ERK_0.750nM,25.7,Inf
14523,D,12,D12,RECOMBINANT ERK  0.75 nM,ERK_0.750nM,25.7,Inf
14523,E,1,E1,223,CTL05,25.7,Inf
14523,E,1,E1,223,CTL05,25.7,Inf
14523,E,2,E2,22,SCZ02,25.7,Inf
14523,E,2,E2,22,SCZ02,25.7,Inf
14523,E,3,E3,329,SCZ10,25.7,Inf
14523,E,3,E3,329,SCZ10,25.7,Inf
14523,E,4,E4,930,SCZ18,25.7,81305
14523,E,4,E4,930,SCZ18,25.7,81305
14523,E,5,E5,5000ng lysate +ERK INHIBITOR,LYS_INH,25.7,87178
14523,E,5,E5,5000ng lysate +ERK INHIBITOR,LYS_INH,25.7,87178
14523,E,6,E6,RECOMBINANT ERK 0.5 nM,ERK_0.500nM,25.7,Inf
14523,E,6,E6,RECOMBINANT ERK 0.5 nM,ERK_0.500nM,25.7,Inf
14523,E,7,E7,223,CTL05,25.7,Inf
14523,E,7,E7,223,CTL05,25.7,Inf
14523,E,8,E8,22,SCZ02,25.7,Inf
14523,E,8,E8,22,SCZ02,25.7,Inf
14523,E,9,E9,329,SCZ10,25.7,Inf
14523,E,9,E9,329,SCZ10,25.7,Inf
14523,E,10,E10,930,SCZ18,25.7,83262
14523,E,10,E10,930,SCZ18,25.7,83262
14523,E,11,E11,5000ng lysate +ERK INHIBITOR,LYS_INH,25.7,88214
14523,E,11,E11,5000ng lysate +ERK INHIBITOR,LYS_INH,25.7,88214
14523,E,12,E12,RECOMBINANT ERK 0.5 nM,ERK_0.500nM,25.7,Inf
14523,E,12,E12,RECOMBINANT ERK 0.5 nM,ERK_0.500nM,25.7,Inf
14523,F,1,F1,524,CTL06,25.7,Inf
14523,F,1,F1,524,CTL06,25.7,Inf
14523,F,2,F2,29,SCZ03,25.7,Inf
14523,F,2,F2,29,SCZ03,25.7,Inf
14523,F,3,F3,446,SCZ11,25.7,Inf
14523,F,3,F3,446,SCZ11,25.7,Inf
14523,F,4,F4,931,SCZ19,25.7,86967
14523,F,4,F4,931,SCZ19,25.7,86967
14523,F,5,F5,"BLANK- Master Mix, no lysate",BLNK,25.7,84719
14523,F,5,F5,"BLANK- Master Mix, no lysate",BLNK,25.7,84719
14523,F,6,F6,RECOMBINANT ERK  0.25 nM,ERK_0.250nM,25.7,Inf
14523,F,6,F6,RECOMBINANT ERK  0.25 nM,ERK_0.250nM,25.7,Inf
14523,F,7,F7,524,CTL06,25.7,Inf
14523,F,7,F7,524,CTL06,25.7,Inf
14523,F,8,F8,29,SCZ03,25.7,Inf
14523,F,8,F8,29,SCZ03,25.7,Inf
14523,F,9,F9,446,SCZ11,25.7,77270
14523,F,9,F9,446,SCZ11,25.7,77270
14523,F,10,F10,931,SCZ19,25.7,85653
14523,F,10,F10,931,SCZ19,25.7,85653
14523,F,11,F11,"BLANK- Master Mix, no lysate",BLNK,25.7,85958
14523,F,11,F11,"BLANK- Master Mix, no lysate",BLNK,25.7,85958
14523,F,12,F12,RECOMBINANT ERK  0.25 nM,ERK_0.250nM,25.7,Inf
14523,F,12,F12,RECOMBINANT ERK  0.25 nM,ERK_0.250nM,25.7,Inf
14523,G,1,G1,661,CTL07,25.7,88345
14523,G,1,G1,661,CTL07,25.7,88345
14523,G,2,G2,69,SCZ04,25.7,Inf
14523,G,2,G2,69,SCZ04,25.7,Inf
14523,G,3,G3,510,SCZ12,25.7,Inf
14523,G,3,G3,510,SCZ12,25.7,Inf
14523,G,4,G4,932,SCZ20,25.7,98128
14523,G,4,G4,932,SCZ20,25.7,98128
14523,G,5,G5,"BLANK- Master Mix, lysate, no reporter",BLNK_LYS,25.7,23083
14523,G,5,G5,"BLANK- Master Mix, lysate, no reporter",BLNK_LYS,25.7,23083
14523,G,6,G6,RECOMBINANT ERK  0.125 nM,ERK_0.125nM,25.7,Inf
14523,G,6,G6,RECOMBINANT ERK  0.125 nM,ERK_0.125nM,25.7,Inf
14523,G,7,G7,661,CTL07,25.7,83424
14523,G,7,G7,661,CTL07,25.7,83424
14523,G,8,G8,69,SCZ04,25.7,Inf
14523,G,8,G8,69,SCZ04,25.7,Inf
14523,G,9,G9,510,SCZ12,25.7,Inf
14523,G,9,G9,510,SCZ12,25.7,Inf
14523,G,10,G10,932,SCZ20,25.7,97290
14523,G,10,G10,932,SCZ20,25.7,97290
14523,G,11,G11,"BLANK- Master Mix, lysate, no reporter",BLNK_LYS,25.7,23765
14523,G,11,G11,"BLANK- Master Mix, lysate, no reporter",BLNK_LYS,25.7,23765
14523,G,12,G12,RECOMBINANT ERK  0.125 nM,ERK_0.125nM,25.7,98002
14523,G,12,G12,RECOMBINANT ERK  0.125 nM,ERK_0.125nM,25.7,98002
14523,H,1,H1,689,CTL08,25.7,Inf
14523,H,1,H1,689,CTL08,25.7,Inf
14523,H,2,H2,94,SCZ05,25.7,85814
14523,H,2,H2,94,SCZ05,25.7,85814
14523,H,3,H3,547,SCZ13,25.7,93413
14523,H,3,H3,547,SCZ13,25.7,93413
14523,H,4,H4,326,LYS01,25.7,Inf
14523,H,4,H4,326,LYS01,25.7,Inf
14523,H,5,H5,NA,EMPTY,25.7,88684
14523,H,5,H5,NA,EMPTY,25.7,88684
14523,H,6,H6,RECOMBINANT ERK 2nM + ERK INHIBITOR,ERK_2.000nM_INH,25.7,27078
14523,H,6,H6,RECOMBINANT ERK 2nM + ERK INHIBITOR,ERK_2.000nM_INH,25.7,27078
14523,H,7,H7,689,CTL08,25.7,Inf
14523,H,7,H7,689,CTL08,25.7,Inf
14523,H,8,H8,94,SCZ05,25.7,29789
14523,H,8,H8,94,SCZ05,25.7,29789
14523,H,9,H9,547,SCZ13,25.7,97613
14523,H,9,H9,547,SCZ13,25.7,97613
14523,H,10,H10,326,LYS01,25.7,Inf
14523,H,10,H10,326,LYS01,25.7,Inf
14523,H,11,H11,NA,EMPTY,25.7,22391
14523,H,11,H11,NA,EMPTY,25.7,22391
14523,H,12,H12,RECOMBINANT ERK 2nM + ERK INHIBITOR,ERK_2.000nM_INH,25.7,Inf
14523,H,12,H12,RECOMBINANT ERK 2nM + ERK INHIBITOR,ERK_2.000nM_INH,25.7,Inf
14664,A,1,A1,46,CTL01,25.7,Inf
14664,A,1,A1,46,CTL01,25.7,Inf
14664,A,2,A2,720,CTL09,25.7,Inf
14664,A,2,A2,720,CTL09,25.7,Inf
14664,A,3,A3,225,SCZ06,25.7,89701
14664,A,3,A3,225,SCZ06,25.7,89701
14664,A,4,A4,552,SCZ14,25.7,Inf
14664,A,4,A4,552,SCZ14,25.7,Inf
14664,A,5,A5,328,LYS02,25.7,Inf
14664,A,5,A5,328,LYS02,25.7,Inf
14664,A,6,A6,RECOMBINANT ERK  2nM,ERK_2.000nM,25.7,Inf
14664,A,6,A6,RECOMBINANT ERK  2nM,ERK_2.000nM,25.7,Inf
14664,A,7,A7,46,CTL01,25.7,Inf
14664,A,7,A7,46,CTL01,25.7,Inf
14664,A,8,A8,720,CTL09,25.7,Inf
14664,A,8,A8,720,CTL09,25.7,Inf
14664,A,9,A9,225,SCZ06,25.7,99926
14664,A,9,A9,225,SCZ06,25.7,99926
14664,A,10,A10,552,SCZ14,25.7,99870
14664,A,10,A10,552,SCZ14,25.7,99870
14664,A,11,A11,328,LYS02,25.7,Inf
14664,A,11,A11,328,LYS02,25.7,Inf
14664,A,12,A12,RECOMBINANT ERK  2nM,ERK_2.000nM,25.7,Inf
14664,A,12,A12,RECOMBINANT ERK  2nM,ERK_2.000nM,25.7,Inf
14664,B,1,B1,116,CTL02,25.7,92094
14664,B,1,B1,116,CTL02,25.7,92094
14664,B,2,B2,859,CTL10,25.7,Inf
14664,B,2,B2,859,CTL10,25.7,Inf
14664,B,3,B3,235,SCZ07,25.7,Inf
14664,B,3,B3,235,SCZ07,25.7,Inf
14664,B,4,B4,565,SCZ15,25.7,93670
14664,B,4,B4,565,SCZ15,25.7,93670
14664,B,5,B5,335,LYS03,25.7,Inf
14664,B,5,B5,335,LYS03,25.7,Inf
14664,B,6,B6,RECOMBINANT ERK 1.5 nM,ERK_1.500nM,25.7,Inf
14664,B,6,B6,RECOMBINANT ERK 1.5 nM,ERK_1.500nM,25.7,Inf
14664,B,7,B7,116,CTL02,25.7,82519
14664,B,7,B7,116,CTL02,25.7,82519
14664,B,8,B8,859,CTL10,25.7,Inf
14664,B,8,B8,859,CTL10,25.7,Inf
14664,B,9,B9,235,SCZ07,25.7,98165
14664,B,9,B9,235,SCZ07,25.7,98165
14664,B,10,B10,565,SCZ15,25.7,93364
14664,B,10,B10,565,SCZ15,25.7,93364
14664,B,11,B11,335,LYS03,25.7,Inf
14664,B,11,B11,335,LYS03,25.7,Inf
14664,B,12,B12,RECOMBINANT ERK 1.5 nM,ERK_1.500nM,25.7,Inf
14664,B,12,B12,RECOMBINANT ERK 1.5 nM,ERK_1.500nM,25.7,Inf
14664,C,1,C1,167,CTL03,25.7,Inf
14664,C,1,C1,167,CTL03,25.7,Inf
14664,C,2,C2,874,CTL11,25.7,Inf
14664,C,2,C2,874,CTL11,25.7,Inf
14664,C,3,C3,262,SCZ08,25.7,Inf
14664,C,3,C3,262,SCZ08,25.7,Inf
14664,C,4,C4,737,SCZ16,25.7,92463
14664,C,4,C4,737,SCZ16,25.7,92463
14664,C,5,C5,907,LYS04,25.7,Inf
14664,C,5,C5,907,LYS04,25.7,Inf
14664,C,6,C6,RECOMBINANT ERK  1 nM,ERK_1.000nM,25.7,Inf
14664,C,6,C6,RECOMBINANT ERK  1 nM,ERK_1.000nM,25.7,Inf
14664,C,7,C7,167,CTL03,25.7,Inf
14664,C,7,C7,167,CTL03,25.7,Inf
14664,C,8,C8,874,CTL11,25.7,98298
14664,C,8,C8,874,CTL11,25.7,98298
14664,C,9,C9,262,SCZ08,25.7,Inf
14664,C,9,C9,262,SCZ08,25.7,Inf
14664,C,10,C10,737,SCZ16,25.7,86084
14664,C,10,C10,737,SCZ16,25.7,86084
14664,C,11,C11,907,LYS04,25.7,Inf
14664,C,11,C11,907,LYS04,25.7,Inf
14664,C,12,C12,RECOMBINANT ERK  1 nM,ERK_1.000nM,25.7,Inf
14664,C,12,C12,RECOMBINANT ERK  1 nM,ERK_1.000nM,25.7,Inf
14664,D,1,D1,195,CTL04,25.7,79398
14664,D,1,D1,195,CTL04,25.7,79398
14664,D,2,D2,11,SCZ01,25.7,98029
14664,D,2,D2,11,SCZ01,25.7,98029
14664,D,3,D3,291,SCZ09,25.7,88264
14664,D,3,D3,291,SCZ09,25.7,88264
14664,D,4,D4,802,SCZ17,25.7,71252
14664,D,4,D4,802,SCZ17,25.7,71252
14664,D,5,D5,5000ng lysate + HI,LYS_HI,25.7,99174
14664,D,5,D5,5000ng lysate + HI,LYS_HI,25.7,99174
14664,D,6,D6,RECOMBINANT ERK  0.75 nM,ERK_0.750nM,25.7,Inf
14664,D,6,D6,RECOMBINANT ERK  0.75 nM,ERK_0.750nM,25.7,Inf
14664,D,7,D7,195,CTL04,25.7,93840
14664,D,7,D7,195,CTL04,25.7,93840
14664,D,8,D8,11,SCZ01,25.7,92329
14664,D,8,D8,11,SCZ01,25.7,92329
14664,D,9,D9,291,SCZ09,25.7,82324
14664,D,9,D9,291,SCZ09,25.7,82324
14664,D,10,D10,802,SCZ17,25.7,81398
14664,D,10,D10,802,SCZ17,25.7,81398
14664,D,11,D11,5000ng lysate + HI,LYS_HI,25.7,95014
14664,D,11,D11,5000ng lysate + HI,LYS_HI,25.7,95014
14664,D,12,D12,RECOMBINANT ERK  0.75 nM,ERK_0.750nM,25.7,Inf
14664,D,12,D12,RECOMBINANT ERK  0.75 nM,ERK_0.750nM,25.7,Inf
14664,E,1,E1,223,CTL05,25.7,Inf
14664,E,1,E1,223,CTL05,25.7,Inf
14664,E,2,E2,22,SCZ02,25.7,Inf
14664,E,2,E2,22,SCZ02,25.7,Inf
14664,E,3,E3,329,SCZ10,25.7,Inf
14664,E,3,E3,329,SCZ10,25.7,Inf
14664,E,4,E4,930,SCZ18,25.7,81772
14664,E,4,E4,930,SCZ18,25.7,81772
14664,E,5,E5,5000ng lysate +ERK INHIBITOR,LYS_INH,25.7,86599
14664,E,5,E5,5000ng lysate +ERK INHIBITOR,LYS_INH,25.7,86599
14664,E,6,E6,RECOMBINANT ERK 0.5 nM,ERK_0.500nM,25.7,Inf
14664,E,6,E6,RECOMBINANT ERK 0.5 nM,ERK_0.500nM,25.7,Inf
14664,E,7,E7,223,CTL05,25.7,Inf
14664,E,7,E7,223,CTL05,25.7,Inf
14664,E,8,E8,22,SCZ02,25.7,Inf
14664,E,8,E8,22,SCZ02,25.7,Inf
14664,E,9,E9,329,SCZ10,25.7,Inf
14664,E,9,E9,329,SCZ10,25.7,Inf
14664,E,10,E10,930,SCZ18,25.7,83997
14664,E,10,E10,930,SCZ18,25.7,83997
14664,E,11,E11,5000ng lysate +ERK INHIBITOR,LYS_INH,25.7,88805
14664,E,11,E11,5000ng lysate +ERK INHIBITOR,LYS_INH,25.7,88805
14664,E,12,E12,RECOMBINANT ERK 0.5 nM,ERK_0.500nM,25.7,Inf
14664,E,12,E12,RECOMBINANT ERK 0.5 nM,ERK_0.500nM,25.7,Inf
14664,F,1,F1,524,CTL06,25.7,Inf
14664,F,1,F1,524,CTL06,25.7,Inf
14664,F,2,F2,29,SCZ03,25.7,Inf
14664,F,2,F2,29,SCZ03,25.7,Inf
14664,F,3,F3,446,SCZ11,25.7,Inf
14664,F,3,F3,446,SCZ11,25.7,Inf
14664,F,4,F4,931,SCZ19,25.7,86790
14664,F,4,F4,931,SCZ19,25.7,86790
14664,F,5,F5,"BLANK- Master Mix, no lysate",BLNK,25.7,84423
14664,F,5,F5,"BLANK- Master Mix, no lysate",BLNK,25.7,84423
14664,F,6,F6,RECOMBINANT ERK  0.25 nM,ERK_0.250nM,25.7,Inf
14664,F,6,F6,RECOMBINANT ERK  0.25 nM,ERK_0.250nM,25.7,Inf
14664,F,7,F7,524,CTL06,25.7,Inf
14664,F,7,F7,524,CTL06,25.7,Inf
14664,F,8,F8,29,SCZ03,25.7,Inf
14664,F,8,F8,29,SCZ03,25.7,Inf
14664,F,9,F9,446,SCZ11,25.7,76985
14664,F,9,F9,446,SCZ11,25.7,76985
14664,F,10,F10,931,SCZ19,25.7,85043
14664,F,10,F10,931,SCZ19,25.7,85043
14664,F,11,F11,"BLANK- Master Mix, no lysate",BLNK,25.7,86626
14664,F,11,F11,"BLANK- Master Mix, no lysate",BLNK,25.7,86626
14664,F,12,F12,RECOMBINANT ERK  0.25 nM,ERK_0.250nM,25.7,Inf
14664,F,12,F12,RECOMBINANT ERK  0.25 nM,ERK_0.250nM,25.7,Inf
14664,G,1,G1,661,CTL07,25.7,88280
14664,G,1,G1,661,CTL07,25.7,88280
14664,G,2,G2,69,SCZ04,25.7,Inf
14664,G,2,G2,69,SCZ04,25.7,Inf
14664,G,3,G3,510,SCZ12,25.7,Inf
14664,G,3,G3,510,SCZ12,25.7,Inf
14664,G,4,G4,932,SCZ20,25.7,98393
14664,G,4,G4,932,SCZ20,25.7,98393
14664,G,5,G5,"BLANK- Master Mix, lysate, no reporter",BLNK_LYS,25.7,23228
14664,G,5,G5,"BLANK- Master Mix, lysate, no reporter",BLNK_LYS,25.7,23228
14664,G,6,G6,RECOMBINANT ERK  0.125 nM,ERK_0.125nM,25.7,Inf
14664,G,6,G6,RECOMBINANT ERK  0.125 nM,ERK_0.125nM,25.7,Inf
14664,G,7,G7,661,CTL07,25.7,83229
14664,G,7,G7,661,CTL07,25.7,83229
14664,G,8,G8,69,SCZ04,25.7,Inf
14664,G,8,G8,69,SCZ04,25.7,Inf
14664,G,9,G9,510,SCZ12,25.7,Inf
14664,G,9,G9,510,SCZ12,25.7,Inf
14664,G,10,G10,932,SCZ20,25.7,97145
14664,G,10,G10,932,SCZ20,25.7,97145
14664,G,11,G11,"BLANK- Master Mix, lysate, no reporter",BLNK_LYS,25.7,24072
14664,G,11,G11,"BLANK- Master Mix, lysate, no reporter",BLNK_LYS,25.7,24072
14664,G,12,G12,RECOMBINANT ERK  0.125 nM,ERK_0.125nM,25.7,97967
14664,G,12,G12,RECOMBINANT ERK  0.125 nM,ERK_0.125nM,25.7,97967
14664,H,1,H1,689,CTL08,25.7,Inf
14664,H,1,H1,689,CTL08,25.7,Inf
14664,H,2,H2,94,SCZ05,25.7,86674
14664,H,2,H2,94,SCZ05,25.7,86674
14664,H,3,H3,547,SCZ13,25.7,93307
14664,H,3,H3,547,SCZ13,25.7,93307
14664,H,4,H4,326,LYS01,25.7,Inf
14664,H,4,H4,326,LYS01,25.7,Inf
14664,H,5,H5,NA,EMPTY,25.7,89693
14664,H,5,H5,NA,EMPTY,25.7,89693
14664,H,6,H6,RECOMBINANT ERK 2nM + ERK INHIBITOR,ERK_2.000nM_INH,25.7,27291
14664,H,6,H6,RECOMBINANT ERK 2nM + ERK INHIBITOR,ERK_2.000nM_INH,25.7,27291
14664,H,7,H7,689,CTL08,25.7,Inf
14664,H,7,H7,689,CTL08,25.7,Inf
14664,H,8,H8,94,SCZ05,25.7,29359
14664,H,8,H8,94,SCZ05,25.7,29359
14664,H,9,H9,547,SCZ13,25.7,97364
14664,H,9,H9,547,SCZ13,25.7,97364
14664,H,10,H10,326,LYS01,25.7,Inf
14664,H,10,H10,326,LYS01,25.7,Inf
14664,H,11,H11,NA,EMPTY,25.7,22156
14664,H,11,H11,NA,EMPTY,25.7,22156
14664,H,12,H12,RECOMBINANT ERK 2nM + ERK INHIBITOR,ERK_2.000nM_INH,25.7,Inf
14664,H,12,H12,RECOMBINANT ERK 2nM + ERK INHIBITOR,ERK_2.000nM_INH,25.7,Inf
