Source,Target,Similarity,SourceSignature,SourceCellLine,SourceTime,TargetSignature,TargetCellLine,TargetConcentration,TargetTime
MAPK11,Lapatinib,-0.61698866,LINCSKD_31604,VCAP,120 h,LINCSCP_81649,A549,0.12uM,24h
MAPK11,CHEMBL2136735,-0.58722944,LINCSKD_31604,VCAP,120 h,LINCSCP_39577,MDAMB231,0.5uM,6h
MAPK11,CT-200783,-0.56881991,LINCSKD_31604,VCAP,120 h,LINCSCP_30735,MCF7,10uM,6h
MAPK11,Piplartine,-0.56678264,LINCSKD_31604,VCAP,120 h,LINCSCP_30775,MCF7,10uM,6h
MAPK11,179324-69-7,-0.56609565,LINCSKD_31604,VCAP,120 h,LINCSCP_30877,MCF7,0.01uM,6h
MAPK11,Withaferin A,-0.55391947,LINCSKD_31604,VCAP,120 h,LINCSCP_67430,MCF7,1uM,6h
MAPK11,CHEMBL3184547,-0.55209568,LINCSKD_31604,VCAP,120 h,LINCSCP_32299,MCF7,10uM,6h
MAPK11,Elesclomol,-0.54719597,LINCSKD_31604,VCAP,120 h,LINCSCP_30868,MCF7,10uM,6h
MAPK11,Cisaprida,-0.54210158,LINCSKD_31604,VCAP,120 h,LINCSCP_58100,VCAP,10uM,24h
MAPK11,STK179629,-0.54116826,LINCSKD_31604,VCAP,120 h,LINCSCP_192449,A549,10uM,6h
MAPK11,BX 912,-0.5375347,LINCSKD_31604,VCAP,120 h,LINCSCP_99617,HCC515,0.04uM,24h
MAPK11,AZD4547,-0.536557,LINCSKD_31604,VCAP,120 h,LINCSCP_84143,ASC,3.33uM,24h
MAPK11,Anagrelide,-0.53641495,LINCSKD_31604,VCAP,120 h,LINCSCP_158842,PC3,3.33uM,24h
MAPK11,Mebendazole,-0.53528555,LINCSKD_31604,VCAP,120 h,LINCSCP_34311,MCF7,10uM,24h
MAPK11,AZD3514,-0.53426921,LINCSKD_31604,VCAP,120 h,LINCSCP_159619,PC3,0.04uM,24h
MAPK11,MLS000039538,-0.53413252,LINCSKD_31604,VCAP,120 h,LINCSCP_26029,HT29,10uM,6h
MAPK11,Doramapimod,-0.52848982,LINCSKD_31604,VCAP,120 h,LINCSCP_12338,BT20,10uM,6h
MAPK11,Linopirdine,-0.52815891,LINCSKD_31604,VCAP,120 h,LINCSCP_22215,HEPG2,10uM,6h
MAPK11,Erlotinib,-0.52511366,LINCSKD_31604,VCAP,120 h,LINCSCP_96967,HA1E,1.11uM,24h
MAPK11,GW620972X,-0.52258332,LINCSKD_31604,VCAP,120 h,LINCSCP_134266,MCF7,3.33uM,24h
MAPK11,Podofilox,-0.51874293,LINCSKD_31604,VCAP,120 h,LINCSCP_141625,MCF7,1.11uM,24h
MAPK11,Nemonapride,-0.51803704,LINCSKD_31604,VCAP,120 h,LINCSCP_125111,HT29,3.33uM,24h
MAPK11,Lenalidomide,-0.51590656,LINCSKD_31604,VCAP,120 h,LINCSCP_153358,PC3,0.12uM,24h
MAPK11,"Trichostatin A, Streptomyces Sp.",-0.51382756,LINCSKD_31604,VCAP,120 h,LINCSCP_37747,MCF7,10uM,6h
MAPK11,Avrainvillamide Analog 3,-0.50932846,LINCSKD_31604,VCAP,120 h,LINCSCP_3843,A375,3.33uM,24h
MAPK11,Purmorphamine,-0.50901616,LINCSKD_31604,VCAP,120 h,LINCSCP_43794,OV7,40uM,6h
MAPK11,Estriol,-0.50864909,LINCSKD_31604,VCAP,120 h,LINCSCP_213204,HA1E,0.37uM,24h
MAPK11,Tyrphostin 25,-0.50827063,LINCSKD_31604,VCAP,120 h,LINCSCP_7143,A549,10uM,6h
MAPK11,CHEMBL1673039,-0.50805409,LINCSKD_31604,VCAP,120 h,LINCSCP_256256,MDAMB231,1uM,6h
MAPK11,Carbamazepine,-0.50381658,LINCSKD_31604,VCAP,120 h,LINCSCP_288482,TYKNU,100uM,6h
MAPK11,CHEMBL1868923,-0.50292202,LINCSKD_31604,VCAP,120 h,LINCSCP_23175,HEPG2,10uM,6h
MAPK11,DASA-58,-0.50267246,LINCSKD_31604,VCAP,120 h,LINCSCP_41901,NOMO1,90uM,6h
MAPK11,Rigosertib,-0.49979882,LINCSKD_31604,VCAP,120 h,LINCSCP_134151,MCF7,10uM,24h
MAPK11,Zaurategrast,-0.49851484,LINCSKD_31604,VCAP,120 h,LINCSCP_122938,HT29,10uM,24h
MAPK11,SA-1973507,-0.49679898,LINCSKD_31604,VCAP,120 h,LINCSCP_63592,VCAP,5uM,6h
MAPK11,ITK Inhibitor,-0.49678629,LINCSKD_31604,VCAP,120 h,LINCSCP_46898,PC3,10uM,6h
MAPK11,AC1L1KV5,-0.49615701,LINCSKD_31604,VCAP,120 h,LINCSCP_33044,MCF7,10uM,24h
MAPK11,R-59022,-0.49579438,LINCSKD_31604,VCAP,120 h,LINCSCP_30386,MCF7,10uM,6h
MAPK11,BRD-K63435718,-0.49558927,LINCSKD_31604,VCAP,120 h,LINCSCP_228240,HT29,5uM,24h
MAPK11,Pimozide,-0.49400667,LINCSKD_31604,VCAP,120 h,LINCSCP_55432,U937,10uM,6h
MAPK11,Fenoldopam,-0.49026516,LINCSKD_31604,VCAP,120 h,LINCSCP_91936,HA1E,10uM,24h
MAPK11,SCHEMBL15422158,-0.49009752,LINCSKD_31604,VCAP,120 h,LINCSCP_32010,MCF7,10uM,6h
MAPK11,SCHEMBL15422014,-0.48992807,LINCSKD_31604,VCAP,120 h,LINCSCP_32011,MCF7,10uM,6h
MAPK11,4-Deoxyuridine,-0.48772246,LINCSKD_31604,VCAP,120 h,LINCSCP_54055,SW620,10uM,6h
MAPK11,TRAVOPROST,-0.48692645,LINCSKD_31604,VCAP,120 h,LINCSCP_72345,A375,10uM,24h
MAPK11,BRD-K18323006,-0.4863782,LINCSKD_31604,VCAP,120 h,LINCSCP_27360,HT29,5uM,24h
MAPK11,MG-132,-0.48591373,LINCSKD_31604,VCAP,120 h,LINCSCP_37350,MCF7,10uM,6h
MAPK11,Colchicine,-0.48324932,LINCSKD_31604,VCAP,120 h,LINCSCP_37619,MCF7,3uM,24h
MAPK11,STK219801,-0.48191922,LINCSKD_31604,VCAP,120 h,LINCSCP_50647,PL21,20uM,6h
MAPK11,Momelotinib,-0.48178211,LINCSKD_31604,VCAP,120 h,LINCSCP_81349,A549,0.37uM,24h
MAPK11,CHEMBL3188326,-0.47971202,LINCSKD_31604,VCAP,120 h,LINCSCP_32363,MCF7,10uM,6h
MAPK11,Parbendazole,-0.47950145,LINCSKD_31604,VCAP,120 h,LINCSCP_34649,MCF7,10uM,24h
MAPK11,Thiostrepton,-0.47888453,LINCSKD_31604,VCAP,120 h,LINCSCP_253217,MCF7,10uM,6h
MAPK11,Trichostatin,-0.47884507,LINCSKD_31604,VCAP,120 h,LINCSCP_36157,MCF7,0.5uM,6h
MAPK11,Cabazitaxel,-0.47784953,LINCSKD_31604,VCAP,120 h,LINCSCP_138310,MCF7,0.12uM,24h
MAPK11,BRD-K65148580,-0.47696261,LINCSKD_31604,VCAP,120 h,LINCSCP_246178,MCF7,5uM,24h
MAPK11,FK888,-0.47626262,LINCSKD_31604,VCAP,120 h,LINCSCP_159570,PC3,0.12uM,24h
MAPK11,KUC111774N,-0.47525089,LINCSKD_31604,VCAP,120 h,LINCSCP_49438,PC3,1uM,6h
MAPK11,SCHEMBL15422533,-0.4749878,LINCSKD_31604,VCAP,120 h,LINCSCP_37062,MCF7,10uM,6h
MAPK11,Prostoglandin A1,-0.47441111,LINCSKD_31604,VCAP,120 h,LINCSCP_13452,H1299,1uM,6h
MAPK11,BRD-K59683426,-0.47412282,LINCSKD_31604,VCAP,120 h,LINCSCP_35084,MCF7,5uM,24h
MAPK11,BRD-K85515417,-0.47369206,LINCSKD_31604,VCAP,120 h,LINCSCP_248814,MCF7,5uM,24h
MAPK11,RVX-208,-0.47320912,LINCSKD_31604,VCAP,120 h,LINCSCP_154621,PC3,3.33uM,24h
MAPK11,XMD 8-92,-0.47261756,LINCSKD_31604,VCAP,120 h,LINCSCP_117571,HT29,10uM,24h
MAPK11,F1566-0341,-0.47245443,LINCSKD_31604,VCAP,120 h,LINCSCP_32366,MCF7,10uM,6h
MAPK11,AZD-6482,-0.47191356,LINCSKD_31604,VCAP,120 h,LINCSCP_2390,A375,10uM,6h
MAPK11,Alvelestat,-0.47184686,LINCSKD_31604,VCAP,120 h,LINCSCP_155842,PC3,0.37uM,24h
MAPK11,LACOSAMIDE,-0.47180465,LINCSKD_31604,VCAP,120 h,LINCSCP_78902,A375,10uM,24h
MAPK11,Methixene,-0.4716984,LINCSKD_31604,VCAP,120 h,LINCSCP_90214,HA1E,3.33uM,24h
MAPK11,Amuvatinib,-0.47165203,LINCSKD_31604,VCAP,120 h,LINCSCP_84041,ASC,0.04uM,24h
MAPK11,Pyrrolidine Dithiocarbamate,-0.47077638,LINCSKD_31604,VCAP,120 h,LINCSCP_33249,MCF7,10uM,6h
MAPK11,EI-346-ERLOTINIB-ANALOG,-0.47016759,LINCSKD_31604,VCAP,120 h,LINCSCP_32788,MCF7,10uM,6h
MAPK11,Pargyline,-0.46997239,LINCSKD_31604,VCAP,120 h,LINCSCP_27152,HT29,10uM,6h
MAPK11,"13-Hydroxy-8,14,19-trimethoxy-4,10,12,16-tetramethyl-3,20,22-trioxo-2-azabicyclo[16.3.1]docosa-1(21),4,6,10,18-pentaen-9-yl carbamate",-0.46894391,LINCSKD_31604,VCAP,120 h,LINCSCP_67413,MCF7,0.1uM,6h
MAPK11,AB00540133,-0.46892711,LINCSKD_31604,VCAP,120 h,LINCSCP_25057,HT115,10uM,6h
MAPK11,Arachidonyl Trifluoromethylketone,-0.46822902,LINCSKD_31604,VCAP,120 h,LINCSCP_30747,MCF7,80uM,6h
MAPK11,(R)-(-)-Jq1 enantiomer,-0.46797234,LINCSKD_31604,VCAP,120 h,LINCSCP_112305,HEPG2,10uM,24h
MAPK11,"3-{3-[(1,3-Benzothiazol-2-ylsulfanyl)methyl]-4-hydroxy-5-methoxyphenyl}-2-cyanoprop-2-enamide",-0.46779769,LINCSKD_31604,VCAP,120 h,LINCSCP_22888,HEPG2,10uM,6h
MAPK11,JNK-IN-2,-0.46666952,LINCSKD_31604,VCAP,120 h,LINCSCP_36951,MCF7,10uM,6h
MAPK11,TAK-285,-0.4665518,LINCSKD_31604,VCAP,120 h,LINCSCP_96490,HA1E,0.12uM,24h
MAPK11,SJ 172550,-0.46616155,LINCSKD_31604,VCAP,120 h,LINCSCP_40146,NCIH2073,10uM,6h
MAPK11,CHEMDIV2_001418,-0.46611569,LINCSKD_31604,VCAP,120 h,LINCSCP_6341,A549,10uM,24h
MAPK11,BDBM50127227,-0.46607222,LINCSKD_31604,VCAP,120 h,LINCSCP_224198,HT29,10uM,6h
MAPK11,ZM336372,-0.46561397,LINCSKD_31604,VCAP,120 h,LINCSCP_41894,NOMO1,100uM,6h
MAPK11,Tanespimycin,-0.46551247,LINCSKD_31604,VCAP,120 h,LINCSCP_21761,HEPG2,0.5uM,6h
MAPK11,YM90709,-0.46523093,LINCSKD_31604,VCAP,120 h,LINCSCP_14681,HA1E,10uM,24h
MAPK11,BSPBIO_001592,-0.46489803,LINCSKD_31604,VCAP,120 h,LINCSCP_30851,MCF7,50uM,6h
MAPK11,HMN-214,-0.46432513,LINCSKD_31604,VCAP,120 h,LINCSCP_70596,A375,10uM,24h
MAPK11,Pifithrin MU,-0.46344538,LINCSKD_31604,VCAP,120 h,LINCSCP_3917,A375,10uM,24h
MAPK11,Teniposide,-0.46339523,LINCSKD_31604,VCAP,120 h,LINCSCP_33168,MCF7,10uM,6h
MAPK11,HG-14-10-04,-0.4622681,LINCSKD_31604,VCAP,120 h,LINCSCP_151710,PC3,3.33uM,24h
MAPK11,Teicoplanin,-0.46211049,LINCSKD_31604,VCAP,120 h,LINCSCP_2503,A375,10uM,6h
MAPK11,Alvimopan (monohydrate),-0.4611787,LINCSKD_31604,VCAP,120 h,LINCSCP_162413,PC3,0.37uM,24h
MAPK11,Pazopanib,-0.45924771,LINCSKD_31604,VCAP,120 h,LINCSCP_39644,MDAMB231,1uM,6h
MAPK11,Norgestrel,-0.45915403,LINCSKD_31604,VCAP,120 h,LINCSCP_180202,A375,10uM,6h
MAPK11,Albendazole,-0.45902336,LINCSKD_31604,VCAP,120 h,LINCSCP_34152,MCF7,10uM,24h
MAPK11,138402-11-6,-0.45868788,LINCSKD_31604,VCAP,120 h,LINCSCP_58168,VCAP,10uM,24h
MAPK11,IWR-1-ENDO,-0.45825611,LINCSKD_31604,VCAP,120 h,LINCSCP_251055,MCF7,0.01uM,24h
MAPK11,MD-041,-0.45789143,LINCSKD_31604,VCAP,120 h,LINCSCP_32055,MCF7,10uM,6h
MAPK11,Htfmt,-0.45756722,LINCSKD_31604,VCAP,120 h,LINCSCP_19974,HCC515,10uM,6h
MAPK11,Ticlopidine,-0.45666056,LINCSKD_31604,VCAP,120 h,LINCSCP_189955,A549,10uM,24h
MAPK11,SPECTRUM_001092,-0.45664289,LINCSKD_31604,VCAP,120 h,LINCSCP_156282,PC3,10uM,24h
MAPK11,Chelidonine,-0.4552329,LINCSKD_31604,VCAP,120 h,LINCSCP_37681,MCF7,3uM,24h
MAPK11,"Apitolisib (gdc-0980, rg7422)",-0.4544575,LINCSKD_31604,VCAP,120 h,LINCSCP_99591,HCC515,0.37uM,24h
MAPK11,BRD-K77007746,-0.45445586,LINCSKD_31604,VCAP,120 h,LINCSCP_35049,MCF7,5uM,24h
MAPK11,CHEMBL1890309,-0.45403695,LINCSKD_31604,VCAP,120 h,LINCSCP_19799,HCC515,10uM,6h
MAPK11,LOPAC-L-133,-0.4536918,LINCSKD_31604,VCAP,120 h,LINCSCP_7455,A549,10uM,6h
MAPK11,CHEMBL585951,-0.453454,LINCSKD_31604,VCAP,120 h,LINCSCP_39375,MDAMB231,0.5uM,24h
MAPK11,MD-II-038,-0.45300079,LINCSKD_31604,VCAP,120 h,LINCSCP_32018,MCF7,10uM,6h
MAPK11,Gemcitabine,-0.45288912,LINCSKD_31604,VCAP,120 h,LINCSCP_35924,MCF7,0.1uM,24h
MAPK11,Resveratrol,-0.45082259,LINCSKD_31604,VCAP,120 h,LINCSCP_91064,HA1E,10uM,24h
MAPK11,MLN 2238,-0.45031201,LINCSKD_31604,VCAP,120 h,LINCSCP_37185,MCF7,3uM,6h
MAPK11,PF431396,-0.45011253,LINCSKD_31604,VCAP,120 h,LINCSCP_132282,MCF7,10uM,3h
MAPK11,D-64131,-0.44985453,LINCSKD_31604,VCAP,120 h,LINCSCP_33611,MCF7,10uM,24h
MAPK11,"1,4-Chrysenequinone",-0.4496854,LINCSKD_31604,VCAP,120 h,LINCSCP_34477,MCF7,10uM,24h
MAPK11,Milciclib (PHA-848125),-0.44959387,LINCSKD_31604,VCAP,120 h,LINCSCP_94171,HA1E,1.11uM,24h
MAPK11,SCHEMBL14379041,-0.44929492,LINCSKD_31604,VCAP,120 h,LINCSCP_54276,SW620,10uM,6h
MAPK11,SB-216763,-0.44925904,LINCSKD_31604,VCAP,120 h,LINCSCP_24787,HS578T,0.5uM,24h
MAPK11,rifampicin,-0.44873928,LINCSKD_31604,VCAP,120 h,LINCSCP_116851,HT29,0.12uM,24h
MAPK11,BRD-K81331655,-0.44853345,LINCSKD_31604,VCAP,120 h,LINCSCP_63410,VCAP,5uM,24h
MAPK11,BRD-K07609594,-0.44827387,LINCSKD_31604,VCAP,120 h,LINCSCP_275725,PC3,5uM,24h
MAPK11,PF750,-0.4465686,LINCSKD_31604,VCAP,120 h,LINCSCP_50671,PL21,80uM,6h
MAPK11,Entinostat,-0.44584694,LINCSKD_31604,VCAP,120 h,LINCSCP_117381,HT29,0.12uM,24h
MAPK11,Naftifine,-0.44572835,LINCSKD_31604,VCAP,120 h,LINCSCP_126250,HT29,10uM,24h
MAPK11,LY456236,-0.44487573,LINCSKD_31604,VCAP,120 h,LINCSCP_13798,HA1E,10uM,24h
MAPK11,CHEMBL520231,-0.44434641,LINCSKD_31604,VCAP,120 h,LINCSCP_43781,OV7,10uM,6h
MAPK11,Cabergoline,-0.44425334,LINCSKD_31604,VCAP,120 h,LINCSCP_108667,HELA,1.11uM,24h
MAPK11,"2-Amino-5,6-dihydro-6-methyl-4H-1,3-thiazine",-0.44360495,LINCSKD_31604,VCAP,120 h,LINCSCP_22841,HEPG2,10uM,6h
MAPK11,Bifemelane,-0.44349263,LINCSKD_31604,VCAP,120 h,LINCSCP_90405,HA1E,10uM,24h
MAPK11,ZINC01043777,-0.443111,LINCSKD_31604,VCAP,120 h,LINCSCP_59203,VCAP,10uM,24h
MAPK11,CHEMBL593506,-0.44305498,LINCSKD_31604,VCAP,120 h,LINCSCP_31154,MCF7,10uM,24h
MAPK11,SGX-523,-0.44239941,LINCSKD_31604,VCAP,120 h,LINCSCP_117845,HT29,1.11uM,24h
MAPK11,Camptothecin,-0.44206124,LINCSKD_31604,VCAP,120 h,LINCSCP_38863,MCF7,3uM,6h
MAPK11,KUC103676,-0.4415456,LINCSKD_31604,VCAP,120 h,LINCSCP_19815,HCC515,10uM,6h
MAPK11,Amethopterin,-0.44133622,LINCSKD_31604,VCAP,120 h,LINCSCP_252550,MCF7,3uM,24h
MAPK11,SCHEMBL17497408,-0.44132079,LINCSKD_31604,VCAP,120 h,LINCSCP_233458,HT29,3uM,6h
MAPK11,BRD-K30618791-001-01-9,-0.44111883,LINCSKD_31604,VCAP,120 h,LINCSCP_34660,MCF7,10uM,24h
MAPK11,Estrone,-0.44097028,LINCSKD_31604,VCAP,120 h,LINCSCP_26863,HT29,10uM,6h
MAPK11,SB 218795,-0.44042568,LINCSKD_31604,VCAP,120 h,LINCSCP_22957,HEPG2,10uM,6h
MAPK11,AC1LDCW5,-0.43988941,LINCSKD_31604,VCAP,120 h,LINCSCP_22186,HEPG2,10uM,6h
MAPK11,BRD-U88878891,-0.43919625,LINCSKD_31604,VCAP,120 h,LINCSCP_31229,MCF7,10uM,24h
MAPK11,CHEMBL436817,-0.43918195,LINCSKD_31604,VCAP,120 h,LINCSCP_10318,A673,40uM,6h
MAPK11,Aclidinium Bromide,-0.43885316,LINCSKD_31604,VCAP,120 h,LINCSCP_125473,HT29,0.37uM,24h
MAPK11,Panobinostat,-0.43837749,LINCSKD_31604,VCAP,120 h,LINCSCP_37065,MCF7,10uM,6h
MAPK11,BRD-K12511144,-0.43819239,LINCSKD_31604,VCAP,120 h,LINCSCP_247770,MCF7,5uM,24h
MAPK11,Apigenin Triacetate,-0.43805653,LINCSKD_31604,VCAP,120 h,LINCSCP_180273,A375,10uM,6h
MAPK11,Dolastatin 10,-0.43790846,LINCSKD_31604,VCAP,120 h,LINCSCP_143056,MCF7,0.04uM,24h
MAPK11,BMS-387032,-0.43746704,LINCSKD_31604,VCAP,120 h,LINCSCP_36921,MCF7,1uM,6h
MAPK11,MLS003128682,-0.43743026,LINCSKD_31604,VCAP,120 h,LINCSCP_8291,A549,5uM,24h
MAPK11,Dantrolene-13C3,-0.43687226,LINCSKD_31604,VCAP,120 h,LINCSCP_125150,HT29,0.12uM,24h
MAPK11,WZ-7043,-0.4366289,LINCSKD_31604,VCAP,120 h,LINCSCP_26755,HT29,10uM,6h
MAPK11,Maackiain,-0.43660174,LINCSKD_31604,VCAP,120 h,LINCSCP_33453,MCF7,10uM,6h
MAPK11,Decitabine,-0.43543378,LINCSKD_31604,VCAP,120 h,LINCSCP_84663,ASC,3.33uM,24h
MAPK11,BRD-K67374281,-0.43514426,LINCSKD_31604,VCAP,120 h,LINCSCP_61716,VCAP,5uM,6h
MAPK11,Fluspirilene,-0.43492054,LINCSKD_31604,VCAP,120 h,LINCSCP_53499,SKMEL28,5uM,6h
MAPK11,Valsartan,-0.43455233,LINCSKD_31604,VCAP,120 h,LINCSCP_159217,PC3,0.04uM,24h
MAPK11,Dovitinib,-0.43385794,LINCSKD_31604,VCAP,120 h,LINCSCP_87663,HA1E,0.12uM,24h
MAPK11,Benperidol,-0.4335208,LINCSKD_31604,VCAP,120 h,LINCSCP_284500,SKB,10uM,24h
MAPK11,MEK1/2 Inhibitor,-0.43344371,LINCSKD_31604,VCAP,120 h,LINCSCP_13879,HA1E,10uM,6h
MAPK11,Perphenazine,-0.43329702,LINCSKD_31604,VCAP,120 h,LINCSCP_242896,MCF7,10uM,24h
MAPK11,BRD-K23582869-001-01-3,-0.43302463,LINCSKD_31604,VCAP,120 h,LINCSCP_47093,PC3,10uM,24h
MAPK11,NVP-AEW541,-0.43286205,LINCSKD_31604,VCAP,120 h,LINCSCP_24997,HS578T,10uM,6h
MAPK11,PHA-793887,-0.43267022,LINCSKD_31604,VCAP,120 h,LINCSCP_81471,A549,0.04uM,24h
MAPK11,Gimeracil,-0.43246131,LINCSKD_31604,VCAP,120 h,LINCSCP_153728,PC3,1.11uM,24h
MAPK11,Terbinafine,-0.4318951,LINCSKD_31604,VCAP,120 h,LINCSCP_125530,HT29,10uM,24h
MAPK11,SAR245409,-0.43181878,LINCSKD_31604,VCAP,120 h,LINCSCP_164241,SKL.C,0.37uM,24h
MAPK11,DH 97,-0.43172812,LINCSKD_31604,VCAP,120 h,LINCSCP_23023,HEPG2,10uM,6h
MAPK11,BRD-K60151881,-0.43164251,LINCSKD_31604,VCAP,120 h,LINCSCP_196795,A549,5uM,24h
MAPK11,C21H27N7O3,-0.43143442,LINCSKD_31604,VCAP,120 h,LINCSCP_150865,PC3,10uM,24h
MAPK11,ALD1-H_001128,-0.43117147,LINCSKD_31604,VCAP,120 h,LINCSCP_46334,PC3,10uM,6h
MAPK11,BRD-K19436903,-0.42972203,LINCSKD_31604,VCAP,120 h,LINCSCP_35012,MCF7,5uM,24h
MAPK11,AC1MEVG9,-0.42971805,LINCSKD_31604,VCAP,120 h,LINCSCP_51015,RMGI,10uM,6h
MAPK11,Belinostat,-0.4294268,LINCSKD_31604,VCAP,120 h,LINCSCP_32311,MCF7,10uM,6h
MAPK11,altrenogest,-0.42939679,LINCSKD_31604,VCAP,120 h,LINCSCP_139857,MCF7,0.37uM,24h
MAPK11,MLS002264363,-0.42937366,LINCSKD_31604,VCAP,120 h,LINCSCP_31345,MCF7,10uM,24h
MAPK11,NINDS_000152,-0.42851563,LINCSKD_31604,VCAP,120 h,LINCSCP_16325,HA1E,10uM,6h
MAPK11,CHEMBL3188661,-0.4279581,LINCSKD_31604,VCAP,120 h,LINCSCP_134013,MCF7,10uM,24h
MAPK11,Xaliproden,-0.42795389,LINCSKD_31604,VCAP,120 h,LINCSCP_52664,SKB,10uM,24h
MAPK11,MW-SHH-61,-0.42708148,LINCSKD_31604,VCAP,120 h,LINCSCP_221717,HEPG2,10uM,6h
MAPK11,Givinostat,-0.4268321,LINCSKD_31604,VCAP,120 h,LINCSCP_32030,MCF7,10uM,6h
MAPK11,NCGC00092314-01,-0.42651969,LINCSKD_31604,VCAP,120 h,LINCSCP_191524,A549,10uM,6h
MAPK11,PP-30,-0.42645956,LINCSKD_31604,VCAP,120 h,LINCSCP_54212,SW620,10uM,6h
MAPK11,4LY1,-0.42578671,LINCSKD_31604,VCAP,120 h,LINCSCP_17417,HA1E,0.12uM,24h
MAPK11,BRD-K68190084,-0.425646,LINCSKD_31604,VCAP,120 h,LINCSCP_35085,MCF7,5uM,24h
MAPK11,WZ3105,-0.42525933,LINCSKD_31604,VCAP,120 h,LINCSCP_99437,HCC515,0.04uM,24h
MAPK11,"Epothilone B (EPO906, Patupilone)",-0.42494074,LINCSKD_31604,VCAP,120 h,LINCSCP_142101,MCF7,0.12uM,24h
MAPK11,BRD-K86529788,-0.42493035,LINCSKD_31604,VCAP,120 h,LINCSCP_249101,MCF7,5uM,24h
MAPK11,GSK-461364,-0.42471965,LINCSKD_31604,VCAP,120 h,LINCSCP_70050,A375,0.37uM,24h
MAPK11,Tivantinib,-0.42405491,LINCSKD_31604,VCAP,120 h,LINCSCP_69696,A375,10uM,24h
MAPK11,149759-96-6,-0.42385426,LINCSKD_31604,VCAP,120 h,LINCSCP_7565,A549,10uM,24h
MAPK11,Aminoglutethimide,-0.42382959,LINCSKD_31604,VCAP,120 h,LINCSCP_214793,HCC515,10uM,6h
MAPK11,AMD-070 (hydrochloride),-0.42379222,LINCSKD_31604,VCAP,120 h,LINCSCP_75545,A375,0.37uM,24h
MAPK11,SB743921,-0.42338103,LINCSKD_31604,VCAP,120 h,LINCSCP_142106,MCF7,0.37uM,24h
MAPK11,Bisacodyl,-0.42325687,LINCSKD_31604,VCAP,120 h,LINCSCP_14909,HA1E,10uM,6h
MAPK11,Valyltryptophan,-0.4228645,LINCSKD_31604,VCAP,120 h,LINCSCP_52752,SKB,10uM,24h
MAPK11,Dnqx,-0.42219362,LINCSKD_31604,VCAP,120 h,LINCSCP_11332,ASC,10uM,24h
MAPK11,Oxfendazole,-0.42204076,LINCSKD_31604,VCAP,120 h,LINCSCP_32821,MCF7,10uM,24h
MAPK11,MLS000756415,-0.4215029,LINCSKD_31604,VCAP,120 h,LINCSCP_11239,ASC,10uM,24h
MAPK11,CHEMBL2143402,-0.42149571,LINCSKD_31604,VCAP,120 h,LINCSCP_33878,MCF7,10uM,24h
MAPK11,BRD-K60636255,-0.42130038,LINCSKD_31604,VCAP,120 h,LINCSCP_8636,A549,5uM,24h
MAPK11,CHEMBL1222381,-0.42129792,LINCSKD_31604,VCAP,120 h,LINCSCP_40357,NCIH596,80uM,6h
MAPK11,CHEMBL1354134,-0.42121334,LINCSKD_31604,VCAP,120 h,LINCSCP_16089,HA1E,10uM,6h
MAPK11,AC1NWAPU,-0.42095616,LINCSKD_31604,VCAP,120 h,LINCSCP_158857,PC3,0.12uM,24h
MAPK11,CHEMBL2360495,-0.41920963,LINCSKD_31604,VCAP,120 h,LINCSCP_37473,MCF7,10uM,24h
MAPK11,N-Acetyldopamine,-0.41855935,LINCSKD_31604,VCAP,120 h,LINCSCP_13099,FIBRNPC,10uM,6h
MAPK11,Broad-Sai-424,-0.41847345,LINCSKD_31604,VCAP,120 h,LINCSCP_3876,A375,1.11uM,24h
MAPK11,MLS002264451,-0.41816909,LINCSKD_31604,VCAP,120 h,LINCSCP_22026,HEPG2,10uM,6h
MAPK11,MLS002264442,-0.41723943,LINCSKD_31604,VCAP,120 h,LINCSCP_31503,MCF7,10uM,6h
MAPK11,AT-7519,-0.41723359,LINCSKD_31604,VCAP,120 h,LINCSCP_36607,MCF7,1uM,6h
MAPK11,SCHEMBL16980377,-0.41679715,LINCSKD_31604,VCAP,120 h,LINCSCP_3971,A375,0.12uM,24h
MAPK11,CHEMBL1619263,-0.41653205,LINCSKD_31604,VCAP,120 h,LINCSCP_46918,PC3,10uM,6h
MAPK11,BRD-K01700755,-0.41626167,LINCSKD_31604,VCAP,120 h,LINCSCP_60495,VCAP,5uM,24h
MAPK11,CHEMBL1555451,-0.41625439,LINCSKD_31604,VCAP,120 h,LINCSCP_31078,MCF7,10uM,6h
MAPK11,Apatinib Hydrochloride,-0.41544849,LINCSKD_31604,VCAP,120 h,LINCSCP_35459,MCF7,0.5uM,6h
MAPK11,6Alpha-fluorotestosterone,-0.41515406,LINCSKD_31604,VCAP,120 h,LINCSCP_211830,HA1E,10uM,6h
MAPK11,BRD-K71353148,-0.4149304,LINCSKD_31604,VCAP,120 h,LINCSCP_60800,VCAP,5uM,24h
MAPK11,REGADENOSON,-0.41484177,LINCSKD_31604,VCAP,120 h,LINCSCP_109656,HELA,0.37uM,24h
MAPK11,BRD-M58317392,-0.41483364,LINCSKD_31604,VCAP,120 h,LINCSCP_34944,MCF7,5uM,24h
MAPK11,CGP 60474,-0.41461129,LINCSKD_31604,VCAP,120 h,LINCSCP_132302,MCF7,1.11uM,3h
MAPK11,CGP-7930,-0.41417426,LINCSKD_31604,VCAP,120 h,LINCSCP_18720,HCC515,10uM,6h
MAPK11,CHEMBL1617726,-0.41322239,LINCSKD_31604,VCAP,120 h,LINCSCP_4565,A549,80uM,24h
MAPK11,362-74-3,-0.41315859,LINCSKD_31604,VCAP,120 h,LINCSCP_10285,A673,10uM,6h
MAPK11,ZINC77024257,-0.4129009,LINCSKD_31604,VCAP,120 h,LINCSCP_117886,HT29,3.33uM,24h
MAPK11,Niclosamide,-0.41278684,LINCSKD_31604,VCAP,120 h,LINCSCP_53170,SKM1,10uM,6h
MAPK11,Cyproheptadine,-0.41251969,LINCSKD_31604,VCAP,120 h,LINCSCP_243713,MCF7,10uM,6h
MAPK11,Nilutamide,-0.41239804,LINCSKD_31604,VCAP,120 h,LINCSCP_6847,A549,10uM,24h
MAPK11,BRD-K40973428,-0.41221484,LINCSKD_31604,VCAP,120 h,LINCSCP_27906,HT29,5uM,24h
MAPK11,Prosteride,-0.41200561,LINCSKD_31604,VCAP,120 h,LINCSCP_124758,HT29,3.33uM,24h
MAPK11,MLS002607703,-0.41166328,LINCSKD_31604,VCAP,120 h,LINCSCP_22068,HEPG2,10uM,6h
MAPK11,5-Methyl-hydantoin,-0.41153128,LINCSKD_31604,VCAP,120 h,LINCSCP_7551,A549,10uM,24h
MAPK11,Maprotiline,-0.41138407,LINCSKD_31604,VCAP,120 h,LINCSCP_72392,A375,0.04uM,24h
MAPK11,Tyrphostin AG-112,-0.4113237,LINCSKD_31604,VCAP,120 h,LINCSCP_53105,SKM1,10uM,6h
MAPK11,VU0400193-3,-0.411315,LINCSKD_31604,VCAP,120 h,LINCSCP_219761,HEPG2,10uM,6h
MAPK11,BRD-K09729851,-0.41125001,LINCSKD_31604,VCAP,120 h,LINCSCP_34756,MCF7,5uM,24h
MAPK11,BRD-K01404579,-0.4110573,LINCSKD_31604,VCAP,120 h,LINCSCP_34832,MCF7,5uM,24h
MAPK11,Iloprost,-0.41022761,LINCSKD_31604,VCAP,120 h,LINCSCP_46410,PC3,10uM,24h
MAPK11,NAN-190,-0.41020886,LINCSKD_31604,VCAP,120 h,LINCSCP_227525,HT29,10uM,6h
MAPK11,AZ20,-0.41014167,LINCSKD_31604,VCAP,120 h,LINCSCP_88930,HA1E,1.11uM,24h
MAPK11,CHEMBL2359418,-0.41010266,LINCSKD_31604,VCAP,120 h,LINCSCP_61480,VCAP,5uM,24h
MAPK11,N-[4-(Acridin-9-ylmethyl)-3-methoxyphenyl]methanesulfonamide,-0.40973742,LINCSKD_31604,VCAP,120 h,LINCSCP_33037,MCF7,10uM,6h
MAPK11,"SB 203580, SULFONE",-0.40968087,LINCSKD_31604,VCAP,120 h,LINCSCP_22628,HEPG2,10uM,6h
MAPK11,SCHEMBL1564574,-0.40957536,LINCSKD_31604,VCAP,120 h,LINCSCP_24304,HS578T,0.1uM,24h
MAPK11,Chloroquine,-0.40937457,LINCSKD_31604,VCAP,120 h,LINCSCP_219112,HEPG2,10uM,6h
MAPK11,MLS003130051,-0.40890824,LINCSKD_31604,VCAP,120 h,LINCSCP_298373,VCAP,5uM,24h
MAPK11,Oxibendazole,-0.40884688,LINCSKD_31604,VCAP,120 h,LINCSCP_34502,MCF7,10uM,24h
MAPK11,Dacomitinib,-0.40876454,LINCSKD_31604,VCAP,120 h,LINCSCP_69805,A375,3.33uM,24h
MAPK11,Ivermectin,-0.40868347,LINCSKD_31604,VCAP,120 h,LINCSCP_34278,MCF7,10uM,24h
MAPK11,BRD-K66783461,-0.4085521,LINCSKD_31604,VCAP,120 h,LINCSCP_35040,MCF7,5uM,24h
MAPK11,AC1L1JM9,-0.40853222,LINCSKD_31604,VCAP,120 h,LINCSCP_221223,HEPG2,10uM,6h
MAPK11,DOCETAXEL,-0.40751288,LINCSKD_31604,VCAP,120 h,LINCSCP_138258,MCF7,10uM,24h
MAPK11,MLS002264459,-0.40747689,LINCSKD_31604,VCAP,120 h,LINCSCP_31208,MCF7,10uM,24h
MAPK11,Splitomicin,-0.40744632,LINCSKD_31604,VCAP,120 h,LINCSCP_490,A375,10uM,6h
MAPK11,sarmentogenin,-0.40722651,LINCSKD_31604,VCAP,120 h,LINCSCP_124024,HT29,0.04uM,24h
MAPK11,Nifedipine,-0.40684702,LINCSKD_31604,VCAP,120 h,LINCSCP_17842,HCC15,10uM,6h
MAPK11,196868-63-0,-0.40647365,LINCSKD_31604,VCAP,120 h,LINCSCP_7188,A549,10uM,6h
MAPK11,"6,10,10B-Trihydroxy-3,4a,7,7,10a-pentamethyl-1-oxo-3-vinyldodecahydro-1H-benzo[f]chromen-5-yl acetate",-0.40613744,LINCSKD_31604,VCAP,120 h,LINCSCP_21611,HEPG2,10uM,6h
MAPK11,CHEMBL2333346,-0.40566144,LINCSKD_31604,VCAP,120 h,LINCSCP_49724,PC3,10uM,24h
MAPK11,BRD-K41087962,-0.40557748,LINCSKD_31604,VCAP,120 h,LINCSCP_257137,NCIH2073,0.5uM,6h
MAPK11,NSC169534,-0.40539576,LINCSKD_31604,VCAP,120 h,LINCSCP_30346,MCF7,10uM,6h
MAPK11,SCHEMBL15422032,-0.40534318,LINCSKD_31604,VCAP,120 h,LINCSCP_26442,HT29,10uM,6h
MAPK11,ZINC01050121,-0.40498015,LINCSKD_31604,VCAP,120 h,LINCSCP_35895,MCF7,0.5uM,24h
MAPK11,PIK 90,-0.40487437,LINCSKD_31604,VCAP,120 h,LINCSCP_29178,JHUEM2,10uM,6h
MAPK11,TCMDC-125843,-0.40456471,LINCSKD_31604,VCAP,120 h,LINCSCP_7577,A549,10uM,24h
MAPK11,Bosutinib,-0.4045594,LINCSKD_31604,VCAP,120 h,LINCSCP_118589,HT29,1.11uM,24h
MAPK11,BRD-K06585517,-0.40442415,LINCSKD_31604,VCAP,120 h,LINCSCP_10849,ASC,10uM,24h
MAPK11,omeprazole,-0.40429998,LINCSKD_31604,VCAP,120 h,LINCSCP_156642,PC3,10uM,24h
MAPK11,WZ-4-145,-0.40424928,LINCSKD_31604,VCAP,120 h,LINCSCP_26753,HT29,10uM,6h
MAPK11,Methiazole,-0.40402448,LINCSKD_31604,VCAP,120 h,LINCSCP_244462,MCF7,10uM,24h
MAPK11,CHEMBL1705313,-0.4040052,LINCSKD_31604,VCAP,120 h,LINCSCP_31450,MCF7,10uM,6h
MAPK11,MLS001065843,-0.40361846,LINCSKD_31604,VCAP,120 h,LINCSCP_22132,HEPG2,10uM,6h
MAPK11,MR-16728,-0.40361814,LINCSKD_31604,VCAP,120 h,LINCSCP_18652,HCC515,10uM,6h
MAPK11,QL-XII-47,-0.40359074,LINCSKD_31604,VCAP,120 h,LINCSCP_32602,MCF7,10uM,24h
MAPK11,BRD-K59248078,-0.40347382,LINCSKD_31604,VCAP,120 h,LINCSCP_8251,A549,5uM,24h
MAPK11,NU-7026,-0.40335859,LINCSKD_31604,VCAP,120 h,LINCSCP_112582,HEPG2,3.33uM,24h
MAPK11,1166227-08-2,-0.40324666,LINCSKD_31604,VCAP,120 h,LINCSCP_164221,SKL.C,3.33uM,24h
MAPK11,SB-203580,-0.40315301,LINCSKD_31604,VCAP,120 h,LINCSCP_24661,HS578T,10uM,24h
MAPK11,BRD-K86992593,-0.40303884,LINCSKD_31604,VCAP,120 h,LINCSCP_248823,MCF7,5uM,24h
MAPK11,Methyldopa,-0.4021302,LINCSKD_31604,VCAP,120 h,LINCSCP_125037,HT29,0.04uM,24h
MAPK11,MLS003329221,-0.40201133,LINCSKD_31604,VCAP,120 h,LINCSCP_31519,MCF7,10uM,6h
MAPK11,SCHEMBL15444220,-0.40200261,LINCSKD_31604,VCAP,120 h,LINCSCP_32383,MCF7,10uM,6h
MAPK11,TGX-115,-0.40162454,LINCSKD_31604,VCAP,120 h,LINCSCP_50987,RMGI,100uM,6h
MAPK11,Syrosingopine,-0.40101099,LINCSKD_31604,VCAP,120 h,LINCSCP_7434,A549,10uM,6h
MAPK11,CGS 20625,-0.40078879,LINCSKD_31604,VCAP,120 h,LINCSCP_125506,HT29,10uM,24h
MAPK11,cortisone-acetate,-0.40077258,LINCSKD_31604,VCAP,120 h,LINCSCP_143279,MCF7,10uM,24h
MAPK11,BRD-K01608965,-0.40058295,LINCSKD_31604,VCAP,120 h,LINCSCP_35176,MCF7,10uM,24h
MAPK11,FPA1_000311,-0.40050178,LINCSKD_31604,VCAP,120 h,LINCSCP_284048,SKB,10uM,24h
MAPK11,Tandutinib,-0.40046832,LINCSKD_31604,VCAP,120 h,LINCSCP_295170,VCAP,10uM,6h
MAPK11,N-Benzyl-1-(3-chlorobenzyl)-n-methylpiperidine-3-carboxamide,-0.40036781,LINCSKD_31604,VCAP,120 h,LINCSCP_46547,PC3,10uM,6h
MAPK11,NCGC00170205-01,-0.40036113,LINCSKD_31604,VCAP,120 h,LINCSCP_23136,HEPG2,10uM,6h
MAPK11,MLS003329219,-0.40030873,LINCSKD_31604,VCAP,120 h,LINCSCP_31469,MCF7,10uM,6h
MAPK11,Ursolic acid,-0.40004048,LINCSKD_31604,VCAP,120 h,LINCSCP_40378,NCIH596,70uM,6h
MAPK11,Nicotin-Amide,-0.39988476,LINCSKD_31604,VCAP,120 h,LINCSCP_210854,HA1E,10uM,6h
MAPK11,MLS003129231,-0.39979975,LINCSKD_31604,VCAP,120 h,LINCSCP_60672,VCAP,5uM,6h
MAPK11,BRD-K81112982,-0.39957779,LINCSKD_31604,VCAP,120 h,LINCSCP_63461,VCAP,5uM,6h
MAPK11,O-Demethylated Adapalene,-0.39886768,LINCSKD_31604,VCAP,120 h,LINCSCP_35971,MCF7,0.5uM,24h
MAPK11,N6-Methyladenosine,-0.39878825,LINCSKD_31604,VCAP,120 h,LINCSCP_34317,MCF7,10uM,24h
MAPK11,Chelerythrine,-0.39873674,LINCSKD_31604,VCAP,120 h,LINCSCP_166075,SKL,0.37uM,24h
MAPK11,SC-514,-0.39847403,LINCSKD_31604,VCAP,120 h,LINCSCP_193159,A549,10uM,24h
MAPK11,pyrvinium,-0.39843247,LINCSKD_31604,VCAP,120 h,LINCSCP_48075,PC3,10uM,6h
MAPK11,15332-10-2,-0.39820021,LINCSKD_31604,VCAP,120 h,LINCSCP_44127,PC3,10uM,6h
MAPK11,ZSTK 474,-0.39792992,LINCSKD_31604,VCAP,120 h,LINCSCP_217087,HCC515,10uM,6h
MAPK11,MLS002264438,-0.39790331,LINCSKD_31604,VCAP,120 h,LINCSCP_26176,HT29,10uM,6h
MAPK11,STK009254,-0.39773833,LINCSKD_31604,VCAP,120 h,LINCSCP_80712,A375,10uM,24h
MAPK11,Dinaciclib,-0.39771625,LINCSKD_31604,VCAP,120 h,LINCSCP_133361,MCF7,0.37uM,24h
MAPK11,Fenobam,-0.39742566,LINCSKD_31604,VCAP,120 h,LINCSCP_11294,ASC,10uM,24h
MAPK11,Rita,-0.3970768,LINCSKD_31604,VCAP,120 h,LINCSCP_30728,MCF7,10uM,6h
MAPK11,Tyrphostin AG-1478,-0.39703798,LINCSKD_31604,VCAP,120 h,LINCSCP_128443,HUVEC,0.37uM,24h
MAPK11,Flumatinib (mesylate),-0.39684118,LINCSKD_31604,VCAP,120 h,LINCSCP_97309,HA1E,1.11uM,24h
MAPK11,BRD-K76418961,-0.39673847,LINCSKD_31604,VCAP,120 h,LINCSCP_3621,A375,10uM,24h
MAPK11,Exemestane,-0.39659379,LINCSKD_31604,VCAP,120 h,LINCSCP_190007,A549,10uM,24h
MAPK11,Heraclenol,-0.39646297,LINCSKD_31604,VCAP,120 h,LINCSCP_294979,VCAP,10uM,6h
MAPK11,AGK 2,-0.39617266,LINCSKD_31604,VCAP,120 h,LINCSCP_133717,MCF7,1.11uM,24h
MAPK11,CC-401,-0.39588511,LINCSKD_31604,VCAP,120 h,LINCSCP_89201,HA1E,10uM,24h
MAPK11,VER 155008,-0.39543636,LINCSKD_31604,VCAP,120 h,LINCSCP_30533,MCF7,10uM,24h
MAPK11,BRD-K08448573,-0.39538121,LINCSKD_31604,VCAP,120 h,LINCSCP_33820,MCF7,10uM,24h
MAPK11,201038-74-6,-0.39530433,LINCSKD_31604,VCAP,120 h,LINCSCP_227183,HT29,10uM,6h
MAPK11,Reserpine,-0.39491257,LINCSKD_31604,VCAP,120 h,LINCSCP_26870,HT29,10uM,6h
MAPK11,NSC217091,-0.39477903,LINCSKD_31604,VCAP,120 h,LINCSCP_20119,HCC515,10uM,6h
MAPK11,PSB 36,-0.39465928,LINCSKD_31604,VCAP,120 h,LINCSCP_4169,A549,10uM,24h
MAPK11,MLS003672589,-0.39452799,LINCSKD_31604,VCAP,120 h,LINCSCP_50973,RMGI,10uM,6h
MAPK11,Amantadine,-0.39447473,LINCSKD_31604,VCAP,120 h,LINCSCP_160360,PC3,1.11uM,24h
MAPK11,SB258585,-0.39419539,LINCSKD_31604,VCAP,120 h,LINCSCP_541,A375,10uM,6h
MAPK11,Cucurbitacin-I,-0.39417855,LINCSKD_31604,VCAP,120 h,LINCSCP_30414,MCF7,10uM,24h
MAPK11,C23H24CLN3O5,-0.39411073,LINCSKD_31604,VCAP,120 h,LINCSCP_32013,MCF7,10uM,6h
MAPK11,MW-STK33-100,-0.39396041,LINCSKD_31604,VCAP,120 h,LINCSCP_42080,NOMO1,10uM,6h
MAPK11,BMS-509744,-0.39362221,LINCSKD_31604,VCAP,120 h,LINCSCP_164504,SKL.C,0.04uM,24h
MAPK11,BRD-K61952473,-0.39324176,LINCSKD_31604,VCAP,120 h,LINCSCP_197308,A549,5uM,24h
MAPK11,Flutamide,-0.39322514,LINCSKD_31604,VCAP,120 h,LINCSCP_283138,RMGI,30uM,6h
MAPK11,Talnetant,-0.39321232,LINCSKD_31604,VCAP,120 h,LINCSCP_159305,PC3,0.37uM,24h
MAPK11,MLS000519739,-0.39314626,LINCSKD_31604,VCAP,120 h,LINCSCP_4888,A549,10uM,24h
MAPK11,BRD-K04366697,-0.39305752,LINCSKD_31604,VCAP,120 h,LINCSCP_247477,MCF7,5uM,24h
MAPK11,BRD-K36906780,-0.39268648,LINCSKD_31604,VCAP,120 h,LINCSCP_8140,A549,5uM,24h
MAPK11,BRD-K30723822,-0.39265343,LINCSKD_31604,VCAP,120 h,LINCSCP_60279,VCAP,5uM,6h
MAPK11,Fenbendazole,-0.39263898,LINCSKD_31604,VCAP,120 h,LINCSCP_33642,MCF7,10uM,24h
MAPK11,CHEMBL3182942,-0.39259359,LINCSKD_31604,VCAP,120 h,LINCSCP_27844,HT29,5uM,24h
MAPK11,E319,-0.39243604,LINCSKD_31604,VCAP,120 h,LINCSCP_221969,HEPG2,0.41uM,24h
MAPK11,Tocainide,-0.39202327,LINCSKD_31604,VCAP,120 h,LINCSCP_269635,PC3,10uM,24h
MAPK11,SCHEMBL2554399,-0.39199532,LINCSKD_31604,VCAP,120 h,LINCSCP_219715,HEPG2,10uM,6h
MAPK11,BRD-K63671514,-0.39178992,LINCSKD_31604,VCAP,120 h,LINCSCP_61804,VCAP,5uM,24h
MAPK11,BRD-K27671514,-0.39154037,LINCSKD_31604,VCAP,120 h,LINCSCP_35075,MCF7,5uM,24h
MAPK11,Avrainvillamide,-0.39132647,LINCSKD_31604,VCAP,120 h,LINCSCP_10038,A549,1.11uM,24h
MAPK11,Pilocarpine,-0.39106026,LINCSKD_31604,VCAP,120 h,LINCSCP_124835,HT29,10uM,24h
MAPK11,Cabozantinib,-0.3909537,LINCSKD_31604,VCAP,120 h,LINCSCP_94727,HA1E,0.12uM,24h
MAPK11,BRD-K81739235,-0.39089994,LINCSKD_31604,VCAP,120 h,LINCSCP_35144,MCF7,5uM,24h
MAPK11,UNC0638,-0.3906415,LINCSKD_31604,VCAP,120 h,LINCSCP_114303,HME1,0.12uM,24h
MAPK11,Sorbitol,-0.39042078,LINCSKD_31604,VCAP,120 h,LINCSCP_123917,HT29,10uM,24h
MAPK11,Nesbuvir,-0.39037491,LINCSKD_31604,VCAP,120 h,LINCSCP_161678,PC3,10uM,24h
MAPK11,Cucurbitacin I,-0.39022459,LINCSKD_31604,VCAP,120 h,LINCSCP_33050,MCF7,10uM,24h
MAPK11,BRD-K39900129,-0.39018612,LINCSKD_31604,VCAP,120 h,LINCSCP_35022,MCF7,5uM,24h
MAPK11,Pimecrolimus,-0.38998131,LINCSKD_31604,VCAP,120 h,LINCSCP_109768,HELA,3.33uM,24h
MAPK11,Epirubicin,-0.38956565,LINCSKD_31604,VCAP,120 h,LINCSCP_239146,MCF7,10uM,6h
MAPK11,MLS000082430,-0.38951658,LINCSKD_31604,VCAP,120 h,LINCSCP_30953,MCF7,10uM,24h
MAPK11,REV-5901,-0.38948976,LINCSKD_31604,VCAP,120 h,LINCSCP_192652,A549,10uM,24h
MAPK11,396129-53-6,-0.38939847,LINCSKD_31604,VCAP,120 h,LINCSCP_27063,HT29,10uM,6h
MAPK11,BRD-K91850687,-0.38914801,LINCSKD_31604,VCAP,120 h,LINCSCP_27431,HT29,5uM,24h
MAPK11,BRD-K46714753,-0.38880524,LINCSKD_31604,VCAP,120 h,LINCSCP_228942,HT29,5uM,24h
MAPK11,Pitavastatin Calcium,-0.38869521,LINCSKD_31604,VCAP,120 h,LINCSCP_125480,HT29,0.12uM,24h
MAPK11,Ketanserin,-0.3884615,LINCSKD_31604,VCAP,120 h,LINCSCP_96049,HA1E,10uM,24h
MAPK11,BRD-K40225343,-0.38834898,LINCSKD_31604,VCAP,120 h,LINCSCP_61879,VCAP,5uM,6h
MAPK11,BRD-K85650383,-0.38817181,LINCSKD_31604,VCAP,120 h,LINCSCP_8424,A549,5uM,24h
MAPK11,CHEMBL2361748,-0.38807505,LINCSKD_31604,VCAP,120 h,LINCSCP_28980,HUH7,10uM,6h
MAPK11,Tubastatin A,-0.38786027,LINCSKD_31604,VCAP,120 h,LINCSCP_35433,MCF7,10uM,6h
MAPK11,CHEMBL212197,-0.38777207,LINCSKD_31604,VCAP,120 h,LINCSCP_2528,A375,10uM,6h
MAPK11,Carmofur,-0.38749275,LINCSKD_31604,VCAP,120 h,LINCSCP_5836,A549,10uM,6h
MAPK11,BRD-K25257305,-0.38708835,LINCSKD_31604,VCAP,120 h,LINCSCP_310547,VCAP,10uM,6h
MAPK11,BRD-K33449128,-0.38706375,LINCSKD_31604,VCAP,120 h,LINCSCP_253916,MCF7,10uM,24h
MAPK11,PCL2_000101,-0.38689335,LINCSKD_31604,VCAP,120 h,LINCSCP_2316,A375,10uM,6h
MAPK11,Manumycin-A,-0.38668989,LINCSKD_31604,VCAP,120 h,LINCSCP_30720,MCF7,10uM,6h
MAPK11,SA-424068,-0.38651364,LINCSKD_31604,VCAP,120 h,LINCSCP_37387,MCF7,3uM,6h
MAPK11,Broad-Sai-443,-0.38621067,LINCSKD_31604,VCAP,120 h,LINCSCP_213214,HA1E,0.12uM,24h
MAPK11,BRD-K24621485,-0.38608418,LINCSKD_31604,VCAP,120 h,LINCSCP_8618,A549,5uM,24h
MAPK11,Cotinine,-0.38604752,LINCSKD_31604,VCAP,120 h,LINCSCP_5796,A549,10uM,24h
MAPK11,Cytochalasin B,-0.38601829,LINCSKD_31604,VCAP,120 h,LINCSCP_12938,EFO27,10uM,6h
MAPK11,Rolipram,-0.38596063,LINCSKD_31604,VCAP,120 h,LINCSCP_4433,A549,10uM,24h
MAPK11,Metformin,-0.38570459,LINCSKD_31604,VCAP,120 h,LINCSCP_161329,PC3,0.04uM,24h
MAPK11,VU0365117-1,-0.38568593,LINCSKD_31604,VCAP,120 h,LINCSCP_31189,MCF7,10uM,24h
MAPK11,BRD-K74094800,-0.38540688,LINCSKD_31604,VCAP,120 h,LINCSCP_27719,HT29,5uM,24h
MAPK11,SB225002,-0.38534538,LINCSKD_31604,VCAP,120 h,LINCSCP_33393,MCF7,10uM,24h
MAPK11,CID-2858522,-0.3852841,LINCSKD_31604,VCAP,120 h,LINCSCP_50628,PL21,10uM,6h
MAPK11,VX-765,-0.38514114,LINCSKD_31604,VCAP,120 h,LINCSCP_89445,HA1E,0.12uM,24h
MAPK11,PJ34,-0.3846775,LINCSKD_31604,VCAP,120 h,LINCSCP_15547,HA1E,10uM,6h
MAPK11,Picotamide,-0.38462993,LINCSKD_31604,VCAP,120 h,LINCSCP_243792,MCF7,10uM,6h
MAPK11,SA-84512,-0.38441362,LINCSKD_31604,VCAP,120 h,LINCSCP_16816,HA1E,10uM,6h
MAPK11,CO-1686 (AVL-301),-0.38412744,LINCSKD_31604,VCAP,120 h,LINCSCP_155882,PC3,3.33uM,24h
MAPK11,Phensuximide,-0.38398177,LINCSKD_31604,VCAP,120 h,LINCSCP_89962,HA1E,3.33uM,24h
MAPK11,CID 75060944,-0.38391332,LINCSKD_31604,VCAP,120 h,LINCSCP_5949,A549,10uM,24h
MAPK11,1268524-70-4,-0.38390551,LINCSKD_31604,VCAP,120 h,LINCSCP_117316,HT29,0.04uM,24h
MAPK11,SA-1459849,-0.38375173,LINCSKD_31604,VCAP,120 h,LINCSCP_253813,MCF7,10uM,6h
MAPK11,Parthenolide,-0.38346287,LINCSKD_31604,VCAP,120 h,LINCSCP_30894,MCF7,10uM,6h
MAPK11,Avasimibe,-0.38300063,LINCSKD_31604,VCAP,120 h,LINCSCP_142435,MCF7,1.11uM,24h
MAPK11,ALD1-H_001117,-0.38284099,LINCSKD_31604,VCAP,120 h,LINCSCP_26678,HT29,10uM,6h
MAPK11,BRD-K10010115,-0.38283062,LINCSKD_31604,VCAP,120 h,LINCSCP_10706,ASC,10uM,24h
MAPK11,Naringenin,-0.38226923,LINCSKD_31604,VCAP,120 h,LINCSCP_52558,SKB,10uM,24h
MAPK11,Temozolomide,-0.38197403,LINCSKD_31604,VCAP,120 h,LINCSCP_255561,MCF7,0.5uM,6h
MAPK11,Broad-Sai-045,-0.3817133,LINCSKD_31604,VCAP,120 h,LINCSCP_24015,HEPG2,0.12uM,24h
MAPK11,IOWH032,-0.38171255,LINCSKD_31604,VCAP,120 h,LINCSCP_160155,PC3,3.33uM,24h
MAPK11,GW3965,-0.38163903,LINCSKD_31604,VCAP,120 h,LINCSCP_220512,HEPG2,10uM,6h
MAPK11,SA-242443,-0.38150158,LINCSKD_31604,VCAP,120 h,LINCSCP_228160,HT29,5uM,24h
MAPK11,SCHEMBL15422156,-0.38146318,LINCSKD_31604,VCAP,120 h,LINCSCP_32074,MCF7,10uM,6h
MAPK11,SCHEMBL16980224,-0.38107644,LINCSKD_31604,VCAP,120 h,LINCSCP_117603,HT29,10uM,24h
MAPK11,BRD-K41418105,-0.3810225,LINCSKD_31604,VCAP,120 h,LINCSCP_3144,A375,5uM,24h
MAPK11,BRN 1088760,-0.38091295,LINCSKD_31604,VCAP,120 h,LINCSCP_32255,MCF7,10uM,24h
MAPK11,BRD-K90734091,-0.38087246,LINCSKD_31604,VCAP,120 h,LINCSCP_27430,HT29,5uM,24h
MAPK11,Carbenoxolone,-0.38019039,LINCSKD_31604,VCAP,120 h,LINCSCP_23033,HEPG2,10uM,6h
MAPK11,CHEMBL2140299,-0.38015709,LINCSKD_31604,VCAP,120 h,LINCSCP_33888,MCF7,10uM,24h
MAPK11,"Triazine Scaffold, 31",-0.37906929,LINCSKD_31604,VCAP,120 h,LINCSCP_4909,A549,10uM,24h
MAPK11,Haloperidol,-0.37904233,LINCSKD_31604,VCAP,120 h,LINCSCP_95339,HA1E,0.37uM,24h
MAPK11,MLS002264433,-0.37903167,LINCSKD_31604,VCAP,120 h,LINCSCP_57641,VCAP,10uM,6h
MAPK11,Mycophenolate Mofetil,-0.3787989,LINCSKD_31604,VCAP,120 h,LINCSCP_110832,HELA,0.04uM,24h
MAPK11,BRD-K12405591,-0.37867946,LINCSKD_31604,VCAP,120 h,LINCSCP_248041,MCF7,5uM,24h
MAPK11,Ixabepilone,-0.37818563,LINCSKD_31604,VCAP,120 h,LINCSCP_138115,MCF7,3.33uM,24h
MAPK11,galantamine,-0.3777592,LINCSKD_31604,VCAP,120 h,LINCSCP_134073,MCF7,10uM,24h
MAPK11,MLS003128614,-0.37771748,LINCSKD_31604,VCAP,120 h,LINCSCP_31240,MCF7,10uM,6h
MAPK11,BRD-K64106162,-0.37767938,LINCSKD_31604,VCAP,120 h,LINCSCP_17489,HA1E,1.11uM,24h
MAPK11,BRD-K20859359,-0.37737136,LINCSKD_31604,VCAP,120 h,LINCSCP_227615,HT29,10uM,6h
MAPK11,"Temsirolimus (CCI-779, NSC 683864)",-0.3771564,LINCSKD_31604,VCAP,120 h,LINCSCP_91486,HA1E,10uM,24h
MAPK11,BRD-K64523453,-0.37710191,LINCSKD_31604,VCAP,120 h,LINCSCP_59690,VCAP,5uM,24h
MAPK11,BRD-K56269643,-0.37662502,LINCSKD_31604,VCAP,120 h,LINCSCP_65489,VCAP,10uM,6h
MAPK11,CI-218872,-0.37651961,LINCSKD_31604,VCAP,120 h,LINCSCP_192182,A549,10uM,24h
MAPK11,Monastrol,-0.37642526,LINCSKD_31604,VCAP,120 h,LINCSCP_241275,MCF7,10uM,6h
MAPK11,C30H33N3O5S,-0.37634043,LINCSKD_31604,VCAP,120 h,LINCSCP_112290,HEPG2,0.37uM,24h
MAPK11,KUC104227,-0.37624621,LINCSKD_31604,VCAP,120 h,LINCSCP_19912,HCC515,10uM,6h
MAPK11,MLS002264434,-0.37593123,LINCSKD_31604,VCAP,120 h,LINCSCP_19790,HCC515,10uM,6h
MAPK11,BRD-A40163033,-0.3758372,LINCSKD_31604,VCAP,120 h,LINCSCP_173072,YAPC,0.37uM,24h
MAPK11,Glipizide,-0.37578608,LINCSKD_31604,VCAP,120 h,LINCSCP_191978,A549,10uM,6h
MAPK11,AZD-8330,-0.37575297,LINCSKD_31604,VCAP,120 h,LINCSCP_87701,HA1E,1.11uM,24h
MAPK11,MLS002276504,-0.37566603,LINCSKD_31604,VCAP,120 h,LINCSCP_15732,HA1E,10uM,24h
MAPK11,BRN 1087718,-0.37561558,LINCSKD_31604,VCAP,120 h,LINCSCP_32297,MCF7,10uM,6h
MAPK11,BAS 00448127,-0.37559127,LINCSKD_31604,VCAP,120 h,LINCSCP_22382,HEPG2,10uM,6h
MAPK11,ChEBI91594,-0.37520631,LINCSKD_31604,VCAP,120 h,LINCSCP_33291,MCF7,10uM,24h
MAPK11,Radicicol,-0.37515544,LINCSKD_31604,VCAP,120 h,LINCSCP_67421,MCF7,5uM,6h
MAPK11,AC1NSOND,-0.37485576,LINCSKD_31604,VCAP,120 h,LINCSCP_33951,MCF7,10uM,24h
MAPK11,PROTIRELIN,-0.37481454,LINCSKD_31604,VCAP,120 h,LINCSCP_118454,HT29,0.04uM,24h
MAPK11,Tivozanib,-0.37480324,LINCSKD_31604,VCAP,120 h,LINCSCP_12835,DV90,10uM,6h
MAPK11,Quiflapon,-0.3743244,LINCSKD_31604,VCAP,120 h,LINCSCP_53461,SKMEL28,80uM,6h
MAPK11,BRD-K52577250,-0.37424069,LINCSKD_31604,VCAP,120 h,LINCSCP_63609,VCAP,5uM,6h
MAPK11,CHEMBL1173694,-0.37418173,LINCSKD_31604,VCAP,120 h,LINCSCP_4973,A549,10uM,24h
MAPK11,BRD-K61341215-004-01-2,-0.37410431,LINCSKD_31604,VCAP,120 h,LINCSCP_6434,A549,10uM,24h
MAPK11,BRD-K24106654,-0.37401503,LINCSKD_31604,VCAP,120 h,LINCSCP_249742,MCF7,10uM,24h
MAPK11,BRD-K06833365,-0.37378074,LINCSKD_31604,VCAP,120 h,LINCSCP_8710,A549,5uM,24h
MAPK11,RO 90-7501,-0.37375036,LINCSKD_31604,VCAP,120 h,LINCSCP_30392,MCF7,10uM,6h
MAPK11,NSC643180,-0.37369893,LINCSKD_31604,VCAP,120 h,LINCSCP_21810,HEPG2,10uM,6h
MAPK11,ST001903,-0.37227374,LINCSKD_31604,VCAP,120 h,LINCSCP_6184,A549,10uM,24h
MAPK11,PENICILLIN V POTASSIUM,-0.372247,LINCSKD_31604,VCAP,120 h,LINCSCP_75622,A375,1.11uM,24h
MAPK11,Tizanidine,-0.37223494,LINCSKD_31604,VCAP,120 h,LINCSCP_93111,HA1E,3.33uM,24h
MAPK11,Tolazamide,-0.37221982,LINCSKD_31604,VCAP,120 h,LINCSCP_37676,MCF7,1uM,24h
MAPK11,MLS003329222,-0.37217889,LINCSKD_31604,VCAP,120 h,LINCSCP_22106,HEPG2,10uM,6h
MAPK11,SPECTRUM_001319,-0.37208608,LINCSKD_31604,VCAP,120 h,LINCSCP_161445,PC3,3.33uM,24h
MAPK11,CHEMBL1609153,-0.3718734,LINCSKD_31604,VCAP,120 h,LINCSCP_238362,MCF7,10uM,24h
MAPK11,AR-196/42202287,-0.3715838,LINCSKD_31604,VCAP,120 h,LINCSCP_59491,VCAP,10uM,24h
MAPK11,SA-1919551,-0.37142407,LINCSKD_31604,VCAP,120 h,LINCSCP_253635,MCF7,3uM,6h
MAPK11,BRD-K48954843,-0.37137957,LINCSKD_31604,VCAP,120 h,LINCSCP_60385,VCAP,5uM,24h
MAPK11,STK366994,-0.37078616,LINCSKD_31604,VCAP,120 h,LINCSCP_190534,A549,10uM,24h
MAPK11,BMS-299897,-0.37074416,LINCSKD_31604,VCAP,120 h,LINCSCP_45113,PC3,10uM,6h
MAPK11,CHEMBL1511856,-0.37064962,LINCSKD_31604,VCAP,120 h,LINCSCP_45669,PC3,10uM,24h
MAPK11,ST50764508,-0.37052154,LINCSKD_31604,VCAP,120 h,LINCSCP_5980,A549,10uM,24h
MAPK11,BRD-M82627054,-0.37035476,LINCSKD_31604,VCAP,120 h,LINCSCP_247742,MCF7,5uM,24h
MAPK11,Rescinnamine,-0.3702074,LINCSKD_31604,VCAP,120 h,LINCSCP_56014,VCAP,10uM,24h
MAPK11,CEP-701,-0.37010069,LINCSKD_31604,VCAP,120 h,LINCSCP_89448,HA1E,1.11uM,24h
MAPK11,VU-0415535-1,-0.36993244,LINCSKD_31604,VCAP,120 h,LINCSCP_1470,A375,10uM,6h
MAPK11,PF-03758309,-0.36952022,LINCSKD_31604,VCAP,120 h,LINCSCP_122829,HT29,0.04uM,24h
MAPK11,BRD-K68018568,-0.36944231,LINCSKD_31604,VCAP,120 h,LINCSCP_248194,MCF7,5uM,24h
MAPK11,AC55649,-0.36919817,LINCSKD_31604,VCAP,120 h,LINCSCP_43817,OV7,10uM,6h
MAPK11,CHEMBL1612677,-0.36917204,LINCSKD_31604,VCAP,120 h,LINCSCP_41634,NKDBA,10uM,24h
MAPK11,EMF-sumo1-1,-0.36917189,LINCSKD_31604,VCAP,120 h,LINCSCP_133989,MCF7,10uM,24h
MAPK11,TAK-733,-0.36913537,LINCSKD_31604,VCAP,120 h,LINCSCP_92342,HA1E,0.04uM,24h
MAPK11,tioconazole,-0.36912913,LINCSKD_31604,VCAP,120 h,LINCSCP_160127,PC3,0.37uM,24h
MAPK11,VX-809 (Lumacaftor),-0.36900945,LINCSKD_31604,VCAP,120 h,LINCSCP_125578,HT29,10uM,24h
MAPK11,1-(Phenylsulfonyl)-1H-benzimidazol-2-amine,-0.36890808,LINCSKD_31604,VCAP,120 h,LINCSCP_189503,A549,10uM,24h
MAPK11,BRD-K73008154,-0.3688727,LINCSKD_31604,VCAP,120 h,LINCSCP_3615,A375,10uM,24h
MAPK11,Arglabin,-0.36868568,LINCSKD_31604,VCAP,120 h,LINCSCP_107311,HELA,0.12uM,24h
MAPK11,W13,-0.36868113,LINCSKD_31604,VCAP,120 h,LINCSCP_33503,MCF7,10uM,6h
MAPK11,CGP-12177,-0.36844987,LINCSKD_31604,VCAP,120 h,LINCSCP_7372,A549,10uM,6h
MAPK11,MLS003370623,-0.36824994,LINCSKD_31604,VCAP,120 h,LINCSCP_21833,HEPG2,10uM,6h
MAPK11,Leflunomide,-0.36823986,LINCSKD_31604,VCAP,120 h,LINCSCP_241671,MCF7,10uM,24h
MAPK11,ZINC101150009,-0.36764935,LINCSKD_31604,VCAP,120 h,LINCSCP_32679,MCF7,10uM,6h
MAPK11,Quetiapine,-0.36763419,LINCSKD_31604,VCAP,120 h,LINCSCP_142501,MCF7,1.11uM,24h
MAPK11,BRD-K66618978,-0.36761859,LINCSKD_31604,VCAP,120 h,LINCSCP_62678,VCAP,5uM,24h
MAPK11,Icillin,-0.36760061,LINCSKD_31604,VCAP,120 h,LINCSCP_33639,MCF7,10uM,24h
MAPK11,Avagacestat (BMS-708163),-0.36752537,LINCSKD_31604,VCAP,120 h,LINCSCP_141894,MCF7,3.33uM,24h
MAPK11,Danusertib,-0.36731528,LINCSKD_31604,VCAP,120 h,LINCSCP_119360,HT29,10uM,24h
MAPK11,MLS-0435438.0001,-0.36721852,LINCSKD_31604,VCAP,120 h,LINCSCP_10802,ASC,10uM,24h
MAPK11,Pterostilbene,-0.36716362,LINCSKD_31604,VCAP,120 h,LINCSCP_72102,A375,3.33uM,24h
MAPK11,SKF-83959,-0.36692302,LINCSKD_31604,VCAP,120 h,LINCSCP_97169,HA1E,10uM,24h
MAPK11,N-[(2-Fluorophenyl)methyl]thiophene-2-carboxamide,-0.36679397,LINCSKD_31604,VCAP,120 h,LINCSCP_236928,MCF7,10uM,24h
MAPK11,AK-968/11369213,-0.36673273,LINCSKD_31604,VCAP,120 h,LINCSCP_34035,MCF7,10uM,6h
MAPK11,"1-Pentofuranosyl-1H-1,2,4-triazole-3-carboxamide",-0.36644646,LINCSKD_31604,VCAP,120 h,LINCSCP_15931,HA1E,10uM,6h
MAPK11,Lisinopril,-0.36642459,LINCSKD_31604,VCAP,120 h,LINCSCP_174215,YAPC,10uM,24h
MAPK11,XMD15-27,-0.36642047,LINCSKD_31604,VCAP,120 h,LINCSCP_51866,SKBR3,1uM,24h
MAPK11,Verapamil,-0.36641121,LINCSKD_31604,VCAP,120 h,LINCSCP_286212,SKMEL28,10uM,6h
MAPK11,Oprozomib (ONX 0912),-0.36605951,LINCSKD_31604,VCAP,120 h,LINCSCP_135537,MCF7,3.33uM,24h
MAPK11,BRD-K68315360,-0.36571995,LINCSKD_31604,VCAP,120 h,LINCSCP_65506,VCAP,10uM,6h
MAPK11,Flavokawain B,-0.36545431,LINCSKD_31604,VCAP,120 h,LINCSCP_290378,VCAP,10uM,6h
MAPK11,CHEMBL1271012,-0.36531739,LINCSKD_31604,VCAP,120 h,LINCSCP_31474,MCF7,10uM,6h
MAPK11,BRD-K85174275,-0.36521175,LINCSKD_31604,VCAP,120 h,LINCSCP_3636,A375,10uM,24h
MAPK11,Diflunisal,-0.36518634,LINCSKD_31604,VCAP,120 h,LINCSCP_227908,HT29,10uM,6h
MAPK11,Homochlorcyclizine,-0.36505587,LINCSKD_31604,VCAP,120 h,LINCSCP_119198,HT29,10uM,24h
MAPK11,STOCK1N-09285,-0.36493837,LINCSKD_31604,VCAP,120 h,LINCSCP_52795,SKB,10uM,24h
MAPK11,AC1NUE3V,-0.36448946,LINCSKD_31604,VCAP,120 h,LINCSCP_37966,MCF7,10uM,6h
MAPK11,Sufentanil,-0.36422833,LINCSKD_31604,VCAP,120 h,LINCSCP_154679,PC3,10uM,24h
MAPK11,NSC23766,-0.36408304,LINCSKD_31604,VCAP,120 h,LINCSCP_4460,A549,100uM,24h
MAPK11,BRD-K00600835,-0.36399449,LINCSKD_31604,VCAP,120 h,LINCSCP_278936,PC3,10uM,6h
MAPK11,BRD-K70900504,-0.36394577,LINCSKD_31604,VCAP,120 h,LINCSCP_35044,MCF7,5uM,24h
MAPK11,BMS-794833,-0.36390019,LINCSKD_31604,VCAP,120 h,LINCSCP_119348,HT29,10uM,24h
MAPK11,BRD-K99433267,-0.36356716,LINCSKD_31604,VCAP,120 h,LINCSCP_16571,HA1E,10uM,6h
MAPK11,CHEMBL1407957,-0.36351642,LINCSKD_31604,VCAP,120 h,LINCSCP_45469,PC3,10uM,24h
MAPK11,BRD-K43057855,-0.36342429,LINCSKD_31604,VCAP,120 h,LINCSCP_61234,VCAP,5uM,24h
MAPK11,BRD-K25768791,-0.36321532,LINCSKD_31604,VCAP,120 h,LINCSCP_27874,HT29,5uM,24h
MAPK11,"AKT Inhibitor V, Triciribine",-0.36310594,LINCSKD_31604,VCAP,120 h,LINCSCP_7124,A549,10uM,6h
MAPK11,BRD-K89793492,-0.36294599,LINCSKD_31604,VCAP,120 h,LINCSCP_3504,A375,5uM,24h
MAPK11,Bevirimat,-0.3628346,LINCSKD_31604,VCAP,120 h,LINCSCP_118429,HT29,0.12uM,24h
MAPK11,Fentanyl Isothiocyanate,-0.36274808,LINCSKD_31604,VCAP,120 h,LINCSCP_7290,A549,10uM,24h
MAPK11,1-(5-Isoquinolinesulfonyl)piperazine,-0.3627295,LINCSKD_31604,VCAP,120 h,LINCSCP_52639,SKB,10uM,24h
MAPK11,Isradipine,-0.36262391,LINCSKD_31604,VCAP,120 h,LINCSCP_109810,HELA,3.33uM,24h
MAPK11,BRD-K92770212,-0.362619,LINCSKD_31604,VCAP,120 h,LINCSCP_64127,VCAP,5uM,6h
MAPK11,Levodopa,-0.36258944,LINCSKD_31604,VCAP,120 h,LINCSCP_243725,MCF7,10uM,6h
MAPK11,CHEMBL59836,-0.36239747,LINCSKD_31604,VCAP,120 h,LINCSCP_180313,A375,10uM,6h
MAPK11,Neratinib,-0.36223039,LINCSKD_31604,VCAP,120 h,LINCSCP_10646,AGS,10uM,6h
MAPK11,BRD-K60582191,-0.36219294,LINCSKD_31604,VCAP,120 h,LINCSCP_274180,PC3,5uM,24h
MAPK11,MLS003179192,-0.36215362,LINCSKD_31604,VCAP,120 h,LINCSCP_191059,A549,10uM,24h
MAPK11,JNJ-7706621,-0.3621161,LINCSKD_31604,VCAP,120 h,LINCSCP_32301,MCF7,10uM,6h
MAPK11,Ilomastat,-0.36188034,LINCSKD_31604,VCAP,120 h,LINCSCP_158161,PC3,0.12uM,24h
MAPK11,Sirtinol,-0.36186057,LINCSKD_31604,VCAP,120 h,LINCSCP_13110,FIBRNPC,10uM,24h
MAPK11,Tigecycline,-0.36174253,LINCSKD_31604,VCAP,120 h,LINCSCP_20763,HCC515,0.1uM,24h
MAPK11,AC1OCDAW,-0.3614865,LINCSKD_31604,VCAP,120 h,LINCSCP_49578,PC3,0.12uM,24h
MAPK11,Relcovaptan,-0.36126749,LINCSKD_31604,VCAP,120 h,LINCSCP_99282,HA1E,10uM,24h
MAPK11,BRD-K68522303,-0.3612321,LINCSKD_31604,VCAP,120 h,LINCSCP_248196,MCF7,5uM,24h
MAPK11,ZG-10,-0.36116612,LINCSKD_31604,VCAP,120 h,LINCSCP_32796,MCF7,10uM,6h
MAPK11,Oleanolic Acid Acetate,-0.36112187,LINCSKD_31604,VCAP,120 h,LINCSCP_14523,HA1E,10uM,6h
MAPK11,AC1O9ATU,-0.36111623,LINCSKD_31604,VCAP,120 h,LINCSCP_56230,VCAP,10uM,24h
MAPK11,BAS 04938498,-0.36105795,LINCSKD_31604,VCAP,120 h,LINCSCP_240028,MCF7,10uM,6h
MAPK11,Cefdinir,-0.36089388,LINCSKD_31604,VCAP,120 h,LINCSCP_101513,HELA,10uM,24h
MAPK11,CHEMBL2358923,-0.36088184,LINCSKD_31604,VCAP,120 h,LINCSCP_28206,HT29,10uM,24h
MAPK11,CHEMBL3187641,-0.36078964,LINCSKD_31604,VCAP,120 h,LINCSCP_8247,A549,5uM,24h
MAPK11,Ivabradine HCl,-0.36047777,LINCSKD_31604,VCAP,120 h,LINCSCP_90070,HA1E,3.33uM,24h
MAPK11,MLS002264411,-0.36011087,LINCSKD_31604,VCAP,120 h,LINCSCP_21976,HEPG2,10uM,6h
MAPK11,GNF-PF-1339,-0.35978354,LINCSKD_31604,VCAP,120 h,LINCSCP_16150,HA1E,10uM,6h
MAPK11,BRD-K88114920,-0.359282,LINCSKD_31604,VCAP,120 h,LINCSCP_62184,VCAP,5uM,24h
MAPK11,BRD-K65514600,-0.3592377,LINCSKD_31604,VCAP,120 h,LINCSCP_38078,MCF7,0.5uM,6h
MAPK11,Dexamethasone,-0.35917852,LINCSKD_31604,VCAP,120 h,LINCSCP_180792,A375,10uM,6h
MAPK11,XMD-16144,-0.35902559,LINCSKD_31604,VCAP,120 h,LINCSCP_47058,PC3,10uM,6h
MAPK11,MLS002703103,-0.35884275,LINCSKD_31604,VCAP,120 h,LINCSCP_15728,HA1E,10uM,24h
MAPK11,Isosorbide Mononitrate,-0.35881664,LINCSKD_31604,VCAP,120 h,LINCSCP_78256,A375,10uM,24h
MAPK11,ICI 162846,-0.35881052,LINCSKD_31604,VCAP,120 h,LINCSCP_91036,HA1E,1.11uM,24h
MAPK11,BRD-K94544211,-0.35875036,LINCSKD_31604,VCAP,120 h,LINCSCP_47169,PC3,10uM,24h
MAPK11,761437-28-9,-0.35852241,LINCSKD_31604,VCAP,120 h,LINCSCP_128253,HUES3,0.37uM,24h
MAPK11,Olmesartan Medoxomil,-0.3584693,LINCSKD_31604,VCAP,120 h,LINCSCP_143050,MCF7,0.04uM,24h
MAPK11,Fedratinib,-0.35830087,LINCSKD_31604,VCAP,120 h,LINCSCP_50575,PL21,10uM,6h
MAPK11,BRD-K80666761,-0.3581272,LINCSKD_31604,VCAP,120 h,LINCSCP_28003,HT29,5uM,24h
MAPK11,MLS001173561,-0.35765885,LINCSKD_31604,VCAP,120 h,LINCSCP_241082,MCF7,10uM,24h
MAPK11,Erbstatin Analog,-0.3574801,LINCSKD_31604,VCAP,120 h,LINCSCP_47402,PC3,10uM,6h
MAPK11,Maxacalcitol-D6,-0.35731238,LINCSKD_31604,VCAP,120 h,LINCSCP_125171,HT29,3.33uM,24h
MAPK11,SPECTRUM1505167,-0.35730951,LINCSKD_31604,VCAP,120 h,LINCSCP_7560,A549,10uM,24h
MAPK11,BRD-K35060373,-0.3573093,LINCSKD_31604,VCAP,120 h,LINCSCP_8622,A549,5uM,24h
MAPK11,MLS000877024,-0.35729081,LINCSKD_31604,VCAP,120 h,LINCSCP_55883,VCAP,10uM,24h
MAPK11,BRD-K06521224,-0.35707634,LINCSKD_31604,VCAP,120 h,LINCSCP_231653,HT29,5uM,24h
MAPK11,Deferasirox,-0.35703409,LINCSKD_31604,VCAP,120 h,LINCSCP_99276,HA1E,10uM,24h
MAPK11,ML162,-0.35687759,LINCSKD_31604,VCAP,120 h,LINCSCP_37607,MCF7,1uM,24h
MAPK11,Acyclovir,-0.35654225,LINCSKD_31604,VCAP,120 h,LINCSCP_155310,PC3,0.37uM,24h
MAPK11,SPIRONOLACTONE,-0.35649356,LINCSKD_31604,VCAP,120 h,LINCSCP_144175,MCF7,1.11uM,24h
MAPK11,Curcumin,-0.35641929,LINCSKD_31604,VCAP,120 h,LINCSCP_28579,HT29,1.23uM,24h
MAPK11,BRD-K96694631,-0.35640213,LINCSKD_31604,VCAP,120 h,LINCSCP_249132,MCF7,5uM,24h
MAPK11,SA-441145,-0.35618364,LINCSKD_31604,VCAP,120 h,LINCSCP_252585,MCF7,3uM,24h
MAPK11,SR57227A,-0.35592869,LINCSKD_31604,VCAP,120 h,LINCSCP_26330,HT29,10uM,6h
MAPK11,BRD-K01651394,-0.35585153,LINCSKD_31604,VCAP,120 h,LINCSCP_59985,VCAP,5uM,24h
MAPK11,Terfenadine,-0.35584377,LINCSKD_31604,VCAP,120 h,LINCSCP_26764,HT29,10uM,6h
MAPK11,SC-10,-0.35553922,LINCSKD_31604,VCAP,120 h,LINCSCP_23021,HEPG2,10uM,6h
MAPK11,BRD-K66198023-237-01-9,-0.35536344,LINCSKD_31604,VCAP,120 h,LINCSCP_5887,A549,10uM,6h
MAPK11,BRD-K17817744,-0.35518968,LINCSKD_31604,VCAP,120 h,LINCSCP_8229,A549,5uM,24h
MAPK11,SCHEMBL17783941,-0.35511445,LINCSKD_31604,VCAP,120 h,LINCSCP_35067,MCF7,5uM,24h
MAPK11,Dinoprost,-0.35500983,LINCSKD_31604,VCAP,120 h,LINCSCP_123314,HT29,3.33uM,24h
MAPK11,MLS002264466,-0.354978,LINCSKD_31604,VCAP,120 h,LINCSCP_31522,MCF7,10uM,6h
MAPK11,ML131,-0.35492072,LINCSKD_31604,VCAP,120 h,LINCSCP_31704,MCF7,10uM,6h
MAPK11,Pasireotide (ditrifluoroacetate),-0.35472292,LINCSKD_31604,VCAP,120 h,LINCSCP_94616,HA1E,10uM,24h
MAPK11,352208-42-5,-0.35471337,LINCSKD_31604,VCAP,120 h,LINCSCP_5927,A549,10uM,24h
MAPK11,Ricolinostat,-0.35463412,LINCSKD_31604,VCAP,120 h,LINCSCP_128783,HUVEC,1.11uM,24h
MAPK11,MLS002729050,-0.35459968,LINCSKD_31604,VCAP,120 h,LINCSCP_267546,PC3,10uM,24h
MAPK11,Cilengitide,-0.35455059,LINCSKD_31604,VCAP,120 h,LINCSCP_94020,HA1E,10uM,24h
MAPK11,Finasteride,-0.35445856,LINCSKD_31604,VCAP,120 h,LINCSCP_18513,HCC515,10uM,24h
MAPK11,BRD-K37197256,-0.35437141,LINCSKD_31604,VCAP,120 h,LINCSCP_8482,A549,5uM,24h
MAPK11,Carbetocin,-0.35422221,LINCSKD_31604,VCAP,120 h,LINCSCP_32096,MCF7,10uM,24h
MAPK11,6-(4-Hydroxy-6-methoxy-7-methyl-3-oxo-1H-2-benzofuran-5-yl)-4-methylhex-4-enoic acid,-0.35397627,LINCSKD_31604,VCAP,120 h,LINCSCP_28757,HUH7,3uM,24h
MAPK11,Cycloheximide,-0.35392237,LINCSKD_31604,VCAP,120 h,LINCSCP_64899,VCAP,10uM,24h
MAPK11,(+)-Camptothecin,-0.35383383,LINCSKD_31604,VCAP,120 h,LINCSCP_33167,MCF7,10uM,6h
MAPK11,Mecamylamine,-0.3537499,LINCSKD_31604,VCAP,120 h,LINCSCP_102292,HELA,10uM,24h
MAPK11,Epiisopicropodophyllin,-0.35358858,LINCSKD_31604,VCAP,120 h,LINCSCP_34507,MCF7,10uM,24h
MAPK11,Aphidicolin,-0.3535165,LINCSKD_31604,VCAP,120 h,LINCSCP_94950,HA1E,1.11uM,24h
MAPK11,HMS1484F20,-0.35331208,LINCSKD_31604,VCAP,120 h,LINCSCP_32265,MCF7,10uM,24h
MAPK11,Puromycin Hydrochloride,-0.35321942,LINCSKD_31604,VCAP,120 h,LINCSCP_27039,HT29,10uM,6h
MAPK11,BRD-K26772093,-0.35314188,LINCSKD_31604,VCAP,120 h,LINCSCP_35104,MCF7,5uM,24h
MAPK11,BRD-K81527737,-0.35294993,LINCSKD_31604,VCAP,120 h,LINCSCP_62933,VCAP,5uM,24h
MAPK11,Alfuzosin,-0.35293262,LINCSKD_31604,VCAP,120 h,LINCSCP_238740,MCF7,10uM,24h
MAPK11,BRD-K46419847,-0.35290006,LINCSKD_31604,VCAP,120 h,LINCSCP_60887,VCAP,5uM,24h
MAPK11,Latrepirdine,-0.35287596,LINCSKD_31604,VCAP,120 h,LINCSCP_177863,A375,10uM,24h
MAPK11,BRD-K18982118,-0.35285593,LINCSKD_31604,VCAP,120 h,LINCSCP_27656,HT29,5uM,24h
MAPK11,Dolasetron,-0.35281724,LINCSKD_31604,VCAP,120 h,LINCSCP_31587,MCF7,10uM,24h
MAPK11,CHEMBL1521288,-0.35278202,LINCSKD_31604,VCAP,120 h,LINCSCP_22179,HEPG2,10uM,6h
MAPK11,Hypericin,-0.35271936,LINCSKD_31604,VCAP,120 h,LINCSCP_44548,PC3,10uM,24h
MAPK11,BRD-K42694358,-0.3526232,LINCSKD_31604,VCAP,120 h,LINCSCP_3574,A375,10uM,24h
MAPK11,BRD-K64513711,-0.35255319,LINCSKD_31604,VCAP,120 h,LINCSCP_8538,A549,5uM,24h
MAPK11,BRD-K28573311,-0.35229663,LINCSKD_31604,VCAP,120 h,LINCSCP_27365,HT29,5uM,24h
MAPK11,CHEMBL1561166,-0.35229181,LINCSKD_31604,VCAP,120 h,LINCSCP_269049,PC3,10uM,24h
MAPK11,PK04_181299,-0.35228374,LINCSKD_31604,VCAP,120 h,LINCSCP_261819,NPC,10uM,24h
MAPK11,Zacopride,-0.35220875,LINCSKD_31604,VCAP,120 h,LINCSCP_187594,A549,10uM,24h
MAPK11,BRD-K85471465,-0.35207035,LINCSKD_31604,VCAP,120 h,LINCSCP_302182,VCAP,5uM,24h
MAPK11,BRD-K94646939,-0.35203235,LINCSKD_31604,VCAP,120 h,LINCSCP_8687,A549,5uM,24h
MAPK11,869288-64-2,-0.35197441,LINCSKD_31604,VCAP,120 h,LINCSCP_89174,HA1E,0.37uM,24h
MAPK11,Bicalutamide,-0.35191414,LINCSKD_31604,VCAP,120 h,LINCSCP_189913,A549,10uM,24h
MAPK11,BRD-K41430135,-0.35170149,LINCSKD_31604,VCAP,120 h,LINCSCP_63595,VCAP,5uM,6h
MAPK11,I-BET151,-0.35166577,LINCSKD_31604,VCAP,120 h,LINCSCP_133834,MCF7,0.04uM,24h
MAPK11,YS-035,-0.35160018,LINCSKD_31604,VCAP,120 h,LINCSCP_241774,MCF7,10uM,6h
MAPK11,Promazine,-0.35159428,LINCSKD_31604,VCAP,120 h,LINCSCP_264142,OV7,10uM,6h
MAPK11,Ganciclovir,-0.35128317,LINCSKD_31604,VCAP,120 h,LINCSCP_20723,HCC515,10uM,6h
MAPK11,NSC25485,-0.35127708,LINCSKD_31604,VCAP,120 h,LINCSCP_7548,A549,10uM,24h
MAPK11,BMS-777607,-0.35124575,LINCSKD_31604,VCAP,120 h,LINCSCP_285500,SKBR3,10uM,6h
MAPK11,BRD-K47686314,-0.35123798,LINCSKD_31604,VCAP,120 h,LINCSCP_275545,PC3,5uM,24h
MAPK11,BAY-117821,-0.35113285,LINCSKD_31604,VCAP,120 h,LINCSCP_53440,SKMEL28,10uM,6h
MAPK11,BRD-K14328427,-0.35099273,LINCSKD_31604,VCAP,120 h,LINCSCP_190940,A549,10uM,24h
MAPK11,Epothilone A,-0.35098839,LINCSKD_31604,VCAP,120 h,LINCSCP_32232,MCF7,10uM,24h
MAPK11,Paricalcitol,-0.35096192,LINCSKD_31604,VCAP,120 h,LINCSCP_122765,HT29,3.33uM,24h
MAPK11,ST50973695,-0.35088088,LINCSKD_31604,VCAP,120 h,LINCSCP_271306,PC3,10uM,6h
MAPK11,TENOVIN-1,-0.35084511,LINCSKD_31604,VCAP,120 h,LINCSCP_6573,A549,10uM,6h
MAPK11,Cis-2-Methoxycinnamic Acid,-0.35074518,LINCSKD_31604,VCAP,120 h,LINCSCP_241464,MCF7,10uM,6h
MAPK11,Fluoxetine,-0.3506887,LINCSKD_31604,VCAP,120 h,LINCSCP_90049,HA1E,0.12uM,24h
MAPK11,BRD-K03354784,-0.35068665,LINCSKD_31604,VCAP,120 h,LINCSCP_62960,VCAP,5uM,6h
MAPK11,Adapalene,-0.35064443,LINCSKD_31604,VCAP,120 h,LINCSCP_92487,HA1E,10uM,24h
MAPK11,SA-90024,-0.35053718,LINCSKD_31604,VCAP,120 h,LINCSCP_253681,MCF7,10uM,6h
MAPK11,SPECTRUM5_002023,-0.35051754,LINCSKD_31604,VCAP,120 h,LINCSCP_2262,A375,10uM,6h
MAPK11,BRD-K54673054,-0.35050691,LINCSKD_31604,VCAP,120 h,LINCSCP_35165,MCF7,5uM,24h
MAPK11,MLS000047258,-0.35046231,LINCSKD_31604,VCAP,120 h,LINCSCP_22264,HEPG2,10uM,6h
MAPK11,BG-STK33-59,-0.35037931,LINCSKD_31604,VCAP,120 h,LINCSCP_42055,NOMO1,1uM,6h
MAPK11,BRD-K49093373,-0.35021591,LINCSKD_31604,VCAP,120 h,LINCSCP_8387,A549,5uM,24h
MAPK11,SAN1_011387,-0.35010397,LINCSKD_31604,VCAP,120 h,LINCSCP_294814,VCAP,10uM,24h
MAPK11,BRD-K28431278,-0.35010101,LINCSKD_31604,VCAP,120 h,LINCSCP_48435,PC3,10uM,24h
MAPK11,Sertraline HCl,-0.35007396,LINCSKD_31604,VCAP,120 h,LINCSCP_79040,A375,3.33uM,24h
MAPK11,BRD-K98161915,-0.34939013,LINCSKD_31604,VCAP,120 h,LINCSCP_65743,VCAP,10uM,24h
MAPK11,CL-976,-0.34914049,LINCSKD_31604,VCAP,120 h,LINCSCP_98013,HA1E,10uM,24h
MAPK11,BRD-K97024014,-0.3491172,LINCSKD_31604,VCAP,120 h,LINCSCP_306181,VCAP,5uM,6h
MAPK11,"2-[(2,6-Dimethylphenyl)amino]-n,n-diethyl-n-methyl-2-oxoethanaminium",-0.34911452,LINCSKD_31604,VCAP,120 h,LINCSCP_7490,A549,10uM,6h
MAPK11,BRD-K78627754,-0.34910914,LINCSKD_31604,VCAP,120 h,LINCSCP_27388,HT29,5uM,24h
MAPK11,SMR000178575,-0.34902874,LINCSKD_31604,VCAP,120 h,LINCSCP_2342,A375,10uM,6h
MAPK11,Warfarin,-0.34876137,LINCSKD_31604,VCAP,120 h,LINCSCP_136647,MCF7,1.11uM,24h
MAPK11,BRD-K19190776,-0.34869064,LINCSKD_31604,VCAP,120 h,LINCSCP_197469,A549,5uM,24h
MAPK11,Gallocatechin Gallate,-0.34838355,LINCSKD_31604,VCAP,120 h,LINCSCP_257563,NCIH596,90uM,6h
MAPK11,Vitinoin,-0.34818889,LINCSKD_31604,VCAP,120 h,LINCSCP_253636,MCF7,10uM,6h
MAPK11,Telatinib,-0.34805021,LINCSKD_31604,VCAP,120 h,LINCSCP_124793,HT29,10uM,24h
MAPK11,Ifenprodil,-0.34791016,LINCSKD_31604,VCAP,120 h,LINCSCP_189910,A549,10uM,24h
MAPK11,Moricizine,-0.34789985,LINCSKD_31604,VCAP,120 h,LINCSCP_119917,HT29,10uM,24h
MAPK11,Nocodazole,-0.34779828,LINCSKD_31604,VCAP,120 h,LINCSCP_32874,MCF7,10uM,24h
MAPK11,MEGXM0_000019,-0.34764091,LINCSKD_31604,VCAP,120 h,LINCSCP_2110,A375,10uM,6h
MAPK11,BRD-K48723823,-0.3475483,LINCSKD_31604,VCAP,120 h,LINCSCP_65653,VCAP,10uM,24h
MAPK11,Sarcolysin,-0.34753798,LINCSKD_31604,VCAP,120 h,LINCSCP_17070,HA1E,10uM,24h
MAPK11,Clemastine,-0.34753169,LINCSKD_31604,VCAP,120 h,LINCSCP_26999,HT29,10uM,6h
MAPK11,HMS2093P09,-0.34750833,LINCSKD_31604,VCAP,120 h,LINCSCP_21446,HEPG2,10uM,6h
MAPK11,Salsolidine,-0.34745491,LINCSKD_31604,VCAP,120 h,LINCSCP_34456,MCF7,10uM,24h
MAPK11,BRD-K40963620,-0.34744804,LINCSKD_31604,VCAP,120 h,LINCSCP_35024,MCF7,5uM,24h
MAPK11,CHEMBL2357936,-0.34731443,LINCSKD_31604,VCAP,120 h,LINCSCP_35179,MCF7,10uM,24h
MAPK11,BRD-K49781215,-0.34717027,LINCSKD_31604,VCAP,120 h,LINCSCP_27538,HT29,5uM,24h
MAPK11,PG 490,-0.34715954,LINCSKD_31604,VCAP,120 h,LINCSCP_54829,THP1,0.1uM,6h
MAPK11,1-(4-Bromophenyl)-3-morpholin-4-yl-2-phenylpropan-1-one,-0.34690814,LINCSKD_31604,VCAP,120 h,LINCSCP_58794,VCAP,10uM,24h
MAPK11,AC1Q3NSV,-0.34680592,LINCSKD_31604,VCAP,120 h,LINCSCP_7010,A549,10uM,24h
MAPK11,PNU-74654,-0.34668042,LINCSKD_31604,VCAP,120 h,LINCSCP_50953,RMGI,80uM,6h
MAPK11,SMR001317659,-0.34664201,LINCSKD_31604,VCAP,120 h,LINCSCP_53551,SNGM,0.5uM,6h
MAPK11,COL-3,-0.34646348,LINCSKD_31604,VCAP,120 h,LINCSCP_28460,HT29,0.1uM,6h
MAPK11,BRD-K60067222,-0.34645704,LINCSKD_31604,VCAP,120 h,LINCSCP_3001,A375,10uM,6h
MAPK11,Gibberellin A3,-0.34638312,LINCSKD_31604,VCAP,120 h,LINCSCP_80688,A375,5.77uM,24h
MAPK11,SCHEMBL10028376,-0.34635729,LINCSKD_31604,VCAP,120 h,LINCSCP_294519,VCAP,10uM,6h
MAPK11,2-Bromo-n-[3-(pentanoylamino)phenyl]benzamide,-0.34633177,LINCSKD_31604,VCAP,120 h,LINCSCP_42196,NPC,10uM,24h
MAPK11,Dolutegravir (GSK1349572),-0.34628536,LINCSKD_31604,VCAP,120 h,LINCSCP_153772,PC3,0.12uM,24h
MAPK11,Phenanthridone,-0.34603694,LINCSKD_31604,VCAP,120 h,LINCSCP_23031,HEPG2,10uM,6h
MAPK11,Tolvaptan,-0.34601767,LINCSKD_31604,VCAP,120 h,LINCSCP_125812,HT29,10uM,24h
MAPK11,BRD-K78013650,-0.34592545,LINCSKD_31604,VCAP,120 h,LINCSCP_49019,PC3,10uM,24h
MAPK11,AC1O44XP,-0.34585956,LINCSKD_31604,VCAP,120 h,LINCSCP_64518,VCAP,20uM,48h
MAPK11,ST078797,-0.34577402,LINCSKD_31604,VCAP,120 h,LINCSCP_220207,HEPG2,10uM,6h
MAPK11,Piperidolate,-0.34565598,LINCSKD_31604,VCAP,120 h,LINCSCP_204084,ASC,10uM,24h
MAPK11,BRD-K05678583,-0.34550078,LINCSKD_31604,VCAP,120 h,LINCSCP_65210,VCAP,10uM,24h
MAPK11,LY451395,-0.34530156,LINCSKD_31604,VCAP,120 h,LINCSCP_75569,A375,0.37uM,24h
MAPK11,BRD-K81408913,-0.34511874,LINCSKD_31604,VCAP,120 h,LINCSCP_48378,PC3,5uM,24h
MAPK11,Canrenoate,-0.34509965,LINCSKD_31604,VCAP,120 h,LINCSCP_221242,HEPG2,10uM,6h
MAPK11,AHOUBRCZNHFOSL-UHFFFAOYSA-N,-0.344938,LINCSKD_31604,VCAP,120 h,LINCSCP_27281,HT29,10uM,6h
MAPK11,MRE-269,-0.34467952,LINCSKD_31604,VCAP,120 h,LINCSCP_55363,U937,10uM,6h
MAPK11,CHEMBL2355469,-0.34466347,LINCSKD_31604,VCAP,120 h,LINCSCP_60386,VCAP,5uM,24h
MAPK11,Lonidamine,-0.34462494,LINCSKD_31604,VCAP,120 h,LINCSCP_54645,SW948,100uM,6h
MAPK11,TOCRIS-0930,-0.34437857,LINCSKD_31604,VCAP,120 h,LINCSCP_26842,HT29,10uM,6h
MAPK11,BRD-M66254575,-0.34412826,LINCSKD_31604,VCAP,120 h,LINCSCP_230820,HT29,5uM,24h
MAPK11,MLS000106215,-0.34412649,LINCSKD_31604,VCAP,120 h,LINCSCP_21775,HEPG2,100uM,6h
MAPK11,"3,6-Dimethyl-9-[6-(oxiran-2-yl)-6-oxohexyl]decahydropyrrolo[1,2-a][1,4,7,10]tetraazacyclododecine-1,4,7,10-tetrone",-0.34411878,LINCSKD_31604,VCAP,120 h,LINCSCP_38267,MCF7,10uM,6h
MAPK11,[4-(Cyclohexylsulfamoyl)-2-methylphenoxy]acetic acid,-0.34392913,LINCSKD_31604,VCAP,120 h,LINCSCP_261546,NPC,10uM,24h
MAPK11,BRD-K45842176,-0.34384861,LINCSKD_31604,VCAP,120 h,LINCSCP_16314,HA1E,10uM,6h
MAPK11,BRD-K14614387-001-01-8,-0.3437194,LINCSKD_31604,VCAP,120 h,LINCSCP_27357,HT29,5uM,24h
MAPK11,BRD-K38024133,-0.34370967,LINCSKD_31604,VCAP,120 h,LINCSCP_27369,HT29,5uM,24h
MAPK11,metitepine,-0.34363548,LINCSKD_31604,VCAP,120 h,LINCSCP_174425,YAPC,10uM,24h
MAPK11,Caffeine,-0.34356514,LINCSKD_31604,VCAP,120 h,LINCSCP_6819,A549,10uM,24h
MAPK11,SA-1920080,-0.34353345,LINCSKD_31604,VCAP,120 h,LINCSCP_254229,MCF7,3uM,24h
MAPK11,BRD-K78904620,-0.34342953,LINCSKD_31604,VCAP,120 h,LINCSCP_27389,HT29,5uM,24h
MAPK11,CHEMBL2357005,-0.34328571,LINCSKD_31604,VCAP,120 h,LINCSCP_20934,HCC515,0.37uM,24h
MAPK11,Desacetoxymatricarin,-0.34320273,LINCSKD_31604,VCAP,120 h,LINCSCP_30226,MCF7,10uM,6h
MAPK11,"Triazolothiadiazine, 7",-0.34297348,LINCSKD_31604,VCAP,120 h,LINCSCP_31429,MCF7,10uM,24h
MAPK11,GANT58,-0.34292947,LINCSKD_31604,VCAP,120 h,LINCSCP_54980,THP1,10uM,6h
MAPK11,BRD-K57200229-001-01-6,-0.34284584,LINCSKD_31604,VCAP,120 h,LINCSCP_16855,HA1E,10uM,6h
MAPK11,BRD-K30724479,-0.34281932,LINCSKD_31604,VCAP,120 h,LINCSCP_306025,VCAP,5uM,6h
MAPK11,GDC-0980 (RG7422),-0.3427553,LINCSKD_31604,VCAP,120 h,LINCSCP_91425,HA1E,0.37uM,24h
MAPK11,Reichsteins Substance S,-0.34268433,LINCSKD_31604,VCAP,120 h,LINCSCP_16103,HA1E,10uM,6h
MAPK11,BRD-K68950762,-0.34224546,LINCSKD_31604,VCAP,120 h,LINCSCP_249576,MCF7,5uM,24h
MAPK11,BRD-K11156132,-0.34220522,LINCSKD_31604,VCAP,120 h,LINCSCP_61109,VCAP,5uM,6h
MAPK11,BRD-K72798501,-0.34209546,LINCSKD_31604,VCAP,120 h,LINCSCP_34935,MCF7,5uM,24h
MAPK11,BRD-K68908437,-0.34207729,LINCSKD_31604,VCAP,120 h,LINCSCP_64017,VCAP,5uM,24h
MAPK11,BRD-K98630904-001-01-7,-0.34202032,LINCSKD_31604,VCAP,120 h,LINCSCP_23294,HEPG2,10uM,6h
MAPK11,BRD-K15634164,-0.34154739,LINCSKD_31604,VCAP,120 h,LINCSCP_48736,PC3,10uM,24h
MAPK11,Amonafide,-0.34124198,LINCSKD_31604,VCAP,120 h,LINCSCP_123004,HT29,10uM,24h
MAPK11,MLS003129415,-0.34120835,LINCSKD_31604,VCAP,120 h,LINCSCP_60717,VCAP,5uM,6h
MAPK11,BRD-K99874282,-0.34089637,LINCSKD_31604,VCAP,120 h,LINCSCP_3660,A375,10uM,24h
MAPK11,Tacrine,-0.34084712,LINCSKD_31604,VCAP,120 h,LINCSCP_141761,MCF7,10uM,24h
MAPK11,Idarubicin,-0.34074478,LINCSKD_31604,VCAP,120 h,LINCSCP_31819,MCF7,10uM,6h
MAPK11,MLS002607797,-0.34059096,LINCSKD_31604,VCAP,120 h,LINCSCP_31459,MCF7,10uM,6h
MAPK11,BUDIPINE,-0.34043773,LINCSKD_31604,VCAP,120 h,LINCSCP_71709,A375,0.12uM,24h
MAPK11,heraclenol,-0.34037367,LINCSKD_31604,VCAP,120 h,LINCSCP_119959,HT29,3.33uM,24h
MAPK11,MLS002264446,-0.34026873,LINCSKD_31604,VCAP,120 h,LINCSCP_22071,HEPG2,10uM,6h
MAPK11,BRD-K78780288,-0.34026152,LINCSKD_31604,VCAP,120 h,LINCSCP_59921,VCAP,5uM,24h
MAPK11,Apoptosis Activator II,-0.34007832,LINCSKD_31604,VCAP,120 h,LINCSCP_220699,HEPG2,10uM,6h
MAPK11,CID 45259135,-0.33992637,LINCSKD_31604,VCAP,120 h,LINCSCP_22093,HEPG2,10uM,6h
MAPK11,SA-1462678,-0.33992411,LINCSKD_31604,VCAP,120 h,LINCSCP_41692,NKDBA,3uM,24h
MAPK11,BRD-K37316418,-0.33979667,LINCSKD_31604,VCAP,120 h,LINCSCP_61593,VCAP,5uM,24h
MAPK11,Radezolid,-0.33973222,LINCSKD_31604,VCAP,120 h,LINCSCP_78364,A375,10uM,24h
MAPK11,BRD-K84336022,-0.33961878,LINCSKD_31604,VCAP,120 h,LINCSCP_63248,VCAP,5uM,24h
MAPK11,WZ-3105,-0.33960272,LINCSKD_31604,VCAP,120 h,LINCSCP_32786,MCF7,10uM,6h
MAPK11,pyrvinium-pamoate,-0.33949665,LINCSKD_31604,VCAP,120 h,LINCSCP_25854,HT29,10uM,6h
MAPK11,AC1MS7KY,-0.3394483,LINCSKD_31604,VCAP,120 h,LINCSCP_212,A375,10uM,24h
MAPK11,MLS001060823,-0.33941932,LINCSKD_31604,VCAP,120 h,LINCSCP_30920,MCF7,10uM,24h
MAPK11,ST50840204,-0.33938189,LINCSKD_31604,VCAP,120 h,LINCSCP_58487,VCAP,10uM,6h
MAPK11,3-Deazaadenosine,-0.33933204,LINCSKD_31604,VCAP,120 h,LINCSCP_161298,PC3,0.12uM,24h
MAPK11,ST013960,-0.33932388,LINCSKD_31604,VCAP,120 h,LINCSCP_190479,A549,10uM,24h
MAPK11,BRD-K28668737,-0.33932096,LINCSKD_31604,VCAP,120 h,LINCSCP_34924,MCF7,5uM,24h
MAPK11,CHEMBL2355522,-0.33923922,LINCSKD_31604,VCAP,120 h,LINCSCP_48411,PC3,5uM,24h
MAPK11,BRD-K75368232,-0.33915351,LINCSKD_31604,VCAP,120 h,LINCSCP_35361,MCF7,10uM,24h
MAPK11,MW-SHH-54,-0.33908884,LINCSKD_31604,VCAP,120 h,LINCSCP_221674,HEPG2,1uM,6h
MAPK11,CHEMBL1374544,-0.33908359,LINCSKD_31604,VCAP,120 h,LINCSCP_189462,A549,10uM,24h
MAPK11,MLS003129761,-0.33905682,LINCSKD_31604,VCAP,120 h,LINCSCP_8315,A549,5uM,24h
MAPK11,BRD-K77987635,-0.33892549,LINCSKD_31604,VCAP,120 h,LINCSCP_216964,HCC515,10uM,6h
MAPK11,UNII-BXU45ZH6LI,-0.33886523,LINCSKD_31604,VCAP,120 h,LINCSCP_118520,HT29,0.04uM,24h
MAPK11,Navitoclax,-0.33879025,LINCSKD_31604,VCAP,120 h,LINCSCP_78863,A375,0.37uM,24h
MAPK11,RO-5-3335,-0.33877776,LINCSKD_31604,VCAP,120 h,LINCSCP_1381,A375,10uM,24h
MAPK11,Daunorubicin,-0.3386285,LINCSKD_31604,VCAP,120 h,LINCSCP_30213,MCF7,10uM,6h
MAPK11,BRD-K82399474,-0.33848033,LINCSKD_31604,VCAP,120 h,LINCSCP_62228,VCAP,5uM,6h
MAPK11,Eprosartan,-0.33844597,LINCSKD_31604,VCAP,120 h,LINCSCP_3105,A375,10uM,6h
MAPK11,BRD-K86112430,-0.33832017,LINCSKD_31604,VCAP,120 h,LINCSCP_276862,PC3,5uM,24h
MAPK11,Trovafloxacin mesylate,-0.33829956,LINCSKD_31604,VCAP,120 h,LINCSCP_93308,HA1E,10uM,24h
MAPK11,MLN9708,-0.33827443,LINCSKD_31604,VCAP,120 h,LINCSCP_140911,MCF7,1.11uM,24h
MAPK11,DY131,-0.3379814,LINCSKD_31604,VCAP,120 h,LINCSCP_33397,MCF7,10uM,24h
MAPK11,9-Cis retinol,-0.33797678,LINCSKD_31604,VCAP,120 h,LINCSCP_53479,SKMEL28,40uM,6h
MAPK11,MLS002703113,-0.33766167,LINCSKD_31604,VCAP,120 h,LINCSCP_22226,HEPG2,10uM,6h
MAPK11,AZD1208,-0.33765752,LINCSKD_31604,VCAP,120 h,LINCSCP_153912,PC3,10uM,24h
MAPK11,Salvinorin A,-0.33759738,LINCSKD_31604,VCAP,120 h,LINCSCP_90431,HA1E,1.11uM,24h
MAPK11,CHEMBL2361787,-0.33749647,LINCSKD_31604,VCAP,120 h,LINCSCP_35247,MCF7,10uM,24h
MAPK11,BRD-K96640811,-0.33748293,LINCSKD_31604,VCAP,120 h,LINCSCP_16394,HA1E,10uM,6h
MAPK11,BRD-K26526202,-0.33705273,LINCSKD_31604,VCAP,120 h,LINCSCP_27875,HT29,5uM,24h
MAPK11,AC1L1IKY,-0.33702672,LINCSKD_31604,VCAP,120 h,LINCSCP_106197,HELA,3.33uM,24h
MAPK11,BRD-K85322309,-0.33686156,LINCSKD_31604,VCAP,120 h,LINCSCP_307615,VCAP,5uM,6h
MAPK11,Ergocryptine,-0.33678115,LINCSKD_31604,VCAP,120 h,LINCSCP_144,A375,10uM,6h
MAPK11,Nefazodone,-0.33664552,LINCSKD_31604,VCAP,120 h,LINCSCP_22816,HEPG2,10uM,6h
MAPK11,MLS003128613,-0.3366162,LINCSKD_31604,VCAP,120 h,LINCSCP_31216,MCF7,10uM,24h
MAPK11,Acipimox,-0.33656315,LINCSKD_31604,VCAP,120 h,LINCSCP_107365,HELA,0.12uM,24h
MAPK11,MLS-0091943.0001,-0.33650952,LINCSKD_31604,VCAP,120 h,LINCSCP_6360,A549,10uM,24h
MAPK11,Setiptiline,-0.33644408,LINCSKD_31604,VCAP,120 h,LINCSCP_153780,PC3,10uM,24h
MAPK11,Staurosporine,-0.33644126,LINCSKD_31604,VCAP,120 h,LINCSCP_2949,A375,10uM,6h
MAPK11,SDX-101,-0.33638793,LINCSKD_31604,VCAP,120 h,LINCSCP_6706,A549,10uM,6h
MAPK11,BRD-K67090983,-0.33635235,LINCSKD_31604,VCAP,120 h,LINCSCP_47140,PC3,10uM,24h
MAPK11,CAY10618,-0.33621211,LINCSKD_31604,VCAP,120 h,LINCSCP_53240,SKM1,10uM,6h
MAPK11,KUC104495,-0.3360517,LINCSKD_31604,VCAP,120 h,LINCSCP_31195,MCF7,10uM,24h
MAPK11,BRD-K08616215,-0.33570466,LINCSKD_31604,VCAP,120 h,LINCSCP_63557,VCAP,5uM,6h
MAPK11,BRD-K80281472,-0.3356315,LINCSKD_31604,VCAP,120 h,LINCSCP_8319,A549,5uM,24h
MAPK11,BRD-K71631401,-0.33537778,LINCSKD_31604,VCAP,120 h,LINCSCP_196618,A549,5uM,24h
MAPK11,Fccp,-0.33535397,LINCSKD_31604,VCAP,120 h,LINCSCP_33482,MCF7,10uM,6h
MAPK11,Carbacyclin,-0.33526668,LINCSKD_31604,VCAP,120 h,LINCSCP_43591,NPC,10uM,6h
MAPK11,BRD-K84245233,-0.3352501,LINCSKD_31604,VCAP,120 h,LINCSCP_34965,MCF7,5uM,24h
MAPK11,CHEMBL2355034,-0.33519085,LINCSKD_31604,VCAP,120 h,LINCSCP_59171,VCAP,10uM,24h
MAPK11,CHEMBL3400874,-0.33507349,LINCSKD_31604,VCAP,120 h,LINCSCP_227802,HT29,10uM,6h
MAPK11,CHEMBL1719929,-0.33499075,LINCSKD_31604,VCAP,120 h,LINCSCP_31265,MCF7,10uM,6h
MAPK11,Levocabastine,-0.33488391,LINCSKD_31604,VCAP,120 h,LINCSCP_102021,HELA,0.04uM,24h
MAPK11,AC1N08ZR,-0.33479368,LINCSKD_31604,VCAP,120 h,LINCSCP_59155,VCAP,10uM,24h
MAPK11,AZD7762,-0.33466254,LINCSKD_31604,VCAP,120 h,LINCSCP_125454,HT29,1.11uM,24h
MAPK11,SA-1922261,-0.33450468,LINCSKD_31604,VCAP,120 h,LINCSCP_37561,MCF7,10uM,6h
MAPK11,NCGC00025321-01,-0.33444796,LINCSKD_31604,VCAP,120 h,LINCSCP_22977,HEPG2,10uM,6h
MAPK11,MLS002264457,-0.33438784,LINCSKD_31604,VCAP,120 h,LINCSCP_26253,HT29,10uM,6h
MAPK11,BRD-K81500599,-0.33430902,LINCSKD_31604,VCAP,120 h,LINCSCP_199424,A549,5uM,24h
MAPK11,SB-202190,-0.33413622,LINCSKD_31604,VCAP,120 h,LINCSCP_44317,PC3,10uM,6h
MAPK11,BRD-K80676896,-0.33410578,LINCSKD_31604,VCAP,120 h,LINCSCP_249083,MCF7,5uM,24h
MAPK11,Trequinsin,-0.33397276,LINCSKD_31604,VCAP,120 h,LINCSCP_10161,A549,10uM,24h
MAPK11,Trametinib,-0.33380242,LINCSKD_31604,VCAP,120 h,LINCSCP_12121,BT20,0.5uM,24h
MAPK11,"24(S),25-epoxycholesterol",-0.33377232,LINCSKD_31604,VCAP,120 h,LINCSCP_46993,PC3,10uM,6h
MAPK11,IC 261,-0.33357865,LINCSKD_31604,VCAP,120 h,LINCSCP_37640,MCF7,1uM,24h
MAPK11,CHEMBL2132717,-0.33352429,LINCSKD_31604,VCAP,120 h,LINCSCP_3095,A375,10uM,6h
MAPK11,"N-{3-[(4-methoxyphenyl)amino]-1,4-dioxo-1,4-dihydronaphthalen-2-yl}acetamide",-0.33344979,LINCSKD_31604,VCAP,120 h,LINCSCP_55361,U937,0.5uM,6h
MAPK11,BRD-A28746609,-0.33328298,LINCSKD_31604,VCAP,120 h,LINCSCP_92365,HA1E,0.12uM,24h
MAPK11,Paroxetine,-0.33326726,LINCSKD_31604,VCAP,120 h,LINCSCP_209330,HA1E,10uM,6h
MAPK11,Odanacatib (MK-0822),-0.33314601,LINCSKD_31604,VCAP,120 h,LINCSCP_119170,HT29,1.11uM,24h
MAPK11,Indiplon,-0.33305449,LINCSKD_31604,VCAP,120 h,LINCSCP_98450,HA1E,10uM,24h
MAPK11,CHEMBL2140107,-0.3330269,LINCSKD_31604,VCAP,120 h,LINCSCP_227637,HT29,10uM,6h
MAPK11,Amiodarone,-0.33263649,LINCSKD_31604,VCAP,120 h,LINCSCP_55465,U937,10uM,6h
MAPK11,BRD-K84450674,-0.33261861,LINCSKD_31604,VCAP,120 h,LINCSCP_65715,VCAP,10uM,24h
MAPK11,Cilostamide,-0.33254627,LINCSKD_31604,VCAP,120 h,LINCSCP_20828,HCC515,3.33uM,24h
MAPK11,SCHEMBL16065773,-0.3325167,LINCSKD_31604,VCAP,120 h,LINCSCP_51989,SKBR3,0.5uM,6h
MAPK11,CEP-32496,-0.33241378,LINCSKD_31604,VCAP,120 h,LINCSCP_119847,HT29,1.11uM,24h
MAPK11,CHEMBL2362931,-0.33235831,LINCSKD_31604,VCAP,120 h,LINCSCP_64684,VCAP,10uM,24h
MAPK11,VU0359998,-0.33204151,LINCSKD_31604,VCAP,120 h,LINCSCP_57979,VCAP,10uM,24h
MAPK11,BRD-K19696710,-0.33199873,LINCSKD_31604,VCAP,120 h,LINCSCP_301825,VCAP,5uM,6h
MAPK11,AZD8931 (Sapitinib),-0.33194339,LINCSKD_31604,VCAP,120 h,LINCSCP_127534,HT29,10uM,24h
MAPK11,BRD-K15380586,-0.3319399,LINCSKD_31604,VCAP,120 h,LINCSCP_276939,PC3,5uM,24h
MAPK11,BRD-K10835142,-0.33193588,LINCSKD_31604,VCAP,120 h,LINCSCP_3434,A375,5uM,24h
MAPK11,BRD-K75081836,-0.33179997,LINCSKD_31604,VCAP,120 h,LINCSCP_32741,MCF7,10uM,6h
MAPK11,MLS002699817,-0.33172762,LINCSKD_31604,VCAP,120 h,LINCSCP_22070,HEPG2,10uM,6h
MAPK11,"Betamethasone 17,21-dipropionate",-0.33171294,LINCSKD_31604,VCAP,120 h,LINCSCP_7129,A549,10uM,6h
MAPK11,Acetaminophen,-0.33169032,LINCSKD_31604,VCAP,120 h,LINCSCP_75493,A375,0.04uM,24h
MAPK11,BRD-K85605624,-0.33157551,LINCSKD_31604,VCAP,120 h,LINCSCP_246818,MCF7,5uM,24h
MAPK11,CHEMBL306319,-0.33149242,LINCSKD_31604,VCAP,120 h,LINCSCP_5686,A549,10uM,24h
MAPK11,Brimonidine,-0.33146613,LINCSKD_31604,VCAP,120 h,LINCSCP_272326,PC3,10uM,6h
MAPK11,BGT-226,-0.33138688,LINCSKD_31604,VCAP,120 h,LINCSCP_117154,HT29,0.37uM,24h
MAPK11,BRD-A68202111,-0.331311,LINCSKD_31604,VCAP,120 h,LINCSCP_108463,HELA,1.11uM,24h
MAPK11,Trehalose,-0.3312315,LINCSKD_31604,VCAP,120 h,LINCSCP_106857,HELA,10uM,24h
MAPK11,BRD-K59709493,-0.33120444,LINCSKD_31604,VCAP,120 h,LINCSCP_61625,VCAP,5uM,24h
MAPK11,Venlafaxine,-0.33110161,LINCSKD_31604,VCAP,120 h,LINCSCP_158164,PC3,3.33uM,24h
MAPK11,ZINC04171744,-0.33103979,LINCSKD_31604,VCAP,120 h,LINCSCP_19777,HCC515,10uM,6h
MAPK11,MLS000033898,-0.33097331,LINCSKD_31604,VCAP,120 h,LINCSCP_19644,HCC515,10uM,6h
MAPK11,Aloisine A,-0.3307271,LINCSKD_31604,VCAP,120 h,LINCSCP_18454,HCC515,10uM,6h
MAPK11,MLS002703076,-0.33066818,LINCSKD_31604,VCAP,120 h,LINCSCP_46243,PC3,10uM,24h
MAPK11,MLS001065904,-0.33049003,LINCSKD_31604,VCAP,120 h,LINCSCP_267580,PC3,10uM,24h
MAPK11,Erythromycin Ethyl Succinate,-0.33048718,LINCSKD_31604,VCAP,120 h,LINCSCP_227841,HT29,10uM,6h
MAPK11,Cidoxepin,-0.3303733,LINCSKD_31604,VCAP,120 h,LINCSCP_44560,PC3,10uM,24h
MAPK11,BRD-K86059888,-0.33027089,LINCSKD_31604,VCAP,120 h,LINCSCP_62819,VCAP,5uM,24h
MAPK11,BRD-K58189273,-0.33000166,LINCSKD_31604,VCAP,120 h,LINCSCP_301262,VCAP,5uM,24h
MAPK11,BRD-K41513507,-0.32987262,LINCSKD_31604,VCAP,120 h,LINCSCP_37917,MCF7,0.5uM,24h
MAPK11,VU0365121-1,-0.32981643,LINCSKD_31604,VCAP,120 h,LINCSCP_31161,MCF7,10uM,24h
MAPK11,Daph,-0.32979465,LINCSKD_31604,VCAP,120 h,LINCSCP_46942,PC3,10uM,6h
MAPK11,BRD-K82727027,-0.3297493,LINCSKD_31604,VCAP,120 h,LINCSCP_63639,VCAP,5uM,6h
MAPK11,GANT-61,-0.32972654,LINCSKD_31604,VCAP,120 h,LINCSCP_270708,PC3,10uM,24h
MAPK11,MLS003129266,-0.32963657,LINCSKD_31604,VCAP,120 h,LINCSCP_60723,VCAP,5uM,24h
MAPK11,CHEMBL1242477,-0.32957216,LINCSKD_31604,VCAP,120 h,LINCSCP_13451,H1299,20uM,6h
MAPK11,SMR000081059,-0.32957022,LINCSKD_31604,VCAP,120 h,LINCSCP_191391,A549,10uM,6h
MAPK11,IN1128,-0.32951271,LINCSKD_31604,VCAP,120 h,LINCSCP_13714,HA1E,10uM,24h
MAPK11,BRD-K77760488,-0.32939325,LINCSKD_31604,VCAP,120 h,LINCSCP_65698,VCAP,10uM,24h
MAPK11,CBKINASE1_000526,-0.32927371,LINCSKD_31604,VCAP,120 h,LINCSCP_239495,MCF7,10uM,24h
MAPK11,Hydroxycholesterol,-0.32906604,LINCSKD_31604,VCAP,120 h,LINCSCP_10979,ASC,10uM,24h
MAPK11,noscapine,-0.32905179,LINCSKD_31604,VCAP,120 h,LINCSCP_129989,LNCAP,0.04uM,24h
MAPK11,Pyroxamide,-0.32892603,LINCSKD_31604,VCAP,120 h,LINCSCP_32302,MCF7,10uM,6h
MAPK11,MLS002276520,-0.32891383,LINCSKD_31604,VCAP,120 h,LINCSCP_22258,HEPG2,10uM,6h
MAPK11,BRD-K59995645,-0.32879194,LINCSKD_31604,VCAP,120 h,LINCSCP_60780,VCAP,5uM,24h
MAPK11,Pemoline,-0.32866214,LINCSKD_31604,VCAP,120 h,LINCSCP_34185,MCF7,10uM,6h
MAPK11,ST50031908,-0.32864271,LINCSKD_31604,VCAP,120 h,LINCSCP_263441,NPC,10uM,24h
MAPK11,Clonidine,-0.32841381,LINCSKD_31604,VCAP,120 h,LINCSCP_12884,DV90,10uM,6h
MAPK11,GW842166X,-0.32826594,LINCSKD_31604,VCAP,120 h,LINCSCP_120815,HT29,10uM,24h
MAPK11,BRD-K86149906,-0.32823818,LINCSKD_31604,VCAP,120 h,LINCSCP_232159,HT29,5uM,24h
MAPK11,BRD-K63368502,-0.32815054,LINCSKD_31604,VCAP,120 h,LINCSCP_242535,MCF7,10uM,24h
MAPK11,Triptolide,-0.32813038,LINCSKD_31604,VCAP,120 h,LINCSCP_31805,MCF7,10uM,6h
MAPK11,CHEMBL1965031,-0.32804729,LINCSKD_31604,VCAP,120 h,LINCSCP_16900,HA1E,10uM,6h
MAPK11,20554-84-1,-0.32800308,LINCSKD_31604,VCAP,120 h,LINCSCP_32325,MCF7,10uM,6h
MAPK11,BRD-K43194109,-0.32787282,LINCSKD_31604,VCAP,120 h,LINCSCP_64653,VCAP,10uM,24h
MAPK11,BRD-K01425431,-0.32786237,LINCSKD_31604,VCAP,120 h,LINCSCP_88121,HA1E,0.04uM,24h
MAPK11,BRD-K35081088,-0.32779348,LINCSKD_31604,VCAP,120 h,LINCSCP_306541,VCAP,5uM,6h
MAPK11,Doxorubicin,-0.32753556,LINCSKD_31604,VCAP,120 h,LINCSCP_80192,A375,10uM,24h
MAPK11,K-115,-0.32740878,LINCSKD_31604,VCAP,120 h,LINCSCP_76529,A375,3.33uM,24h
MAPK11,BRD-K96270963,-0.32719816,LINCSKD_31604,VCAP,120 h,LINCSCP_35173,MCF7,5uM,24h
MAPK11,MLS002264409,-0.32697096,LINCSKD_31604,VCAP,120 h,LINCSCP_45437,PC3,10uM,24h
MAPK11,MLS003429133,-0.32675658,LINCSKD_31604,VCAP,120 h,LINCSCP_21845,HEPG2,10uM,6h
MAPK11,U0126,-0.32670248,LINCSKD_31604,VCAP,120 h,LINCSCP_14262,HA1E,10uM,6h
MAPK11,SNS-314,-0.32667731,LINCSKD_31604,VCAP,120 h,LINCSCP_6199,A549,10uM,24h
MAPK11,MLS003129281,-0.32663635,LINCSKD_31604,VCAP,120 h,LINCSCP_195105,A549,5uM,24h
MAPK11,Lonafarnib,-0.3265892,LINCSKD_31604,VCAP,120 h,LINCSCP_122949,HT29,0.04uM,24h
MAPK11,PF-3084014,-0.32657714,LINCSKD_31604,VCAP,120 h,LINCSCP_124025,HT29,10uM,24h
MAPK11,MLS002264454,-0.32653983,LINCSKD_31604,VCAP,120 h,LINCSCP_22096,HEPG2,10uM,6h
MAPK11,BRD-K78524708,-0.32645683,LINCSKD_31604,VCAP,120 h,LINCSCP_271597,PC3,10uM,24h
MAPK11,CHEMBL2355630,-0.32641527,LINCSKD_31604,VCAP,120 h,LINCSCP_65886,VCAP,10uM,6h
MAPK11,Prednicarbate,-0.32638084,LINCSKD_31604,VCAP,120 h,LINCSCP_26843,HT29,10uM,6h
MAPK11,BRD-K09761560,-0.32620161,LINCSKD_31604,VCAP,120 h,LINCSCP_62763,VCAP,5uM,24h
MAPK11,KUC104255,-0.32618892,LINCSKD_31604,VCAP,120 h,LINCSCP_31523,MCF7,10uM,6h
MAPK11,CHEMBL2203528,-0.3261793,LINCSKD_31604,VCAP,120 h,LINCSCP_42016,NOMO1,0.1uM,6h
MAPK11,Fidaxomicin,-0.3261521,LINCSKD_31604,VCAP,120 h,LINCSCP_157452,PC3,3.33uM,24h
MAPK11,R-7128,-0.32612611,LINCSKD_31604,VCAP,120 h,LINCSCP_142547,MCF7,10uM,24h
MAPK11,RS-39604,-0.32611265,LINCSKD_31604,VCAP,120 h,LINCSCP_266248,PC3,10uM,24h
MAPK11,Elliptecine,-0.32605476,LINCSKD_31604,VCAP,120 h,LINCSCP_23744,HEPG2,3uM,6h
MAPK11,BRD-K97103850,-0.32592215,LINCSKD_31604,VCAP,120 h,LINCSCP_63956,VCAP,5uM,6h
MAPK11,Mocetinostat,-0.32587928,LINCSKD_31604,VCAP,120 h,LINCSCP_117398,HT29,0.37uM,24h
MAPK11,"Triazolothiadiazine, 8",-0.32578664,LINCSKD_31604,VCAP,120 h,LINCSCP_31388,MCF7,10uM,24h
MAPK11,vincristine,-0.32563163,LINCSKD_31604,VCAP,120 h,LINCSCP_33054,MCF7,10uM,24h
MAPK11,Isoniazid,-0.3254497,LINCSKD_31604,VCAP,120 h,LINCSCP_120697,HT29,1.11uM,24h
MAPK11,BRD-K54161818,-0.32529616,LINCSKD_31604,VCAP,120 h,LINCSCP_62557,VCAP,5uM,6h
MAPK11,Nad+,-0.32529615,LINCSKD_31604,VCAP,120 h,LINCSCP_47590,PC3,10uM,24h
MAPK11,MLS-0002494.0001,-0.32513253,LINCSKD_31604,VCAP,120 h,LINCSCP_58028,VCAP,10uM,6h
MAPK11,KS-1136,-0.32512586,LINCSKD_31604,VCAP,120 h,LINCSCP_240786,MCF7,10uM,6h
MAPK11,CHEMBL2361430,-0.32498464,LINCSKD_31604,VCAP,120 h,LINCSCP_23196,HEPG2,10uM,6h
MAPK11,PSI-6130,-0.32494577,LINCSKD_31604,VCAP,120 h,LINCSCP_121869,HT29,0.12uM,24h
MAPK11,BRD-K91053205,-0.32493016,LINCSKD_31604,VCAP,120 h,LINCSCP_48344,PC3,5uM,24h
MAPK11,BRD-K60297835,-0.32476515,LINCSKD_31604,VCAP,120 h,LINCSCP_47227,PC3,10uM,6h
MAPK11,MLS003568132,-0.32474243,LINCSKD_31604,VCAP,120 h,LINCSCP_21831,HEPG2,10uM,6h
MAPK11,CHEMBL2141840,-0.32473727,LINCSKD_31604,VCAP,120 h,LINCSCP_227804,HT29,10uM,6h
MAPK11,BRD-K53665713,-0.32403714,LINCSKD_31604,VCAP,120 h,LINCSCP_62555,VCAP,5uM,6h
MAPK11,CHEMBL2135770,-0.324027,LINCSKD_31604,VCAP,120 h,LINCSCP_23154,HEPG2,10uM,6h
MAPK11,STK661558,-0.32389805,LINCSKD_31604,VCAP,120 h,LINCSCP_216662,HCC515,10uM,6h
MAPK11,MLS002276484,-0.32381815,LINCSKD_31604,VCAP,120 h,LINCSCP_30952,MCF7,10uM,24h
MAPK11,BAS 07573666,-0.32374384,LINCSKD_31604,VCAP,120 h,LINCSCP_267864,PC3,10uM,6h
MAPK11,BRD-K52160314,-0.32373943,LINCSKD_31604,VCAP,120 h,LINCSCP_28505,HT29,10uM,24h
MAPK11,YK 4-279,-0.32358562,LINCSKD_31604,VCAP,120 h,LINCSCP_25016,HT115,10uM,6h
MAPK11,Palonosetron,-0.32353692,LINCSKD_31604,VCAP,120 h,LINCSCP_90854,HA1E,10uM,24h
MAPK11,BRD-K74436011,-0.32318969,LINCSKD_31604,VCAP,120 h,LINCSCP_28386,HT29,10uM,24h
MAPK11,"3-(1,3-Benzothiazol-2-yl)-2-methoxypropanoic acid",-0.32304932,LINCSKD_31604,VCAP,120 h,LINCSCP_2109,A375,10uM,6h
MAPK11,BRD-A69454249,-0.3229572,LINCSKD_31604,VCAP,120 h,LINCSCP_207200,FIBRNPC,10uM,6h
MAPK11,KUC104226,-0.32293454,LINCSKD_31604,VCAP,120 h,LINCSCP_45840,PC3,10uM,6h
MAPK11,BRD-K46448313,-0.32292184,LINCSKD_31604,VCAP,120 h,LINCSCP_64405,VCAP,5uM,6h
MAPK11,BRD-K87733826,-0.32285347,LINCSKD_31604,VCAP,120 h,LINCSCP_249107,MCF7,5uM,24h
MAPK11,Tolmetin,-0.32274907,LINCSKD_31604,VCAP,120 h,LINCSCP_192109,A549,10uM,6h
MAPK11,BRD-K40958081,-0.3226263,LINCSKD_31604,VCAP,120 h,LINCSCP_299197,VCAP,5uM,24h
MAPK11,UNII-Z4241U523E,-0.32242911,LINCSKD_31604,VCAP,120 h,LINCSCP_47421,PC3,10uM,6h
MAPK11,Acenocoumarol,-0.32240813,LINCSKD_31604,VCAP,120 h,LINCSCP_162022,PC3,1.11uM,24h
MAPK11,MLS003129239,-0.32234548,LINCSKD_31604,VCAP,120 h,LINCSCP_60740,VCAP,5uM,24h
MAPK11,SCHEMBL2608041,-0.32213976,LINCSKD_31604,VCAP,120 h,LINCSCP_5974,A549,10uM,24h
MAPK11,CHEMBL2355346,-0.3218319,LINCSKD_31604,VCAP,120 h,LINCSCP_65415,VCAP,10uM,6h
MAPK11,MLS002473642,-0.32178249,LINCSKD_31604,VCAP,120 h,LINCSCP_22016,HEPG2,10uM,6h
MAPK11,AK-968/41923934,-0.32176751,LINCSKD_31604,VCAP,120 h,LINCSCP_7754,A549,10uM,24h
MAPK11,MLS000040279,-0.32168269,LINCSKD_31604,VCAP,120 h,LINCSCP_30927,MCF7,10uM,24h
MAPK11,BRD-K57017252,-0.32166764,LINCSKD_31604,VCAP,120 h,LINCSCP_60052,VCAP,5uM,24h
MAPK11,SB 200646,-0.32143967,LINCSKD_31604,VCAP,120 h,LINCSCP_56352,VCAP,10uM,6h
MAPK11,Emtricitabine,-0.32120028,LINCSKD_31604,VCAP,120 h,LINCSCP_158072,PC3,0.04uM,24h
MAPK11,Mesulergine,-0.32116712,LINCSKD_31604,VCAP,120 h,LINCSCP_109793,HELA,1.11uM,24h
MAPK11,Deltaline,-0.32114746,LINCSKD_31604,VCAP,120 h,LINCSCP_11392,ASC,10uM,24h
MAPK11,BRD-K71032175,-0.32113964,LINCSKD_31604,VCAP,120 h,LINCSCP_61906,VCAP,5uM,6h
MAPK11,KUC103903N,-0.32112445,LINCSKD_31604,VCAP,120 h,LINCSCP_1852,A375,10uM,6h
MAPK11,Aminopurvalanol,-0.32103904,LINCSKD_31604,VCAP,120 h,LINCSCP_253641,MCF7,0.5uM,6h
MAPK11,SMR000151874,-0.32102992,LINCSKD_31604,VCAP,120 h,LINCSCP_26687,HT29,10uM,6h
MAPK11,MLS003129643,-0.32100936,LINCSKD_31604,VCAP,120 h,LINCSCP_60682,VCAP,5uM,6h
MAPK11,BRD-K01221769,0.32100607,LINCSKD_31604,VCAP,120 h,LINCSCP_63257,VCAP,5uM,6h
MAPK11,Sulfapyridine,0.32101773,LINCSKD_31604,VCAP,120 h,LINCSCP_47639,PC3,10uM,24h
MAPK11,C.I. MORDANT BLACK 11,0.32102175,LINCSKD_31604,VCAP,120 h,LINCSCP_33345,MCF7,10uM,24h
MAPK11,"3,4-Dimethoxyphenethylamine",0.32109791,LINCSKD_31604,VCAP,120 h,LINCSCP_45940,PC3,10uM,24h
MAPK11,MEGXP0_000778,0.32112122,LINCSKD_31604,VCAP,120 h,LINCSCP_52192,SKB,10uM,24h
MAPK11,CHEMBL566061,0.32114127,LINCSKD_31604,VCAP,120 h,LINCSCP_1328,A375,10uM,6h
MAPK11,Tiapride,0.32115917,LINCSKD_31604,VCAP,120 h,LINCSCP_139665,MCF7,0.37uM,24h
MAPK11,BRD-K30393343,0.32118593,LINCSKD_31604,VCAP,120 h,LINCSCP_253899,MCF7,3uM,24h
MAPK11,BRD-K11468724,0.32121509,LINCSKD_31604,VCAP,120 h,LINCSCP_62346,VCAP,5uM,6h
MAPK11,BRD-K22828860,0.3213054,LINCSKD_31604,VCAP,120 h,LINCSCP_6041,A549,10uM,6h
MAPK11,BRD-K37262906,0.32134305,LINCSKD_31604,VCAP,120 h,LINCSCP_59760,VCAP,5uM,6h
MAPK11,SCHEMBL1675223,0.32135517,LINCSKD_31604,VCAP,120 h,LINCSCP_238554,MCF7,10uM,6h
MAPK11,Salsolinol,0.32135605,LINCSKD_31604,VCAP,120 h,LINCSCP_7542,A549,10uM,6h
MAPK11,Benzohydroxamate,0.32140139,LINCSKD_31604,VCAP,120 h,LINCSCP_23885,HEPG2,1.11uM,24h
MAPK11,SCHEMBL11977669,0.32143655,LINCSKD_31604,VCAP,120 h,LINCSCP_191717,A549,10uM,24h
MAPK11,BRD-K14091022,0.32144018,LINCSKD_31604,VCAP,120 h,LINCSCP_63342,VCAP,5uM,24h
MAPK11,BRD-K86162390,0.32145445,LINCSKD_31604,VCAP,120 h,LINCSCP_63749,VCAP,5uM,24h
MAPK11,BRD-K84260700,0.32149458,LINCSKD_31604,VCAP,120 h,LINCSCP_60086,VCAP,5uM,24h
MAPK11,SA-434027,0.32151287,LINCSKD_31604,VCAP,120 h,LINCSCP_37218,MCF7,0.5uM,24h
MAPK11,BRD-K54323133,0.32151901,LINCSKD_31604,VCAP,120 h,LINCSCP_3152,A375,5uM,24h
MAPK11,Tolcapone,0.32152362,LINCSKD_31604,VCAP,120 h,LINCSCP_34198,MCF7,10uM,6h
MAPK11,L-152804,0.32154148,LINCSKD_31604,VCAP,120 h,LINCSCP_33437,MCF7,10uM,6h
MAPK11,MLS003448167,0.32158372,LINCSKD_31604,VCAP,120 h,LINCSCP_237361,MCF7,10uM,24h
MAPK11,SUGA1_010488,0.32159517,LINCSKD_31604,VCAP,120 h,LINCSCP_20210,HCC515,10uM,6h
MAPK11,E 2012,0.32165802,LINCSKD_31604,VCAP,120 h,LINCSCP_141299,MCF7,10uM,24h
MAPK11,Noscapine,0.32166122,LINCSKD_31604,VCAP,120 h,LINCSCP_57487,VCAP,10uM,6h
MAPK11,BRD-K82154894,0.32167134,LINCSKD_31604,VCAP,120 h,LINCSCP_8683,A549,5uM,24h
MAPK11,Bromfenac,0.32172658,LINCSKD_31604,VCAP,120 h,LINCSCP_20731,HCC515,10uM,6h
MAPK11,PH-797804,0.32173512,LINCSKD_31604,VCAP,120 h,LINCSCP_175801,YAPC,0.04uM,24h
MAPK11,BRD-K79459005,0.32174013,LINCSKD_31604,VCAP,120 h,LINCSCP_3024,A375,10uM,6h
MAPK11,BRD-K78787424,0.32174764,LINCSKD_31604,VCAP,120 h,LINCSCP_66029,VCAP,10uM,24h
MAPK11,SA-85290,0.32178123,LINCSKD_31604,VCAP,120 h,LINCSCP_252402,MCF7,1uM,6h
MAPK11,SA-101686,0.32179393,LINCSKD_31604,VCAP,120 h,LINCSCP_37384,MCF7,10uM,6h
MAPK11,BRD-K25070860,0.32181574,LINCSKD_31604,VCAP,120 h,LINCSCP_64178,VCAP,5uM,24h
MAPK11,Alectinib,0.32181719,LINCSKD_31604,VCAP,120 h,LINCSCP_87400,CD34,0.04uM,24h
MAPK11,BRD-K23985677,0.32182278,LINCSKD_31604,VCAP,120 h,LINCSCP_61576,VCAP,5uM,24h
MAPK11,Piperacillin,0.32186905,LINCSKD_31604,VCAP,120 h,LINCSCP_17015,HA1E,10uM,6h
MAPK11,BRD-K03496358,0.32190589,LINCSKD_31604,VCAP,120 h,LINCSCP_64855,VCAP,10uM,24h
MAPK11,BRD-K64391475,0.3219063,LINCSKD_31604,VCAP,120 h,LINCSCP_63720,VCAP,5uM,24h
MAPK11,Vigabatrin,0.32194056,LINCSKD_31604,VCAP,120 h,LINCSCP_34538,MCF7,10uM,6h
MAPK11,CHEMBL1270412,0.32197276,LINCSKD_31604,VCAP,120 h,LINCSCP_216144,HCC515,10uM,6h
MAPK11,Amidate,0.3220057,LINCSKD_31604,VCAP,120 h,LINCSCP_214811,HCC515,10uM,6h
MAPK11,BRD-K12189280,0.32203378,LINCSKD_31604,VCAP,120 h,LINCSCP_64361,VCAP,5uM,6h
MAPK11,BRD-K20332840,0.32204703,LINCSKD_31604,VCAP,120 h,LINCSCP_41085,NEU,10uM,24h
MAPK11,BRD-K72913684,0.32205007,LINCSKD_31604,VCAP,120 h,LINCSCP_309653,VCAP,5uM,6h
MAPK11,BRD-K90679612,0.32206693,LINCSKD_31604,VCAP,120 h,LINCSCP_306683,VCAP,5uM,6h
MAPK11,Guggulsterone,0.32211177,LINCSKD_31604,VCAP,120 h,LINCSCP_11254,ASC,10uM,24h
MAPK11,639090-55-4,0.32214818,LINCSKD_31604,VCAP,120 h,LINCSCP_25900,HT29,10uM,24h
MAPK11,BRD-K16897811,0.32215282,LINCSKD_31604,VCAP,120 h,LINCSCP_48351,PC3,5uM,24h
MAPK11,SA-427069,0.32217137,LINCSKD_31604,VCAP,120 h,LINCSCP_41658,NKDBA,1uM,24h
MAPK11,BRN 1601185,0.32229826,LINCSKD_31604,VCAP,120 h,LINCSCP_7916,A549,10uM,24h
MAPK11,CHEMBL1271321,0.32230401,LINCSKD_31604,VCAP,120 h,LINCSCP_5536,A549,10uM,6h
MAPK11,GBR12783,0.32234789,LINCSKD_31604,VCAP,120 h,LINCSCP_41025,NEU,10uM,24h
MAPK11,"2-Cyano-3-(3,4-dihydroxyphenyl)-n-phenylprop-2-enamide",0.32242257,LINCSKD_31604,VCAP,120 h,LINCSCP_18028,HCC515,10uM,24h
MAPK11,Desoxymetasone,0.32242334,LINCSKD_31604,VCAP,120 h,LINCSCP_266179,PC3,10uM,24h
MAPK11,MK-8033,0.32243941,LINCSKD_31604,VCAP,120 h,LINCSCP_122800,HT29,10uM,24h
MAPK11,4-Methoxy-6-phenyl-1H-pyrimidine-2-thione,0.32258575,LINCSKD_31604,VCAP,120 h,LINCSCP_15718,HA1E,10uM,24h
MAPK11,SA-101841,0.32261425,LINCSKD_31604,VCAP,120 h,LINCSCP_38318,MCF7,3uM,6h
MAPK11,CHEMBL2135537,0.32264807,LINCSKD_31604,VCAP,120 h,LINCSCP_59386,VCAP,10uM,6h
MAPK11,MLS002703292,0.322659,LINCSKD_31604,VCAP,120 h,LINCSCP_4873,A549,10uM,24h
MAPK11,MEGXP0_000816,0.32276649,LINCSKD_31604,VCAP,120 h,LINCSCP_23329,HEPG2,10uM,24h
MAPK11,AC1MHNXZ,0.32278354,LINCSKD_31604,VCAP,120 h,LINCSCP_263462,NPC,10uM,24h
MAPK11,BRD-K81953058,0.32279148,LINCSKD_31604,VCAP,120 h,LINCSCP_199701,A549,5uM,24h
MAPK11,ST085375,0.32282063,LINCSKD_31604,VCAP,120 h,LINCSCP_20293,HCC515,10uM,6h
MAPK11,BRD-K25436320,0.32287829,LINCSKD_31604,VCAP,120 h,LINCSCP_59747,VCAP,5uM,6h
MAPK11,BRD-A02747686,0.32291018,LINCSKD_31604,VCAP,120 h,LINCSCP_108928,HELA,0.04uM,24h
MAPK11,SB271046,0.32298983,LINCSKD_31604,VCAP,120 h,LINCSCP_173609,YAPC,10uM,24h
MAPK11,MLS-0315872.0001,0.32300457,LINCSKD_31604,VCAP,120 h,LINCSCP_216832,HCC515,10uM,6h
MAPK11,SB408124,0.32301525,LINCSKD_31604,VCAP,120 h,LINCSCP_14101,HA1E,10uM,24h
MAPK11,CHEMBL1788383,0.32317541,LINCSKD_31604,VCAP,120 h,LINCSCP_33253,MCF7,10uM,6h
MAPK11,L-733060,0.32317948,LINCSKD_31604,VCAP,120 h,LINCSCP_55640,VCAP,10uM,24h
MAPK11,BRD-K89194506,0.32327733,LINCSKD_31604,VCAP,120 h,LINCSCP_278906,PC3,10uM,24h
MAPK11,KBIO2_001961,0.32328093,LINCSKD_31604,VCAP,120 h,LINCSCP_2835,A375,10uM,6h
MAPK11,CAY-10594,0.32337808,LINCSKD_31604,VCAP,120 h,LINCSCP_25790,HT29,20uM,6h
MAPK11,Rabusertib,0.32339321,LINCSKD_31604,VCAP,120 h,LINCSCP_87206,CD34,0.12uM,24h
MAPK11,BRD-K35932822,0.32340519,LINCSKD_31604,VCAP,120 h,LINCSCP_65961,VCAP,0.5uM,24h
MAPK11,MLS002607805,0.3234659,LINCSKD_31604,VCAP,120 h,LINCSCP_31438,MCF7,10uM,6h
MAPK11,5-Bromo-n-[(3-methylpyridin-2-yl)carbamothioyl]pyridine-3-carboxamide,0.3234765,LINCSKD_31604,VCAP,120 h,LINCSCP_190726,A549,10uM,6h
MAPK11,Oligomycin A,0.32348956,LINCSKD_31604,VCAP,120 h,LINCSCP_25693,HT29,10uM,6h
MAPK11,BRD-K77070775,0.32353036,LINCSKD_31604,VCAP,120 h,LINCSCP_27594,HT29,5uM,24h
MAPK11,F3284-4453,0.32355417,LINCSKD_31604,VCAP,120 h,LINCSCP_258263,NEU,10uM,24h
MAPK11,BRD-K10662075,0.32356782,LINCSKD_31604,VCAP,120 h,LINCSCP_247490,MCF7,5uM,24h
MAPK11,Guanadrel,0.32358825,LINCSKD_31604,VCAP,120 h,LINCSCP_74425,A375,0.37uM,24h
MAPK11,BRD-K18929270,0.32366062,LINCSKD_31604,VCAP,120 h,LINCSCP_199232,A549,5uM,24h
MAPK11,BRD-K39255658,0.32373425,LINCSKD_31604,VCAP,120 h,LINCSCP_61775,VCAP,5uM,24h
MAPK11,BRD-K82367827,0.32375867,LINCSKD_31604,VCAP,120 h,LINCSCP_312056,VCAP,10uM,24h
MAPK11,SR-02000000367,0.32375916,LINCSKD_31604,VCAP,120 h,LINCSCP_22053,HEPG2,10uM,6h
MAPK11,Lintitript,0.3238009,LINCSKD_31604,VCAP,120 h,LINCSCP_56274,VCAP,10uM,24h
MAPK11,BRD-K20369357,0.32380223,LINCSKD_31604,VCAP,120 h,LINCSCP_276961,PC3,5uM,24h
MAPK11,CCG-208038,0.32381877,LINCSKD_31604,VCAP,120 h,LINCSCP_43389,NPC,10uM,24h
MAPK11,BRD-K93880770,0.32381888,LINCSKD_31604,VCAP,120 h,LINCSCP_63646,VCAP,5uM,6h
MAPK11,MLS000583957,0.32383037,LINCSKD_31604,VCAP,120 h,LINCSCP_42363,NPC,10uM,24h
MAPK11,ALD1-H_000553,0.32388299,LINCSKD_31604,VCAP,120 h,LINCSCP_2089,A375,10uM,6h
MAPK11,BRD-K80747759,0.32388976,LINCSKD_31604,VCAP,120 h,LINCSCP_312361,VCAP,10uM,24h
MAPK11,BRD-K76485827,0.32390617,LINCSKD_31604,VCAP,120 h,LINCSCP_64694,VCAP,10uM,24h
MAPK11,BRD-K51360326,0.32391304,LINCSKD_31604,VCAP,120 h,LINCSCP_62734,VCAP,5uM,6h
MAPK11,Citalopram,0.3239313,LINCSKD_31604,VCAP,120 h,LINCSCP_292715,VCAP,10uM,24h
MAPK11,CHEMBL2356525,0.32401858,LINCSKD_31604,VCAP,120 h,LINCSCP_34960,MCF7,5uM,24h
MAPK11,BRD-K16752930,0.32403262,LINCSKD_31604,VCAP,120 h,LINCSCP_300033,VCAP,5uM,6h
MAPK11,MLS002264458,0.32404683,LINCSKD_31604,VCAP,120 h,LINCSCP_31268,MCF7,10uM,6h
MAPK11,MLS002264489,0.32409969,LINCSKD_31604,VCAP,120 h,LINCSCP_5258,A549,10uM,6h
MAPK11,Peucedanin,0.32410171,LINCSKD_31604,VCAP,120 h,LINCSCP_13767,HA1E,10uM,24h
MAPK11,BRD-K87838848,0.32412878,LINCSKD_31604,VCAP,120 h,LINCSCP_64030,VCAP,5uM,24h
MAPK11,BRD-K85205404,0.32412895,LINCSKD_31604,VCAP,120 h,LINCSCP_307142,VCAP,5uM,6h
MAPK11,SA-89763,0.3241488,LINCSKD_31604,VCAP,120 h,LINCSCP_260505,NKDBA,1uM,24h
MAPK11,ST50903421,0.32417898,LINCSKD_31604,VCAP,120 h,LINCSCP_226260,HT29,10uM,6h
MAPK11,221243-77-2,0.32419412,LINCSKD_31604,VCAP,120 h,LINCSCP_292101,VCAP,10uM,6h
MAPK11,Atracurium,0.32421584,LINCSKD_31604,VCAP,120 h,LINCSCP_5698,A549,10uM,24h
MAPK11,CHEMBL1270413,0.3242399,LINCSKD_31604,VCAP,120 h,LINCSCP_16055,HA1E,10uM,6h
MAPK11,ACON1_002097,0.32425927,LINCSKD_31604,VCAP,120 h,LINCSCP_16253,HA1E,10uM,6h
MAPK11,BRD-K25990552,0.32426352,LINCSKD_31604,VCAP,120 h,LINCSCP_48512,PC3,10uM,24h
MAPK11,BRD-K29253390,0.32427183,LINCSKD_31604,VCAP,120 h,LINCSCP_27799,HT29,5uM,24h
MAPK11,Pimavanserin,0.32429252,LINCSKD_31604,VCAP,120 h,LINCSCP_141352,MCF7,0.04uM,24h
MAPK11,MLS003128880,0.32435696,LINCSKD_31604,VCAP,120 h,LINCSCP_64337,VCAP,5uM,24h
MAPK11,Benproperine,0.32438617,LINCSKD_31604,VCAP,120 h,LINCSCP_58072,VCAP,10uM,24h
MAPK11,SA-243929,0.32439939,LINCSKD_31604,VCAP,120 h,LINCSCP_253628,MCF7,10uM,6h
MAPK11,Heat,0.32444458,LINCSKD_31604,VCAP,120 h,LINCSCP_33292,MCF7,10uM,24h
MAPK11,LY 278584,0.32446505,LINCSKD_31604,VCAP,120 h,LINCSCP_55731,VCAP,10uM,6h
MAPK11,Thiothixene,0.3245075,LINCSKD_31604,VCAP,120 h,LINCSCP_42592,NPC,10uM,24h
MAPK11,SPECTRUM_000051,0.32452948,LINCSKD_31604,VCAP,120 h,LINCSCP_221100,HEPG2,10uM,6h
MAPK11,BRD-K78777980,0.32458185,LINCSKD_31604,VCAP,120 h,LINCSCP_65701,VCAP,10uM,24h
MAPK11,BUTORPHANOL-(+)-TARTRATE (DEA license),0.32459663,LINCSKD_31604,VCAP,120 h,LINCSCP_139072,MCF7,0.12uM,24h
MAPK11,MLS003126519,0.32460268,LINCSKD_31604,VCAP,120 h,LINCSCP_5306,A549,10uM,6h
MAPK11,2-(4-Nitro-phenylamino)-benzoic acid,0.32461685,LINCSKD_31604,VCAP,120 h,LINCSCP_12486,CD34,0.5uM,6h
MAPK11,MDL 29951,0.32464547,LINCSKD_31604,VCAP,120 h,LINCSCP_56442,VCAP,10uM,24h
MAPK11,SA-1919710,0.32471173,LINCSKD_31604,VCAP,120 h,LINCSCP_41722,NKDBA,1uM,24h
MAPK11,BRD-K19330527,0.32472677,LINCSKD_31604,VCAP,120 h,LINCSCP_65927,VCAP,10uM,24h
MAPK11,BRD-K00362189,0.32474425,LINCSKD_31604,VCAP,120 h,LINCSCP_49068,PC3,10uM,6h
MAPK11,Tolazoline,0.32489504,LINCSKD_31604,VCAP,120 h,LINCSCP_227945,HT29,10uM,6h
MAPK11,BRD-K78603557,0.32491093,LINCSKD_31604,VCAP,120 h,LINCSCP_6105,A549,10uM,6h
MAPK11,BRD-K12241427,0.32492015,LINCSKD_31604,VCAP,120 h,LINCSCP_63339,VCAP,5uM,24h
MAPK11,BRD-K37014875,0.32496338,LINCSKD_31604,VCAP,120 h,LINCSCP_62883,VCAP,5uM,24h
MAPK11,PCO-400,0.32499061,LINCSKD_31604,VCAP,120 h,LINCSCP_44315,PC3,10uM,6h
MAPK11,SA-1922932,0.32506987,LINCSKD_31604,VCAP,120 h,LINCSCP_253632,MCF7,3uM,6h
MAPK11,"ICI 192,605",0.32507737,LINCSKD_31604,VCAP,120 h,LINCSCP_171573,YAPC,3.33uM,24h
MAPK11,MLS003129366,0.32512962,LINCSKD_31604,VCAP,120 h,LINCSCP_60559,VCAP,5uM,24h
MAPK11,AC1LHZKN,0.32519687,LINCSKD_31604,VCAP,120 h,LINCSCP_10691,ASC,10uM,24h
MAPK11,YC1,0.32529024,LINCSKD_31604,VCAP,120 h,LINCSCP_14115,HA1E,10uM,24h
MAPK11,SPOX1_000823,0.32534579,LINCSKD_31604,VCAP,120 h,LINCSCP_20087,HCC515,10uM,6h
MAPK11,CHEMBL2356313,0.32538169,LINCSKD_31604,VCAP,120 h,LINCSCP_8394,A549,5uM,24h
MAPK11,BRD-K93549834,0.32540178,LINCSKD_31604,VCAP,120 h,LINCSCP_298210,VCAP,5uM,6h
MAPK11,172985-18-1,0.3254235,LINCSKD_31604,VCAP,120 h,LINCSCP_46578,PC3,10uM,6h
MAPK11,MLS003337116,0.32554772,LINCSKD_31604,VCAP,120 h,LINCSCP_177880,A375,10uM,24h
MAPK11,BRD-K37852224,0.32556138,LINCSKD_31604,VCAP,120 h,LINCSCP_46345,PC3,10uM,6h
MAPK11,NCGC00238543-01,0.325568,LINCSKD_31604,VCAP,120 h,LINCSCP_19817,HCC515,10uM,6h
MAPK11,Pantoprazole,0.32556854,LINCSKD_31604,VCAP,120 h,LINCSCP_5682,A549,10uM,24h
MAPK11,Fluorouracil,0.32564989,LINCSKD_31604,VCAP,120 h,LINCSCP_10204,A549,3uM,6h
MAPK11,BRD-K43623238,0.32565856,LINCSKD_31604,VCAP,120 h,LINCSCP_65971,VCAP,10uM,24h
MAPK11,BRD-K09054764,0.32568801,LINCSKD_31604,VCAP,120 h,LINCSCP_65764,VCAP,10uM,6h
MAPK11,BRD-K31230167-001-01-8,0.32569449,LINCSKD_31604,VCAP,120 h,LINCSCP_62363,VCAP,5uM,6h
MAPK11,BRD-K88278225,0.3257177,LINCSKD_31604,VCAP,120 h,LINCSCP_20677,HCC515,10uM,6h
MAPK11,KUC105999N,0.32573245,LINCSKD_31604,VCAP,120 h,LINCSCP_292754,VCAP,10uM,24h
MAPK11,MLS003129394,0.32579913,LINCSKD_31604,VCAP,120 h,LINCSCP_41759,NKDBA,3uM,24h
MAPK11,BRD-K07033348,0.32580897,LINCSKD_31604,VCAP,120 h,LINCSCP_64865,VCAP,10uM,24h
MAPK11,BRD-K61102260,0.32582222,LINCSKD_31604,VCAP,120 h,LINCSCP_8935,A549,10uM,24h
MAPK11,Tranylcypromine,0.32585538,LINCSKD_31604,VCAP,120 h,LINCSCP_164839,SKL.C,3.33uM,24h
MAPK11,Dexniguldipine,0.32587468,LINCSKD_31604,VCAP,120 h,LINCSCP_170950,YAPC,10uM,24h
MAPK11,Pseudopelletierine,0.32590336,LINCSKD_31604,VCAP,120 h,LINCSCP_14520,HA1E,10uM,6h
MAPK11,BRD-K46178029,0.32591312,LINCSKD_31604,VCAP,120 h,LINCSCP_62786,VCAP,5uM,24h
MAPK11,N-(4-Methoxybenzyl)-1-(naphthalen-1-yl)methanamine,0.32592946,LINCSKD_31604,VCAP,120 h,LINCSCP_57409,VCAP,10uM,6h
MAPK11,CHEMBL2360603,0.32595282,LINCSKD_31604,VCAP,120 h,LINCSCP_278962,PC3,10uM,6h
MAPK11,BRD-K99958302,0.32599373,LINCSKD_31604,VCAP,120 h,LINCSCP_64462,VCAP,5uM,6h
MAPK11,BRD-K09551497,0.32604214,LINCSKD_31604,VCAP,120 h,LINCSCP_199203,A549,5uM,24h
MAPK11,Syringic acid,0.32612516,LINCSKD_31604,VCAP,120 h,LINCSCP_23438,HEPG2,10uM,24h
MAPK11,Enclomiphene,0.32612861,LINCSKD_31604,VCAP,120 h,LINCSCP_226637,HT29,10uM,6h
MAPK11,BRD-K47024121,0.32613331,LINCSKD_31604,VCAP,120 h,LINCSCP_63382,VCAP,5uM,24h
MAPK11,BRD-K59194364,0.3261633,LINCSKD_31604,VCAP,120 h,LINCSCP_48194,PC3,5uM,24h
MAPK11,BRD-K82019527,0.32616904,LINCSKD_31604,VCAP,120 h,LINCSCP_308991,VCAP,5uM,6h
MAPK11,BRD-K84405221,0.32617206,LINCSKD_31604,VCAP,120 h,LINCSCP_60488,VCAP,5uM,6h
MAPK11,CHEMBL475341,0.32620157,LINCSKD_31604,VCAP,120 h,LINCSCP_13411,H1299,100uM,6h
MAPK11,BRD-K81123598,0.32620915,LINCSKD_31604,VCAP,120 h,LINCSCP_196822,A549,5uM,24h
MAPK11,BRD-K69672023,0.32626282,LINCSKD_31604,VCAP,120 h,LINCSCP_310642,VCAP,10uM,6h
MAPK11,Dequalinium,0.32630613,LINCSKD_31604,VCAP,120 h,LINCSCP_143403,MCF7,0.12uM,24h
MAPK11,KUC104488,0.32630668,LINCSKD_31604,VCAP,120 h,LINCSCP_26125,HT29,10uM,6h
MAPK11,"9-Fluoro-11,17,21-trihydroxy-16-methylpregna-1,4-diene-3,20-dione",0.32636904,LINCSKD_31604,VCAP,120 h,LINCSCP_292959,VCAP,10uM,6h
MAPK11,SA-101776,0.32637936,LINCSKD_31604,VCAP,120 h,LINCSCP_253667,MCF7,0.5uM,6h
MAPK11,DM163,0.32639126,LINCSKD_31604,VCAP,120 h,LINCSCP_219443,HEPG2,10uM,6h
MAPK11,BRD-K09725203,0.32643195,LINCSKD_31604,VCAP,120 h,LINCSCP_304429,VCAP,5uM,24h
MAPK11,Lofexidine,0.32645454,LINCSKD_31604,VCAP,120 h,LINCSCP_34427,MCF7,10uM,24h
MAPK11,SCHEMBL1675174,0.3265157,LINCSKD_31604,VCAP,120 h,LINCSCP_178578,A375,10uM,6h
MAPK11,BRD-K37638153,0.32652353,LINCSKD_31604,VCAP,120 h,LINCSCP_65274,VCAP,10uM,24h
MAPK11,ALD1-H_000965,0.32653852,LINCSKD_31604,VCAP,120 h,LINCSCP_31988,MCF7,10uM,24h
MAPK11,Alclometasone,0.32654332,LINCSKD_31604,VCAP,120 h,LINCSCP_34453,MCF7,10uM,24h
MAPK11,BRD-K42048463,0.32662526,LINCSKD_31604,VCAP,120 h,LINCSCP_195649,A549,5uM,24h
MAPK11,NBI 27914,0.32666773,LINCSKD_31604,VCAP,120 h,LINCSCP_33227,MCF7,10uM,6h
MAPK11,Vernakalant (Hydrochloride),0.32668606,LINCSKD_31604,VCAP,120 h,LINCSCP_119809,HT29,0.04uM,24h
MAPK11,BRD-K54674054,0.32669172,LINCSKD_31604,VCAP,120 h,LINCSCP_34041,MCF7,10uM,6h
MAPK11,SDCCGMLS-0066838.P001,0.32669454,LINCSKD_31604,VCAP,120 h,LINCSCP_7545,A549,10uM,24h
MAPK11,BRD-K90184854,0.32670896,LINCSKD_31604,VCAP,120 h,LINCSCP_65728,VCAP,10uM,24h
MAPK11,AF 1312TS,0.32671936,LINCSKD_31604,VCAP,120 h,LINCSCP_188980,A549,10uM,24h
MAPK11,BRD-K36333904,0.32673065,LINCSKD_31604,VCAP,120 h,LINCSCP_48521,PC3,10uM,24h
MAPK11,Emetine,0.32673157,LINCSKD_31604,VCAP,120 h,LINCSCP_28911,HUH7,3uM,6h
MAPK11,BRD-K23424219,0.32676197,LINCSKD_31604,VCAP,120 h,LINCSCP_63015,VCAP,5uM,24h
MAPK11,CHEMBL1165368,0.32678396,LINCSKD_31604,VCAP,120 h,LINCSCP_44022,PC3,10uM,24h
MAPK11,MLS003153123,0.32692571,LINCSKD_31604,VCAP,120 h,LINCSCP_1485,A375,10uM,6h
MAPK11,BRD-K89953543,0.32693173,LINCSKD_31604,VCAP,120 h,LINCSCP_63421,VCAP,5uM,24h
MAPK11,BRD-K45892018,0.32696813,LINCSKD_31604,VCAP,120 h,LINCSCP_195661,A549,5uM,24h
MAPK11,"Triazine Scaffold, 19",0.3269939,LINCSKD_31604,VCAP,120 h,LINCSCP_31723,MCF7,10uM,6h
MAPK11,Orphenadrine,0.32701116,LINCSKD_31604,VCAP,120 h,LINCSCP_214006,HCC515,10uM,6h
MAPK11,Bendroflumethiazide,0.32701129,LINCSKD_31604,VCAP,120 h,LINCSCP_242860,MCF7,10uM,24h
MAPK11,BRD-K73602693,0.3270616,LINCSKD_31604,VCAP,120 h,LINCSCP_37940,MCF7,10uM,24h
MAPK11,BRD-K90680884,0.32709738,LINCSKD_31604,VCAP,120 h,LINCSCP_197671,A549,5uM,24h
MAPK11,CHEMBL2144875,0.32709762,LINCSKD_31604,VCAP,120 h,LINCSCP_47106,PC3,10uM,24h
MAPK11,STK178014,0.32711153,LINCSKD_31604,VCAP,120 h,LINCSCP_40139,NCIH2073,50uM,6h
MAPK11,Triflupromazine,0.32711913,LINCSKD_31604,VCAP,120 h,LINCSCP_223372,HT29,10uM,6h
MAPK11,CHEMBL589756,0.32712549,LINCSKD_31604,VCAP,120 h,LINCSCP_57333,VCAP,10uM,24h
MAPK11,AZD-1480,0.32718063,LINCSKD_31604,VCAP,120 h,LINCSCP_95665,HA1E,0.04uM,24h
MAPK11,KUC104240N,0.32720534,LINCSKD_31604,VCAP,120 h,LINCSCP_189555,A549,10uM,24h
MAPK11,SA-1458902,0.32721585,LINCSKD_31604,VCAP,120 h,LINCSCP_38260,MCF7,10uM,24h
MAPK11,Droperidol,0.32726426,LINCSKD_31604,VCAP,120 h,LINCSCP_14797,HA1E,10uM,24h
MAPK11,ST013886,0.32726746,LINCSKD_31604,VCAP,120 h,LINCSCP_64564,VCAP,20uM,6h
MAPK11,Diethyltoluamide,0.32729633,LINCSKD_31604,VCAP,120 h,LINCSCP_11599,ASC,10uM,24h
MAPK11,CHEMBL2355513,0.32732019,LINCSKD_31604,VCAP,120 h,LINCSCP_37135,MCF7,1uM,6h
MAPK11,Brucinum,0.32733492,LINCSKD_31604,VCAP,120 h,LINCSCP_52533,SKB,10uM,24h
MAPK11,BRD-K57638192,0.32738116,LINCSKD_31604,VCAP,120 h,LINCSCP_61478,VCAP,5uM,24h
MAPK11,BRD-K95482240,0.32742173,LINCSKD_31604,VCAP,120 h,LINCSCP_7936,A549,10uM,24h
MAPK11,Vesamicol,0.32744822,LINCSKD_31604,VCAP,120 h,LINCSCP_5720,A549,10uM,24h
MAPK11,BRD-K24754728,0.32750494,LINCSKD_31604,VCAP,120 h,LINCSCP_33992,MCF7,10uM,6h
MAPK11,BRD-K33832590,0.32750787,LINCSKD_31604,VCAP,120 h,LINCSCP_298946,VCAP,5uM,6h
MAPK11,Nifekalant,0.32760031,LINCSKD_31604,VCAP,120 h,LINCSCP_293884,VCAP,10uM,24h
MAPK11,Tropisetron HCl,0.32760207,LINCSKD_31604,VCAP,120 h,LINCSCP_46098,PC3,10uM,24h
MAPK11,"2-Propenoic acid, 3-[4-(1H-imidazol-1-ylmethyl)phenyl]-, (z)-",0.32760259,LINCSKD_31604,VCAP,120 h,LINCSCP_244500,MCF7,10uM,24h
MAPK11,Vinburnine,0.32760499,LINCSKD_31604,VCAP,120 h,LINCSCP_157151,PC3,6.79uM,24h
MAPK11,YM 976,0.32771323,LINCSKD_31604,VCAP,120 h,LINCSCP_169633,YAPC,3.33uM,24h
MAPK11,SMR000250171,0.32771718,LINCSKD_31604,VCAP,120 h,LINCSCP_19803,HCC515,10uM,6h
MAPK11,BRD-K50558304,0.32772193,LINCSKD_31604,VCAP,120 h,LINCSCP_8159,A549,5uM,24h
MAPK11,PD-407824,0.32774434,LINCSKD_31604,VCAP,120 h,LINCSCP_254542,MCF7,0.5uM,6h
MAPK11,MLS002232309,0.32778692,LINCSKD_31604,VCAP,120 h,LINCSCP_29518,MCF10A,0.1uM,24h
MAPK11,MLS001065864,0.32782415,LINCSKD_31604,VCAP,120 h,LINCSCP_31101,MCF7,10uM,6h
MAPK11,SA-89068,0.32785449,LINCSKD_31604,VCAP,120 h,LINCSCP_33949,MCF7,10uM,24h
MAPK11,BRD-K70166659,0.3278684,LINCSKD_31604,VCAP,120 h,LINCSCP_63729,VCAP,5uM,24h
MAPK11,Indolophenanthridine,0.32787688,LINCSKD_31604,VCAP,120 h,LINCSCP_7072,A549,10uM,24h
MAPK11,Rosmarinic acid,0.32788998,LINCSKD_31604,VCAP,120 h,LINCSCP_33730,MCF7,10uM,6h
MAPK11,Tasisulam,0.32794658,LINCSKD_31604,VCAP,120 h,LINCSCP_93846,HA1E,10uM,24h
MAPK11,ST005177,0.32797828,LINCSKD_31604,VCAP,120 h,LINCSCP_26951,HT29,10uM,6h
MAPK11,SA-1939007,0.32798093,LINCSKD_31604,VCAP,120 h,LINCSCP_41637,NKDBA,0.5uM,24h
MAPK11,Phenytoin,0.32801432,LINCSKD_31604,VCAP,120 h,LINCSCP_296090,VCAP,10uM,24h
MAPK11,BRD-K36767861,0.32809709,LINCSKD_31604,VCAP,120 h,LINCSCP_6056,A549,10uM,6h
MAPK11,MLS000106055,0.32815162,LINCSKD_31604,VCAP,120 h,LINCSCP_273658,PC3,0.1uM,6h
MAPK11,BRD-K37510840,0.32816641,LINCSKD_31604,VCAP,120 h,LINCSCP_62728,VCAP,5uM,6h
MAPK11,BRD-K99017327,0.32832258,LINCSKD_31604,VCAP,120 h,LINCSCP_296163,VCAP,10uM,24h
MAPK11,MLS003587254,0.32833857,LINCSKD_31604,VCAP,120 h,LINCSCP_45210,PC3,10uM,6h
MAPK11,Cirazoline,0.32837074,LINCSKD_31604,VCAP,120 h,LINCSCP_14102,HA1E,10uM,24h
MAPK11,MLS003179196,0.32839272,LINCSKD_31604,VCAP,120 h,LINCSCP_45759,PC3,10uM,6h
MAPK11,BRD-K14302652,0.32839464,LINCSKD_31604,VCAP,120 h,LINCSCP_63563,VCAP,5uM,6h
MAPK11,BRD-K07426711,0.32841725,LINCSKD_31604,VCAP,120 h,LINCSCP_60457,VCAP,5uM,6h
MAPK11,MLS000038113,0.32851874,LINCSKD_31604,VCAP,120 h,LINCSCP_46700,PC3,10uM,24h
MAPK11,Bromopyruvate,0.32852702,LINCSKD_31604,VCAP,120 h,LINCSCP_45056,PC3,100uM,24h
MAPK11,BRD-K53325797,0.32858282,LINCSKD_31604,VCAP,120 h,LINCSCP_12465,CD34,0.5uM,6h
MAPK11,CHEMBL2152359,0.32858894,LINCSKD_31604,VCAP,120 h,LINCSCP_17239,HA1E,1uM,24h
MAPK11,Buspirone,0.32863497,LINCSKD_31604,VCAP,120 h,LINCSCP_266361,PC3,10uM,24h
MAPK11,Tonabersat,0.32867964,LINCSKD_31604,VCAP,120 h,LINCSCP_91901,HA1E,3.33uM,24h
MAPK11,CID 91122153,0.32869756,LINCSKD_31604,VCAP,120 h,LINCSCP_19152,HCC515,10uM,6h
MAPK11,Dofetilide,0.32870786,LINCSKD_31604,VCAP,120 h,LINCSCP_5906,A549,10uM,6h
MAPK11,AC1NWAJL,0.32874213,LINCSKD_31604,VCAP,120 h,LINCSCP_6787,A549,10uM,24h
MAPK11,PK04_181167,0.32876863,LINCSKD_31604,VCAP,120 h,LINCSCP_32272,MCF7,10uM,24h
MAPK11,Ioxaglic acid,0.32877174,LINCSKD_31604,VCAP,120 h,LINCSCP_11477,ASC,10uM,24h
MAPK11,Lamivudine,0.32883157,LINCSKD_31604,VCAP,120 h,LINCSCP_5706,A549,10uM,24h
MAPK11,MLS003128853,0.3288494,LINCSKD_31604,VCAP,120 h,LINCSCP_34862,MCF7,5uM,24h
MAPK11,MLS003568137,0.32887136,LINCSKD_31604,VCAP,120 h,LINCSCP_188627,A549,10uM,6h
MAPK11,Medroxyprogesterone,0.32889442,LINCSKD_31604,VCAP,120 h,LINCSCP_31682,MCF7,10uM,24h
MAPK11,Chlorthalidone,0.3289156,LINCSKD_31604,VCAP,120 h,LINCSCP_90718,HA1E,1.11uM,24h
MAPK11,CHEMBL2057216,0.32892518,LINCSKD_31604,VCAP,120 h,LINCSCP_26198,HT29,10uM,6h
MAPK11,BRD-K27824357,0.32896664,LINCSKD_31604,VCAP,120 h,LINCSCP_60276,VCAP,5uM,6h
MAPK11,dexamethasone,0.32902998,LINCSKD_31604,VCAP,120 h,LINCSCP_124184,HT29,0.37uM,24h
MAPK11,SA-1458571,0.32904419,LINCSKD_31604,VCAP,120 h,LINCSCP_37224,MCF7,10uM,24h
MAPK11,Amthamine,0.32906147,LINCSKD_31604,VCAP,120 h,LINCSCP_242090,MCF7,10uM,24h
MAPK11,Procysteine,0.32908882,LINCSKD_31604,VCAP,120 h,LINCSCP_31830,MCF7,10uM,6h
MAPK11,Talniflumate,0.32910042,LINCSKD_31604,VCAP,120 h,LINCSCP_33315,MCF7,10uM,24h
MAPK11,DG-041,0.32917621,LINCSKD_31604,VCAP,120 h,LINCSCP_43756,OV7,40uM,6h
MAPK11,SMR000031475,0.32922027,LINCSKD_31604,VCAP,120 h,LINCSCP_236852,MCF7,10uM,24h
MAPK11,Oxaprozin,0.32922314,LINCSKD_31604,VCAP,120 h,LINCSCP_179521,A375,10uM,6h
MAPK11,Amitrole,0.32925316,LINCSKD_31604,VCAP,120 h,LINCSCP_193428,A549,10uM,6h
MAPK11,BRD-K14593092,0.32928497,LINCSKD_31604,VCAP,120 h,LINCSCP_65414,VCAP,10uM,6h
MAPK11,Oxalomalicacid,0.32932563,LINCSKD_31604,VCAP,120 h,LINCSCP_271110,PC3,10uM,24h
MAPK11,HC-030031,0.32933349,LINCSKD_31604,VCAP,120 h,LINCSCP_143267,MCF7,10uM,24h
MAPK11,Losmapimod,0.32934686,LINCSKD_31604,VCAP,120 h,LINCSCP_139601,MCF7,0.04uM,24h
MAPK11,CHEMBL2354467,0.32941105,LINCSKD_31604,VCAP,120 h,LINCSCP_28132,HT29,5uM,24h
MAPK11,MLS003129313,0.3294149,LINCSKD_31604,VCAP,120 h,LINCSCP_299077,VCAP,5uM,6h
MAPK11,MLS002276503,0.32952762,LINCSKD_31604,VCAP,120 h,LINCSCP_1535,A375,10uM,6h
MAPK11,GNF-PF-5186,0.32958376,LINCSKD_31604,VCAP,120 h,LINCSCP_58526,VCAP,10uM,24h
MAPK11,MLS002264450,0.32965441,LINCSKD_31604,VCAP,120 h,LINCSCP_19875,HCC515,10uM,6h
MAPK11,Norethindrone,0.3296549,LINCSKD_31604,VCAP,120 h,LINCSCP_272136,PC3,10uM,24h
MAPK11,MLS001065900,0.32966423,LINCSKD_31604,VCAP,120 h,LINCSCP_22253,HEPG2,10uM,6h
MAPK11,BRD-K38294617,0.3296883,LINCSKD_31604,VCAP,120 h,LINCSCP_228175,HT29,5uM,24h
MAPK11,BAY 87-2243,0.32977281,LINCSKD_31604,VCAP,120 h,LINCSCP_96994,HA1E,0.04uM,24h
MAPK11,SPECTRUM_000903,0.32982644,LINCSKD_31604,VCAP,120 h,LINCSCP_56631,VCAP,10uM,24h
MAPK11,CHEMBL1880923,0.32983365,LINCSKD_31604,VCAP,120 h,LINCSCP_22530,HEPG2,10uM,6h
MAPK11,BRD-K50280607,0.32994459,LINCSKD_31604,VCAP,120 h,LINCSCP_59774,VCAP,5uM,6h
MAPK11,Paradol,0.32994682,LINCSKD_31604,VCAP,120 h,LINCSCP_16550,HA1E,10uM,6h
MAPK11,BRD-K91677732,0.33000028,LINCSKD_31604,VCAP,120 h,LINCSCP_193963,A549,10uM,6h
MAPK11,Spiperone,0.33003957,LINCSKD_31604,VCAP,120 h,LINCSCP_41299,NEU,10uM,6h
MAPK11,WHI-P154,0.33005269,LINCSKD_31604,VCAP,120 h,LINCSCP_13912,HA1E,10uM,6h
MAPK11,BRD-K40161407,0.33007284,LINCSKD_31604,VCAP,120 h,LINCSCP_35023,MCF7,5uM,24h
MAPK11,AQ-RA-741,0.33007621,LINCSKD_31604,VCAP,120 h,LINCSCP_55841,VCAP,10uM,6h
MAPK11,Avanafil,0.33009805,LINCSKD_31604,VCAP,120 h,LINCSCP_172668,YAPC,0.04uM,24h
MAPK11,"Tazac, Axid, Axid Ar, Nizatidine",0.33010171,LINCSKD_31604,VCAP,120 h,LINCSCP_180364,A375,10uM,6h
MAPK11,Luliconazole,0.33011003,LINCSKD_31604,VCAP,120 h,LINCSCP_142661,MCF7,10uM,24h
MAPK11,Falnidamol,0.33027593,LINCSKD_31604,VCAP,120 h,LINCSCP_204017,ASC,10uM,24h
MAPK11,BRD-K87073769,0.33029735,LINCSKD_31604,VCAP,120 h,LINCSCP_249104,MCF7,5uM,24h
MAPK11,Methyl beta-carboline-3 carboxylate,0.33033987,LINCSKD_31604,VCAP,120 h,LINCSCP_7692,A549,10uM,6h
MAPK11,BRD-K24214483,0.33036864,LINCSKD_31604,VCAP,120 h,LINCSCP_16799,HA1E,10uM,6h
MAPK11,BRD-K09824708,0.33042145,LINCSKD_31604,VCAP,120 h,LINCSCP_200891,A549,10uM,24h
MAPK11,GW9508,0.33043767,LINCSKD_31604,VCAP,120 h,LINCSCP_33532,MCF7,10uM,6h
MAPK11,BRD-K85592362,0.33043964,LINCSKD_31604,VCAP,120 h,LINCSCP_212244,HA1E,10uM,6h
MAPK11,Dorzolamide HCL,0.33044033,LINCSKD_31604,VCAP,120 h,LINCSCP_97432,HA1E,0.04uM,24h
MAPK11,Bretylium,0.33047735,LINCSKD_31604,VCAP,120 h,LINCSCP_273352,PC3,10uM,24h
MAPK11,CHEMBL1270506,0.3304951,LINCSKD_31604,VCAP,120 h,LINCSCP_237988,MCF7,10uM,24h
MAPK11,BRD-K00765103,0.33054424,LINCSKD_31604,VCAP,120 h,LINCSCP_61396,VCAP,5uM,24h
MAPK11,Suvorexant (MK-4305),0.3306282,LINCSKD_31604,VCAP,120 h,LINCSCP_99162,HA1E,0.04uM,24h
MAPK11,RO-154513,0.33064699,LINCSKD_31604,VCAP,120 h,LINCSCP_18319,HCC515,10uM,24h
MAPK11,BRD-K88602713,0.33065566,LINCSKD_31604,VCAP,120 h,LINCSCP_63752,VCAP,5uM,24h
MAPK11,BRD-K00541818,0.3306936,LINCSKD_31604,VCAP,120 h,LINCSCP_171288,YAPC,1.11uM,24h
MAPK11,MLS003370629,0.33075682,LINCSKD_31604,VCAP,120 h,LINCSCP_31241,MCF7,10uM,6h
MAPK11,BRD-K09454555,0.33077999,LINCSKD_31604,VCAP,120 h,LINCSCP_27469,HT29,5uM,24h
MAPK11,MLS002264405,0.33083861,LINCSKD_31604,VCAP,120 h,LINCSCP_31309,MCF7,10uM,24h
MAPK11,BRD-K43683841,0.33090801,LINCSKD_31604,VCAP,120 h,LINCSCP_65285,VCAP,10uM,24h
MAPK11,CID 46937236,0.33100188,LINCSKD_31604,VCAP,120 h,LINCSCP_188800,A549,10uM,24h
MAPK11,Gangleoidin Acetate,0.33104645,LINCSKD_31604,VCAP,120 h,LINCSCP_13778,HA1E,10uM,24h
MAPK11,SA-85377,0.33105018,LINCSKD_31604,VCAP,120 h,LINCSCP_37237,MCF7,3uM,24h
MAPK11,Phenoxazine,0.33113494,LINCSKD_31604,VCAP,120 h,LINCSCP_50803,RKO,10uM,6h
MAPK11,MLS002473875,0.3311752,LINCSKD_31604,VCAP,120 h,LINCSCP_33812,MCF7,10uM,24h
MAPK11,Buflomedil,0.331202,LINCSKD_31604,VCAP,120 h,LINCSCP_91167,HA1E,3.33uM,24h
MAPK11,Cefpodoxime Proxetil,0.33120231,LINCSKD_31604,VCAP,120 h,LINCSCP_16178,HA1E,10uM,6h
MAPK11,CHEMBL2143628,0.33128882,LINCSKD_31604,VCAP,120 h,LINCSCP_28525,HT29,0.04uM,24h
MAPK11,THIOCTIC ACID,0.33133324,LINCSKD_31604,VCAP,120 h,LINCSCP_101602,HELA,0.04uM,24h
MAPK11,Fludarabine,0.33134482,LINCSKD_31604,VCAP,120 h,LINCSCP_243000,MCF7,10uM,24h
MAPK11,BMS-754807,0.3313484,LINCSKD_31604,VCAP,120 h,LINCSCP_57077,VCAP,10uM,6h
MAPK11,BRD-K74245085,0.33135344,LINCSKD_31604,VCAP,120 h,LINCSCP_8644,A549,5uM,24h
MAPK11,MLS002703118,0.33137656,LINCSKD_31604,VCAP,120 h,LINCSCP_15756,HA1E,10uM,24h
MAPK11,ZINC01792951,0.33138525,LINCSKD_31604,VCAP,120 h,LINCSCP_31061,MCF7,10uM,6h
MAPK11,STK151112,0.33144246,LINCSKD_31604,VCAP,120 h,LINCSCP_21186,HCT116,10uM,6h
MAPK11,Cobimetinib,0.33151156,LINCSKD_31604,VCAP,120 h,LINCSCP_93584,HA1E,1.11uM,24h
MAPK11,Alaproclate,0.331529,LINCSKD_31604,VCAP,120 h,LINCSCP_19002,HCC515,10uM,6h
MAPK11,168279-54-7,0.3315391,LINCSKD_31604,VCAP,120 h,LINCSCP_236917,MCF7,10uM,24h
MAPK11,SA-1919345,0.33160907,LINCSKD_31604,VCAP,120 h,LINCSCP_38331,MCF7,1uM,6h
MAPK11,Catechin,0.33163426,LINCSKD_31604,VCAP,120 h,LINCSCP_13838,HA1E,10uM,6h
MAPK11,NP118809,0.33163846,LINCSKD_31604,VCAP,120 h,LINCSCP_118326,HT29,0.37uM,24h
MAPK11,BRD-K49751344,0.33169798,LINCSKD_31604,VCAP,120 h,LINCSCP_309191,VCAP,5uM,24h
MAPK11,BRD-K29824954,0.33170009,LINCSKD_31604,VCAP,120 h,LINCSCP_65799,VCAP,10uM,6h
MAPK11,Mirin,0.33170297,LINCSKD_31604,VCAP,120 h,LINCSCP_22565,HEPG2,10uM,6h
MAPK11,(3-Isopropoxyphenyl)(1-((5-methyl-1-propyl-1H-pyrazol-4-yl)methyl)piperidin-3-yl)methanone,0.33174339,LINCSKD_31604,VCAP,120 h,LINCSCP_21125,HCT116,10uM,6h
MAPK11,CHEMBL1271323,0.33180336,LINCSKD_31604,VCAP,120 h,LINCSCP_31057,MCF7,10uM,6h
MAPK11,BRD-K57082361,0.33182306,LINCSKD_31604,VCAP,120 h,LINCSCP_60212,VCAP,5uM,24h
MAPK11,MLS002276523,0.33182815,LINCSKD_31604,VCAP,120 h,LINCSCP_57340,VCAP,10uM,6h
MAPK11,Tyrphostin AG-494,0.33186478,LINCSKD_31604,VCAP,120 h,LINCSCP_33500,MCF7,10uM,6h
MAPK11,BRD-K95985487-001-01-3,0.33186665,LINCSKD_31604,VCAP,120 h,LINCSCP_261327,NOMO1,0.01uM,6h
MAPK11,SA-1939938,0.33186924,LINCSKD_31604,VCAP,120 h,LINCSCP_37071,MCF7,0.5uM,6h
MAPK11,Austricin,0.33187005,LINCSKD_31604,VCAP,120 h,LINCSCP_22964,HEPG2,10uM,6h
MAPK11,EFLORNITHINE HYDROCHLORIDE,0.33188715,LINCSKD_31604,VCAP,120 h,LINCSCP_176263,YAPC,10uM,24h
MAPK11,Apomorphine,0.33189062,LINCSKD_31604,VCAP,120 h,LINCSCP_142940,MCF7,0.37uM,24h
MAPK11,Hycanthone,0.33189878,LINCSKD_31604,VCAP,120 h,LINCSCP_47529,PC3,10uM,24h
MAPK11,MLS000703473,0.33194578,LINCSKD_31604,VCAP,120 h,LINCSCP_221349,HEPG2,10uM,6h
MAPK11,BRD-K96551169,0.33201597,LINCSKD_31604,VCAP,120 h,LINCSCP_27751,HT29,5uM,24h
MAPK11,Otamixaban,0.33202483,LINCSKD_31604,VCAP,120 h,LINCSCP_124885,HT29,1.11uM,24h
MAPK11,BRD-K10287818-001-01-6,0.3320958,LINCSKD_31604,VCAP,120 h,LINCSCP_303013,VCAP,5uM,24h
MAPK11,SA-424589,0.33211263,LINCSKD_31604,VCAP,120 h,LINCSCP_16829,HA1E,10uM,6h
MAPK11,IMD-0354,0.3321322,LINCSKD_31604,VCAP,120 h,LINCSCP_50658,PL21,10uM,6h
MAPK11,Mefloquine,0.33218698,LINCSKD_31604,VCAP,120 h,LINCSCP_47473,PC3,10uM,24h
MAPK11,BIO2_000792,0.33224591,LINCSKD_31604,VCAP,120 h,LINCSCP_786,A375,10uM,24h
MAPK11,KUC103424N,0.33225448,LINCSKD_31604,VCAP,120 h,LINCSCP_238280,MCF7,10uM,24h
MAPK11,CHEMBL1939087,0.33229419,LINCSKD_31604,VCAP,120 h,LINCSCP_188692,A549,10uM,6h
MAPK11,BRD-K72174974,0.33238974,LINCSKD_31604,VCAP,120 h,LINCSCP_63404,VCAP,5uM,24h
MAPK11,Ticagrelor,0.33239919,LINCSKD_31604,VCAP,120 h,LINCSCP_95774,HA1E,10uM,24h
MAPK11,BAS 01024427,0.33243541,LINCSKD_31604,VCAP,120 h,LINCSCP_190368,A549,10uM,24h
MAPK11,(3-Chlorophenyl)[4-(7-chloroquinolin-4-yl)piperazin-1-yl]methanone,0.33246526,LINCSKD_31604,VCAP,120 h,LINCSCP_178284,A375,10uM,6h
MAPK11,BRD-K46965430,0.33247312,LINCSKD_31604,VCAP,120 h,LINCSCP_63698,VCAP,5uM,24h
MAPK11,BRD-K35868313,0.33248784,LINCSKD_31604,VCAP,120 h,LINCSCP_62370,VCAP,5uM,6h
MAPK11,BRD-K19166598,0.33265719,LINCSKD_31604,VCAP,120 h,LINCSCP_20235,HCC515,10uM,6h
MAPK11,MLS000041932,0.33270904,LINCSKD_31604,VCAP,120 h,LINCSCP_57401,VCAP,10uM,6h
MAPK11,MLS003130329,0.33277686,LINCSKD_31604,VCAP,120 h,LINCSCP_60720,VCAP,5uM,6h
MAPK11,BRD-K06718821,0.33278322,LINCSKD_31604,VCAP,120 h,LINCSCP_3304,A375,5uM,24h
MAPK11,Vitamin B12,0.33279357,LINCSKD_31604,VCAP,120 h,LINCSCP_99350,HA1E,1.11uM,24h
MAPK11,BRD-K16636143,0.33282969,LINCSKD_31604,VCAP,120 h,LINCSCP_304983,VCAP,5uM,24h
MAPK11,Procainamide,0.33284383,LINCSKD_31604,VCAP,120 h,LINCSCP_59510,VCAP,10uM,24h
MAPK11,BRD-K48257023,0.33285458,LINCSKD_31604,VCAP,120 h,LINCSCP_64002,VCAP,5uM,24h
MAPK11,MLS003130233,0.3329191,LINCSKD_31604,VCAP,120 h,LINCSCP_195152,A549,5uM,24h
MAPK11,252916-29-3,0.33298178,LINCSKD_31604,VCAP,120 h,LINCSCP_6699,A549,10uM,6h
MAPK11,Palmidrol,0.33301806,LINCSKD_31604,VCAP,120 h,LINCSCP_18612,HCC515,10uM,24h
MAPK11,Clomipramine,0.33303417,LINCSKD_31604,VCAP,120 h,LINCSCP_14100,HA1E,10uM,24h
MAPK11,CHEMBL2361633,0.33306352,LINCSKD_31604,VCAP,120 h,LINCSCP_301164,VCAP,5uM,24h
MAPK11,CHEMBL2359901,0.33310587,LINCSKD_31604,VCAP,120 h,LINCSCP_61860,VCAP,5uM,6h
MAPK11,IN1345,0.33313003,LINCSKD_31604,VCAP,120 h,LINCSCP_19145,HCC515,10uM,6h
MAPK11,Mubritinib (TAK 165),0.33314133,LINCSKD_31604,VCAP,120 h,LINCSCP_102941,HELA,1.11uM,24h
MAPK11,Arachidonamide,0.33318188,LINCSKD_31604,VCAP,120 h,LINCSCP_13903,HA1E,10uM,6h
MAPK11,BRD-K34332181,0.3331882,LINCSKD_31604,VCAP,120 h,LINCSCP_63881,VCAP,5uM,24h
MAPK11,CG-930,0.33320347,LINCSKD_31604,VCAP,120 h,LINCSCP_12043,BT20,0.5uM,6h
MAPK11,EDOXUDINE,0.3332131,LINCSKD_31604,VCAP,120 h,LINCSCP_108056,HELA,0.37uM,24h
MAPK11,CHEMBL2359949,0.33323719,LINCSKD_31604,VCAP,120 h,LINCSCP_6171,A549,10uM,24h
MAPK11,CHEMBL2381524,0.33328036,LINCSKD_31604,VCAP,120 h,LINCSCP_35560,MCF7,0.1uM,6h
MAPK11,MLS002471788,0.33331964,LINCSKD_31604,VCAP,120 h,LINCSCP_21800,HEPG2,10uM,6h
MAPK11,Alitretinoin,0.33334172,LINCSKD_31604,VCAP,120 h,LINCSCP_16300,HA1E,10uM,6h
MAPK11,"Carbazole, 9-(4-methylbenzoyl)-",0.33335213,LINCSKD_31604,VCAP,120 h,LINCSCP_31080,MCF7,10uM,6h
MAPK11,Thapsigargin,0.33340893,LINCSKD_31604,VCAP,120 h,LINCSCP_65051,VCAP,0.5uM,6h
MAPK11,FPA1_000218,0.33341557,LINCSKD_31604,VCAP,120 h,LINCSCP_16279,HA1E,10uM,6h
MAPK11,BRD-K34898990,0.33349264,LINCSKD_31604,VCAP,120 h,LINCSCP_194303,A549,5uM,24h
MAPK11,BRD-K31099173,0.33370802,LINCSKD_31604,VCAP,120 h,LINCSCP_302823,VCAP,5uM,6h
MAPK11,CID 75037095,0.33378369,LINCSKD_31604,VCAP,120 h,LINCSCP_31980,MCF7,10uM,24h
MAPK11,TIBOLONE,0.33386164,LINCSKD_31604,VCAP,120 h,LINCSCP_161568,PC3,0.12uM,24h
MAPK11,BRD-K91443444,0.33387288,LINCSKD_31604,VCAP,120 h,LINCSCP_60718,VCAP,5uM,6h
MAPK11,NSC650841,0.33392381,LINCSKD_31604,VCAP,120 h,LINCSCP_32552,MCF7,10uM,24h
MAPK11,UK 356618,0.33398407,LINCSKD_31604,VCAP,120 h,LINCSCP_50810,RKO,10uM,6h
MAPK11,CID 24069689,0.33400888,LINCSKD_31604,VCAP,120 h,LINCSCP_13999,HA1E,10uM,24h
MAPK11,MLS-0390932.0001,0.33401118,LINCSKD_31604,VCAP,120 h,LINCSCP_271157,PC3,10uM,24h
MAPK11,SCHEMBL2560486,0.334023,LINCSKD_31604,VCAP,120 h,LINCSCP_5472,A549,10uM,6h
MAPK11,AC1L1I54,0.33403516,LINCSKD_31604,VCAP,120 h,LINCSCP_42519,NPC,10uM,24h
MAPK11,BRD-K23657553,0.33405768,LINCSKD_31604,VCAP,120 h,LINCSCP_191222,A549,10uM,6h
MAPK11,CHEMBL168972,0.3340806,LINCSKD_31604,VCAP,120 h,LINCSCP_33075,MCF7,10uM,24h
MAPK11,BRD-K23688566,0.33414297,LINCSKD_31604,VCAP,120 h,LINCSCP_61751,VCAP,5uM,24h
MAPK11,MLS001203652,0.33415569,LINCSKD_31604,VCAP,120 h,LINCSCP_33989,MCF7,10uM,6h
MAPK11,BRD-K90898708,0.33421216,LINCSKD_31604,VCAP,120 h,LINCSCP_300636,VCAP,5uM,6h
MAPK11,CHEMBL1271429,0.33424292,LINCSKD_31604,VCAP,120 h,LINCSCP_31002,MCF7,10uM,24h
MAPK11,SPOX1_000651,0.33425209,LINCSKD_31604,VCAP,120 h,LINCSCP_32331,MCF7,10uM,6h
MAPK11,Halofantrine,0.33425631,LINCSKD_31604,VCAP,120 h,LINCSCP_168822,YAPC,0.04uM,24h
MAPK11,XUKUURHRXDUEBC-UHFFFAOYSA-N,0.33432213,LINCSKD_31604,VCAP,120 h,LINCSCP_3065,A375,10uM,6h
MAPK11,Aminolevulinic acid,0.33433357,LINCSKD_31604,VCAP,120 h,LINCSCP_94486,HA1E,1.11uM,24h
MAPK11,BRD-M32778103,0.33436465,LINCSKD_31604,VCAP,120 h,LINCSCP_3661,A375,10uM,24h
MAPK11,BRD-K65037509,0.33442273,LINCSKD_31604,VCAP,120 h,LINCSCP_65321,VCAP,10uM,24h
MAPK11,AC1NAR46,0.33444457,LINCSKD_31604,VCAP,120 h,LINCSCP_216862,HCC515,10uM,6h
MAPK11,CID_706244,0.33445832,LINCSKD_31604,VCAP,120 h,LINCSCP_270734,PC3,10uM,24h
MAPK11,BRD-K75666689,0.33467477,LINCSKD_31604,VCAP,120 h,LINCSCP_309240,VCAP,5uM,24h
MAPK11,sorafenib,0.33467676,LINCSKD_31604,VCAP,120 h,LINCSCP_32337,MCF7,10uM,6h
MAPK11,ML179,0.33468367,LINCSKD_31604,VCAP,120 h,LINCSCP_26143,HT29,10uM,6h
MAPK11,BRD-K87400432,0.33474578,LINCSKD_31604,VCAP,120 h,LINCSCP_60635,VCAP,5uM,24h
MAPK11,IC-87114,0.33477626,LINCSKD_31604,VCAP,120 h,LINCSCP_27332,HT29,10uM,6h
MAPK11,DMP 777,0.3348109,LINCSKD_31604,VCAP,120 h,LINCSCP_123563,HT29,0.04uM,24h
MAPK11,BRD-K37459628,0.33483264,LINCSKD_31604,VCAP,120 h,LINCSCP_8241,A549,5uM,24h
MAPK11,MLS002264406,0.33484589,LINCSKD_31604,VCAP,120 h,LINCSCP_178131,A375,10uM,6h
MAPK11,BRD-K67155745,0.33485475,LINCSKD_31604,VCAP,120 h,LINCSCP_60605,VCAP,5uM,24h
MAPK11,Bis-Tyrphostin,0.33486062,LINCSKD_31604,VCAP,120 h,LINCSCP_13726,HA1E,10uM,24h
MAPK11,BRD-K01312966,0.33486767,LINCSKD_31604,VCAP,120 h,LINCSCP_64848,VCAP,10uM,24h
MAPK11,Zaleplon,0.33490307,LINCSKD_31604,VCAP,120 h,LINCSCP_175671,YAPC,3.33uM,24h
MAPK11,SCHEMBL1995782,0.33490931,LINCSKD_31604,VCAP,120 h,LINCSCP_55127,THP1,0.1uM,6h
MAPK11,Androstenol,0.33493464,LINCSKD_31604,VCAP,120 h,LINCSCP_32671,MCF7,10uM,6h
MAPK11,Talibegron,0.33495524,LINCSKD_31604,VCAP,120 h,LINCSCP_241640,MCF7,10uM,24h
MAPK11,BRD-K21569926-019-01-5,0.33496851,LINCSKD_31604,VCAP,120 h,LINCSCP_65133,VCAP,10uM,6h
MAPK11,(-)-Lobeline,0.334995,LINCSKD_31604,VCAP,120 h,LINCSCP_178829,A375,10uM,6h
MAPK11,BRD-K56130969,0.33500073,LINCSKD_31604,VCAP,120 h,LINCSCP_263237,NPC,10uM,24h
MAPK11,BRD-K37058154,0.33503119,LINCSKD_31604,VCAP,120 h,LINCSCP_298072,VCAP,5uM,6h
MAPK11,BRD-K74506886,0.33503698,LINCSKD_31604,VCAP,120 h,LINCSCP_65061,VCAP,10uM,6h
MAPK11,BRD-K41668190,0.33507853,LINCSKD_31604,VCAP,120 h,LINCSCP_6406,A549,10uM,24h
MAPK11,2-Aminopurine,0.33509835,LINCSKD_31604,VCAP,120 h,LINCSCP_22536,HEPG2,10uM,6h
MAPK11,ST057710,0.33512398,LINCSKD_31604,VCAP,120 h,LINCSCP_273603,PC3,0.1uM,24h
MAPK11,MLN-0128,0.3351315,LINCSKD_31604,VCAP,120 h,LINCSCP_100312,HCC515,10uM,24h
MAPK11,Diperodon,0.33515408,LINCSKD_31604,VCAP,120 h,LINCSCP_34249,MCF7,10uM,24h
MAPK11,Duloxetine,0.33517119,LINCSKD_31604,VCAP,120 h,LINCSCP_31820,MCF7,10uM,6h
MAPK11,Eugenitol,0.33517412,LINCSKD_31604,VCAP,120 h,LINCSCP_33768,MCF7,10uM,6h
MAPK11,BRD-K79027739,0.33526709,LINCSKD_31604,VCAP,120 h,LINCSCP_61650,VCAP,5uM,24h
MAPK11,TH02453-036-P1,0.33532823,LINCSKD_31604,VCAP,120 h,LINCSCP_10430,A673,10uM,6h
MAPK11,BRD-K02089646,0.33536235,LINCSKD_31604,VCAP,120 h,LINCSCP_62609,VCAP,5uM,24h
MAPK11,BRD-K15420741,0.33537824,LINCSKD_31604,VCAP,120 h,LINCSCP_308873,VCAP,5uM,6h
MAPK11,BRD-K39504007,0.33541763,LINCSKD_31604,VCAP,120 h,LINCSCP_8397,A549,5uM,24h
MAPK11,CHEMBL2357432,0.33541804,LINCSKD_31604,VCAP,120 h,LINCSCP_253851,MCF7,3uM,24h
MAPK11,BRD-K63947990,0.33544126,LINCSKD_31604,VCAP,120 h,LINCSCP_38075,MCF7,0.5uM,6h
MAPK11,16Beta-hydroxydisitoxigenin,0.33549066,LINCSKD_31604,VCAP,120 h,LINCSCP_227342,HT29,10uM,6h
MAPK11,Mefenamic acid,0.3354963,LINCSKD_31604,VCAP,120 h,LINCSCP_7624,A549,10uM,24h
MAPK11,Reboxetine,0.33551776,LINCSKD_31604,VCAP,120 h,LINCSCP_227101,HT29,10uM,6h
MAPK11,BRD-K63158888,0.33553306,LINCSKD_31604,VCAP,120 h,LINCSCP_48196,PC3,5uM,24h
MAPK11,IN1436,0.33560895,LINCSKD_31604,VCAP,120 h,LINCSCP_56326,VCAP,10uM,6h
MAPK11,BRD-K06592610,0.33563664,LINCSKD_31604,VCAP,120 h,LINCSCP_271425,PC3,10uM,24h
MAPK11,CHEMBL2356693,0.3357049,LINCSKD_31604,VCAP,120 h,LINCSCP_47198,PC3,10uM,6h
MAPK11,BRD-K60703528,0.33571721,LINCSKD_31604,VCAP,120 h,LINCSCP_306106,VCAP,5uM,6h
MAPK11,SA-103006,0.33579458,LINCSKD_31604,VCAP,120 h,LINCSCP_32399,MCF7,10uM,6h
MAPK11,Anandamide,0.33587198,LINCSKD_31604,VCAP,120 h,LINCSCP_139048,MCF7,0.12uM,24h
MAPK11,BRD-K90544334,0.3359364,LINCSKD_31604,VCAP,120 h,LINCSCP_249111,MCF7,5uM,24h
MAPK11,BRD-K97863769,0.33598499,LINCSKD_31604,VCAP,120 h,LINCSCP_65898,VCAP,10uM,6h
MAPK11,XMD-132,0.33602191,LINCSKD_31604,VCAP,120 h,LINCSCP_20558,HCC515,10uM,6h
MAPK11,BRD-K90610876,0.3360437,LINCSKD_31604,VCAP,120 h,LINCSCP_193274,A549,10uM,24h
MAPK11,BMY-7378,0.33604426,LINCSKD_31604,VCAP,120 h,LINCSCP_14566,HA1E,10uM,6h
MAPK11,CHEMBL1270507,0.33604521,LINCSKD_31604,VCAP,120 h,LINCSCP_178317,A375,10uM,6h
MAPK11,BRD-K13217265,0.33605589,LINCSKD_31604,VCAP,120 h,LINCSCP_278978,PC3,10uM,6h
MAPK11,MLS002264464,0.33607085,LINCSKD_31604,VCAP,120 h,LINCSCP_26072,HT29,10uM,6h
MAPK11,BRD-K99985506,0.33610376,LINCSKD_31604,VCAP,120 h,LINCSCP_61672,VCAP,5uM,24h
MAPK11,ST638,0.33614148,LINCSKD_31604,VCAP,120 h,LINCSCP_4388,A549,10uM,6h
MAPK11,BRD-K63383460,0.33614519,LINCSKD_31604,VCAP,120 h,LINCSCP_64303,VCAP,5uM,24h
MAPK11,BRD-K44953633,0.33617273,LINCSKD_31604,VCAP,120 h,LINCSCP_303310,VCAP,5uM,6h
MAPK11,Blebbistatin,0.33617512,LINCSKD_31604,VCAP,120 h,LINCSCP_30443,MCF7,40uM,24h
MAPK11,Iodoacetic acid,0.33624063,LINCSKD_31604,VCAP,120 h,LINCSCP_8072,A549,10uM,6h
MAPK11,Cyclosporin A,0.33625719,LINCSKD_31604,VCAP,120 h,LINCSCP_241270,MCF7,10uM,6h
MAPK11,KUC103423N,0.33626443,LINCSKD_31604,VCAP,120 h,LINCSCP_31556,MCF7,10uM,24h
MAPK11,Carbonyl Cyanide M-Chlorophenylhydrazone,0.33626568,LINCSKD_31604,VCAP,120 h,LINCSCP_50187,PHH,10uM,24h
MAPK11,CHEMBL2355053,0.33627845,LINCSKD_31604,VCAP,120 h,LINCSCP_298169,VCAP,5uM,6h
MAPK11,CHEMBL566283,0.33628898,LINCSKD_31604,VCAP,120 h,LINCSCP_22150,HEPG2,10uM,6h
MAPK11,XAV 939,0.33630279,LINCSKD_31604,VCAP,120 h,LINCSCP_35918,MCF7,1uM,24h
MAPK11,BRD-A10420615-001-02-8,0.33630593,LINCSKD_31604,VCAP,120 h,LINCSCP_44276,PC3,10uM,6h
MAPK11,BRD-K55341911,0.33631457,LINCSKD_31604,VCAP,120 h,LINCSCP_62013,VCAP,5uM,24h
MAPK11,Carfilzomib (PR-171),0.33633464,LINCSKD_31604,VCAP,120 h,LINCSCP_169879,YAPC,3.33uM,24h
MAPK11,MLS001060778,0.33637481,LINCSKD_31604,VCAP,120 h,LINCSCP_219904,HEPG2,10uM,6h
MAPK11,Bimatoprost,0.33642876,LINCSKD_31604,VCAP,120 h,LINCSCP_159749,PC3,0.37uM,24h
MAPK11,MLS003650114,0.33645526,LINCSKD_31604,VCAP,120 h,LINCSCP_307512,VCAP,5uM,6h
MAPK11,Tolnaftate,0.33645983,LINCSKD_31604,VCAP,120 h,LINCSCP_170969,YAPC,3.33uM,24h
MAPK11,Elvitegravir,0.33647865,LINCSKD_31604,VCAP,120 h,LINCSCP_168694,YAPC,0.37uM,24h
MAPK11,BDBM82056,0.336508,LINCSKD_31604,VCAP,120 h,LINCSCP_46062,PC3,10uM,24h
MAPK11,Tyrphostin 51,0.33655777,LINCSKD_31604,VCAP,120 h,LINCSCP_295259,VCAP,10uM,24h
MAPK11,CHEMBL2220622,0.33659617,LINCSKD_31604,VCAP,120 h,LINCSCP_46040,PC3,10uM,6h
MAPK11,BRD-K67192456,0.33663016,LINCSKD_31604,VCAP,120 h,LINCSCP_8181,A549,5uM,24h
MAPK11,BRD-K81261525,0.33672501,LINCSKD_31604,VCAP,120 h,LINCSCP_65525,VCAP,10uM,6h
MAPK11,Dcpib,0.33685283,LINCSKD_31604,VCAP,120 h,LINCSCP_33685,MCF7,10uM,6h
MAPK11,NUTLIN 3,0.33691051,LINCSKD_31604,VCAP,120 h,LINCSCP_74230,A375,0.04uM,24h
MAPK11,BS-181,0.33697527,LINCSKD_31604,VCAP,120 h,LINCSCP_84354,ASC,1.11uM,24h
MAPK11,CTK8E7509,0.33697909,LINCSKD_31604,VCAP,120 h,LINCSCP_27140,HT29,10uM,6h
MAPK11,SB-366791,0.33702343,LINCSKD_31604,VCAP,120 h,LINCSCP_214608,HCC515,10uM,6h
MAPK11,Vinpocetine,0.33704881,LINCSKD_31604,VCAP,120 h,LINCSCP_171828,YAPC,10uM,24h
MAPK11,BRD-K43253317,0.33713076,LINCSKD_31604,VCAP,120 h,LINCSCP_35319,MCF7,10uM,24h
MAPK11,AC1MQIYX,0.33716886,LINCSKD_31604,VCAP,120 h,LINCSCP_58488,VCAP,10uM,6h
MAPK11,Gefitinib,0.33718272,LINCSKD_31604,VCAP,120 h,LINCSCP_132842,MCF7,0.37uM,24h
MAPK11,BRD-K19534956,0.33719417,LINCSKD_31604,VCAP,120 h,LINCSCP_64170,VCAP,5uM,24h
MAPK11,AC1NS4S0,0.33728862,LINCSKD_31604,VCAP,120 h,LINCSCP_19467,HCC515,10uM,6h
MAPK11,C26H38O6,0.33729265,LINCSKD_31604,VCAP,120 h,LINCSCP_47268,PC3,10uM,24h
MAPK11,Cytarabine,0.33734525,LINCSKD_31604,VCAP,120 h,LINCSCP_16191,HA1E,10uM,6h
MAPK11,Tyrphostin 23,0.33737125,LINCSKD_31604,VCAP,120 h,LINCSCP_44234,PC3,10uM,24h
MAPK11,MLS000094380,0.33748293,LINCSKD_31604,VCAP,120 h,LINCSCP_20007,HCC515,10uM,6h
MAPK11,Chenodiol,0.33750331,LINCSKD_31604,VCAP,120 h,LINCSCP_2321,A375,10uM,6h
MAPK11,CHEMBL1208118,0.33756272,LINCSKD_31604,VCAP,120 h,LINCSCP_176750,A375,10uM,6h
MAPK11,Securinine,0.33757258,LINCSKD_31604,VCAP,120 h,LINCSCP_43870,PC3,3uM,6h
MAPK11,Spermidine,0.33757588,LINCSKD_31604,VCAP,120 h,LINCSCP_41536,NEU,10uM,6h
MAPK11,Vandetanib,0.33758064,LINCSKD_31604,VCAP,120 h,LINCSCP_149864,NPC.TAK,0.12uM,24h
MAPK11,Fluticasone Propionate,0.33760252,LINCSKD_31604,VCAP,120 h,LINCSCP_27018,HT29,10uM,6h
MAPK11,CHEMBL2359335,0.33766083,LINCSKD_31604,VCAP,120 h,LINCSCP_61439,VCAP,5uM,24h
MAPK11,TOFA,0.33769124,LINCSKD_31604,VCAP,120 h,LINCSCP_142675,MCF7,1.11uM,24h
MAPK11,BRD-K01877724,0.33778246,LINCSKD_31604,VCAP,120 h,LINCSCP_34773,MCF7,5uM,24h
MAPK11,SMR000002300,0.33779228,LINCSKD_31604,VCAP,120 h,LINCSCP_57266,VCAP,10uM,24h
MAPK11,BRD-K11932360,0.33789384,LINCSKD_31604,VCAP,120 h,LINCSCP_35066,MCF7,5uM,24h
MAPK11,AC1O52XK,0.33790357,LINCSKD_31604,VCAP,120 h,LINCSCP_22392,HEPG2,10uM,6h
MAPK11,Doxifluridine,0.3379108,LINCSKD_31604,VCAP,120 h,LINCSCP_125280,HT29,1.11uM,24h
MAPK11,BRD-K55715339,0.33797374,LINCSKD_31604,VCAP,120 h,LINCSCP_31933,MCF7,10uM,24h
MAPK11,Tiagabine,0.33800261,LINCSKD_31604,VCAP,120 h,LINCSCP_239273,MCF7,10uM,6h
MAPK11,Propafenone,0.33803789,LINCSKD_31604,VCAP,120 h,LINCSCP_101208,HELA,10uM,24h
MAPK11,SMR000036591,0.33805523,LINCSKD_31604,VCAP,120 h,LINCSCP_20141,HCC515,10uM,6h
MAPK11,Zuclomiphene,0.33807306,LINCSKD_31604,VCAP,120 h,LINCSCP_120900,HT29,3.33uM,24h
MAPK11,Quinelorane,0.33815049,LINCSKD_31604,VCAP,120 h,LINCSCP_290336,VCAP,10uM,6h
MAPK11,Genz-644282,0.33815822,LINCSKD_31604,VCAP,120 h,LINCSCP_161423,PC3,0.37uM,24h
MAPK11,BRD-K37167897,0.33819419,LINCSKD_31604,VCAP,120 h,LINCSCP_298951,VCAP,5uM,6h
MAPK11,BRD-K85806228,0.33822077,LINCSKD_31604,VCAP,120 h,LINCSCP_9086,A549,10uM,24h
MAPK11,BRD-K38803221,0.33823301,LINCSKD_31604,VCAP,120 h,LINCSCP_48965,PC3,10uM,24h
MAPK11,BRD-K47825575,0.33834101,LINCSKD_31604,VCAP,120 h,LINCSCP_5954,A549,10uM,24h
MAPK11,Alpha-Solanine,0.33837934,LINCSKD_31604,VCAP,120 h,LINCSCP_290165,VCAP,10uM,24h
MAPK11,QS-11,0.33838073,LINCSKD_31604,VCAP,120 h,LINCSCP_39715,MDST8,10uM,6h
MAPK11,MK-3207 (Hydrochloride),0.3383893,LINCSKD_31604,VCAP,120 h,LINCSCP_159127,PC3,0.12uM,24h
MAPK11,BRD-K54343811,0.33840909,LINCSKD_31604,VCAP,120 h,LINCSCP_35516,MCF7,0.1uM,24h
MAPK11,BRD-K42573370-001-01-1,0.3384226,LINCSKD_31604,VCAP,120 h,LINCSCP_38679,MCF7,1.11uM,24h
MAPK11,MLS000778276,0.33842436,LINCSKD_31604,VCAP,120 h,LINCSCP_37318,MCF7,0.5uM,6h
MAPK11,KCl,0.33843771,LINCSKD_31604,VCAP,120 h,LINCSCP_207559,FIBRNPC,0.1uM,24h
MAPK11,ACON1_002294,0.33847237,LINCSKD_31604,VCAP,120 h,LINCSCP_6133,A549,10uM,24h
MAPK11,Diphenhydramine,0.33853015,LINCSKD_31604,VCAP,120 h,LINCSCP_225720,HT29,10uM,6h
MAPK11,BRD-K64257929,0.33853539,LINCSKD_31604,VCAP,120 h,LINCSCP_65048,VCAP,10uM,6h
MAPK11,BRD-K33318635,0.33857484,LINCSKD_31604,VCAP,120 h,LINCSCP_28073,HT29,5uM,24h
MAPK11,MLS000562366,0.33861249,LINCSKD_31604,VCAP,120 h,LINCSCP_20563,HCC515,10uM,6h
MAPK11,KUC104493,0.33864636,LINCSKD_31604,VCAP,120 h,LINCSCP_31340,MCF7,10uM,24h
MAPK11,BRD-K33637182,0.33870244,LINCSKD_31604,VCAP,120 h,LINCSCP_311000,VCAP,10uM,6h
MAPK11,Gelsemine,0.33870938,LINCSKD_31604,VCAP,120 h,LINCSCP_15104,HA1E,10uM,6h
MAPK11,BRD-K31931379,0.3387413,LINCSKD_31604,VCAP,120 h,LINCSCP_35200,MCF7,10uM,24h
MAPK11,MLS003370598,0.33890123,LINCSKD_31604,VCAP,120 h,LINCSCP_1620,A375,10uM,6h
MAPK11,Alosetron,0.33894553,LINCSKD_31604,VCAP,120 h,LINCSCP_5746,A549,10uM,24h
MAPK11,Moxifloxacin,0.33895778,LINCSKD_31604,VCAP,120 h,LINCSCP_5888,A549,10uM,6h
MAPK11,SCHEMBL8922766,0.3390111,LINCSKD_31604,VCAP,120 h,LINCSCP_433,A375,10uM,6h
MAPK11,BRD-K05456756,0.33901309,LINCSKD_31604,VCAP,120 h,LINCSCP_205436,CD34,10uM,24h
MAPK11,MLS003650044,0.33901699,LINCSKD_31604,VCAP,120 h,LINCSCP_61364,VCAP,5uM,6h
MAPK11,MW-A1-14,0.3391195,LINCSKD_31604,VCAP,120 h,LINCSCP_6050,A549,10uM,6h
MAPK11,Thiabendazole,0.339128,LINCSKD_31604,VCAP,120 h,LINCSCP_42584,NPC,10uM,24h
MAPK11,MLS002473458,0.33913039,LINCSKD_31604,VCAP,120 h,LINCSCP_19723,HCC515,10uM,6h
MAPK11,BRD-K01528688,0.33917366,LINCSKD_31604,VCAP,120 h,LINCSCP_65555,VCAP,10uM,24h
MAPK11,Carvedilol,0.33925085,LINCSKD_31604,VCAP,120 h,LINCSCP_214787,HCC515,10uM,6h
MAPK11,BRD-K97318829,0.33934676,LINCSKD_31604,VCAP,120 h,LINCSCP_48277,PC3,5uM,24h
MAPK11,PF-04447943,0.33936278,LINCSKD_31604,VCAP,120 h,LINCSCP_96070,HA1E,0.37uM,24h
MAPK11,Felbamate,0.33941308,LINCSKD_31604,VCAP,120 h,LINCSCP_33547,MCF7,10uM,6h
MAPK11,BRD-K04627808,0.33944504,LINCSKD_31604,VCAP,120 h,LINCSCP_61311,VCAP,5uM,6h
MAPK11,BRD-K53283097,0.33946133,LINCSKD_31604,VCAP,120 h,LINCSCP_63291,VCAP,5uM,6h
MAPK11,BRD-K08607084,0.33947996,LINCSKD_31604,VCAP,120 h,LINCSCP_65219,VCAP,10uM,24h
MAPK11,Nalbuphine,0.33950002,LINCSKD_31604,VCAP,120 h,LINCSCP_4405,A549,10uM,6h
MAPK11,"4-[5-(4-Fluorophenyl)-1,2,4-oxadiazol-3-yl]benzoic acid",0.33950599,LINCSKD_31604,VCAP,120 h,LINCSCP_25944,HT29,10uM,24h
MAPK11,BRD-K69603398,0.33952179,LINCSKD_31604,VCAP,120 h,LINCSCP_296105,VCAP,10uM,24h
MAPK11,BRD-K09503339,0.33958589,LINCSKD_31604,VCAP,120 h,LINCSCP_63442,VCAP,5uM,6h
MAPK11,Metergoline Phenylmethyl Ester,0.339646,LINCSKD_31604,VCAP,120 h,LINCSCP_56725,VCAP,10uM,6h
MAPK11,BRD-A70591769,0.33966761,LINCSKD_31604,VCAP,120 h,LINCSCP_20197,HCC515,10uM,6h
MAPK11,UK 383367,0.33968438,LINCSKD_31604,VCAP,120 h,LINCSCP_138271,MCF7,3.33uM,24h
MAPK11,BRD-K57022684,0.33972761,LINCSKD_31604,VCAP,120 h,LINCSCP_304028,VCAP,5uM,24h
MAPK11,DMP-543,0.33975117,LINCSKD_31604,VCAP,120 h,LINCSCP_55858,VCAP,10uM,6h
MAPK11,Ergoatetrine,0.3397622,LINCSKD_31604,VCAP,120 h,LINCSCP_22862,HEPG2,10uM,6h
MAPK11,AC1NWAPO,0.33978088,LINCSKD_31604,VCAP,120 h,LINCSCP_19011,HCC515,10uM,6h
MAPK11,Zardaverine,0.33978694,LINCSKD_31604,VCAP,120 h,LINCSCP_16192,HA1E,10uM,6h
MAPK11,BRD-K42466986,0.33985795,LINCSKD_31604,VCAP,120 h,LINCSCP_298966,VCAP,5uM,6h
MAPK11,T5291115,0.33992392,LINCSKD_31604,VCAP,120 h,LINCSCP_5003,A549,10uM,24h
MAPK11,Penfluridol,0.33996125,LINCSKD_31604,VCAP,120 h,LINCSCP_45138,PC3,30uM,6h
MAPK11,EXO-1,0.34001111,LINCSKD_31604,VCAP,120 h,LINCSCP_214171,HCC515,10uM,6h
MAPK11,F1061-0166,0.34002084,LINCSKD_31604,VCAP,120 h,LINCSCP_179332,A375,10uM,6h
MAPK11,Tobramycin,0.34003358,LINCSKD_31604,VCAP,120 h,LINCSCP_110626,HELA,0.37uM,24h
MAPK11,MLS003153124,0.34003871,LINCSKD_31604,VCAP,120 h,LINCSCP_26109,HT29,10uM,6h
MAPK11,CHEMBL2139070,0.34007352,LINCSKD_31604,VCAP,120 h,LINCSCP_52284,SKB,10uM,24h
MAPK11,BRD-K94193354,0.34022705,LINCSKD_31604,VCAP,120 h,LINCSCP_34824,MCF7,5uM,24h
MAPK11,MLS003370611,0.34023735,LINCSKD_31604,VCAP,120 h,LINCSCP_31108,MCF7,10uM,24h
MAPK11,NVP-AUY922,0.34025065,LINCSKD_31604,VCAP,120 h,LINCSCP_10563,AGS,10uM,6h
MAPK11,NSC665366,0.34027314,LINCSKD_31604,VCAP,120 h,LINCSCP_33242,MCF7,10uM,6h
MAPK11,AC1LCS2I,0.34030142,LINCSKD_31604,VCAP,120 h,LINCSCP_45274,PC3,10uM,24h
MAPK11,BRD-K10270435,0.34038673,LINCSKD_31604,VCAP,120 h,LINCSCP_62119,VCAP,5uM,24h
MAPK11,KUC103658,0.34041025,LINCSKD_31604,VCAP,120 h,LINCSCP_19897,HCC515,10uM,6h
MAPK11,BRD-K51740186,0.34043638,LINCSKD_31604,VCAP,120 h,LINCSCP_60573,VCAP,5uM,24h
MAPK11,CHEMBL3185651,0.34045528,LINCSKD_31604,VCAP,120 h,LINCSCP_5281,A549,10uM,6h
MAPK11,BRD-K00391235,0.34051129,LINCSKD_31604,VCAP,120 h,LINCSCP_300657,VCAP,5uM,24h
MAPK11,Voglibose,0.34055091,LINCSKD_31604,VCAP,120 h,LINCSCP_171587,YAPC,0.37uM,24h
MAPK11,BRD-K21904592,0.34055348,LINCSKD_31604,VCAP,120 h,LINCSCP_63675,VCAP,5uM,24h
MAPK11,BRD-K52044217,0.34060993,LINCSKD_31604,VCAP,120 h,LINCSCP_8164,A549,5uM,24h
MAPK11,Tetrahydrouridine,0.34061622,LINCSKD_31604,VCAP,120 h,LINCSCP_173829,YAPC,0.12uM,24h
MAPK11,(24R)-24-Hydroxycholesterol,0.34063135,LINCSKD_31604,VCAP,120 h,LINCSCP_13176,FIBRNPC,10uM,24h
MAPK11,MLS003129525,0.34066447,LINCSKD_31604,VCAP,120 h,LINCSCP_60719,VCAP,5uM,6h
MAPK11,Broad-Sai-686,0.34071175,LINCSKD_31604,VCAP,120 h,LINCSCP_28546,HT29,3.33uM,24h
MAPK11,BRD-K86832444,0.3407205,LINCSKD_31604,VCAP,120 h,LINCSCP_64812,VCAP,10uM,6h
MAPK11,Piceid,0.34072685,LINCSKD_31604,VCAP,120 h,LINCSCP_5860,A549,10uM,6h
MAPK11,CHEMBL3182128,0.34073261,LINCSKD_31604,VCAP,120 h,LINCSCP_43134,NPC,10uM,24h
MAPK11,Propantheline,0.34076927,LINCSKD_31604,VCAP,120 h,LINCSCP_296148,VCAP,10uM,24h
MAPK11,Betamethasone Acetate,0.34081346,LINCSKD_31604,VCAP,120 h,LINCSCP_223242,HT29,10uM,6h
MAPK11,Mitotane,0.34082044,LINCSKD_31604,VCAP,120 h,LINCSCP_6759,A549,10uM,24h
MAPK11,BRD-K12878711,0.34087884,LINCSKD_31604,VCAP,120 h,LINCSCP_48732,PC3,10uM,24h
MAPK11,AC1MXYGS,0.34089835,LINCSKD_31604,VCAP,120 h,LINCSCP_22174,HEPG2,10uM,6h
MAPK11,IN1246,0.34096035,LINCSKD_31604,VCAP,120 h,LINCSCP_44100,PC3,10uM,6h
MAPK11,BRD-K35944454,0.34098308,LINCSKD_31604,VCAP,120 h,LINCSCP_60970,VCAP,5uM,6h
MAPK11,RG7090,0.34103176,LINCSKD_31604,VCAP,120 h,LINCSCP_140345,MCF7,10uM,24h
MAPK11,BRD-K89833114,0.34106351,LINCSKD_31604,VCAP,120 h,LINCSCP_61383,VCAP,5uM,6h
MAPK11,Dienestrol,0.34109287,LINCSKD_31604,VCAP,120 h,LINCSCP_10170,A549,3.33uM,24h
MAPK11,BRD-K21635943,0.34117897,LINCSKD_31604,VCAP,120 h,LINCSCP_254080,MCF7,3uM,6h
MAPK11,BRD-K04021425,0.34118769,LINCSKD_31604,VCAP,120 h,LINCSCP_37990,MCF7,10uM,6h
MAPK11,BRD-K65290386,0.34119507,LINCSKD_31604,VCAP,120 h,LINCSCP_65849,VCAP,10uM,6h
MAPK11,Emodic acid,0.34121521,LINCSKD_31604,VCAP,120 h,LINCSCP_13812,HA1E,10uM,24h
MAPK11,AEE788 (NVP-AEE788),0.34126596,LINCSKD_31604,VCAP,120 h,LINCSCP_91590,HA1E,1.11uM,24h
MAPK11,Tomelukast,0.34128743,LINCSKD_31604,VCAP,120 h,LINCSCP_187726,A549,10uM,24h
MAPK11,Dacinostat,0.34130036,LINCSKD_31604,VCAP,120 h,LINCSCP_203706,ASC,10uM,24h
MAPK11,IPRATROPIUM BROMIDE,0.34137207,LINCSKD_31604,VCAP,120 h,LINCSCP_111082,HELA,0.37uM,24h
MAPK11,BRD-K70399291,0.34139083,LINCSKD_31604,VCAP,120 h,LINCSCP_305884,VCAP,5uM,24h
MAPK11,CHEMBL2360970,0.34139335,LINCSKD_31604,VCAP,120 h,LINCSCP_61434,VCAP,5uM,24h
MAPK11,CHEMBL1271011,0.34146394,LINCSKD_31604,VCAP,120 h,LINCSCP_16046,HA1E,10uM,6h
MAPK11,BRD-K49477330,0.34156816,LINCSKD_31604,VCAP,120 h,LINCSCP_48188,PC3,5uM,24h
MAPK11,Bisoprolol,0.34159163,LINCSKD_31604,VCAP,120 h,LINCSCP_98034,HA1E,0.37uM,24h
MAPK11,Dihydroegotamine,0.34161843,LINCSKD_31604,VCAP,120 h,LINCSCP_222,A375,10uM,24h
MAPK11,Epibatidine,0.34165168,LINCSKD_31604,VCAP,120 h,LINCSCP_30327,MCF7,10uM,6h
MAPK11,TH-302,0.34165303,LINCSKD_31604,VCAP,120 h,LINCSCP_136461,MCF7,1.11uM,24h
MAPK11,SCHEMBL17783952,0.34168347,LINCSKD_31604,VCAP,120 h,LINCSCP_231865,HT29,5uM,24h
MAPK11,BRD-K23589333,0.34168838,LINCSKD_31604,VCAP,120 h,LINCSCP_63677,VCAP,5uM,24h
MAPK11,NCGC00166323-01,0.3416947,LINCSKD_31604,VCAP,120 h,LINCSCP_172230,YAPC,1.11uM,24h
MAPK11,Tacedinaline,0.34170182,LINCSKD_31604,VCAP,120 h,LINCSCP_3857,A375,3.33uM,24h
MAPK11,BRD-K45758869-001-01-3,0.34174183,LINCSKD_31604,VCAP,120 h,LINCSCP_16969,HA1E,10uM,6h
MAPK11,"THR1 Inhibitor, 2",0.34176854,LINCSKD_31604,VCAP,120 h,LINCSCP_21592,HEPG2,100uM,6h
MAPK11,SCHEMBL2001327,0.3417968,LINCSKD_31604,VCAP,120 h,LINCSCP_40863,NEU,10uM,24h
MAPK11,AG1295,0.34186375,LINCSKD_31604,VCAP,120 h,LINCSCP_6430,A549,10uM,24h
MAPK11,Auranofin,0.34187318,LINCSKD_31604,VCAP,120 h,LINCSCP_36345,MCF7,0.01uM,6h
MAPK11,BRD-K91899208,0.34193626,LINCSKD_31604,VCAP,120 h,LINCSCP_60640,VCAP,5uM,24h
MAPK11,Nateglinide,0.34217045,LINCSKD_31604,VCAP,120 h,LINCSCP_170974,YAPC,10uM,24h
MAPK11,ANISODAMINE HYDROBROMIDE,0.34220021,LINCSKD_31604,VCAP,120 h,LINCSCP_166592,YAPC,10uM,24h
MAPK11,Vardenafil,0.34220761,LINCSKD_31604,VCAP,120 h,LINCSCP_31576,MCF7,10uM,24h
MAPK11,BRD-K24205443,0.3422385,LINCSKD_31604,VCAP,120 h,LINCSCP_64888,VCAP,10uM,24h
MAPK11,Budesonide,0.34224749,LINCSKD_31604,VCAP,120 h,LINCSCP_15016,HA1E,10uM,24h
MAPK11,STK865973,0.34238872,LINCSKD_31604,VCAP,120 h,LINCSCP_28779,HUH7,10uM,24h
MAPK11,SCHEMBL3664910,0.3423934,LINCSKD_31604,VCAP,120 h,LINCSCP_13067,FIBRNPC,10uM,6h
MAPK11,BRD-K95776192,0.3423992,LINCSKD_31604,VCAP,120 h,LINCSCP_34825,MCF7,5uM,24h
MAPK11,BRD-K72318460,0.34242819,LINCSKD_31604,VCAP,120 h,LINCSCP_60072,VCAP,5uM,24h
MAPK11,Clopenthixol,0.34247572,LINCSKD_31604,VCAP,120 h,LINCSCP_33496,MCF7,10uM,6h
MAPK11,Tyrphostin A9,0.34258388,LINCSKD_31604,VCAP,120 h,LINCSCP_11034,ASC,10uM,24h
MAPK11,BRD-K49452151,0.3426186,LINCSKD_31604,VCAP,120 h,LINCSCP_37137,MCF7,1uM,6h
MAPK11,Dexlansoprazole,0.34265902,LINCSKD_31604,VCAP,120 h,LINCSCP_58075,VCAP,10uM,24h
MAPK11,Corvasal,0.34275633,LINCSKD_31604,VCAP,120 h,LINCSCP_107212,HELA,3.33uM,24h
MAPK11,BRD-K78327149,0.34278116,LINCSKD_31604,VCAP,120 h,LINCSCP_8818,A549,5uM,24h
MAPK11,BRD-K95976153,0.34280122,LINCSKD_31604,VCAP,120 h,LINCSCP_16393,HA1E,10uM,6h
MAPK11,MLS002264410,0.34281901,LINCSKD_31604,VCAP,120 h,LINCSCP_188889,A549,10uM,24h
MAPK11,Cefuroxime,0.34282861,LINCSKD_31604,VCAP,120 h,LINCSCP_272079,PC3,10uM,24h
MAPK11,CHEMBL2134588,0.3428437,LINCSKD_31604,VCAP,120 h,LINCSCP_263119,NPC,10uM,24h
MAPK11,Avrainvillamide-analog-6,0.34286631,LINCSKD_31604,VCAP,120 h,LINCSCP_49659,PC3,0.37uM,24h
MAPK11,NSC119236,0.34303185,LINCSKD_31604,VCAP,120 h,LINCSCP_40198,NCIH508,20uM,6h
MAPK11,Indapamide,0.3430374,LINCSKD_31604,VCAP,120 h,LINCSCP_127400,HT29,0.12uM,24h
MAPK11,Daminozide,0.34305376,LINCSKD_31604,VCAP,120 h,LINCSCP_164837,SKL.C,0.04uM,24h
MAPK11,SA-247582,0.34305472,LINCSKD_31604,VCAP,120 h,LINCSCP_37353,MCF7,10uM,6h
MAPK11,Desipramine,0.34311773,LINCSKD_31604,VCAP,120 h,LINCSCP_11457,ASC,10uM,24h
MAPK11,Diotyrosine,0.34312955,LINCSKD_31604,VCAP,120 h,LINCSCP_217082,HCC515,10uM,6h
MAPK11,BRD-K91473136,0.34315319,LINCSKD_31604,VCAP,120 h,LINCSCP_35154,MCF7,5uM,24h
MAPK11,Ethamivan,0.34317971,LINCSKD_31604,VCAP,120 h,LINCSCP_33005,MCF7,10uM,6h
MAPK11,BRD-K33258193,0.34319436,LINCSKD_31604,VCAP,120 h,LINCSCP_61120,VCAP,5uM,6h
MAPK11,AC1L1E8W,0.34322051,LINCSKD_31604,VCAP,120 h,LINCSCP_192402,A549,10uM,6h
MAPK11,ARN-509,0.34332495,LINCSKD_31604,VCAP,120 h,LINCSCP_175478,YAPC,10uM,24h
MAPK11,BRD-K23558120,0.34333512,LINCSKD_31604,VCAP,120 h,LINCSCP_253058,MCF7,3uM,24h
MAPK11,Zolpidem,0.34333537,LINCSKD_31604,VCAP,120 h,LINCSCP_95771,HA1E,0.37uM,24h
MAPK11,Lidocaine,0.34337552,LINCSKD_31604,VCAP,120 h,LINCSCP_293913,VCAP,10uM,24h
MAPK11,BRD-K95367721,0.34340108,LINCSKD_31604,VCAP,120 h,LINCSCP_263113,NPC,10uM,24h
MAPK11,"3,5-Dimethoxy-n-(1H-1,2,4-triazol-3-yl)benzamide",0.34340545,LINCSKD_31604,VCAP,120 h,LINCSCP_31040,MCF7,10uM,6h
MAPK11,Ethisterone,0.34340549,LINCSKD_31604,VCAP,120 h,LINCSCP_7657,A549,10uM,6h
MAPK11,CHEMBL1271322,0.34342224,LINCSKD_31604,VCAP,120 h,LINCSCP_236771,MCF7,10uM,24h
MAPK11,BRD-K83388394,0.34342349,LINCSKD_31604,VCAP,120 h,LINCSCP_181995,A375,5uM,24h
MAPK11,SPB02137,0.34343235,LINCSKD_31604,VCAP,120 h,LINCSCP_269203,PC3,10uM,24h
MAPK11,Deoxy Cholate,0.34344317,LINCSKD_31604,VCAP,120 h,LINCSCP_13174,FIBRNPC,10uM,24h
MAPK11,Thiorphan,0.34344692,LINCSKD_31604,VCAP,120 h,LINCSCP_11499,ASC,10uM,24h
MAPK11,BRD-K81249836,0.34346717,LINCSKD_31604,VCAP,120 h,LINCSCP_16889,HA1E,10uM,6h
MAPK11,Pracinostat,0.34349635,LINCSKD_31604,VCAP,120 h,LINCSCP_100630,HCC515,1.11uM,24h
MAPK11,Siguazodan,0.34350451,LINCSKD_31604,VCAP,120 h,LINCSCP_158837,PC3,1.11uM,24h
MAPK11,BRD-K38454082,0.34360149,LINCSKD_31604,VCAP,120 h,LINCSCP_65276,VCAP,10uM,24h
MAPK11,BRD-K64630692,0.3436126,LINCSKD_31604,VCAP,120 h,LINCSCP_61146,VCAP,5uM,6h
MAPK11,MLS003126523,0.34364069,LINCSKD_31604,VCAP,120 h,LINCSCP_57575,VCAP,10uM,24h
MAPK11,Rhodomyrtoxin B,0.34368826,LINCSKD_31604,VCAP,120 h,LINCSCP_15101,HA1E,10uM,6h
MAPK11,MLS000564806,0.34372016,LINCSKD_31604,VCAP,120 h,LINCSCP_53278,SKMEL1,10uM,6h
MAPK11,Ropinirole,0.34373033,LINCSKD_31604,VCAP,120 h,LINCSCP_223276,HT29,10uM,6h
MAPK11,BRD-K92137277,0.34377659,LINCSKD_31604,VCAP,120 h,LINCSCP_62946,VCAP,5uM,24h
MAPK11,Cis-Platin,0.34378081,LINCSKD_31604,VCAP,120 h,LINCSCP_10185,A549,0.01uM,6h
MAPK11,Birinapant,0.34381768,LINCSKD_31604,VCAP,120 h,LINCSCP_125641,HT29,0.37uM,24h
MAPK11,MLS003370625,0.34386793,LINCSKD_31604,VCAP,120 h,LINCSCP_31303,MCF7,10uM,6h
MAPK11,BRD-K33044853,0.34391239,LINCSKD_31604,VCAP,120 h,LINCSCP_61590,VCAP,5uM,24h
MAPK11,BRD-K55533488,0.34392351,LINCSKD_31604,VCAP,120 h,LINCSCP_3859,A375,0.12uM,24h
MAPK11,BRD-K00486725,0.34397506,LINCSKD_31604,VCAP,120 h,LINCSCP_138219,MCF7,0.37uM,24h
MAPK11,Tryptoline,0.34399588,LINCSKD_31604,VCAP,120 h,LINCSCP_45913,PC3,10uM,24h
MAPK11,BRD-A32440707,0.34407448,LINCSKD_31604,VCAP,120 h,LINCSCP_74901,A375,3.33uM,24h
MAPK11,"2-(3-Chlorophenyl)-5-(prop-2-en-1-ylamino)-1,3-oxazole-4-carbonitrile",0.34409307,LINCSKD_31604,VCAP,120 h,LINCSCP_1143,A375,10uM,24h
MAPK11,Bendamustine HCl,0.3441004,LINCSKD_31604,VCAP,120 h,LINCSCP_101692,HELA,0.04uM,24h
MAPK11,BRD-K12868556,0.34413136,LINCSKD_31604,VCAP,120 h,LINCSCP_62434,VCAP,5uM,24h
MAPK11,RASAGILINE,0.34413393,LINCSKD_31604,VCAP,120 h,LINCSCP_139708,MCF7,0.12uM,24h
MAPK11,BRD-K01497355,0.34413544,LINCSKD_31604,VCAP,120 h,LINCSCP_65750,VCAP,10uM,6h
MAPK11,CHEMBL2131868,0.34418307,LINCSKD_31604,VCAP,120 h,LINCSCP_20680,HCC515,10uM,6h
MAPK11,BRD-K46587586,0.34421391,LINCSKD_31604,VCAP,120 h,LINCSCP_252654,MCF7,0.5uM,24h
MAPK11,ALX-5407,0.34425988,LINCSKD_31604,VCAP,120 h,LINCSCP_171902,YAPC,1.11uM,24h
MAPK11,BRD-K06326887,0.34440262,LINCSKD_31604,VCAP,120 h,LINCSCP_61313,VCAP,5uM,6h
MAPK11,BRD-K51166678-019-01-3,0.34448004,LINCSKD_31604,VCAP,120 h,LINCSCP_65177,VCAP,10uM,6h
MAPK11,VU0165202-4,0.34450437,LINCSKD_31604,VCAP,120 h,LINCSCP_57973,VCAP,10uM,24h
MAPK11,BRD-K60391168,0.34451001,LINCSKD_31604,VCAP,120 h,LINCSCP_8933,A549,10uM,24h
MAPK11,BRD-K80579043,0.34454283,LINCSKD_31604,VCAP,120 h,LINCSCP_249082,MCF7,5uM,24h
MAPK11,RG 108,0.34457224,LINCSKD_31604,VCAP,120 h,LINCSCP_114239,HME1,10uM,24h
MAPK11,CHEMBL1712678,0.34461711,LINCSKD_31604,VCAP,120 h,LINCSCP_188657,A549,10uM,6h
MAPK11,BRD-K69892607,0.34462104,LINCSKD_31604,VCAP,120 h,LINCSCP_310417,VCAP,10uM,24h
MAPK11,Hoechst 33258,0.34464732,LINCSKD_31604,VCAP,120 h,LINCSCP_135034,MCF7,3.33uM,24h
MAPK11,Oligomycin C,0.34465492,LINCSKD_31604,VCAP,120 h,LINCSCP_5828,A549,10uM,6h
MAPK11,BRD-K85950149,0.34468383,LINCSKD_31604,VCAP,120 h,LINCSCP_8762,A549,5uM,24h
MAPK11,YM-298198,0.3447006,LINCSKD_31604,VCAP,120 h,LINCSCP_7488,A549,10uM,6h
MAPK11,AS604850,0.344801,LINCSKD_31604,VCAP,120 h,LINCSCP_295276,VCAP,10uM,24h
MAPK11,Trimipramine,0.34485172,LINCSKD_31604,VCAP,120 h,LINCSCP_153803,PC3,0.04uM,24h
MAPK11,Bardoxolone Methyl,0.3449076,LINCSKD_31604,VCAP,120 h,LINCSCP_167549,YAPC,0.37uM,24h
MAPK11,PRX-08066 Maleic acid,0.34495031,LINCSKD_31604,VCAP,120 h,LINCSCP_135013,MCF7,0.12uM,24h
MAPK11,CHEMBL2139002,0.34497551,LINCSKD_31604,VCAP,120 h,LINCSCP_295587,VCAP,10uM,24h
MAPK11,F0012-0289,0.34501524,LINCSKD_31604,VCAP,120 h,LINCSCP_6409,A549,10uM,24h
MAPK11,AC1O9I2Y,0.34501862,LINCSKD_31604,VCAP,120 h,LINCSCP_40901,NEU,10uM,24h
MAPK11,CID 75060947,0.34502582,LINCSKD_31604,VCAP,120 h,LINCSCP_46254,PC3,10uM,24h
MAPK11,BRD-K83816656,0.34508016,LINCSKD_31604,VCAP,120 h,LINCSCP_34087,MCF7,10uM,6h
MAPK11,Arecaidine Propargyl Ester,0.34511303,LINCSKD_31604,VCAP,120 h,LINCSCP_26994,HT29,10uM,6h
MAPK11,BRD-K38594532,0.34529865,LINCSKD_31604,VCAP,120 h,LINCSCP_23189,HEPG2,10uM,6h
MAPK11,AC1MFZU7,0.3454587,LINCSKD_31604,VCAP,120 h,LINCSCP_42348,NPC,10uM,24h
MAPK11,Anpirtoline,0.34548726,LINCSKD_31604,VCAP,120 h,LINCSCP_30388,MCF7,10uM,6h
MAPK11,cucurbitacin-i,0.34548956,LINCSKD_31604,VCAP,120 h,LINCSCP_119660,HT29,10uM,24h
MAPK11,CHEMBL2358056,0.34549614,LINCSKD_31604,VCAP,120 h,LINCSCP_63177,VCAP,5uM,6h
MAPK11,Amiloride,0.34549883,LINCSKD_31604,VCAP,120 h,LINCSCP_175828,YAPC,1.11uM,24h
MAPK11,BRD-K23603287,0.34550291,LINCSKD_31604,VCAP,120 h,LINCSCP_61575,VCAP,5uM,24h
MAPK11,MLS003530000,0.34552092,LINCSKD_31604,VCAP,120 h,LINCSCP_5283,A549,10uM,6h
MAPK11,GLPG0634,0.34558309,LINCSKD_31604,VCAP,120 h,LINCSCP_101651,HELA,10uM,24h
MAPK11,CHEMBL1718102,0.34564979,LINCSKD_31604,VCAP,120 h,LINCSCP_22268,HEPG2,10uM,6h
MAPK11,BRD-K32759520,0.34567789,LINCSKD_31604,VCAP,120 h,LINCSCP_247560,MCF7,5uM,24h
MAPK11,BRD-K56884102,0.34568424,LINCSKD_31604,VCAP,120 h,LINCSCP_311054,VCAP,10uM,6h
MAPK11,Baricitinib,0.34569396,LINCSKD_31604,VCAP,120 h,LINCSCP_103499,HELA,0.04uM,24h
MAPK11,Iproniazid,0.34571731,LINCSKD_31604,VCAP,120 h,LINCSCP_17017,HA1E,10uM,6h
MAPK11,BRD-K90281509,0.34573028,LINCSKD_31604,VCAP,120 h,LINCSCP_34860,MCF7,5uM,24h
MAPK11,SMR000075623,0.34578549,LINCSKD_31604,VCAP,120 h,LINCSCP_239466,MCF7,10uM,24h
MAPK11,MLS003129334,0.3458107,LINCSKD_31604,VCAP,120 h,LINCSCP_60733,VCAP,5uM,24h
MAPK11,Candesartan,0.34583636,LINCSKD_31604,VCAP,120 h,LINCSCP_125306,HT29,0.12uM,24h
MAPK11,BRD-K08221563,0.34585893,LINCSKD_31604,VCAP,120 h,LINCSCP_64355,VCAP,5uM,6h
MAPK11,Nicardipine,0.3459082,LINCSKD_31604,VCAP,120 h,LINCSCP_10469,AGS,10uM,6h
MAPK11,BRD-K21918725,0.34596812,LINCSKD_31604,VCAP,120 h,LINCSCP_222140,HL60,0.5uM,24h
MAPK11,ZINC01041848,0.34596964,LINCSKD_31604,VCAP,120 h,LINCSCP_47089,PC3,10uM,24h
MAPK11,ENMD-2076,0.34600239,LINCSKD_31604,VCAP,120 h,LINCSCP_97100,HA1E,0.37uM,24h
MAPK11,Doxofylline,0.34601984,LINCSKD_31604,VCAP,120 h,LINCSCP_142620,MCF7,3.33uM,24h
MAPK11,BRD-K05677905,0.34602457,LINCSKD_31604,VCAP,120 h,LINCSCP_42945,NPC,10uM,24h
MAPK11,CHEMBL1271219,0.34602657,LINCSKD_31604,VCAP,120 h,LINCSCP_19953,HCC515,10uM,6h
MAPK11,CHEMBL349641,0.34606709,LINCSKD_31604,VCAP,120 h,LINCSCP_31700,MCF7,10uM,6h
MAPK11,BRD-K21855096,0.34607065,LINCSKD_31604,VCAP,120 h,LINCSCP_61956,VCAP,5uM,24h
MAPK11,BRD-K64023191,0.34610366,LINCSKD_31604,VCAP,120 h,LINCSCP_61260,VCAP,5uM,24h
MAPK11,Trimebutine,0.34610766,LINCSKD_31604,VCAP,120 h,LINCSCP_80301,A375,0.37uM,24h
MAPK11,BRD-K07581216,0.3461185,LINCSKD_31604,VCAP,120 h,LINCSCP_65915,VCAP,3uM,24h
MAPK11,Clemizole,0.34615296,LINCSKD_31604,VCAP,120 h,LINCSCP_121588,HT29,0.04uM,24h
MAPK11,BRD-K45843042,0.34624673,LINCSKD_31604,VCAP,120 h,LINCSCP_43135,NPC,10uM,24h
MAPK11,SPOX1_002925,0.3462504,LINCSKD_31604,VCAP,120 h,LINCSCP_16390,HA1E,10uM,6h
MAPK11,Trapidil,0.34631344,LINCSKD_31604,VCAP,120 h,LINCSCP_14164,HA1E,10uM,24h
MAPK11,Cholrphenethazine,0.3463421,LINCSKD_31604,VCAP,120 h,LINCSCP_13046,FIBRNPC,10uM,24h
MAPK11,MLS001172197,0.34638983,LINCSKD_31604,VCAP,120 h,LINCSCP_236892,MCF7,10uM,24h
MAPK11,Linsitinib,0.34641683,LINCSKD_31604,VCAP,120 h,LINCSCP_131108,MCF10A,0.37uM,3h
MAPK11,BRD-K59000771,0.34643958,LINCSKD_31604,VCAP,120 h,LINCSCP_8836,A549,5uM,24h
MAPK11,MLS002264476,0.34645135,LINCSKD_31604,VCAP,120 h,LINCSCP_5268,A549,10uM,6h
MAPK11,Arundine,0.34646711,LINCSKD_31604,VCAP,120 h,LINCSCP_227482,HT29,10uM,6h
MAPK11,BRD-K79779816,0.34653266,LINCSKD_31604,VCAP,120 h,LINCSCP_58647,VCAP,10uM,24h
MAPK11,SCHEMBL16712694,0.34656355,LINCSKD_31604,VCAP,120 h,LINCSCP_38352,MCF7,3uM,6h
MAPK11,INOSITOL,0.34657668,LINCSKD_31604,VCAP,120 h,LINCSCP_172034,YAPC,1.11uM,24h
MAPK11,BRD-K22563530,0.3465807,LINCSKD_31604,VCAP,120 h,LINCSCP_278096,PC3,10uM,24h
MAPK11,Istaroxime (hydrochloride),0.34660695,LINCSKD_31604,VCAP,120 h,LINCSCP_175878,YAPC,0.12uM,24h
MAPK11,BRD-K98471960,0.34665885,LINCSKD_31604,VCAP,120 h,LINCSCP_62956,VCAP,5uM,24h
MAPK11,BRD-K84023371,0.34669651,LINCSKD_31604,VCAP,120 h,LINCSCP_65116,VCAP,5uM,24h
MAPK11,ST50426557,0.34683791,LINCSKD_31604,VCAP,120 h,LINCSCP_190623,A549,10uM,24h
MAPK11,CID755673,0.34691038,LINCSKD_31604,VCAP,120 h,LINCSCP_211359,HA1E,10uM,6h
MAPK11,CHEMBL2357044,0.34693252,LINCSKD_31604,VCAP,120 h,LINCSCP_34858,MCF7,5uM,24h
MAPK11,Secnidazole,0.34699636,LINCSKD_31604,VCAP,120 h,LINCSCP_174376,YAPC,0.04uM,24h
MAPK11,MLS-0435541.0001,0.34704884,LINCSKD_31604,VCAP,120 h,LINCSCP_240482,MCF7,10uM,6h
MAPK11,Indomethacin Morpholinylamide,0.34707556,LINCSKD_31604,VCAP,120 h,LINCSCP_11350,ASC,10uM,24h
MAPK11,BRD-K90417362,0.3471272,LINCSKD_31604,VCAP,120 h,LINCSCP_295929,VCAP,10uM,6h
MAPK11,CHEMBL2137336,0.34716638,LINCSKD_31604,VCAP,120 h,LINCSCP_47076,PC3,10uM,24h
MAPK11,Ergothioneine,0.34723983,LINCSKD_31604,VCAP,120 h,LINCSCP_90735,HA1E,3.33uM,24h
MAPK11,SA-427604,0.34727159,LINCSKD_31604,VCAP,120 h,LINCSCP_37141,MCF7,1uM,6h
MAPK11,Protriptyline,0.34728989,LINCSKD_31604,VCAP,120 h,LINCSCP_14730,HA1E,10uM,24h
MAPK11,AMIKACIN HYDRATE,0.34731929,LINCSKD_31604,VCAP,120 h,LINCSCP_166644,YAPC,0.12uM,24h
MAPK11,BRD-K27986637,0.34732495,LINCSKD_31604,VCAP,120 h,LINCSCP_20597,HCC515,10uM,6h
MAPK11,BRD-K76264608,0.34736948,LINCSKD_31604,VCAP,120 h,LINCSCP_28295,HT29,10uM,24h
MAPK11,Allantoin,0.34738225,LINCSKD_31604,VCAP,120 h,LINCSCP_218953,HEK293T,10uM,6h
MAPK11,Trifluoperazine,0.34739086,LINCSKD_31604,VCAP,120 h,LINCSCP_25840,HT29,10uM,6h
MAPK11,BRD-K79657514,0.34743516,LINCSKD_31604,VCAP,120 h,LINCSCP_62931,VCAP,5uM,24h
MAPK11,BRD-K40454949,0.34748182,LINCSKD_31604,VCAP,120 h,LINCSCP_63376,VCAP,5uM,24h
MAPK11,MLS000729763,0.34748844,LINCSKD_31604,VCAP,120 h,LINCSCP_57356,VCAP,10uM,6h
MAPK11,CHEMBL3400875,0.34756104,LINCSKD_31604,VCAP,120 h,LINCSCP_8100,A549,5uM,24h
MAPK11,Amodiaquine,0.34775522,LINCSKD_31604,VCAP,120 h,LINCSCP_137196,MCF7,10uM,24h
MAPK11,UNII-P41PML4GHR,0.34778732,LINCSKD_31604,VCAP,120 h,LINCSCP_34736,MCF7,10uM,6h
MAPK11,Arctigenin,0.34782581,LINCSKD_31604,VCAP,120 h,LINCSCP_11301,ASC,10uM,24h
MAPK11,CHEMBL1270912,0.3478515,LINCSKD_31604,VCAP,120 h,LINCSCP_292803,VCAP,10uM,24h
MAPK11,BRD-K74294292,0.3478709,LINCSKD_31604,VCAP,120 h,LINCSCP_61372,VCAP,5uM,6h
MAPK11,BRD-K10654753,0.34788738,LINCSKD_31604,VCAP,120 h,LINCSCP_62500,VCAP,5uM,6h
MAPK11,PNU-99194A,0.34791442,LINCSKD_31604,VCAP,120 h,LINCSCP_289881,VCAP,10uM,6h
MAPK11,SMR000144819,0.34791845,LINCSKD_31604,VCAP,120 h,LINCSCP_271019,PC3,10uM,6h
MAPK11,MLS002477156,0.34792877,LINCSKD_31604,VCAP,120 h,LINCSCP_45885,PC3,10uM,24h
MAPK11,Atenolol,0.34795086,LINCSKD_31604,VCAP,120 h,LINCSCP_161000,PC3,10uM,24h
MAPK11,SCHEMBL618594,0.34800707,LINCSKD_31604,VCAP,120 h,LINCSCP_86873,CD34,0.37uM,24h
MAPK11,RO 08-2750,0.34805349,LINCSKD_31604,VCAP,120 h,LINCSCP_22872,HEPG2,10uM,6h
MAPK11,Cytosporone B,0.34810096,LINCSKD_31604,VCAP,120 h,LINCSCP_261184,NOMO1,10uM,6h
MAPK11,Ehna,0.34810377,LINCSKD_31604,VCAP,120 h,LINCSCP_18695,HCC515,10uM,6h
MAPK11,Sepantronium,0.34810632,LINCSKD_31604,VCAP,120 h,LINCSCP_50661,PL21,0.5uM,6h
MAPK11,ZINC43409584,0.34811865,LINCSKD_31604,VCAP,120 h,LINCSCP_34487,MCF7,10uM,24h
MAPK11,SA-1920687,0.34816537,LINCSKD_31604,VCAP,120 h,LINCSCP_253572,MCF7,1uM,24h
MAPK11,AC1MJZSK,0.34816695,LINCSKD_31604,VCAP,120 h,LINCSCP_5177,A549,10uM,6h
MAPK11,CHEMBL3182146,0.3481811,LINCSKD_31604,VCAP,120 h,LINCSCP_26215,HT29,10uM,6h
MAPK11,Bretazenil,0.34818347,LINCSKD_31604,VCAP,120 h,LINCSCP_176306,YAPC,3.33uM,24h
MAPK11,BRD-K72429558,0.34823916,LINCSKD_31604,VCAP,120 h,LINCSCP_46371,PC3,10uM,6h
MAPK11,CHEMBL2142395,0.34825192,LINCSKD_31604,VCAP,120 h,LINCSCP_247812,MCF7,5uM,24h
MAPK11,Dexamethasone Acetate,0.34827176,LINCSKD_31604,VCAP,120 h,LINCSCP_176117,YAPC,0.12uM,24h
MAPK11,BRD-K34435836,0.34830474,LINCSKD_31604,VCAP,120 h,LINCSCP_62276,VCAP,5uM,24h
MAPK11,MLS002264386,0.34834567,LINCSKD_31604,VCAP,120 h,LINCSCP_224930,HT29,10uM,6h
MAPK11,CHEMBL1270312,0.34838376,LINCSKD_31604,VCAP,120 h,LINCSCP_268900,PC3,10uM,6h
MAPK11,salsoline,0.34839039,LINCSKD_31604,VCAP,120 h,LINCSCP_98192,HA1E,10uM,24h
MAPK11,Caffeic Acid Phenethyl Ester,0.34849366,LINCSKD_31604,VCAP,120 h,LINCSCP_23533,HEPG2,5uM,24h
MAPK11,Chromanol 293B,0.34850434,LINCSKD_31604,VCAP,120 h,LINCSCP_461,A375,10uM,6h
MAPK11,SCHEMBL17857056,0.34862132,LINCSKD_31604,VCAP,120 h,LINCSCP_51617,SKBR3,10uM,6h
MAPK11,HMS1476K01,0.34874704,LINCSKD_31604,VCAP,120 h,LINCSCP_2149,A375,10uM,6h
MAPK11,Tedizolid,0.34880025,LINCSKD_31604,VCAP,120 h,LINCSCP_139794,MCF7,10uM,24h
MAPK11,BRD-K67502058,0.34881763,LINCSKD_31604,VCAP,120 h,LINCSCP_62309,VCAP,5uM,24h
MAPK11,Bitopertin,0.34884356,LINCSKD_31604,VCAP,120 h,LINCSCP_121338,HT29,3.33uM,24h
MAPK11,KUC103670,0.34891678,LINCSKD_31604,VCAP,120 h,LINCSCP_1528,A375,10uM,6h
MAPK11,Celecoxib,0.34892487,LINCSKD_31604,VCAP,120 h,LINCSCP_2579,A375,10uM,6h
MAPK11,BRD-K60341033,0.34892991,LINCSKD_31604,VCAP,120 h,LINCSCP_66125,VCAP,1uM,24h
MAPK11,MLS-0437136.0001,0.3489704,LINCSKD_31604,VCAP,120 h,LINCSCP_31330,MCF7,10uM,24h
MAPK11,Tyrphostin B46,0.3490266,LINCSKD_31604,VCAP,120 h,LINCSCP_14591,HA1E,10uM,6h
MAPK11,R-N-Propylnorapomorphine,0.34903999,LINCSKD_31604,VCAP,120 h,LINCSCP_214862,HCC515,10uM,6h
MAPK11,BRD-K10017294-001-01-0,0.34904223,LINCSKD_31604,VCAP,120 h,LINCSCP_64876,VCAP,10uM,24h
MAPK11,BRD-K11480730,0.34905406,LINCSKD_31604,VCAP,120 h,LINCSCP_8099,A549,5uM,24h
MAPK11,Megestrol Acetate,0.34908546,LINCSKD_31604,VCAP,120 h,LINCSCP_190217,A549,10uM,6h
MAPK11,Rimonabant,0.3490875,LINCSKD_31604,VCAP,120 h,LINCSCP_121321,HT29,1.11uM,24h
MAPK11,SA-424371,0.34915097,LINCSKD_31604,VCAP,120 h,LINCSCP_37292,MCF7,1uM,6h
MAPK11,BRD-K04230416,0.34916157,LINCSKD_31604,VCAP,120 h,LINCSCP_306924,VCAP,5uM,6h
MAPK11,BRD-K86845397,0.34923929,LINCSKD_31604,VCAP,120 h,LINCSCP_65533,VCAP,10uM,6h
MAPK11,PD-160170,0.34934424,LINCSKD_31604,VCAP,120 h,LINCSCP_44198,PC3,10uM,24h
MAPK11,N-{3-[2-(4-Methyl-pyridin-2-ylamino)-thiazol-4-yl]-phenyl}-acetamide,0.34934723,LINCSKD_31604,VCAP,120 h,LINCSCP_34754,MCF7,20uM,6h
MAPK11,BRD-K30229575,0.34945346,LINCSKD_31604,VCAP,120 h,LINCSCP_8904,A549,10uM,24h
MAPK11,BRD-K61260096,0.34950064,LINCSKD_31604,VCAP,120 h,LINCSCP_63617,VCAP,5uM,6h
MAPK11,Dopamine,0.34951877,LINCSKD_31604,VCAP,120 h,LINCSCP_27316,HT29,10uM,6h
MAPK11,CHEMBL2143638,0.34952226,LINCSKD_31604,VCAP,120 h,LINCSCP_59380,VCAP,10uM,6h
MAPK11,Loxapine,0.34952576,LINCSKD_31604,VCAP,120 h,LINCSCP_30210,MCF7,10uM,6h
MAPK11,Raltitrexed,0.34956284,LINCSKD_31604,VCAP,120 h,LINCSCP_20340,HCC515,10uM,6h
MAPK11,SUGA1_016055,0.34956291,LINCSKD_31604,VCAP,120 h,LINCSCP_6221,A549,10uM,24h
MAPK11,Glemanserin,0.34957951,LINCSKD_31604,VCAP,120 h,LINCSCP_209483,HA1E,10uM,24h
MAPK11,BRD-K01477275,0.34967319,LINCSKD_31604,VCAP,120 h,LINCSCP_8704,A549,5uM,24h
MAPK11,BRD-K40185230,0.34974435,LINCSKD_31604,VCAP,120 h,LINCSCP_297154,VCAP,5uM,6h
MAPK11,Lenvatinib (E7080),0.34993314,LINCSKD_31604,VCAP,120 h,LINCSCP_170748,YAPC,1.11uM,24h
MAPK11,BRD-K06532738,0.34997628,LINCSKD_31604,VCAP,120 h,LINCSCP_62252,VCAP,5uM,24h
MAPK11,Propylpyrazoletriol,0.34999824,LINCSKD_31604,VCAP,120 h,LINCSCP_14537,HA1E,10uM,6h
MAPK11,BRD-K36138091,0.35002891,LINCSKD_31604,VCAP,120 h,LINCSCP_63371,VCAP,5uM,24h
MAPK11,CHEMBL2357707,0.35003668,LINCSKD_31604,VCAP,120 h,LINCSCP_8420,A549,5uM,24h
MAPK11,AMG 232,0.35008179,LINCSKD_31604,VCAP,120 h,LINCSCP_159027,PC3,10uM,24h
MAPK11,BIBR-1532,0.35008719,LINCSKD_31604,VCAP,120 h,LINCSCP_53550,SNGM,80uM,6h
MAPK11,SPECTRUM_001522,0.35009655,LINCSKD_31604,VCAP,120 h,LINCSCP_44496,PC3,10uM,24h
MAPK11,Mebeverine,0.35013225,LINCSKD_31604,VCAP,120 h,LINCSCP_258580,NEU,10uM,24h
MAPK11,Ketoconazole,0.35013247,LINCSKD_31604,VCAP,120 h,LINCSCP_47374,PC3,10uM,6h
MAPK11,BRD-K59524902,0.35016162,LINCSKD_31604,VCAP,120 h,LINCSCP_312336,VCAP,0.5uM,24h
MAPK11,UNII-884KT10YB7,0.3501963,LINCSKD_31604,VCAP,120 h,LINCSCP_47506,PC3,10uM,24h
MAPK11,BRD-K04512584,0.35022159,LINCSKD_31604,VCAP,120 h,LINCSCP_249147,MCF7,5uM,24h
MAPK11,BRD-K76366810,0.3502342,LINCSKD_31604,VCAP,120 h,LINCSCP_301964,VCAP,5uM,6h
MAPK11,Tyrphostin 1,0.3502442,LINCSKD_31604,VCAP,120 h,LINCSCP_175948,YAPC,0.37uM,24h
MAPK11,BRD-K98945308,0.35027705,LINCSKD_31604,VCAP,120 h,LINCSCP_43203,NPC,10uM,24h
MAPK11,Wiskostatin,0.35030726,LINCSKD_31604,VCAP,120 h,LINCSCP_33043,MCF7,10uM,24h
MAPK11,BRD-K15476875,0.35032159,LINCSKD_31604,VCAP,120 h,LINCSCP_303491,VCAP,5uM,24h
MAPK11,LY 2183240,0.35033349,LINCSKD_31604,VCAP,120 h,LINCSCP_39753,MDST8,10uM,6h
MAPK11,BRD-K89824424,0.35034628,LINCSKD_31604,VCAP,120 h,LINCSCP_48593,PC3,10uM,24h
MAPK11,SUGA1_010400,0.35043765,LINCSKD_31604,VCAP,120 h,LINCSCP_6120,A549,10uM,6h
MAPK11,Phenothiazine,0.35050391,LINCSKD_31604,VCAP,120 h,LINCSCP_210224,HA1E,10uM,24h
MAPK11,SKF96365,0.35051213,LINCSKD_31604,VCAP,120 h,LINCSCP_37978,MCF7,3uM,6h
MAPK11,Pramipexole,0.35051794,LINCSKD_31604,VCAP,120 h,LINCSCP_5711,A549,10uM,24h
MAPK11,AZD1981,0.35057931,LINCSKD_31604,VCAP,120 h,LINCSCP_96147,HA1E,1.11uM,24h
MAPK11,MLS004683642,0.35059139,LINCSKD_31604,VCAP,120 h,LINCSCP_254651,MCF7,0.5uM,24h
MAPK11,BML-259,0.35061847,LINCSKD_31604,VCAP,120 h,LINCSCP_51201,RMUGS,80uM,6h
MAPK11,MLS003650042,0.35063476,LINCSKD_31604,VCAP,120 h,LINCSCP_61081,VCAP,5uM,24h
MAPK11,C-Fms Inhibitor,0.3506728,LINCSKD_31604,VCAP,120 h,LINCSCP_101031,HCC515,0.37uM,24h
MAPK11,CHEMBL2140880,0.35069497,LINCSKD_31604,VCAP,120 h,LINCSCP_38050,MCF7,0.5uM,6h
MAPK11,BRD-K99638701,0.35070925,LINCSKD_31604,VCAP,120 h,LINCSCP_8382,A549,5uM,24h
MAPK11,MLS003129344,0.35076404,LINCSKD_31604,VCAP,120 h,LINCSCP_60600,VCAP,5uM,24h
MAPK11,BRD-K36558227,0.35080209,LINCSKD_31604,VCAP,120 h,LINCSCP_62146,VCAP,5uM,24h
MAPK11,Narciclasine,0.35096462,LINCSKD_31604,VCAP,120 h,LINCSCP_36239,MCF7,0.1uM,24h
MAPK11,BRD-K67868064,0.35098364,LINCSKD_31604,VCAP,120 h,LINCSCP_311741,VCAP,10uM,24h
MAPK11,BRD-K34407245,0.35100918,LINCSKD_31604,VCAP,120 h,LINCSCP_61981,VCAP,5uM,24h
MAPK11,Taltirelin,0.35101806,LINCSKD_31604,VCAP,120 h,LINCSCP_175694,YAPC,10uM,24h
MAPK11,ST081814,0.35107812,LINCSKD_31604,VCAP,120 h,LINCSCP_220083,HEPG2,10uM,6h
MAPK11,BRD-K12124649,0.35109102,LINCSKD_31604,VCAP,120 h,LINCSCP_35008,MCF7,5uM,24h
MAPK11,BRD-K70918484,0.35113791,LINCSKD_31604,VCAP,120 h,LINCSCP_27714,HT29,5uM,24h
MAPK11,ZINC01045466,0.35113953,LINCSKD_31604,VCAP,120 h,LINCSCP_242799,MCF7,10uM,6h
MAPK11,D-64406,0.35115748,LINCSKD_31604,VCAP,120 h,LINCSCP_7301,A549,10uM,24h
MAPK11,Cinacalcet,0.35116888,LINCSKD_31604,VCAP,120 h,LINCSCP_6665,A549,10uM,6h
MAPK11,VE-821,0.35118067,LINCSKD_31604,VCAP,120 h,LINCSCP_70367,A375,1.11uM,24h
MAPK11,F1396-0210,0.35127871,LINCSKD_31604,VCAP,120 h,LINCSCP_5513,A549,10uM,6h
MAPK11,BRD-K48551077,0.3512925,LINCSKD_31604,VCAP,120 h,LINCSCP_8741,A549,5uM,24h
MAPK11,Lomerizine,0.35131739,LINCSKD_31604,VCAP,120 h,LINCSCP_239278,MCF7,10uM,6h
MAPK11,AC1MG5VA,0.3513669,LINCSKD_31604,VCAP,120 h,LINCSCP_239922,MCF7,10uM,24h
MAPK11,AT13387,0.35138617,LINCSKD_31604,VCAP,120 h,LINCSCP_139289,MCF7,0.04uM,24h
MAPK11,BRD-K56176052,0.35153599,LINCSKD_31604,VCAP,120 h,LINCSCP_8400,A549,5uM,24h
MAPK11,Rilmenidine,0.35154526,LINCSKD_31604,VCAP,120 h,LINCSCP_104671,HELA,1.11uM,24h
MAPK11,BRD-K89986699,0.35155241,LINCSKD_31604,VCAP,120 h,LINCSCP_38248,MCF7,1uM,24h
MAPK11,MLS002699811,0.35160511,LINCSKD_31604,VCAP,120 h,LINCSCP_5297,A549,10uM,6h
MAPK11,BRD-K90163207,0.35164557,LINCSKD_31604,VCAP,120 h,LINCSCP_307627,VCAP,5uM,6h
MAPK11,Ntzdpa,0.35164746,LINCSKD_31604,VCAP,120 h,LINCSCP_7482,A549,10uM,6h
MAPK11,BRD-K26545157,0.35169325,LINCSKD_31604,VCAP,120 h,LINCSCP_199543,A549,5uM,24h
MAPK11,MLS001065880,0.35170776,LINCSKD_31604,VCAP,120 h,LINCSCP_4988,A549,10uM,24h
MAPK11,BRD-K38611276,0.35176101,LINCSKD_31604,VCAP,120 h,LINCSCP_59662,VCAP,5uM,24h
MAPK11,Pizotyline,0.35177285,LINCSKD_31604,VCAP,120 h,LINCSCP_32929,MCF7,10uM,24h
MAPK11,Nimodipine,0.35186837,LINCSKD_31604,VCAP,120 h,LINCSCP_106304,HELA,10uM,24h
MAPK11,Dihomo-Gamma-Linolenic acid,0.35187419,LINCSKD_31604,VCAP,120 h,LINCSCP_483,A375,10uM,6h
MAPK11,Nicergoline,0.35194841,LINCSKD_31604,VCAP,120 h,LINCSCP_56455,VCAP,10uM,24h
MAPK11,ML089,0.35208614,LINCSKD_31604,VCAP,120 h,LINCSCP_22182,HEPG2,10uM,6h
MAPK11,BRD-K65517548,0.35214436,LINCSKD_31604,VCAP,120 h,LINCSCP_61365,VCAP,5uM,6h
MAPK11,BRD-K16172779,0.35214943,LINCSKD_31604,VCAP,120 h,LINCSCP_61200,VCAP,5uM,24h
MAPK11,Histamine 2HCl,0.35216614,LINCSKD_31604,VCAP,120 h,LINCSCP_156826,PC3,0.12uM,24h
MAPK11,apicidin,0.35222409,LINCSKD_31604,VCAP,120 h,LINCSCP_106188,HELA,0.12uM,24h
MAPK11,BRD-K74864389,0.35226669,LINCSKD_31604,VCAP,120 h,LINCSCP_59789,VCAP,5uM,6h
MAPK11,H-9,0.35229662,LINCSKD_31604,VCAP,120 h,LINCSCP_6579,A549,10uM,6h
MAPK11,Phenacetin,0.35233124,LINCSKD_31604,VCAP,120 h,LINCSCP_30208,MCF7,10uM,6h
MAPK11,Clofazimine,0.35239837,LINCSKD_31604,VCAP,120 h,LINCSCP_122660,HT29,0.12uM,24h
MAPK11,Pipamperone,0.35240399,LINCSKD_31604,VCAP,120 h,LINCSCP_25181,HT29,10uM,6h
MAPK11,JL-7-128,0.3525095,LINCSKD_31604,VCAP,120 h,LINCSCP_27339,HT29,10uM,6h
MAPK11,GSK-3 Inhibitor IX,0.35255289,LINCSKD_31604,VCAP,120 h,LINCSCP_130117,LNCAP,3.33uM,3h
MAPK11,CHEMBL299879,0.3526077,LINCSKD_31604,VCAP,120 h,LINCSCP_43986,PC3,10uM,24h
MAPK11,ZINC27645180,0.35260983,LINCSKD_31604,VCAP,120 h,LINCSCP_46317,PC3,10uM,6h
MAPK11,Vortioxetine (Lu AA21004) HBr,0.35261048,LINCSKD_31604,VCAP,120 h,LINCSCP_106698,HELA,10uM,24h
MAPK11,GSK256066,0.3526905,LINCSKD_31604,VCAP,120 h,LINCSCP_170657,YAPC,0.04uM,24h
MAPK11,CHEMBL2361061,0.3527318,LINCSKD_31604,VCAP,120 h,LINCSCP_46464,PC3,10uM,24h
MAPK11,BRD-K85102293,0.35277154,LINCSKD_31604,VCAP,120 h,LINCSCP_37198,MCF7,10uM,6h
MAPK11,Riluzole,0.3527817,LINCSKD_31604,VCAP,120 h,LINCSCP_91286,HA1E,3.33uM,24h
MAPK11,MLS002460463,0.35280318,LINCSKD_31604,VCAP,120 h,LINCSCP_31031,MCF7,10uM,6h
MAPK11,BRD-K54335715,0.35287158,LINCSKD_31604,VCAP,120 h,LINCSCP_48541,PC3,10uM,24h
MAPK11,RG2833 (RGFP109),0.35299847,LINCSKD_31604,VCAP,120 h,LINCSCP_156904,PC3,0.12uM,24h
MAPK11,BRD-K04046003,0.35310565,LINCSKD_31604,VCAP,120 h,LINCSCP_65562,VCAP,10uM,24h
MAPK11,Dropropizine,0.35313095,LINCSKD_31604,VCAP,120 h,LINCSCP_50251,PHH,10uM,24h
MAPK11,SR-95531,0.35318078,LINCSKD_31604,VCAP,120 h,LINCSCP_14159,HA1E,10uM,24h
MAPK11,BRD-K76269942,0.35323996,LINCSKD_31604,VCAP,120 h,LINCSCP_63945,VCAP,5uM,6h
MAPK11,BRD-K34960081,0.35324995,LINCSKD_31604,VCAP,120 h,LINCSCP_65267,VCAP,10uM,24h
MAPK11,ZD-7288,0.3532513,LINCSKD_31604,VCAP,120 h,LINCSCP_7684,A549,10uM,6h
MAPK11,CGP-52432,0.35328602,LINCSKD_31604,VCAP,120 h,LINCSCP_13821,HA1E,10uM,6h
MAPK11,BRD-K28040935,0.35329131,LINCSKD_31604,VCAP,120 h,LINCSCP_31139,MCF7,10uM,24h
MAPK11,UNC 669,0.35332362,LINCSKD_31604,VCAP,120 h,LINCSCP_148900,NPC,0.12uM,24h
MAPK11,BRD-K44368508,0.35340854,LINCSKD_31604,VCAP,120 h,LINCSCP_64657,VCAP,10uM,24h
MAPK11,F1394-0084,0.35343969,LINCSKD_31604,VCAP,120 h,LINCSCP_6085,A549,10uM,6h
MAPK11,BAS 02002358,0.35344859,LINCSKD_31604,VCAP,120 h,LINCSCP_899,A375,20uM,6h
MAPK11,SA-424936,0.35356045,LINCSKD_31604,VCAP,120 h,LINCSCP_253074,MCF7,3uM,24h
MAPK11,BRD-K74704013,0.35357549,LINCSKD_31604,VCAP,120 h,LINCSCP_8817,A549,5uM,24h
MAPK11,Pinocembrin,0.35357832,LINCSKD_31604,VCAP,120 h,LINCSCP_18143,HCC515,10uM,6h
MAPK11,levopropoxyphene,0.35364866,LINCSKD_31604,VCAP,120 h,LINCSCP_153154,PC3,0.37uM,24h
MAPK11,SA-1938111,0.35371997,LINCSKD_31604,VCAP,120 h,LINCSCP_37147,MCF7,3uM,6h
MAPK11,BRD-K33038714,0.35372114,LINCSKD_31604,VCAP,120 h,LINCSCP_27501,HT29,5uM,24h
MAPK11,2-[(3-Carboxypropanoyl)amino]benzoic acid,0.35373931,LINCSKD_31604,VCAP,120 h,LINCSCP_32028,MCF7,10uM,6h
MAPK11,Harpagoside,0.35382534,LINCSKD_31604,VCAP,120 h,LINCSCP_26811,HT29,10uM,6h
MAPK11,CHEMBL1472453,0.3539397,LINCSKD_31604,VCAP,120 h,LINCSCP_31715,MCF7,10uM,6h
MAPK11,WYE 125132,0.35398928,LINCSKD_31604,VCAP,120 h,LINCSCP_145882,MDAMB231,0.37uM,3h
MAPK11,tropisetron,0.35404636,LINCSKD_31604,VCAP,120 h,LINCSCP_174401,YAPC,10uM,24h
MAPK11,SCHEMBL17783876,0.35410589,LINCSKD_31604,VCAP,120 h,LINCSCP_9060,A549,10uM,24h
MAPK11,332874-04-1,0.3541158,LINCSKD_31604,VCAP,120 h,LINCSCP_239979,MCF7,10uM,24h
MAPK11,Dmbi,0.35413211,LINCSKD_31604,VCAP,120 h,LINCSCP_14795,HA1E,10uM,24h
MAPK11,BRD-K07907451,0.35418444,LINCSKD_31604,VCAP,120 h,LINCSCP_48422,PC3,10uM,24h
MAPK11,Dicloxacillin,0.35418724,LINCSKD_31604,VCAP,120 h,LINCSCP_170057,YAPC,0.04uM,24h
MAPK11,BRD-K06295532,0.35422493,LINCSKD_31604,VCAP,120 h,LINCSCP_60133,VCAP,5uM,24h
MAPK11,JW 55,0.35430572,LINCSKD_31604,VCAP,120 h,LINCSCP_164704,SKL.C,0.12uM,24h
MAPK11,SMR000197751,0.35438025,LINCSKD_31604,VCAP,120 h,LINCSCP_59383,VCAP,10uM,6h
MAPK11,BRD-K88243749,0.35439994,LINCSKD_31604,VCAP,120 h,LINCSCP_3164,A375,5uM,24h
MAPK11,Batimastat,0.3544189,LINCSKD_31604,VCAP,120 h,LINCSCP_19413,HCC515,40uM,24h
MAPK11,Troglitazone,0.35443573,LINCSKD_31604,VCAP,120 h,LINCSCP_311145,VCAP,1uM,24h
MAPK11,ALD1-H_001031,0.35453441,LINCSKD_31604,VCAP,120 h,LINCSCP_58491,VCAP,10uM,6h
MAPK11,BRD-M06931697,0.35468632,LINCSKD_31604,VCAP,120 h,LINCSCP_279217,PC3,10uM,6h
MAPK11,APIXABAN,0.35469714,LINCSKD_31604,VCAP,120 h,LINCSCP_140957,MCF7,10uM,24h
MAPK11,BRD-K10421834,0.35473938,LINCSKD_31604,VCAP,120 h,LINCSCP_186514,A375,10uM,24h
MAPK11,BRD-K79793579,0.35475564,LINCSKD_31604,VCAP,120 h,LINCSCP_259341,NEU,10uM,24h
MAPK11,Ruxolitinib,0.35475723,LINCSKD_31604,VCAP,120 h,LINCSCP_87874,HA1E,1.11uM,24h
MAPK11,Morin,0.35482386,LINCSKD_31604,VCAP,120 h,LINCSCP_48103,PC3,5uM,6h
MAPK11,ICG-001,0.35485841,LINCSKD_31604,VCAP,120 h,LINCSCP_39882,NCIH1694,10uM,6h
MAPK11,2-Chloro-n-(1-phenyl-3-propyl-1H-pyrazol-5-yl)acetamide,0.35488434,LINCSKD_31604,VCAP,120 h,LINCSCP_210384,HA1E,10uM,6h
MAPK11,Cuneatin Methyl Ether,0.35496287,LINCSKD_31604,VCAP,120 h,LINCSCP_179823,A375,10uM,6h
MAPK11,BRD-K16244298,0.35500044,LINCSKD_31604,VCAP,120 h,LINCSCP_305476,VCAP,5uM,24h
MAPK11,"15-Benzyl-4-cyclopropylmethyl-10,17-dihydroxy-(1S,13R,15R,17S)-12-oxa-4-azapentacyclo[9.6.1.01,13.05,17.07,18]octadeca-7,9,11(18)-trien-14-one",0.35500393,LINCSKD_31604,VCAP,120 h,LINCSCP_15113,HA1E,10uM,6h
MAPK11,BRD-K79564569,0.35504453,LINCSKD_31604,VCAP,120 h,LINCSCP_38354,MCF7,1uM,6h
MAPK11,Demeclocycline,0.35505315,LINCSKD_31604,VCAP,120 h,LINCSCP_243909,MCF7,10uM,24h
MAPK11,BRD-K71154829,0.35506884,LINCSKD_31604,VCAP,120 h,LINCSCP_65056,VCAP,10uM,6h
MAPK11,Simeprevir,0.35509865,LINCSKD_31604,VCAP,120 h,LINCSCP_160695,PC3,3.33uM,24h
MAPK11,Anacardic acid,0.35510874,LINCSKD_31604,VCAP,120 h,LINCSCP_150119,NPC.TAK,1.11uM,24h
MAPK11,CHEMBL3183436,0.35511575,LINCSKD_31604,VCAP,120 h,LINCSCP_20910,HCC515,10uM,24h
MAPK11,MLS000536845,0.35520334,LINCSKD_31604,VCAP,120 h,LINCSCP_22489,HEPG2,10uM,6h
MAPK11,TIE2 Kinase Inhibitor,0.35525716,LINCSKD_31604,VCAP,120 h,LINCSCP_152506,PC3,0.37uM,24h
MAPK11,BRD-K72241566,0.35525835,LINCSKD_31604,VCAP,120 h,LINCSCP_195458,A549,5uM,24h
MAPK11,ZINC04889240,0.3552787,LINCSKD_31604,VCAP,120 h,LINCSCP_188783,A549,10uM,6h
MAPK11,MLS002576689,0.35536127,LINCSKD_31604,VCAP,120 h,LINCSCP_22148,HEPG2,10uM,6h
MAPK11,MLS003079541,0.35536685,LINCSKD_31604,VCAP,120 h,LINCSCP_31224,MCF7,10uM,24h
MAPK11,MLS003171622,0.35537314,LINCSKD_31604,VCAP,120 h,LINCSCP_19819,HCC515,10uM,6h
MAPK11,BRD-K53700261,0.35538106,LINCSKD_31604,VCAP,120 h,LINCSCP_60305,VCAP,5uM,6h
MAPK11,Alvespimycin,0.35540599,LINCSKD_31604,VCAP,120 h,LINCSCP_22611,HEPG2,10uM,6h
MAPK11,Nevirapine,0.35543678,LINCSKD_31604,VCAP,120 h,LINCSCP_272010,PC3,10uM,24h
MAPK11,BRD-K86522396,0.35544234,LINCSKD_31604,VCAP,120 h,LINCSCP_60932,VCAP,5uM,24h
MAPK11,SPOX1_002285,0.35562071,LINCSKD_31604,VCAP,120 h,LINCSCP_32218,MCF7,10uM,24h
MAPK11,BRD-K28589277,0.35562149,LINCSKD_31604,VCAP,120 h,LINCSCP_308673,VCAP,5uM,24h
MAPK11,MLS000863584,0.35564511,LINCSKD_31604,VCAP,120 h,LINCSCP_221474,HEPG2,3uM,24h
MAPK11,Sildenafil,0.35571091,LINCSKD_31604,VCAP,120 h,LINCSCP_35817,MCF7,1uM,6h
MAPK11,NCGC00172361-01,0.35575704,LINCSKD_31604,VCAP,120 h,LINCSCP_22447,HEPG2,10uM,6h
MAPK11,BRD-K12360898,0.35576804,LINCSKD_31604,VCAP,120 h,LINCSCP_48731,PC3,10uM,24h
MAPK11,Rebastinib,0.35584132,LINCSKD_31604,VCAP,120 h,LINCSCP_113866,HME1,0.37uM,24h
MAPK11,MLS001065912,0.35591112,LINCSKD_31604,VCAP,120 h,LINCSCP_31071,MCF7,10uM,6h
MAPK11,BRD-K99567611,0.35596658,LINCSKD_31604,VCAP,120 h,LINCSCP_61857,VCAP,5uM,24h
MAPK11,BRD-K39629581,0.35598194,LINCSKD_31604,VCAP,120 h,LINCSCP_61448,VCAP,5uM,24h
MAPK11,PK04_098276,0.35599905,LINCSKD_31604,VCAP,120 h,LINCSCP_16554,HA1E,10uM,6h
MAPK11,BRD-K77933659,0.35608192,LINCSKD_31604,VCAP,120 h,LINCSCP_62688,VCAP,5uM,24h
MAPK11,E-3810,0.35609104,LINCSKD_31604,VCAP,120 h,LINCSCP_153451,PC3,3.33uM,24h
MAPK11,Atipamezole (hydrochloride),0.35611376,LINCSKD_31604,VCAP,120 h,LINCSCP_170738,YAPC,0.12uM,24h
MAPK11,BRD-K36716113,0.35611804,LINCSKD_31604,VCAP,120 h,LINCSCP_3340,A375,5uM,24h
MAPK11,BRD-K67269534,0.35613616,LINCSKD_31604,VCAP,120 h,LINCSCP_8316,A549,5uM,24h
MAPK11,"Triazolothiadiazine, 22",0.35613773,LINCSKD_31604,VCAP,120 h,LINCSCP_5337,A549,10uM,6h
MAPK11,Dicyclomine,0.35614868,LINCSKD_31604,VCAP,120 h,LINCSCP_34305,MCF7,10uM,24h
MAPK11,BRD-K55612480,0.35619647,LINCSKD_31604,VCAP,120 h,LINCSCP_2178,A375,10uM,6h
MAPK11,Quipazine,0.35620725,LINCSKD_31604,VCAP,120 h,LINCSCP_14780,HA1E,10uM,24h
MAPK11,BRD-K59472190,0.35623163,LINCSKD_31604,VCAP,120 h,LINCSCP_249812,MCF7,10uM,24h
MAPK11,BRD-K15525241,0.35626631,LINCSKD_31604,VCAP,120 h,LINCSCP_65586,VCAP,10uM,24h
MAPK11,BRD-K56208365,0.35639019,LINCSKD_31604,VCAP,120 h,LINCSCP_249806,MCF7,10uM,24h
MAPK11,Cefaclor,0.35649208,LINCSKD_31604,VCAP,120 h,LINCSCP_45902,PC3,10uM,24h
MAPK11,4-Methylhistamine,0.35652626,LINCSKD_31604,VCAP,120 h,LINCSCP_193492,A549,10uM,6h
MAPK11,STK205557,0.35658473,LINCSKD_31604,VCAP,120 h,LINCSCP_6052,A549,10uM,6h
MAPK11,BRD-K95391106-001-01-5,0.35658967,LINCSKD_31604,VCAP,120 h,LINCSCP_273458,PC3,10uM,24h
MAPK11,BRD-K71742078,0.35659476,LINCSKD_31604,VCAP,120 h,LINCSCP_28287,HT29,10uM,24h
MAPK11,BRD-K19914944,0.35660299,LINCSKD_31604,VCAP,120 h,LINCSCP_23365,HEPG2,10uM,24h
MAPK11,MEGXP0_000831,0.35660654,LINCSKD_31604,VCAP,120 h,LINCSCP_1974,A375,10uM,6h
MAPK11,BRD-K77793090,0.35661279,LINCSKD_31604,VCAP,120 h,LINCSCP_35365,MCF7,10uM,24h
MAPK11,BRD-K76882924,0.35662904,LINCSKD_31604,VCAP,120 h,LINCSCP_239504,MCF7,10uM,24h
MAPK11,TL_HRAS26,0.35664387,LINCSKD_31604,VCAP,120 h,LINCSCP_217887,HCC515,1.11uM,24h
MAPK11,(Z) Fluvoxamine,0.35664634,LINCSKD_31604,VCAP,120 h,LINCSCP_171863,YAPC,0.04uM,24h
MAPK11,BRD-K78596368,0.35672179,LINCSKD_31604,VCAP,120 h,LINCSCP_20324,HCC515,10uM,6h
MAPK11,Fenretinide,0.35674498,LINCSKD_31604,VCAP,120 h,LINCSCP_240511,MCF7,10uM,6h
MAPK11,BRD-K99188848,0.35680474,LINCSKD_31604,VCAP,120 h,LINCSCP_277771,PC3,5uM,24h
MAPK11,MLS000038106,0.3568462,LINCSKD_31604,VCAP,120 h,LINCSCP_257469,NCIH508,10uM,6h
MAPK11,Tolbutamide,0.35686036,LINCSKD_31604,VCAP,120 h,LINCSCP_160165,PC3,0.04uM,24h
MAPK11,BRD-K84238725,0.35688084,LINCSKD_31604,VCAP,120 h,LINCSCP_62936,VCAP,5uM,24h
MAPK11,BRD-M31016039,0.35688397,LINCSKD_31604,VCAP,120 h,LINCSCP_34942,MCF7,5uM,24h
MAPK11,RO-194603,0.35701922,LINCSKD_31604,VCAP,120 h,LINCSCP_14138,HA1E,10uM,24h
MAPK11,BRD-K27835062,0.35706751,LINCSKD_31604,VCAP,120 h,LINCSCP_60530,VCAP,5uM,24h
MAPK11,BRD-K81054062,0.35708388,LINCSKD_31604,VCAP,120 h,LINCSCP_64024,VCAP,5uM,24h
MAPK11,Famciclovir,0.35711446,LINCSKD_31604,VCAP,120 h,LINCSCP_141006,MCF7,3.33uM,24h
MAPK11,BRD-K11672081,0.3571225,LINCSKD_31604,VCAP,120 h,LINCSCP_64743,VCAP,10uM,6h
MAPK11,BRD-K96345282,0.35713735,LINCSKD_31604,VCAP,120 h,LINCSCP_61388,VCAP,5uM,6h
MAPK11,Estradiol,0.35715934,LINCSKD_31604,VCAP,120 h,LINCSCP_250892,MCF7,0.5uM,6h
MAPK11,AC1MDRA3,0.35719461,LINCSKD_31604,VCAP,120 h,LINCSCP_32437,MCF7,10uM,24h
MAPK11,BRD-K29996103,0.35720498,LINCSKD_31604,VCAP,120 h,LINCSCP_60863,VCAP,5uM,24h
MAPK11,BRD-K57293132,0.35728336,LINCSKD_31604,VCAP,120 h,LINCSCP_34044,MCF7,10uM,6h
MAPK11,GSK J4,0.3573329,LINCSKD_31604,VCAP,120 h,LINCSCP_70154,A375,0.04uM,24h
MAPK11,BRD-K46746428,0.35734135,LINCSKD_31604,VCAP,120 h,LINCSCP_8786,A549,5uM,24h
MAPK11,BRD-K42134801,0.35737138,LINCSKD_31604,VCAP,120 h,LINCSCP_59766,VCAP,5uM,6h
MAPK11,TP14,0.35737342,LINCSKD_31604,VCAP,120 h,LINCSCP_24098,HEPG2,0.37uM,24h
MAPK11,BRD-K04086909,0.35742963,LINCSKD_31604,VCAP,120 h,LINCSCP_61402,VCAP,5uM,24h
MAPK11,MLS003129189,0.35750345,LINCSKD_31604,VCAP,120 h,LINCSCP_60516,VCAP,5uM,24h
MAPK11,STK224476,0.35754771,LINCSKD_31604,VCAP,120 h,LINCSCP_46203,PC3,10uM,24h
MAPK11,12K-613S,0.35756376,LINCSKD_31604,VCAP,120 h,LINCSCP_6055,A549,10uM,6h
MAPK11,BRD-K29097491,0.35760654,LINCSKD_31604,VCAP,120 h,LINCSCP_311836,VCAP,10uM,6h
MAPK11,Osimertinib,0.35761573,LINCSKD_31604,VCAP,120 h,LINCSCP_146289,MNEU.E,1.11uM,24h
MAPK11,PCL2_000405,0.35763267,LINCSKD_31604,VCAP,120 h,LINCSCP_22393,HEPG2,10uM,6h
MAPK11,Vinblastine,0.35765531,LINCSKD_31604,VCAP,120 h,LINCSCP_38271,MCF7,1uM,6h
MAPK11,Bupropion,0.35766188,LINCSKD_31604,VCAP,120 h,LINCSCP_170013,YAPC,0.37uM,24h
MAPK11,Loxoprofen,0.35766231,LINCSKD_31604,VCAP,120 h,LINCSCP_139113,MCF7,0.37uM,24h
MAPK11,Badge,0.35772576,LINCSKD_31604,VCAP,120 h,LINCSCP_192853,A549,10uM,6h
MAPK11,Diclofenac,0.35774105,LINCSKD_31604,VCAP,120 h,LINCSCP_244192,MCF7,10uM,6h
MAPK11,BRD-K77006185,0.35774758,LINCSKD_31604,VCAP,120 h,LINCSCP_309667,VCAP,5uM,6h
MAPK11,Fipronil,0.35777619,LINCSKD_31604,VCAP,120 h,LINCSCP_107926,HELA,0.04uM,24h
MAPK11,CHEMBL3188928,0.35778544,LINCSKD_31604,VCAP,120 h,LINCSCP_37557,MCF7,1uM,6h
MAPK11,BRD-K67733357,0.35791412,LINCSKD_31604,VCAP,120 h,LINCSCP_276529,PC3,5uM,24h
MAPK11,Dabrafenib,0.3579805,LINCSKD_31604,VCAP,120 h,LINCSCP_83834,ASC.C,0.12uM,24h
MAPK11,Mepireserpate,0.35805466,LINCSKD_31604,VCAP,120 h,LINCSCP_15006,HA1E,10uM,24h
MAPK11,BRD-K04669648,0.35805658,LINCSKD_31604,VCAP,120 h,LINCSCP_61543,VCAP,5uM,24h
MAPK11,Fasudil,0.3581105,LINCSKD_31604,VCAP,120 h,LINCSCP_33656,MCF7,10uM,24h
MAPK11,BRD-K94348552,0.35811056,LINCSKD_31604,VCAP,120 h,LINCSCP_61512,VCAP,5uM,24h
MAPK11,BRD-K04239420,0.3581216,LINCSKD_31604,VCAP,120 h,LINCSCP_48174,PC3,5uM,24h
MAPK11,AVL-292,0.35812801,LINCSKD_31604,VCAP,120 h,LINCSCP_110120,HELA,10uM,24h
MAPK11,BRD-K43581698,0.35812814,LINCSKD_31604,VCAP,120 h,LINCSCP_211596,HA1E,10uM,6h
MAPK11,Selegiline,0.35813785,LINCSKD_31604,VCAP,120 h,LINCSCP_212246,HA1E,10uM,6h
MAPK11,CI-1040,0.3581727,LINCSKD_31604,VCAP,120 h,LINCSCP_85342,BT20,0.12uM,24h
MAPK11,Bexarotene,0.3582115,LINCSKD_31604,VCAP,120 h,LINCSCP_176016,YAPC,0.04uM,24h
MAPK11,BRD-K22583762,0.35822283,LINCSKD_31604,VCAP,120 h,LINCSCP_299573,VCAP,5uM,6h
MAPK11,BRD-K51961561,0.35823757,LINCSKD_31604,VCAP,120 h,LINCSCP_247607,MCF7,5uM,24h
MAPK11,Balicatib,0.35827499,LINCSKD_31604,VCAP,120 h,LINCSCP_90757,HA1E,0.04uM,24h
MAPK11,Fumonisin-B1,0.35830044,LINCSKD_31604,VCAP,120 h,LINCSCP_886,A375,100uM,6h
MAPK11,BRD-K83727172,0.35831844,LINCSKD_31604,VCAP,120 h,LINCSCP_65714,VCAP,10uM,24h
MAPK11,BRD-K10482608,0.35834309,LINCSKD_31604,VCAP,120 h,LINCSCP_64158,VCAP,5uM,24h
MAPK11,BRD-K43540029,0.35836034,LINCSKD_31604,VCAP,120 h,LINCSCP_35320,MCF7,10uM,24h
MAPK11,BRD-K30511626,0.3583683,LINCSKD_31604,VCAP,120 h,LINCSCP_261653,NPC,10uM,24h
MAPK11,PF-04449913,0.35843119,LINCSKD_31604,VCAP,120 h,LINCSCP_135461,MCF7,0.37uM,24h
MAPK11,Olprinone (Hydrochloride),0.35846026,LINCSKD_31604,VCAP,120 h,LINCSCP_168237,YAPC,3.33uM,24h
MAPK11,Clenbuterol,0.35848205,LINCSKD_31604,VCAP,120 h,LINCSCP_47469,PC3,10uM,24h
MAPK11,BRD-K79112806,0.35849317,LINCSKD_31604,VCAP,120 h,LINCSCP_64218,VCAP,5uM,24h
MAPK11,ASN 04482516,0.35850888,LINCSKD_31604,VCAP,120 h,LINCSCP_271149,PC3,10uM,24h
MAPK11,MLS002460409,0.35859698,LINCSKD_31604,VCAP,120 h,LINCSCP_31634,MCF7,10uM,24h
MAPK11,Dipropyldopamine,0.35863697,LINCSKD_31604,VCAP,120 h,LINCSCP_4410,A549,10uM,6h
MAPK11,Amitriptyline,0.35866803,LINCSKD_31604,VCAP,120 h,LINCSCP_168706,YAPC,0.37uM,24h
MAPK11,BRD-K76688397,0.35867699,LINCSKD_31604,VCAP,120 h,LINCSCP_61822,VCAP,5uM,24h
MAPK11,Ranitidine,0.35869328,LINCSKD_31604,VCAP,120 h,LINCSCP_18615,HCC515,10uM,24h
MAPK11,BRD-K49849398-019-01-8,0.35873402,LINCSKD_31604,VCAP,120 h,LINCSCP_3497,A375,5uM,24h
MAPK11,BRD-K43905345,0.35873431,LINCSKD_31604,VCAP,120 h,LINCSCP_64654,VCAP,10uM,24h
MAPK11,BRD-K66147676,0.35878882,LINCSKD_31604,VCAP,120 h,LINCSCP_61147,VCAP,5uM,6h
MAPK11,Pidotimod,0.35879165,LINCSKD_31604,VCAP,120 h,LINCSCP_73223,A375,0.04uM,24h
MAPK11,BRD-A25736793,0.3587952,LINCSKD_31604,VCAP,120 h,LINCSCP_69906,A375,10uM,24h
MAPK11,Tretinoin,0.35886162,LINCSKD_31604,VCAP,120 h,LINCSCP_36161,MCF7,0.5uM,6h
MAPK11,MLS003370614,0.35889231,LINCSKD_31604,VCAP,120 h,LINCSCP_268833,PC3,10uM,6h
MAPK11,BRD-K41431262,0.35889307,LINCSKD_31604,VCAP,120 h,LINCSCP_27315,HT29,10uM,6h
MAPK11,"Pyridine-2,4-dicarboxylic acid",0.35897679,LINCSKD_31604,VCAP,120 h,LINCSCP_207480,FIBRNPC,10uM,24h
MAPK11,Semagacestat (LY450139),0.35898019,LINCSKD_31604,VCAP,120 h,LINCSCP_108990,HELA,3.33uM,24h
MAPK11,PHA-767491,0.35898511,LINCSKD_31604,VCAP,120 h,LINCSCP_148606,NPC,0.12uM,24h
MAPK11,"Ethyl 1-benzyl-4,5-dioxopyrrolidine-3-carboxylate",0.35908573,LINCSKD_31604,VCAP,120 h,LINCSCP_13852,HA1E,10uM,6h
MAPK11,Metaproterenol,0.35921692,LINCSKD_31604,VCAP,120 h,LINCSCP_27271,HT29,10uM,6h
MAPK11,Phentolamine,0.35931407,LINCSKD_31604,VCAP,120 h,LINCSCP_192118,A549,10uM,6h
MAPK11,BRD-K69827766,0.3593541,LINCSKD_31604,VCAP,120 h,LINCSCP_297721,VCAP,5uM,6h
MAPK11,MLS003129710,0.35939906,LINCSKD_31604,VCAP,120 h,LINCSCP_60669,VCAP,5uM,6h
MAPK11,Ttnpb,0.35950529,LINCSKD_31604,VCAP,120 h,LINCSCP_173041,YAPC,1.11uM,24h
MAPK11,ST014075,0.35953303,LINCSKD_31604,VCAP,120 h,LINCSCP_33840,MCF7,10uM,24h
MAPK11,Calpeptin,0.35959339,LINCSKD_31604,VCAP,120 h,LINCSCP_33491,MCF7,10uM,6h
MAPK11,BRD-K15626512,0.35965376,LINCSKD_31604,VCAP,120 h,LINCSCP_63139,VCAP,5uM,6h
MAPK11,DC-45-A2,0.35966435,LINCSKD_31604,VCAP,120 h,LINCSCP_55021,THP1,10uM,6h
MAPK11,MLS002264472,0.35967008,LINCSKD_31604,VCAP,120 h,LINCSCP_31242,MCF7,10uM,6h
MAPK11,Spironolactone,0.35967811,LINCSKD_31604,VCAP,120 h,LINCSCP_272132,PC3,10uM,24h
MAPK11,BRD-K90135241,0.35974711,LINCSKD_31604,VCAP,120 h,LINCSCP_49045,PC3,10uM,24h
MAPK11,MLS003129176,0.35975657,LINCSKD_31604,VCAP,120 h,LINCSCP_299058,VCAP,5uM,6h
MAPK11,Dabigatran Etexilate,0.35979129,LINCSKD_31604,VCAP,120 h,LINCSCP_123072,HT29,0.37uM,24h
MAPK11,BRD-K49553303-001-01-8,0.35981325,LINCSKD_31604,VCAP,120 h,LINCSCP_295846,VCAP,10uM,6h
MAPK11,Valproic acid,0.35982644,LINCSKD_31604,VCAP,120 h,LINCSCP_170801,YAPC,3.33uM,24h
MAPK11,Deoxycholic acid,0.3598325,LINCSKD_31604,VCAP,120 h,LINCSCP_94308,HA1E,3.33uM,24h
MAPK11,Dexibuprofen,0.3598385,LINCSKD_31604,VCAP,120 h,LINCSCP_14550,HA1E,10uM,6h
MAPK11,Idebenone,0.35986387,LINCSKD_31604,VCAP,120 h,LINCSCP_239215,MCF7,10uM,6h
MAPK11,MLS003129758,0.35988095,LINCSKD_31604,VCAP,120 h,LINCSCP_60534,VCAP,5uM,24h
MAPK11,D-LACTITOL MONOHYDRATE,0.35990641,LINCSKD_31604,VCAP,120 h,LINCSCP_118868,HT29,10uM,24h
MAPK11,Diflorasone Diacetate,0.35993169,LINCSKD_31604,VCAP,120 h,LINCSCP_44373,PC3,10uM,24h
MAPK11,BRD-K37461197,0.35993367,LINCSKD_31604,VCAP,120 h,LINCSCP_305800,VCAP,5uM,24h
MAPK11,BRD-K46445327,0.35993488,LINCSKD_31604,VCAP,120 h,LINCSCP_7847,A549,10uM,24h
MAPK11,BRD-K07768565,0.35994445,LINCSKD_31604,VCAP,120 h,LINCSCP_310950,VCAP,10uM,6h
MAPK11,Andrographolide,0.35999936,LINCSKD_31604,VCAP,120 h,LINCSCP_123980,HT29,0.37uM,24h
MAPK11,SA-102042,0.36005481,LINCSKD_31604,VCAP,120 h,LINCSCP_38339,MCF7,3uM,6h
MAPK11,Ibutilide,0.36009215,LINCSKD_31604,VCAP,120 h,LINCSCP_175096,YAPC,10uM,24h
MAPK11,Amlexanox,0.36020483,LINCSKD_31604,VCAP,120 h,LINCSCP_169276,YAPC,0.12uM,24h
MAPK11,ML9,0.36024349,LINCSKD_31604,VCAP,120 h,LINCSCP_4241,A549,10uM,24h
MAPK11,Benzylimidazole,0.36029117,LINCSKD_31604,VCAP,120 h,LINCSCP_238345,MCF7,10uM,24h
MAPK11,BRD-K00550058,0.36043022,LINCSKD_31604,VCAP,120 h,LINCSCP_48346,PC3,5uM,24h
MAPK11,282089-49-0,0.36046585,LINCSKD_31604,VCAP,120 h,LINCSCP_33399,MCF7,10uM,24h
MAPK11,Naltrindole,0.36047936,LINCSKD_31604,VCAP,120 h,LINCSCP_13655,HA1E,10uM,24h
MAPK11,TAN-67,0.36048483,LINCSKD_31604,VCAP,120 h,LINCSCP_238075,MCF7,10uM,6h
MAPK11,MLS003129553,0.36049407,LINCSKD_31604,VCAP,120 h,LINCSCP_8314,A549,5uM,24h
MAPK11,AC1LB5IQ,0.36053508,LINCSKD_31604,VCAP,120 h,LINCSCP_189320,A549,10uM,24h
MAPK11,Vicriviroc,0.3605463,LINCSKD_31604,VCAP,120 h,LINCSCP_124948,HT29,10uM,24h
MAPK11,Daidzein,0.36058585,LINCSKD_31604,VCAP,120 h,LINCSCP_56677,VCAP,10uM,24h
MAPK11,Cycloserine,0.36063784,LINCSKD_31604,VCAP,120 h,LINCSCP_1943,A375,10uM,6h
MAPK11,SAN1_014122,0.36064764,LINCSKD_31604,VCAP,120 h,LINCSCP_22323,HEPG2,10uM,6h
MAPK11,Veliparib (ABT-888),0.36071654,LINCSKD_31604,VCAP,120 h,LINCSCP_104416,HELA,0.04uM,24h
MAPK11,BRD-K92302554,0.36072503,LINCSKD_31604,VCAP,120 h,LINCSCP_254019,MCF7,10uM,24h
MAPK11,Cinanserin,0.36075214,LINCSKD_31604,VCAP,120 h,LINCSCP_30275,MCF7,10uM,24h
MAPK11,Irsogladine,0.36075553,LINCSKD_31604,VCAP,120 h,LINCSCP_5777,A549,10uM,24h
MAPK11,BRD-K14502067,0.36076291,LINCSKD_31604,VCAP,120 h,LINCSCP_3135,A375,5uM,24h
MAPK11,BRD-K20200700,0.36076604,LINCSKD_31604,VCAP,120 h,LINCSCP_303263,VCAP,5uM,6h
MAPK11,PCA-4248,0.36077422,LINCSKD_31604,VCAP,120 h,LINCSCP_33553,MCF7,10uM,24h
MAPK11,BRD-K87313043,0.36078105,LINCSKD_31604,VCAP,120 h,LINCSCP_43188,NPC,10uM,24h
MAPK11,SPECTRUM_001095,0.36079706,LINCSKD_31604,VCAP,120 h,LINCSCP_44663,PC3,10uM,24h
MAPK11,Glimepiride,0.36080113,LINCSKD_31604,VCAP,120 h,LINCSCP_290103,VCAP,10uM,24h
MAPK11,BRD-K76999748,0.36083539,LINCSKD_31604,VCAP,120 h,LINCSCP_295673,VCAP,10uM,24h
MAPK11,STK222600,0.36085827,LINCSKD_31604,VCAP,120 h,LINCSCP_239489,MCF7,10uM,24h
MAPK11,BRD-A41986761,0.36090766,LINCSKD_31604,VCAP,120 h,LINCSCP_167001,YAPC,3.33uM,24h
MAPK11,AC1MCT8Q,0.36099213,LINCSKD_31604,VCAP,120 h,LINCSCP_203382,ASC,10uM,24h
MAPK11,BRD-K63828515,0.36110226,LINCSKD_31604,VCAP,120 h,LINCSCP_8254,A549,5uM,24h
MAPK11,paroxetine,0.36113524,LINCSKD_31604,VCAP,120 h,LINCSCP_140548,MCF7,0.04uM,24h
MAPK11,Levcromakalim,0.36122696,LINCSKD_31604,VCAP,120 h,LINCSCP_13893,HA1E,10uM,6h
MAPK11,Nicorandil,0.36132364,LINCSKD_31604,VCAP,120 h,LINCSCP_239352,MCF7,10uM,6h
MAPK11,MLS003129306,0.36137162,LINCSKD_31604,VCAP,120 h,LINCSCP_298919,VCAP,5uM,6h
MAPK11,MLS002276465,0.36142208,LINCSKD_31604,VCAP,120 h,LINCSCP_31085,MCF7,10uM,6h
MAPK11,MLS003126538,0.36148304,LINCSKD_31604,VCAP,120 h,LINCSCP_5331,A549,10uM,6h
MAPK11,AC1N1YO4,0.36148794,LINCSKD_31604,VCAP,120 h,LINCSCP_26064,HT29,10uM,6h
MAPK11,PLX-4720,0.36153436,LINCSKD_31604,VCAP,120 h,LINCSCP_11914,BT20,10uM,6h
MAPK11,AM 281,0.36156337,LINCSKD_31604,VCAP,120 h,LINCSCP_4399,A549,10uM,6h
MAPK11,Dehydroepiandrosterone Acetate,0.36159907,LINCSKD_31604,VCAP,120 h,LINCSCP_13963,HA1E,10uM,6h
MAPK11,BRD-K97717522,0.36168392,LINCSKD_31604,VCAP,120 h,LINCSCP_62832,VCAP,5uM,24h
MAPK11,BRD-K19596098,0.36170268,LINCSKD_31604,VCAP,120 h,LINCSCP_65596,VCAP,10uM,24h
MAPK11,BRD-K12973880,0.36172464,LINCSKD_31604,VCAP,120 h,LINCSCP_65920,VCAP,1uM,24h
MAPK11,PF-04620110,0.36177594,LINCSKD_31604,VCAP,120 h,LINCSCP_92402,HA1E,0.04uM,24h
MAPK11,BRD-K86671899,0.36202913,LINCSKD_31604,VCAP,120 h,LINCSCP_35257,MCF7,10uM,24h
MAPK11,GSK-319347A,0.36208296,LINCSKD_31604,VCAP,120 h,LINCSCP_10577,AGS,5uM,6h
MAPK11,MOXIDECTIN,0.36209933,LINCSKD_31604,VCAP,120 h,LINCSCP_123974,HT29,0.37uM,24h
MAPK11,CHEMBL3183676,0.36218685,LINCSKD_31604,VCAP,120 h,LINCSCP_28326,HT29,10uM,24h
MAPK11,BRD-K44242139,0.3621904,LINCSKD_31604,VCAP,120 h,LINCSCP_48535,PC3,10uM,24h
MAPK11,BRD-K40397365,0.36219447,LINCSKD_31604,VCAP,120 h,LINCSCP_311514,VCAP,10uM,6h
MAPK11,SMR000076922,0.36225349,LINCSKD_31604,VCAP,120 h,LINCSCP_191281,A549,10uM,6h
MAPK11,"8-Cyclohexyl-2,3,3a,4,5,6-hexahydro-1H-pyrazino[3,2,1-jk]carbazole",0.36226476,LINCSKD_31604,VCAP,120 h,LINCSCP_56735,VCAP,10uM,6h
MAPK11,BRD-K88058683,0.36228455,LINCSKD_31604,VCAP,120 h,LINCSCP_63417,VCAP,5uM,24h
MAPK11,NSC653260,0.36230214,LINCSKD_31604,VCAP,120 h,LINCSCP_18139,HCC515,10uM,6h
MAPK11,CGS-15943,0.36264541,LINCSKD_31604,VCAP,120 h,LINCSCP_67581,MCF7,20uM,6h
MAPK11,Ipriflavone,0.3626461,LINCSKD_31604,VCAP,120 h,LINCSCP_99091,HA1E,10uM,24h
MAPK11,Glyburide,0.36274416,LINCSKD_31604,VCAP,120 h,LINCSCP_53330,SKMEL1,10uM,6h
MAPK11,BRD-K83316435,0.3627797,LINCSKD_31604,VCAP,120 h,LINCSCP_312057,VCAP,10uM,24h
MAPK11,BRD-K51894281,0.36279927,LINCSKD_31604,VCAP,120 h,LINCSCP_62462,VCAP,5uM,24h
MAPK11,Nafronyl,0.36282535,LINCSKD_31604,VCAP,120 h,LINCSCP_34254,MCF7,10uM,24h
MAPK11,BRD-K82462389,0.36286501,LINCSKD_31604,VCAP,120 h,LINCSCP_62051,VCAP,5uM,24h
MAPK11,BRD-K58745468,0.36289363,LINCSKD_31604,VCAP,120 h,LINCSCP_63891,VCAP,5uM,24h
MAPK11,BRD-K99344911,0.36294199,LINCSKD_31604,VCAP,120 h,LINCSCP_63201,VCAP,5uM,6h
MAPK11,BRD-K12249810,0.363111,LINCSKD_31604,VCAP,120 h,LINCSCP_59734,VCAP,5uM,6h
MAPK11,Latanoprost,0.36319725,LINCSKD_31604,VCAP,120 h,LINCSCP_239161,MCF7,10uM,6h
MAPK11,ACON1_002163,0.36321972,LINCSKD_31604,VCAP,120 h,LINCSCP_271230,PC3,10uM,6h
MAPK11,UNII-Q85IYK36S4,0.3634977,LINCSKD_31604,VCAP,120 h,LINCSCP_354,A375,10uM,24h
MAPK11,BRD-K07951922,0.3635741,LINCSKD_31604,VCAP,120 h,LINCSCP_59952,VCAP,5uM,6h
MAPK11,Hydroflumethiazide,0.3636091,LINCSKD_31604,VCAP,120 h,LINCSCP_137081,MCF7,0.04uM,24h
MAPK11,BRD-K52306726,0.3637291,LINCSKD_31604,VCAP,120 h,LINCSCP_8165,A549,5uM,24h
MAPK11,BRD-K01121544,0.36380482,LINCSKD_31604,VCAP,120 h,LINCSCP_60494,VCAP,5uM,24h
MAPK11,CHEMBL566899,0.36381322,LINCSKD_31604,VCAP,120 h,LINCSCP_15780,HA1E,10uM,24h
MAPK11,WAY-170523,0.36389204,LINCSKD_31604,VCAP,120 h,LINCSCP_52502,SKB,10uM,24h
MAPK11,Naproxen,0.36389563,LINCSKD_31604,VCAP,120 h,LINCSCP_94093,HA1E,3.33uM,24h
MAPK11,BRD-K36928794,0.36390027,LINCSKD_31604,VCAP,120 h,LINCSCP_3312,A375,5uM,24h
MAPK11,MLS002554298,0.36390194,LINCSKD_31604,VCAP,120 h,LINCSCP_45928,PC3,10uM,24h
MAPK11,AC1NWAML,0.36393081,LINCSKD_31604,VCAP,120 h,LINCSCP_169672,YAPC,0.12uM,24h
MAPK11,KU-55933,0.36393467,LINCSKD_31604,VCAP,120 h,LINCSCP_100450,HCC515,1.11uM,24h
MAPK11,ST014147,0.36399801,LINCSKD_31604,VCAP,120 h,LINCSCP_33960,MCF7,10uM,6h
MAPK11,MLS002473918,0.36404207,LINCSKD_31604,VCAP,120 h,LINCSCP_47315,PC3,10uM,24h
MAPK11,CYTO7H11,0.36409794,LINCSKD_31604,VCAP,120 h,LINCSCP_29259,LOVO,10uM,6h
MAPK11,PRE-084,0.36416533,LINCSKD_31604,VCAP,120 h,LINCSCP_262171,NPC,10uM,24h
MAPK11,Y-27632,0.36427254,LINCSKD_31604,VCAP,120 h,LINCSCP_19189,HCC515,10uM,6h
MAPK11,AT-9283,0.36430553,LINCSKD_31604,VCAP,120 h,LINCSCP_168459,YAPC,1.11uM,24h
MAPK11,Metronidazole,0.36431309,LINCSKD_31604,VCAP,120 h,LINCSCP_136801,MCF7,3.33uM,24h
MAPK11,BRD-K97758158,0.3643184,LINCSKD_31604,VCAP,120 h,LINCSCP_62711,VCAP,5uM,24h
MAPK11,2-(Trifluoromethyl)phenothiazine,0.36440058,LINCSKD_31604,VCAP,120 h,LINCSCP_237375,MCF7,10uM,24h
MAPK11,Ketotifen,0.36444634,LINCSKD_31604,VCAP,120 h,LINCSCP_46006,PC3,10uM,6h
MAPK11,BL-074,0.36454002,LINCSKD_31604,VCAP,120 h,LINCSCP_46873,PC3,10uM,24h
MAPK11,BRD-K63922933,0.36460991,LINCSKD_31604,VCAP,120 h,LINCSCP_27564,HT29,5uM,24h
MAPK11,MLS-0351065.0001,0.36466356,LINCSKD_31604,VCAP,120 h,LINCSCP_1074,A375,10uM,24h
MAPK11,"7,8-Dihydro-l-biopterin",0.36471741,LINCSKD_31604,VCAP,120 h,LINCSCP_191521,A549,10uM,6h
MAPK11,BRD-K63874400,0.36473788,LINCSKD_31604,VCAP,120 h,LINCSCP_312340,VCAP,10uM,24h
MAPK11,N6022,0.36478899,LINCSKD_31604,VCAP,120 h,LINCSCP_124755,HT29,0.12uM,24h
MAPK11,BAS 05532738,0.36479128,LINCSKD_31604,VCAP,120 h,LINCSCP_20226,HCC515,10uM,6h
MAPK11,SCH-79797,0.36481692,LINCSKD_31604,VCAP,120 h,LINCSCP_53319,SKMEL1,10uM,6h
MAPK11,Capsaicin,0.36482314,LINCSKD_31604,VCAP,120 h,LINCSCP_44952,PC3,100uM,24h
MAPK11,BRD-A01645196,0.3649182,LINCSKD_31604,VCAP,120 h,LINCSCP_150171,NPC.TAK,10uM,24h
MAPK11,114798-26-4,0.36503176,LINCSKD_31604,VCAP,120 h,LINCSCP_55534,U937,100uM,6h
MAPK11,Quercetin,0.36507995,LINCSKD_31604,VCAP,120 h,LINCSCP_111164,HELA,3.33uM,24h
MAPK11,Iobenguane,0.36518584,LINCSKD_31604,VCAP,120 h,LINCSCP_7709,A549,10uM,6h
MAPK11,PF 3845,0.36521805,LINCSKD_31604,VCAP,120 h,LINCSCP_25588,HT29,10uM,24h
MAPK11,MAYBRIDGE4_003028,0.36522463,LINCSKD_31604,VCAP,120 h,LINCSCP_32681,MCF7,10uM,6h
MAPK11,BRD-K07558380,0.36524805,LINCSKD_31604,VCAP,120 h,LINCSCP_62616,VCAP,5uM,24h
MAPK11,CHEMBL2143694,0.36531789,LINCSKD_31604,VCAP,120 h,LINCSCP_65817,VCAP,10uM,6h
MAPK11,CHEMBL1436585,0.3653214,LINCSKD_31604,VCAP,120 h,LINCSCP_31111,MCF7,10uM,24h
MAPK11,KBIO3_002763,0.36532517,LINCSKD_31604,VCAP,120 h,LINCSCP_56245,VCAP,10uM,24h
MAPK11,Amoxicillin,0.36534984,LINCSKD_31604,VCAP,120 h,LINCSCP_47535,PC3,10uM,24h
MAPK11,AC1L5AAF,0.36539966,LINCSKD_31604,VCAP,120 h,LINCSCP_258741,NEU,10uM,24h
MAPK11,CHEMBL2358136,0.36541101,LINCSKD_31604,VCAP,120 h,LINCSCP_22336,HEPG2,10uM,6h
MAPK11,MEGXM0_000282,0.3654146,LINCSKD_31604,VCAP,120 h,LINCSCP_6134,A549,10uM,24h
MAPK11,BRD-K16026651,0.36549687,LINCSKD_31604,VCAP,120 h,LINCSCP_65778,VCAP,10uM,6h
MAPK11,BRD-K36462169,0.3655414,LINCSKD_31604,VCAP,120 h,LINCSCP_62881,VCAP,5uM,24h
MAPK11,BRD-K80058284,0.36554295,LINCSKD_31604,VCAP,120 h,LINCSCP_8296,A549,5uM,24h
MAPK11,"ANANDAMIDE (20:3,N-6)",0.36562402,LINCSKD_31604,VCAP,120 h,LINCSCP_290492,VCAP,10uM,6h
MAPK11,Tyrphostin AG 538,0.36563596,LINCSKD_31604,VCAP,120 h,LINCSCP_22887,HEPG2,10uM,6h
MAPK11,Perhexiline,0.36566459,LINCSKD_31604,VCAP,120 h,LINCSCP_250563,MCF7,0.01uM,6h
MAPK11,MK 886,0.36567428,LINCSKD_31604,VCAP,120 h,LINCSCP_5724,A549,10uM,24h
MAPK11,BRD-K82814298,0.36574776,LINCSKD_31604,VCAP,120 h,LINCSCP_62053,VCAP,5uM,24h
MAPK11,CGP 57380,0.3658397,LINCSKD_31604,VCAP,120 h,LINCSCP_56562,VCAP,10uM,6h
MAPK11,Loperamide,0.36584762,LINCSKD_31604,VCAP,120 h,LINCSCP_13361,FIBRNPC,10uM,6h
MAPK11,AC1M9EOE,0.36587311,LINCSKD_31604,VCAP,120 h,LINCSCP_30973,MCF7,10uM,24h
MAPK11,BRD-K63494246,0.36597349,LINCSKD_31604,VCAP,120 h,LINCSCP_8372,A549,5uM,24h
MAPK11,BRD-A07407288,0.36605667,LINCSKD_31604,VCAP,120 h,LINCSCP_33962,MCF7,10uM,6h
MAPK11,BRD-K56452877,0.36605786,LINCSKD_31604,VCAP,120 h,LINCSCP_62388,VCAP,5uM,6h
MAPK11,CHEMBL3188086,0.36612279,LINCSKD_31604,VCAP,120 h,LINCSCP_34864,MCF7,5uM,24h
MAPK11,BRD-K79184162,0.36612782,LINCSKD_31604,VCAP,120 h,LINCSCP_27597,HT29,5uM,24h
MAPK11,Cefotaxime,0.36616937,LINCSKD_31604,VCAP,120 h,LINCSCP_34308,MCF7,10uM,24h
MAPK11,Orlistat,0.36620523,LINCSKD_31604,VCAP,120 h,LINCSCP_158932,PC3,3.33uM,24h
MAPK11,BRD-K23958338,0.36621819,LINCSKD_31604,VCAP,120 h,LINCSCP_9008,A549,10uM,24h
MAPK11,Cymarin,0.36627859,LINCSKD_31604,VCAP,120 h,LINCSCP_18369,HCC515,10uM,6h
MAPK11,BRD-K50149017,0.36628431,LINCSKD_31604,VCAP,120 h,LINCSCP_62157,VCAP,5uM,24h
MAPK11,BML-284,0.36630636,LINCSKD_31604,VCAP,120 h,LINCSCP_13350,FIBRNPC,10uM,6h
MAPK11,GDC-0834 (Racemate),0.36632934,LINCSKD_31604,VCAP,120 h,LINCSCP_120956,HT29,0.37uM,24h
MAPK11,BRD-K50351738,0.36636794,LINCSKD_31604,VCAP,120 h,LINCSCP_64782,VCAP,10uM,6h
MAPK11,MLS000860958,0.36638308,LINCSKD_31604,VCAP,120 h,LINCSCP_238553,MCF7,10uM,6h
MAPK11,BRD-K53183074,0.36639229,LINCSKD_31604,VCAP,120 h,LINCSCP_62296,VCAP,5uM,24h
MAPK11,BRD-K95208083,0.36644864,LINCSKD_31604,VCAP,120 h,LINCSCP_3650,A375,10uM,24h
MAPK11,VU0240551,0.36647109,LINCSKD_31604,VCAP,120 h,LINCSCP_4933,A549,10uM,24h
MAPK11,BRD-K89489862,0.36650662,LINCSKD_31604,VCAP,120 h,LINCSCP_63420,VCAP,5uM,24h
MAPK11,BRD-K50748030,0.36651896,LINCSKD_31604,VCAP,120 h,LINCSCP_35219,MCF7,10uM,24h
MAPK11,844499-71-4,0.36662161,LINCSKD_31604,VCAP,120 h,LINCSCP_70591,A375,3.33uM,24h
MAPK11,PIK 75,0.36662752,LINCSKD_31604,VCAP,120 h,LINCSCP_50963,RMGI,0.1uM,6h
MAPK11,Enzastaurin,0.36673682,LINCSKD_31604,VCAP,120 h,LINCSCP_49978,PHH,10uM,24h
MAPK11,Infigratinib,0.36674367,LINCSKD_31604,VCAP,120 h,LINCSCP_129719,JURKAT,0.12uM,24h
MAPK11,BRD-K79873567,0.36685085,LINCSKD_31604,VCAP,120 h,LINCSCP_65065,VCAP,10uM,6h
MAPK11,AC1L24QB,0.36686943,LINCSKD_31604,VCAP,120 h,LINCSCP_27309,HT29,10uM,6h
MAPK11,SMR000217164,0.36692558,LINCSKD_31604,VCAP,120 h,LINCSCP_59040,VCAP,10uM,6h
MAPK11,Alfaxalone,0.36693131,LINCSKD_31604,VCAP,120 h,LINCSCP_4211,A549,10uM,24h
MAPK11,BRD-K76688030,0.3669873,LINCSKD_31604,VCAP,120 h,LINCSCP_302168,VCAP,5uM,24h
MAPK11,BRD-K91836367,0.3670093,LINCSKD_31604,VCAP,120 h,LINCSCP_295932,VCAP,10uM,6h
MAPK11,Fast Scarlet,0.36713222,LINCSKD_31604,VCAP,120 h,LINCSCP_19068,HCC515,10uM,6h
MAPK11,IDOXURIDINE,0.36717727,LINCSKD_31604,VCAP,120 h,LINCSCP_173768,YAPC,0.37uM,24h
MAPK11,ST014366,0.36732504,LINCSKD_31604,VCAP,120 h,LINCSCP_33959,MCF7,10uM,6h
MAPK11,BRD-K55343182,0.3673611,LINCSKD_31604,VCAP,120 h,LINCSCP_60210,VCAP,5uM,24h
MAPK11,GNF-PF-2272,0.36742347,LINCSKD_31604,VCAP,120 h,LINCSCP_59117,VCAP,10uM,6h
MAPK11,ST023431,0.36742658,LINCSKD_31604,VCAP,120 h,LINCSCP_10825,ASC,10uM,24h
MAPK11,STK111867,0.36744268,LINCSKD_31604,VCAP,120 h,LINCSCP_30915,MCF7,10uM,24h
MAPK11,Somatostatin,0.3674959,LINCSKD_31604,VCAP,120 h,LINCSCP_40920,NEU,10uM,24h
MAPK11,TUL_XIX002,0.36751583,LINCSKD_31604,VCAP,120 h,LINCSCP_288100,THP1,1uM,24h
MAPK11,SA-1920890,0.36753779,LINCSKD_31604,VCAP,120 h,LINCSCP_38346,MCF7,10uM,6h
MAPK11,Rifampicin,0.36755316,LINCSKD_31604,VCAP,120 h,LINCSCP_212120,HA1E,10uM,6h
MAPK11,BRD-K89364593,0.36768101,LINCSKD_31604,VCAP,120 h,LINCSCP_298845,VCAP,5uM,24h
MAPK11,ABT737,0.36772167,LINCSKD_31604,VCAP,120 h,LINCSCP_70117,A375,0.12uM,24h
MAPK11,BAS 02859604,0.3677906,LINCSKD_31604,VCAP,120 h,LINCSCP_16302,HA1E,10uM,6h
MAPK11,CHEMBL2362639,0.3678097,LINCSKD_31604,VCAP,120 h,LINCSCP_28130,HT29,5uM,24h
MAPK11,(+)-Tranylcypromine,0.36796613,LINCSKD_31604,VCAP,120 h,LINCSCP_43516,NPC,10uM,24h
MAPK11,CHEMBL1884008,0.36800784,LINCSKD_31604,VCAP,120 h,LINCSCP_47149,PC3,10uM,24h
MAPK11,Ercalcitriol,0.36802025,LINCSKD_31604,VCAP,120 h,LINCSCP_125320,HT29,10uM,24h
MAPK11,BRD-K32568627,0.36804255,LINCSKD_31604,VCAP,120 h,LINCSCP_16814,HA1E,10uM,6h
MAPK11,AN-465/42886295,0.36810581,LINCSKD_31604,VCAP,120 h,LINCSCP_2087,A375,10uM,6h
MAPK11,Aminosalicylic acid,0.3681526,LINCSKD_31604,VCAP,120 h,LINCSCP_125130,HT29,1.11uM,24h
MAPK11,SCHEMBL17378613,0.36823641,LINCSKD_31604,VCAP,120 h,LINCSCP_151609,PC3,1.11uM,24h
MAPK11,BRD-K99842945,0.36826026,LINCSKD_31604,VCAP,120 h,LINCSCP_49067,PC3,10uM,24h
MAPK11,Pala,0.36827416,LINCSKD_31604,VCAP,120 h,LINCSCP_54460,SW948,80uM,6h
MAPK11,2-Chloroadenosine,0.36827602,LINCSKD_31604,VCAP,120 h,LINCSCP_58187,VCAP,10uM,24h
MAPK11,MLS003129584,0.36834351,LINCSKD_31604,VCAP,120 h,LINCSCP_60634,VCAP,5uM,24h
MAPK11,GSK-1070916,0.36837822,LINCSKD_31604,VCAP,120 h,LINCSCP_164582,SKL.C,3.33uM,24h
MAPK11,BRD-K60011163,0.36843714,LINCSKD_31604,VCAP,120 h,LINCSCP_303338,VCAP,5uM,6h
MAPK11,MLS000862515,0.36844235,LINCSKD_31604,VCAP,120 h,LINCSCP_5539,A549,10uM,6h
MAPK11,Azacitidine,0.36849788,LINCSKD_31604,VCAP,120 h,LINCSCP_94941,HA1E,0.04uM,24h
MAPK11,BRD-K62283710,0.36850798,LINCSKD_31604,VCAP,120 h,LINCSCP_60311,VCAP,5uM,6h
MAPK11,Acitretin,0.36853643,LINCSKD_31604,VCAP,120 h,LINCSCP_32719,MCF7,10uM,6h
MAPK11,Carbinoxamine,0.36856276,LINCSKD_31604,VCAP,120 h,LINCSCP_26773,HT29,10uM,6h
MAPK11,Periplocymarin,0.36860162,LINCSKD_31604,VCAP,120 h,LINCSCP_56731,VCAP,10uM,6h
MAPK11,CHEMBL111532,0.36862377,LINCSKD_31604,VCAP,120 h,LINCSCP_206939,FIBRNPC,10uM,24h
MAPK11,BRD-K26822808,0.36865526,LINCSKD_31604,VCAP,120 h,LINCSCP_7802,A549,10uM,24h
MAPK11,BRD-K07516181,0.36886973,LINCSKD_31604,VCAP,120 h,LINCSCP_63335,VCAP,5uM,24h
MAPK11,SMR000024485,0.36888007,LINCSKD_31604,VCAP,120 h,LINCSCP_267593,PC3,10uM,24h
MAPK11,BRD-K09641927,0.36895932,LINCSKD_31604,VCAP,120 h,LINCSCP_61193,VCAP,5uM,24h
MAPK11,GW-0742,0.36900166,LINCSKD_31604,VCAP,120 h,LINCSCP_180408,A375,10uM,6h
MAPK11,Fluconazole,0.36912655,LINCSKD_31604,VCAP,120 h,LINCSCP_191746,A549,10uM,24h
MAPK11,CTK8H3236,0.36912677,LINCSKD_31604,VCAP,120 h,LINCSCP_18089,HCC515,10uM,6h
MAPK11,Meadacid,0.36937483,LINCSKD_31604,VCAP,120 h,LINCSCP_14167,HA1E,10uM,24h
MAPK11,Mesoridazine,0.36939487,LINCSKD_31604,VCAP,120 h,LINCSCP_33675,MCF7,10uM,6h
MAPK11,PHA-665752,0.36939571,LINCSKD_31604,VCAP,120 h,LINCSCP_145042,MDAMB231,3.33uM,3h
MAPK11,Gly-Gly-Palo,0.36940923,LINCSKD_31604,VCAP,120 h,LINCSCP_21180,HCT116,80uM,6h
MAPK11,CHEMBL1616521,0.36943405,LINCSKD_31604,VCAP,120 h,LINCSCP_238276,MCF7,10uM,24h
MAPK11,BRD-K26684619,0.36945102,LINCSKD_31604,VCAP,120 h,LINCSCP_55369,U937,10uM,6h
MAPK11,AZELAIC ACID,0.36946494,LINCSKD_31604,VCAP,120 h,LINCSCP_102685,HELA,0.12uM,24h
MAPK11,L-Sulforaphane,0.36956443,LINCSKD_31604,VCAP,120 h,LINCSCP_157596,PC3,3.33uM,24h
MAPK11,BRD-K59939374,0.36957573,LINCSKD_31604,VCAP,120 h,LINCSCP_203709,ASC,10uM,24h
MAPK11,COT Inhibitor-2,0.36966592,LINCSKD_31604,VCAP,120 h,LINCSCP_83138,ASC.C,0.12uM,24h
MAPK11,U-0126,0.3697102,LINCSKD_31604,VCAP,120 h,LINCSCP_20531,HCC515,10uM,6h
MAPK11,MLS003129492,0.36973653,LINCSKD_31604,VCAP,120 h,LINCSCP_42949,NPC,10uM,24h
MAPK11,Luteolin,0.36974733,LINCSKD_31604,VCAP,120 h,LINCSCP_254204,MCF7,0.5uM,24h
MAPK11,4-[1-(2-Thienyl)cyclohexyl]morpholine,0.3697513,LINCSKD_31604,VCAP,120 h,LINCSCP_263411,NPC,10uM,24h
MAPK11,Vanoxerine,0.36979583,LINCSKD_31604,VCAP,120 h,LINCSCP_90157,HA1E,0.12uM,24h
MAPK11,Strophanthidin,0.36981293,LINCSKD_31604,VCAP,120 h,LINCSCP_18136,HCC515,10uM,6h
MAPK11,BRD-K05475237,0.36982075,LINCSKD_31604,VCAP,120 h,LINCSCP_59731,VCAP,5uM,6h
MAPK11,9-Epiquinine,0.36982083,LINCSKD_31604,VCAP,120 h,LINCSCP_175624,YAPC,1.11uM,24h
MAPK11,BRD-K63801873,0.36998916,LINCSKD_31604,VCAP,120 h,LINCSCP_33897,MCF7,10uM,24h
MAPK11,Eicosatrienoic acid (20:3 n-3),0.37001526,LINCSKD_31604,VCAP,120 h,LINCSCP_11461,ASC,10uM,24h
MAPK11,BRD-K71006572,0.37003052,LINCSKD_31604,VCAP,120 h,LINCSCP_49166,PC3,10uM,6h
MAPK11,MLS002607683,0.37003296,LINCSKD_31604,VCAP,120 h,LINCSCP_268178,PC3,10uM,24h
MAPK11,BRD-K85540993,0.37009992,LINCSKD_31604,VCAP,120 h,LINCSCP_59808,VCAP,5uM,6h
MAPK11,CHEMBL3183038,0.3701218,LINCSKD_31604,VCAP,120 h,LINCSCP_65134,VCAP,10uM,6h
MAPK11,BRD-K93340102,0.37015539,LINCSKD_31604,VCAP,120 h,LINCSCP_65893,VCAP,10uM,6h
MAPK11,Atorvastatin,0.3701663,LINCSKD_31604,VCAP,120 h,LINCSCP_109182,HELA,0.37uM,24h
MAPK11,MLS002264485,0.37020026,LINCSKD_31604,VCAP,120 h,LINCSCP_1614,A375,10uM,6h
MAPK11,BRD-K96935347,0.37020398,LINCSKD_31604,VCAP,120 h,LINCSCP_306180,VCAP,5uM,6h
MAPK11,Iniparib,0.3702153,LINCSKD_31604,VCAP,120 h,LINCSCP_117257,HT29,10uM,24h
MAPK11,Gliclazide,0.37023653,LINCSKD_31604,VCAP,120 h,LINCSCP_94666,HA1E,1.11uM,24h
MAPK11,BRD-K14131832,0.37034911,LINCSKD_31604,VCAP,120 h,LINCSCP_60268,VCAP,5uM,6h
MAPK11,MLS002703108,0.37036501,LINCSKD_31604,VCAP,120 h,LINCSCP_219948,HEPG2,10uM,6h
MAPK11,MLS002607729,0.37042751,LINCSKD_31604,VCAP,120 h,LINCSCP_188946,A549,10uM,24h
MAPK11,Avicin-D,0.37043299,LINCSKD_31604,VCAP,120 h,LINCSCP_38378,MCF7,0.1uM,24h
MAPK11,BRD-K43776433,0.3704727,LINCSKD_31604,VCAP,120 h,LINCSCP_35321,MCF7,10uM,24h
MAPK11,Practolol,0.37060378,LINCSKD_31604,VCAP,120 h,LINCSCP_266170,PC3,10uM,24h
MAPK11,ZINC00969081,0.37061163,LINCSKD_31604,VCAP,120 h,LINCSCP_270813,PC3,10uM,24h
MAPK11,BRD-K60637442,0.37070132,LINCSKD_31604,VCAP,120 h,LINCSCP_8637,A549,5uM,24h
MAPK11,BRD-K14196440,0.37077168,LINCSKD_31604,VCAP,120 h,LINCSCP_48257,PC3,5uM,24h
MAPK11,Rivaroxaban,0.3707932,LINCSKD_31604,VCAP,120 h,LINCSCP_108309,HELA,0.12uM,24h
MAPK11,Flumazenil,0.37085676,LINCSKD_31604,VCAP,120 h,LINCSCP_46182,PC3,10uM,6h
MAPK11,CHEMBL1269896,0.3708589,LINCSKD_31604,VCAP,120 h,LINCSCP_1297,A375,10uM,6h
MAPK11,Gabexate,0.37087912,LINCSKD_31604,VCAP,120 h,LINCSCP_18287,HCC515,10uM,24h
MAPK11,"2-Phenyl-n-[4-(1,3-thiazol-2-ylsulfamoyl)phenyl]quinoline-4-carboxamide",0.37111704,LINCSKD_31604,VCAP,120 h,LINCSCP_21809,HEPG2,10uM,6h
MAPK11,SPECTRUM_000897,0.37114469,LINCSKD_31604,VCAP,120 h,LINCSCP_13974,HA1E,10uM,24h
MAPK11,PRESTWICK3_000121,0.37116117,LINCSKD_31604,VCAP,120 h,LINCSCP_443,A375,10uM,6h
MAPK11,SPECTRUM_001015,0.3711794,LINCSKD_31604,VCAP,120 h,LINCSCP_193288,A549,10uM,6h
MAPK11,Pyrilamine,0.3711962,LINCSKD_31604,VCAP,120 h,LINCSCP_175835,YAPC,0.37uM,24h
MAPK11,Fenoterol,0.37121544,LINCSKD_31604,VCAP,120 h,LINCSCP_175822,YAPC,1.11uM,24h
MAPK11,Obatoclax,0.37122774,LINCSKD_31604,VCAP,120 h,LINCSCP_10859,ASC,10uM,24h
MAPK11,KUC104235N,0.37122896,LINCSKD_31604,VCAP,120 h,LINCSCP_22185,HEPG2,10uM,6h
MAPK11,AC1MSUFC,0.37129492,LINCSKD_31604,VCAP,120 h,LINCSCP_54438,SW948,40uM,6h
MAPK11,ZINC00368262,0.37129688,LINCSKD_31604,VCAP,120 h,LINCSCP_283745,SKB,10uM,24h
MAPK11,Broad-Sai-595,0.37130189,LINCSKD_31604,VCAP,120 h,LINCSCP_279835,PC3,0.5uM,6h
MAPK11,2-Hydroxydopamine,0.37130738,LINCSKD_31604,VCAP,120 h,LINCSCP_259537,NEU,10uM,24h
MAPK11,Felodipine,0.37132662,LINCSKD_31604,VCAP,120 h,LINCSCP_34439,MCF7,10uM,24h
MAPK11,Glycopyrrolate,0.37142966,LINCSKD_31604,VCAP,120 h,LINCSCP_47605,PC3,10uM,24h
MAPK11,BRD-K56384721,0.37151037,LINCSKD_31604,VCAP,120 h,LINCSCP_64928,VCAP,10uM,24h
MAPK11,Luzindole,0.37155287,LINCSKD_31604,VCAP,120 h,LINCSCP_55829,VCAP,10uM,6h
MAPK11,MLS003079543,0.37156659,LINCSKD_31604,VCAP,120 h,LINCSCP_5261,A549,10uM,6h
MAPK11,Lamotrigine,0.37161926,LINCSKD_31604,VCAP,120 h,LINCSCP_110921,HELA,0.12uM,24h
MAPK11,BRD-K23844489,0.37164465,LINCSKD_31604,VCAP,120 h,LINCSCP_64752,VCAP,10uM,6h
MAPK11,Clarithromycin,0.37165091,LINCSKD_31604,VCAP,120 h,LINCSCP_1912,A375,10uM,6h
MAPK11,UCL 2077,0.37166909,LINCSKD_31604,VCAP,120 h,LINCSCP_14273,HA1E,10uM,6h
MAPK11,Sunitinib,0.37171322,LINCSKD_31604,VCAP,120 h,LINCSCP_146168,MNEU.E,0.04uM,24h
MAPK11,BRD-K60477859,0.37172485,LINCSKD_31604,VCAP,120 h,LINCSCP_61481,VCAP,5uM,24h
MAPK11,CHEMBL3182395,0.37174684,LINCSKD_31604,VCAP,120 h,LINCSCP_146416,NEU,0.04uM,24h
MAPK11,SMR000146610,0.37179438,LINCSKD_31604,VCAP,120 h,LINCSCP_257900,NEU,10uM,24h
MAPK11,Motesanib,0.37183068,LINCSKD_31604,VCAP,120 h,LINCSCP_191515,A549,10uM,24h
MAPK11,BRD-K73474555,0.37197259,LINCSKD_31604,VCAP,120 h,LINCSCP_60916,VCAP,5uM,24h
MAPK11,Retigabine,0.3720387,LINCSKD_31604,VCAP,120 h,LINCSCP_143645,MCF7,10uM,24h
MAPK11,BRD-K47423282,0.37204947,LINCSKD_31604,VCAP,120 h,LINCSCP_64001,VCAP,5uM,24h
MAPK11,"PI 3-K/mTOR Inhibitor III, PKI-179",0.3720495,LINCSKD_31604,VCAP,120 h,LINCSCP_134679,MCF7,0.04uM,24h
MAPK11,AC1LDAF7,0.37210003,LINCSKD_31604,VCAP,120 h,LINCSCP_238325,MCF7,10uM,24h
MAPK11,AMG-517,0.37215639,LINCSKD_31604,VCAP,120 h,LINCSCP_121137,HT29,0.12uM,24h
MAPK11,GSK-2334470,0.37217663,LINCSKD_31604,VCAP,120 h,LINCSCP_57185,VCAP,0.1uM,6h
MAPK11,SCHEMBL3092652,0.37218622,LINCSKD_31604,VCAP,120 h,LINCSCP_251131,MCF7,0.5uM,6h
MAPK11,2002-H20,0.37226871,LINCSKD_31604,VCAP,120 h,LINCSCP_46293,PC3,10uM,24h
MAPK11,SR-03000001968,0.37232259,LINCSKD_31604,VCAP,120 h,LINCSCP_1665,A375,10uM,6h
MAPK11,Cerulenin,0.37233977,LINCSKD_31604,VCAP,120 h,LINCSCP_21214,HCT116,40uM,6h
MAPK11,CHEMBL1869437,0.37234954,LINCSKD_31604,VCAP,120 h,LINCSCP_20655,HCC515,10uM,6h
MAPK11,Alpelisib,0.3723651,LINCSKD_31604,VCAP,120 h,LINCSCP_87846,HA1E,0.12uM,24h
MAPK11,ST070885,0.37237191,LINCSKD_31604,VCAP,120 h,LINCSCP_239883,MCF7,10uM,24h
MAPK11,"4-(3-Ethyl[1,2,4]triazolo[3,4-b][1,3,4]thiadiazol-6-yl)aniline",0.37247854,LINCSKD_31604,VCAP,120 h,LINCSCP_287372,SNUC5,10uM,6h
MAPK11,UNII-CVL1685GPH,0.37248248,LINCSKD_31604,VCAP,120 h,LINCSCP_106207,HELA,0.04uM,24h
MAPK11,CHEMBL2131973,0.37263734,LINCSKD_31604,VCAP,120 h,LINCSCP_6082,A549,10uM,6h
MAPK11,BRD-K33761091,0.3726676,LINCSKD_31604,VCAP,120 h,LINCSCP_258958,NEU,10uM,24h
MAPK11,Terreic-acid,0.37273813,LINCSKD_31604,VCAP,120 h,LINCSCP_217012,HCC515,10uM,6h
MAPK11,"L741,626",0.37277337,LINCSKD_31604,VCAP,120 h,LINCSCP_56119,VCAP,10uM,6h
MAPK11,FPA1_000042,0.37286212,LINCSKD_31604,VCAP,120 h,LINCSCP_20266,HCC515,10uM,6h
MAPK11,AN-329/41044431,0.37286364,LINCSKD_31604,VCAP,120 h,LINCSCP_32115,MCF7,10uM,24h
MAPK11,BRD-K47977047-001-01-2,0.37286425,LINCSKD_31604,VCAP,120 h,LINCSCP_63089,VCAP,5uM,24h
MAPK11,BRD-K78544941-001-01-9,0.37293634,LINCSKD_31604,VCAP,120 h,LINCSCP_64323,VCAP,5uM,24h
MAPK11,BI-2536,0.37294109,LINCSKD_31604,VCAP,120 h,LINCSCP_111618,HEPG2,0.04uM,24h
MAPK11,Tubacin,0.37308728,LINCSKD_31604,VCAP,120 h,LINCSCP_242591,MCF7,10uM,24h
MAPK11,BRD-K57064803,0.37310297,LINCSKD_31604,VCAP,120 h,LINCSCP_17476,HA1E,3.33uM,24h
MAPK11,BRD-K38455110,0.37321906,LINCSKD_31604,VCAP,120 h,LINCSCP_239900,MCF7,10uM,24h
MAPK11,NU1025,0.37324227,LINCSKD_31604,VCAP,120 h,LINCSCP_50613,PL21,10uM,6h
MAPK11,PK04_101107,0.37326089,LINCSKD_31604,VCAP,120 h,LINCSCP_270154,PC3,10uM,24h
MAPK11,Afatinib,0.37330774,LINCSKD_31604,VCAP,120 h,LINCSCP_58632,VCAP,10uM,24h
MAPK11,BRD-A62647958,0.37344319,LINCSKD_31604,VCAP,120 h,LINCSCP_160335,PC3,3.33uM,24h
MAPK11,SPECTRUM_001133,0.37348148,LINCSKD_31604,VCAP,120 h,LINCSCP_89575,HA1E,0.37uM,24h
MAPK11,Benzbromarone,0.3735415,LINCSKD_31604,VCAP,120 h,LINCSCP_26281,HT29,10uM,6h
MAPK11,BRD-K42733037,0.37354679,LINCSKD_31604,VCAP,120 h,LINCSCP_305030,VCAP,5uM,24h
MAPK11,MLS001150507,0.3736326,LINCSKD_31604,VCAP,120 h,LINCSCP_22343,HEPG2,10uM,6h
MAPK11,BRD-K87634799,0.37366831,LINCSKD_31604,VCAP,120 h,LINCSCP_311622,VCAP,10uM,6h
MAPK11,Disopyramide,0.37370564,LINCSKD_31604,VCAP,120 h,LINCSCP_30166,MCF7,10uM,6h
MAPK11,BRD-K01448700-019-01-8,0.37372939,LINCSKD_31604,VCAP,120 h,LINCSCP_65077,VCAP,10uM,24h
MAPK11,AO-081/15245014,0.37379184,LINCSKD_31604,VCAP,120 h,LINCSCP_239578,MCF7,10uM,6h
MAPK11,AC1OA39F,0.3738171,LINCSKD_31604,VCAP,120 h,LINCSCP_1387,A375,10uM,24h
MAPK11,MLS003129663,0.37383109,LINCSKD_31604,VCAP,120 h,LINCSCP_60668,VCAP,5uM,6h
MAPK11,Dcebio,0.37386102,LINCSKD_31604,VCAP,120 h,LINCSCP_265374,PC3,10uM,6h
MAPK11,MK-0974,0.37391835,LINCSKD_31604,VCAP,120 h,LINCSCP_98457,HA1E,3.33uM,24h
MAPK11,TW 37,0.37392592,LINCSKD_31604,VCAP,120 h,LINCSCP_57107,VCAP,10uM,6h
MAPK11,Desoxycorticosterone,0.37394969,LINCSKD_31604,VCAP,120 h,LINCSCP_7110,A549,10uM,24h
MAPK11,IN1434,0.37395082,LINCSKD_31604,VCAP,120 h,LINCSCP_44013,PC3,10uM,24h
MAPK11,MLS002607768,0.37406047,LINCSKD_31604,VCAP,120 h,LINCSCP_45827,PC3,10uM,6h
MAPK11,Olmesartan,0.37407941,LINCSKD_31604,VCAP,120 h,LINCSCP_239317,MCF7,10uM,6h
MAPK11,BRD-K39092862-001-01-2,0.37410249,LINCSKD_31604,VCAP,120 h,LINCSCP_42997,NPC,10uM,24h
MAPK11,BRD-K07026322,0.37412958,LINCSKD_31604,VCAP,120 h,LINCSCP_3133,A375,5uM,24h
MAPK11,BRD-K24890551,0.37426645,LINCSKD_31604,VCAP,120 h,LINCSCP_62086,VCAP,5uM,6h
MAPK11,CHEMBL1515144,0.37433553,LINCSKD_31604,VCAP,120 h,LINCSCP_21937,HEPG2,10uM,6h
MAPK11,Castanospermine,0.37437528,LINCSKD_31604,VCAP,120 h,LINCSCP_168259,YAPC,10uM,24h
MAPK11,MY 5445,0.37446335,LINCSKD_31604,VCAP,120 h,LINCSCP_7352,A549,10uM,24h
MAPK11,BRD-A03684405,0.37449965,LINCSKD_31604,VCAP,120 h,LINCSCP_120624,HT29,3.33uM,24h
MAPK11,MLS003130060,0.37451042,LINCSKD_31604,VCAP,120 h,LINCSCP_65299,VCAP,10uM,24h
MAPK11,BRD-K75614533,0.37452541,LINCSKD_31604,VCAP,120 h,LINCSCP_61720,VCAP,5uM,6h
MAPK11,MLS001065865,0.37453845,LINCSKD_31604,VCAP,120 h,LINCSCP_31632,MCF7,10uM,24h
MAPK11,BRD-K05150608,0.3746564,LINCSKD_31604,VCAP,120 h,LINCSCP_64351,VCAP,5uM,6h
MAPK11,LY404039,0.37468139,LINCSKD_31604,VCAP,120 h,LINCSCP_34138,MCF7,10uM,24h
MAPK11,CHEMBL1950303,0.37468343,LINCSKD_31604,VCAP,120 h,LINCSCP_134142,MCF7,0.37uM,24h
MAPK11,Etodolac,0.37468891,LINCSKD_31604,VCAP,120 h,LINCSCP_57741,VCAP,10uM,24h
MAPK11,11K-629S,0.37472728,LINCSKD_31604,VCAP,120 h,LINCSCP_238407,MCF7,10uM,24h
MAPK11,CHEMBL241271,0.37475248,LINCSKD_31604,VCAP,120 h,LINCSCP_15712,HA1E,10uM,24h
MAPK11,CHEMBL2158275,0.37475472,LINCSKD_31604,VCAP,120 h,LINCSCP_219742,HEPG2,10uM,6h
MAPK11,MLN-8054,0.37478246,LINCSKD_31604,VCAP,120 h,LINCSCP_51724,SKBR3,10uM,6h
MAPK11,SCH-23390,0.37479665,LINCSKD_31604,VCAP,120 h,LINCSCP_41659,NKDBA,0.5uM,24h
MAPK11,SA-243276,0.37484346,LINCSKD_31604,VCAP,120 h,LINCSCP_253583,MCF7,3uM,24h
MAPK11,BRD-K04733502,0.37489748,LINCSKD_31604,VCAP,120 h,LINCSCP_59565,VCAP,10uM,6h
MAPK11,Alfadolone Acetate,0.37492297,LINCSKD_31604,VCAP,120 h,LINCSCP_18275,HCC515,10uM,24h
MAPK11,BRD-K02170312,0.37496624,LINCSKD_31604,VCAP,120 h,LINCSCP_65559,VCAP,10uM,24h
MAPK11,Ornidazole,0.37500426,LINCSKD_31604,VCAP,120 h,LINCSCP_266419,PC3,10uM,6h
MAPK11,BRD-K29392278,0.37504716,LINCSKD_31604,VCAP,120 h,LINCSCP_64644,VCAP,10uM,24h
MAPK11,T091317,0.37507638,LINCSKD_31604,VCAP,120 h,LINCSCP_31709,MCF7,10uM,6h
MAPK11,BRD-K70617194,0.37508648,LINCSKD_31604,VCAP,120 h,LINCSCP_63828,VCAP,5uM,6h
MAPK11,Donepezil,0.37513667,LINCSKD_31604,VCAP,120 h,LINCSCP_124640,HT29,0.37uM,24h
MAPK11,Methyl 7-desoxypurpurogallin-7-carboxylate trimethyl ether,0.37517422,LINCSKD_31604,VCAP,120 h,LINCSCP_7502,A549,10uM,6h
MAPK11,apigenin,0.37521864,LINCSKD_31604,VCAP,120 h,LINCSCP_163398,SKBR3,3.33uM,3h
MAPK11,COT-10B,0.37523624,LINCSKD_31604,VCAP,120 h,LINCSCP_9449,A549,3uM,24h
MAPK11,Erythromycin Estolate,0.37531387,LINCSKD_31604,VCAP,120 h,LINCSCP_33090,MCF7,10uM,24h
MAPK11,131780-47-7,0.37532767,LINCSKD_31604,VCAP,120 h,LINCSCP_290385,VCAP,10uM,6h
MAPK11,BRD-K67787765,0.3754021,LINCSKD_31604,VCAP,120 h,LINCSCP_48150,PC3,5uM,24h
MAPK11,BRD-K38320477,0.37548377,LINCSKD_31604,VCAP,120 h,LINCSCP_61126,VCAP,5uM,6h
MAPK11,SMR001318078,0.3755279,LINCSKD_31604,VCAP,120 h,LINCSCP_236982,MCF7,10uM,6h
MAPK11,CHEMBL288096,0.3756384,LINCSKD_31604,VCAP,120 h,LINCSCP_14694,HA1E,10uM,24h
MAPK11,Dextromethorphan,0.37566759,LINCSKD_31604,VCAP,120 h,LINCSCP_11281,ASC,10uM,24h
MAPK11,MLS002473819,0.37572855,LINCSKD_31604,VCAP,120 h,LINCSCP_32189,MCF7,10uM,24h
MAPK11,CHEMBL3182338,0.37573529,LINCSKD_31604,VCAP,120 h,LINCSCP_34927,MCF7,5uM,24h
MAPK11,MK-0812,0.37574721,LINCSKD_31604,VCAP,120 h,LINCSCP_137931,MCF7,0.37uM,24h
MAPK11,PIMAGEDINE HYDROCHLORIDE,0.37586826,LINCSKD_31604,VCAP,120 h,LINCSCP_166306,YAPC,1.11uM,24h
MAPK11,DIMINAZENE ACETURATE,0.37595621,LINCSKD_31604,VCAP,120 h,LINCSCP_110869,HELA,10uM,24h
MAPK11,ACON1_001721,0.37603122,LINCSKD_31604,VCAP,120 h,LINCSCP_6075,A549,10uM,6h
MAPK11,BRD-K24164383,0.37613148,LINCSKD_31604,VCAP,120 h,LINCSCP_308663,VCAP,5uM,24h
MAPK11,Ingenol Mebutate,0.37625209,LINCSKD_31604,VCAP,120 h,LINCSCP_175726,YAPC,1.11uM,24h
MAPK11,STK064652,0.37628715,LINCSKD_31604,VCAP,120 h,LINCSCP_236524,MCF7,10uM,24h
MAPK11,Procyclidine,0.37636941,LINCSKD_31604,VCAP,120 h,LINCSCP_242833,MCF7,10uM,24h
MAPK11,BRD-K14415573,0.37641805,LINCSKD_31604,VCAP,120 h,LINCSCP_63344,VCAP,5uM,24h
MAPK11,Sotrastaurin,0.37642299,LINCSKD_31604,VCAP,120 h,LINCSCP_153200,PC3,3.33uM,24h
MAPK11,MLS003179191,0.37644228,LINCSKD_31604,VCAP,120 h,LINCSCP_16088,HA1E,10uM,6h
MAPK11,CGP-53353,0.37649567,LINCSKD_31604,VCAP,120 h,LINCSCP_28758,HUH7,10uM,24h
MAPK11,Afuresertib,0.37658375,LINCSKD_31604,VCAP,120 h,LINCSCP_169182,YAPC,10uM,24h
MAPK11,BRD-K52047117,0.37662225,LINCSKD_31604,VCAP,120 h,LINCSCP_65660,VCAP,10uM,24h
MAPK11,AC1NWALF,0.37662668,LINCSKD_31604,VCAP,120 h,LINCSCP_127364,HT29,0.12uM,24h
MAPK11,Piperine,0.37666129,LINCSKD_31604,VCAP,120 h,LINCSCP_19124,HCC515,10uM,6h
MAPK11,BRD-K29368169,0.37671438,LINCSKD_31604,VCAP,120 h,LINCSCP_195615,A549,5uM,24h
MAPK11,3-Methyladenine,0.37685214,LINCSKD_31604,VCAP,120 h,LINCSCP_10434,A673,10uM,6h
MAPK11,CHEMBL2140476,0.37686056,LINCSKD_31604,VCAP,120 h,LINCSCP_65606,VCAP,10uM,24h
MAPK11,BRD-K69040870-001-01-4,0.37686509,LINCSKD_31604,VCAP,120 h,LINCSCP_263259,NPC,10uM,24h
MAPK11,BRD-K89961851,0.3770452,LINCSKD_31604,VCAP,120 h,LINCSCP_8972,A549,10uM,24h
MAPK11,MLS002473453,0.37706741,LINCSKD_31604,VCAP,120 h,LINCSCP_1395,A375,10uM,24h
MAPK11,Estrone Sulfuric acid,0.37716948,LINCSKD_31604,VCAP,120 h,LINCSCP_5752,A549,10uM,24h
MAPK11,Asenapine,0.37718985,LINCSKD_31604,VCAP,120 h,LINCSCP_47541,PC3,10uM,24h
MAPK11,VU0413247-1,0.3772187,LINCSKD_31604,VCAP,120 h,LINCSCP_21895,HEPG2,10uM,6h
MAPK11,SCHEMBL16980366,0.37722947,LINCSKD_31604,VCAP,120 h,LINCSCP_17347,HA1E,0.37uM,24h
MAPK11,Guanfacine,0.3773435,LINCSKD_31604,VCAP,120 h,LINCSCP_203951,ASC,10uM,24h
MAPK11,BRD-K89207838,0.3773982,LINCSKD_31604,VCAP,120 h,LINCSCP_249109,MCF7,5uM,24h
MAPK11,Cortisone Acetate,0.37747251,LINCSKD_31604,VCAP,120 h,LINCSCP_8070,A549,10uM,6h
MAPK11,Fatostatin,0.37749257,LINCSKD_31604,VCAP,120 h,LINCSCP_56979,VCAP,10uM,24h
MAPK11,Alvocidib,0.37756145,LINCSKD_31604,VCAP,120 h,LINCSCP_126944,HT29,0.12uM,24h
MAPK11,BRD-K37650321,0.37761378,LINCSKD_31604,VCAP,120 h,LINCSCP_42995,NPC,10uM,24h
MAPK11,BRD-K29390829,0.37762295,LINCSKD_31604,VCAP,120 h,LINCSCP_63989,VCAP,5uM,24h
MAPK11,Docosatrienoic acid (22:3 n-3),0.3776697,LINCSKD_31604,VCAP,120 h,LINCSCP_27055,HT29,10uM,6h
MAPK11,BRD-K23564441,0.37779096,LINCSKD_31604,VCAP,120 h,LINCSCP_59644,VCAP,5uM,24h
MAPK11,Methoxsalen,0.37780365,LINCSKD_31604,VCAP,120 h,LINCSCP_16988,HA1E,10uM,6h
MAPK11,Protionamide,0.37781216,LINCSKD_31604,VCAP,120 h,LINCSCP_2659,A375,10uM,6h
MAPK11,Sulconazole,0.37782551,LINCSKD_31604,VCAP,120 h,LINCSCP_18502,HCC515,10uM,24h
MAPK11,BRD-K89696951,0.37783981,LINCSKD_31604,VCAP,120 h,LINCSCP_59408,VCAP,10uM,6h
MAPK11,AC1MFX8K,0.37785205,LINCSKD_31604,VCAP,120 h,LINCSCP_17189,HA1E,10uM,6h
MAPK11,PRIMA 1,0.37796655,LINCSKD_31604,VCAP,120 h,LINCSCP_55459,U937,40uM,6h
MAPK11,BAS 00631343,0.37799466,LINCSKD_31604,VCAP,120 h,LINCSCP_30663,MCF7,10uM,24h
MAPK11,Coladonin,0.37803458,LINCSKD_31604,VCAP,120 h,LINCSCP_16569,HA1E,10uM,6h
MAPK11,MLS002264502,0.37804328,LINCSKD_31604,VCAP,120 h,LINCSCP_268040,PC3,10uM,24h
MAPK11,BRD-K89416483,0.37807472,LINCSKD_31604,VCAP,120 h,LINCSCP_299748,VCAP,5uM,6h
MAPK11,SAN1_000751,0.37807899,LINCSKD_31604,VCAP,120 h,LINCSCP_20604,HCC515,10uM,6h
MAPK11,BRD-K19770227,0.37817896,LINCSKD_31604,VCAP,120 h,LINCSCP_61744,VCAP,5uM,24h
MAPK11,BRD-K93525097,0.37826961,LINCSKD_31604,VCAP,120 h,LINCSCP_196103,A549,5uM,24h
MAPK11,MLS003126539,0.37836302,LINCSKD_31604,VCAP,120 h,LINCSCP_15966,HA1E,10uM,6h
MAPK11,Pravastatin sodium,0.37839589,LINCSKD_31604,VCAP,120 h,LINCSCP_137588,MCF7,1.11uM,24h
MAPK11,H7,0.3784059,LINCSKD_31604,VCAP,120 h,LINCSCP_6553,A549,10uM,6h
MAPK11,Carbidopa,0.37852981,LINCSKD_31604,VCAP,120 h,LINCSCP_47758,PC3,10uM,6h
MAPK11,CHEMBL3184316,0.37855849,LINCSKD_31604,VCAP,120 h,LINCSCP_312226,VCAP,10uM,6h
MAPK11,BRD-K31441680,0.3786783,LINCSKD_31604,VCAP,120 h,LINCSCP_65441,VCAP,10uM,6h
MAPK11,BRD-K20278954,0.37868113,LINCSKD_31604,VCAP,120 h,LINCSCP_311824,VCAP,10uM,6h
MAPK11,JNJ-38877605,0.37868637,LINCSKD_31604,VCAP,120 h,LINCSCP_75126,A375,3.33uM,24h
MAPK11,1-(3-Chlorophenyl)-4-hexylpiperazine,0.37872328,LINCSKD_31604,VCAP,120 h,LINCSCP_204236,ASC,10uM,24h
MAPK11,CHIR-99021,0.3787558,LINCSKD_31604,VCAP,120 h,LINCSCP_86142,BT20,10uM,24h
MAPK11,BRD-K00141503,0.37880102,LINCSKD_31604,VCAP,120 h,LINCSCP_42940,NPC,10uM,24h
MAPK11,Linezolid,0.37880805,LINCSKD_31604,VCAP,120 h,LINCSCP_239946,MCF7,10uM,24h
MAPK11,MK-5172,0.37887023,LINCSKD_31604,VCAP,120 h,LINCSCP_154084,PC3,0.12uM,24h
MAPK11,GR 113808,0.37887094,LINCSKD_31604,VCAP,120 h,LINCSCP_14920,HA1E,10uM,6h
MAPK11,Colforsin,0.37911393,LINCSKD_31604,VCAP,120 h,LINCSCP_180268,A375,10uM,6h
MAPK11,BRD-K35829399,0.37913304,LINCSKD_31604,VCAP,120 h,LINCSCP_304485,VCAP,5uM,24h
MAPK11,Ethylbeta-carboline-3-carboxylate,0.37922615,LINCSKD_31604,VCAP,120 h,LINCSCP_14460,HA1E,10uM,24h
MAPK11,Trichlorfon,0.3792403,LINCSKD_31604,VCAP,120 h,LINCSCP_243345,MCF7,10uM,24h
MAPK11,CHEMBL2360348,0.37925257,LINCSKD_31604,VCAP,120 h,LINCSCP_61699,VCAP,5uM,6h
MAPK11,GSK 525762A,0.37925321,LINCSKD_31604,VCAP,120 h,LINCSCP_70208,A375,0.04uM,24h
MAPK11,4-((4-Chlorophenyl)amino)-1-methyl-3-nitroquinolin-2(1H)-one,0.37926644,LINCSKD_31604,VCAP,120 h,LINCSCP_46396,PC3,10uM,6h
MAPK11,Racecadotril,0.37929505,LINCSKD_31604,VCAP,120 h,LINCSCP_191681,A549,10uM,24h
MAPK11,SA-103123,0.37930716,LINCSKD_31604,VCAP,120 h,LINCSCP_16878,HA1E,10uM,6h
MAPK11,Itrazole,0.37932218,LINCSKD_31604,VCAP,120 h,LINCSCP_30418,MCF7,10uM,24h
MAPK11,BDBM50377913,0.37932478,LINCSKD_31604,VCAP,120 h,LINCSCP_59009,VCAP,10uM,6h
MAPK11,MLS000583956,0.37937256,LINCSKD_31604,VCAP,120 h,LINCSCP_57346,VCAP,10uM,6h
MAPK11,Icariin,0.37940442,LINCSKD_31604,VCAP,120 h,LINCSCP_239281,MCF7,10uM,6h
MAPK11,CHEMBL2360506,0.37958745,LINCSKD_31604,VCAP,120 h,LINCSCP_20642,HCC515,10uM,6h
MAPK11,BRD-K82185908,0.37962798,LINCSKD_31604,VCAP,120 h,LINCSCP_177918,A375,10uM,24h
MAPK11,BRD-K28610502-001-01-0,0.37974692,LINCSKD_31604,VCAP,120 h,LINCSCP_5945,A549,10uM,24h
MAPK11,Caffeic acid,0.37982606,LINCSKD_31604,VCAP,120 h,LINCSCP_27299,HT29,10uM,6h
MAPK11,NCGC00170233-01,0.37984678,LINCSKD_31604,VCAP,120 h,LINCSCP_6201,A549,10uM,24h
MAPK11,ABT-751,0.37987073,LINCSKD_31604,VCAP,120 h,LINCSCP_10656,AGS,10uM,6h
MAPK11,Fluprostenol,0.37996344,LINCSKD_31604,VCAP,120 h,LINCSCP_290383,VCAP,10uM,6h
MAPK11,Cardamomin,0.38013685,LINCSKD_31604,VCAP,120 h,LINCSCP_13216,FIBRNPC,10uM,24h
MAPK11,BRD-K08852751,0.3801626,LINCSKD_31604,VCAP,120 h,LINCSCP_48301,PC3,5uM,24h
MAPK11,Letrozole,0.38019438,LINCSKD_31604,VCAP,120 h,LINCSCP_4415,A549,10uM,6h
MAPK11,BRD-K09957764,0.38019968,LINCSKD_31604,VCAP,120 h,LINCSCP_3524,A375,10uM,24h
MAPK11,BRD-K09068728,0.38027627,LINCSKD_31604,VCAP,120 h,LINCSCP_63337,VCAP,5uM,24h
MAPK11,MLS002222336,0.3802862,LINCSKD_31604,VCAP,120 h,LINCSCP_5461,A549,10uM,6h
MAPK11,Metoclopramide,0.38038178,LINCSKD_31604,VCAP,120 h,LINCSCP_33788,MCF7,10uM,6h
MAPK11,MK-212,0.38044077,LINCSKD_31604,VCAP,120 h,LINCSCP_4199,A549,10uM,24h
MAPK11,BRD-K36910796,0.38047042,LINCSKD_31604,VCAP,120 h,LINCSCP_38040,MCF7,3uM,6h
MAPK11,BRD-K35862891,0.38068569,LINCSKD_31604,VCAP,120 h,LINCSCP_277586,PC3,5uM,24h
MAPK11,BRD-K02076218,0.38078238,LINCSKD_31604,VCAP,120 h,LINCSCP_63132,VCAP,5uM,6h
MAPK11,Pilaralisib,0.38091854,LINCSKD_31604,VCAP,120 h,LINCSCP_11095,ASC,10uM,24h
MAPK11,CHEMBL97698,0.38100454,LINCSKD_31604,VCAP,120 h,LINCSCP_32418,MCF7,10uM,24h
MAPK11,ZINC00125569,0.38103469,LINCSKD_31604,VCAP,120 h,LINCSCP_240171,MCF7,10uM,6h
MAPK11,BRD-K65837806,0.38109904,LINCSKD_31604,VCAP,120 h,LINCSCP_60706,VCAP,5uM,6h
MAPK11,BRD-K26909795,0.38124302,LINCSKD_31604,VCAP,120 h,LINCSCP_63066,VCAP,5uM,24h
MAPK11,BRD-K91600270,0.38126524,LINCSKD_31604,VCAP,120 h,LINCSCP_5332,A549,10uM,6h
MAPK11,BRD-K50204028,0.38128554,LINCSKD_31604,VCAP,120 h,LINCSCP_193841,A549,10uM,6h
MAPK11,Doxercalciferol,0.38132422,LINCSKD_31604,VCAP,120 h,LINCSCP_190696,A549,10uM,6h
MAPK11,CHEMBL567341,0.38138673,LINCSKD_31604,VCAP,120 h,LINCSCP_31058,MCF7,10uM,6h
MAPK11,4-[(6-Amino-4-pyrimidinyl)amino]benzenesulfonamide,0.38141437,LINCSKD_31604,VCAP,120 h,LINCSCP_22975,HEPG2,10uM,6h
MAPK11,Broad-Sai-560,0.38142504,LINCSKD_31604,VCAP,120 h,LINCSCP_35464,MCF7,0.5uM,6h
MAPK11,BRD-K79793338,0.38145139,LINCSKD_31604,VCAP,120 h,LINCSCP_8963,A549,10uM,24h
MAPK11,Nadolol,0.38153877,LINCSKD_31604,VCAP,120 h,LINCSCP_296217,VCAP,10uM,6h
MAPK11,BRD-K32051704,0.38155173,LINCSKD_31604,VCAP,120 h,LINCSCP_60166,VCAP,5uM,24h
MAPK11,SA-89210,0.38181231,LINCSKD_31604,VCAP,120 h,LINCSCP_260789,NKDBA,1uM,24h
MAPK11,BRD-K84770507,0.38183839,LINCSKD_31604,VCAP,120 h,LINCSCP_64333,VCAP,5uM,24h
MAPK11,MLS003128818,0.38185819,LINCSKD_31604,VCAP,120 h,LINCSCP_309629,VCAP,5uM,6h
MAPK11,Mosapride,0.381969,LINCSKD_31604,VCAP,120 h,LINCSCP_49910,PHH,10uM,24h
MAPK11,F1679-0128,0.38202964,LINCSKD_31604,VCAP,120 h,LINCSCP_271160,PC3,10uM,24h
MAPK11,Midodrine,0.38207293,LINCSKD_31604,VCAP,120 h,LINCSCP_242859,MCF7,10uM,24h
MAPK11,Retinyl Acetate,0.38211646,LINCSKD_31604,VCAP,120 h,LINCSCP_46802,PC3,10uM,24h
MAPK11,MDM2 Inhibitor,0.38217285,LINCSKD_31604,VCAP,120 h,LINCSCP_33419,MCF7,10uM,24h
MAPK11,Lexibulin,0.38226936,LINCSKD_31604,VCAP,120 h,LINCSCP_13493,H1299,1uM,6h
MAPK11,MLS001214919,0.38237878,LINCSKD_31604,VCAP,120 h,LINCSCP_59361,VCAP,10uM,6h
MAPK11,BRD-K32799329,0.38244665,LINCSKD_31604,VCAP,120 h,LINCSCP_62446,VCAP,5uM,24h
MAPK11,SA-1456576,0.38246012,LINCSKD_31604,VCAP,120 h,LINCSCP_254467,MCF7,3uM,6h
MAPK11,BRD-K68121359,0.38248767,LINCSKD_31604,VCAP,120 h,LINCSCP_277680,PC3,5uM,24h
MAPK11,Eugenol,0.38252008,LINCSKD_31604,VCAP,120 h,LINCSCP_15130,HA1E,10uM,6h
MAPK11,Bavisant (dihydrochloride hydrate),0.3825917,LINCSKD_31604,VCAP,120 h,LINCSCP_143100,MCF7,3.33uM,24h
MAPK11,Acetyl-Farnesyl-Cysteine,0.38262507,LINCSKD_31604,VCAP,120 h,LINCSCP_6479,A549,10uM,24h
MAPK11,CTK8E8566,0.38265011,LINCSKD_31604,VCAP,120 h,LINCSCP_289801,VCAP,10uM,6h
MAPK11,AZD7545,0.38274076,LINCSKD_31604,VCAP,120 h,LINCSCP_206002,CORL23,20uM,6h
MAPK11,BRD-K88008216,0.382798,LINCSKD_31604,VCAP,120 h,LINCSCP_20675,HCC515,10uM,6h
MAPK11,Tazarotene,0.38280192,LINCSKD_31604,VCAP,120 h,LINCSCP_142962,MCF7,3.33uM,24h
MAPK11,BRD-K97633445,0.38280639,LINCSKD_31604,VCAP,120 h,LINCSCP_63435,VCAP,5uM,24h
MAPK11,BRD-K82488679,0.3828163,LINCSKD_31604,VCAP,120 h,LINCSCP_62052,VCAP,5uM,24h
MAPK11,Ciglitazone,0.38293208,LINCSKD_31604,VCAP,120 h,LINCSCP_176080,YAPC,0.37uM,24h
MAPK11,BRD-K41042536,0.38296874,LINCSKD_31604,VCAP,120 h,LINCSCP_66109,VCAP,1uM,24h
MAPK11,CHEMBL2359857,0.3829754,LINCSKD_31604,VCAP,120 h,LINCSCP_34070,MCF7,10uM,6h
MAPK11,BRD-K96855280,0.38300935,LINCSKD_31604,VCAP,120 h,LINCSCP_62831,VCAP,5uM,24h
MAPK11,AC1LFTYS,0.38302668,LINCSKD_31604,VCAP,120 h,LINCSCP_22237,HEPG2,10uM,6h
MAPK11,MLS003271340,0.3830836,LINCSKD_31604,VCAP,120 h,LINCSCP_178303,A375,10uM,6h
MAPK11,Flavanone,0.38311547,LINCSKD_31604,VCAP,120 h,LINCSCP_13279,FIBRNPC,10uM,6h
MAPK11,Mycophenolic acid,0.38319981,LINCSKD_31604,VCAP,120 h,LINCSCP_162665,PC3,0.37uM,24h
MAPK11,Milrinone,0.3832205,LINCSKD_31604,VCAP,120 h,LINCSCP_95368,HA1E,1.11uM,24h
MAPK11,MLS003171619,0.383272,LINCSKD_31604,VCAP,120 h,LINCSCP_26218,HT29,10uM,6h
MAPK11,172516-45-9,0.38327853,LINCSKD_31604,VCAP,120 h,LINCSCP_267707,PC3,10uM,24h
MAPK11,FK 866,0.38329337,LINCSKD_31604,VCAP,120 h,LINCSCP_51166,RMUGS,0.1uM,6h
MAPK11,BRD-K27239120-001-01-1,0.38332467,LINCSKD_31604,VCAP,120 h,LINCSCP_227632,HT29,10uM,6h
MAPK11,BRD-K70115829,0.38332469,LINCSKD_31604,VCAP,120 h,LINCSCP_8185,A549,5uM,24h
MAPK11,Gliquidone,0.38333684,LINCSKD_31604,VCAP,120 h,LINCSCP_33248,MCF7,10uM,6h
MAPK11,Dexfenfluramine,0.38339704,LINCSKD_31604,VCAP,120 h,LINCSCP_139720,MCF7,0.12uM,24h
MAPK11,Triciribine,0.38340559,LINCSKD_31604,VCAP,120 h,LINCSCP_37585,MCF7,1uM,6h
MAPK11,CHEMBL2138010,0.38342938,LINCSKD_31604,VCAP,120 h,LINCSCP_221330,HEPG2,10uM,6h
MAPK11,Eicosadienoic acid,0.38345221,LINCSKD_31604,VCAP,120 h,LINCSCP_4245,A549,10uM,24h
MAPK11,ZINC00621344,0.38350508,LINCSKD_31604,VCAP,120 h,LINCSCP_31148,MCF7,10uM,24h
MAPK11,MLS003115428,0.38352955,LINCSKD_31604,VCAP,120 h,LINCSCP_7117,A549,10uM,6h
MAPK11,BRD-M44900776,0.38353994,LINCSKD_31604,VCAP,120 h,LINCSCP_308599,VCAP,5uM,6h
MAPK11,Minoxidil,0.38358668,LINCSKD_31604,VCAP,120 h,LINCSCP_50175,PHH,10uM,24h
MAPK11,BRD-K47517065,0.3836452,LINCSKD_31604,VCAP,120 h,LINCSCP_311039,VCAP,10uM,6h
MAPK11,BRD-K65465954,0.38370555,LINCSKD_31604,VCAP,120 h,LINCSCP_38345,MCF7,3uM,6h
MAPK11,BRD-K49669601,0.38372402,LINCSKD_31604,VCAP,120 h,LINCSCP_309417,VCAP,5uM,24h
MAPK11,BRD-K80472474,0.38390194,LINCSKD_31604,VCAP,120 h,LINCSCP_60922,VCAP,5uM,24h
MAPK11,Fentiazac,0.38390354,LINCSKD_31604,VCAP,120 h,LINCSCP_101560,HELA,0.04uM,24h
MAPK11,ZINC04384996,0.38390758,LINCSKD_31604,VCAP,120 h,LINCSCP_1494,A375,10uM,6h
MAPK11,BRD-K02987635,0.38398505,LINCSKD_31604,VCAP,120 h,LINCSCP_297038,VCAP,5uM,6h
MAPK11,C24H25CLFN5O3,0.38418815,LINCSKD_31604,VCAP,120 h,LINCSCP_69463,A375,0.04uM,24h
MAPK11,MLS-0311344.0001,0.38426744,LINCSKD_31604,VCAP,120 h,LINCSCP_224579,HT29,10uM,6h
MAPK11,KUC104133,0.38428821,LINCSKD_31604,VCAP,120 h,LINCSCP_31418,MCF7,10uM,24h
MAPK11,STOCK1S-03920,0.38431163,LINCSKD_31604,VCAP,120 h,LINCSCP_32224,MCF7,10uM,24h
MAPK11,CDK9 Inhibitor,0.38445056,LINCSKD_31604,VCAP,120 h,LINCSCP_113876,HME1,3.33uM,24h
MAPK11,Cnqx,0.38453948,LINCSKD_31604,VCAP,120 h,LINCSCP_136345,MCF7,0.04uM,24h
MAPK11,WH-4023,0.38463829,LINCSKD_31604,VCAP,120 h,LINCSCP_22647,HEPG2,10uM,6h
MAPK11,Remoxipride,0.38465257,LINCSKD_31604,VCAP,120 h,LINCSCP_18279,HCC515,10uM,24h
MAPK11,CHEMBL83092,0.38472986,LINCSKD_31604,VCAP,120 h,LINCSCP_191432,A549,10uM,24h
MAPK11,MLS000517073,0.38488774,LINCSKD_31604,VCAP,120 h,LINCSCP_20753,HCC515,10uM,6h
MAPK11,Sotalol,0.38492169,LINCSKD_31604,VCAP,120 h,LINCSCP_30321,MCF7,10uM,6h
MAPK11,GSK 3BETA Inhibitor VIII,0.38495107,LINCSKD_31604,VCAP,120 h,LINCSCP_33405,MCF7,10uM,24h
MAPK11,SAQUINAVIR MESYLATE,0.38508092,LINCSKD_31604,VCAP,120 h,LINCSCP_152804,PC3,3.33uM,24h
MAPK11,Skatole,0.38509969,LINCSKD_31604,VCAP,120 h,LINCSCP_7730,A549,10uM,6h
MAPK11,MLS002548989,0.38515888,LINCSKD_31604,VCAP,120 h,LINCSCP_178276,A375,10uM,6h
MAPK11,BRD-K90640851,0.38516863,LINCSKD_31604,VCAP,120 h,LINCSCP_247690,MCF7,5uM,24h
MAPK11,BD-1047,0.38517054,LINCSKD_31604,VCAP,120 h,LINCSCP_42889,NPC,10uM,24h
MAPK11,BRD-K72430479,0.38526573,LINCSKD_31604,VCAP,120 h,LINCSCP_310863,VCAP,10uM,24h
MAPK11,BRD-K96543798-001-02-1,0.38527096,LINCSKD_31604,VCAP,120 h,LINCSCP_3445,A375,5uM,24h
MAPK11,Dactolisib,0.38529339,LINCSKD_31604,VCAP,120 h,LINCSCP_40051,NCIH2073,0.5uM,6h
MAPK11,BRD-K52657367,0.38530735,LINCSKD_31604,VCAP,120 h,LINCSCP_64197,VCAP,5uM,24h
MAPK11,Catechin Pentabenzoate,0.3853702,LINCSKD_31604,VCAP,120 h,LINCSCP_14389,HA1E,10uM,24h
MAPK11,Tyrosine O-Sulfate,0.38540446,LINCSKD_31604,VCAP,120 h,LINCSCP_207028,FIBRNPC,10uM,24h
MAPK11,Pimelic diphenylamide 106,0.38540728,LINCSKD_31604,VCAP,120 h,LINCSCP_283774,SKB,10uM,24h
MAPK11,MLS001170902,0.38545074,LINCSKD_31604,VCAP,120 h,LINCSCP_257862,NEU,10uM,24h
MAPK11,AC1NSZCT,0.38545312,LINCSKD_31604,VCAP,120 h,LINCSCP_18667,HCC515,10uM,6h
MAPK11,INCA-6,0.38547941,LINCSKD_31604,VCAP,120 h,LINCSCP_44637,PC3,10uM,6h
MAPK11,BRD-K82986138,0.38552839,LINCSKD_31604,VCAP,120 h,LINCSCP_61832,VCAP,5uM,24h
MAPK11,BRD-K08477148,0.38554254,LINCSKD_31604,VCAP,120 h,LINCSCP_64061,VCAP,5uM,6h
MAPK11,BRD-K51329831,0.3858354,LINCSKD_31604,VCAP,120 h,LINCSCP_35028,MCF7,5uM,24h
MAPK11,BRD-K83546471,0.38596866,LINCSKD_31604,VCAP,120 h,LINCSCP_62180,VCAP,5uM,24h
MAPK11,QL-X-138,0.38600569,LINCSKD_31604,VCAP,120 h,LINCSCP_47060,PC3,10uM,6h
MAPK11,SKF-83566,0.38602673,LINCSKD_31604,VCAP,120 h,LINCSCP_30335,MCF7,10uM,6h
MAPK11,Osthole,0.38609547,LINCSKD_31604,VCAP,120 h,LINCSCP_56181,VCAP,10uM,6h
MAPK11,Beclomethasone Dipropionate,0.38611529,LINCSKD_31604,VCAP,120 h,LINCSCP_47356,PC3,10uM,24h
MAPK11,SCHEMBL2554014,0.3861312,LINCSKD_31604,VCAP,120 h,LINCSCP_31404,MCF7,10uM,24h
MAPK11,SCHEMBL15556278,0.38615734,LINCSKD_31604,VCAP,120 h,LINCSCP_83963,ASC.C,3.33uM,24h
MAPK11,Quinine,0.38625407,LINCSKD_31604,VCAP,120 h,LINCSCP_53968,SNUC5,10uM,6h
MAPK11,Moxisylyte,0.3863084,LINCSKD_31604,VCAP,120 h,LINCSCP_47564,PC3,10uM,24h
MAPK11,BRD-K19593010,0.38635347,LINCSKD_31604,VCAP,120 h,LINCSCP_271449,PC3,10uM,24h
MAPK11,Pimasertib,0.38640201,LINCSKD_31604,VCAP,120 h,LINCSCP_169158,YAPC,10uM,24h
MAPK11,CHEMBL3109371,0.38644124,LINCSKD_31604,VCAP,120 h,LINCSCP_33866,MCF7,10uM,24h
MAPK11,BMN 673,0.38644633,LINCSKD_31604,VCAP,120 h,LINCSCP_80836,A375,0.04uM,24h
MAPK11,Methylprednisolone,0.3864525,LINCSKD_31604,VCAP,120 h,LINCSCP_15991,HA1E,10uM,6h
MAPK11,BRD-K49098390,0.38646095,LINCSKD_31604,VCAP,120 h,LINCSCP_65655,VCAP,10uM,24h
MAPK11,Rimcazole,0.38662807,LINCSKD_31604,VCAP,120 h,LINCSCP_22233,HEPG2,10uM,6h
MAPK11,BRD-K21285939,0.38665982,LINCSKD_31604,VCAP,120 h,LINCSCP_61327,VCAP,5uM,6h
MAPK11,Zafirlukast,0.38681726,LINCSKD_31604,VCAP,120 h,LINCSCP_294189,VCAP,10uM,6h
MAPK11,BRD-K93774845,0.38683152,LINCSKD_31604,VCAP,120 h,LINCSCP_8221,A549,5uM,24h
MAPK11,Fomepizole,0.38684811,LINCSKD_31604,VCAP,120 h,LINCSCP_157849,PC3,0.37uM,24h
MAPK11,Rosiglitazone,0.38691808,LINCSKD_31604,VCAP,120 h,LINCSCP_41479,NEU,10uM,6h
MAPK11,ZM-241385,0.38693857,LINCSKD_31604,VCAP,120 h,LINCSCP_193147,A549,10uM,24h
MAPK11,AC1NWALX,0.38694749,LINCSKD_31604,VCAP,120 h,LINCSCP_50054,PHH,10uM,24h
MAPK11,Tosedostat,0.38703861,LINCSKD_31604,VCAP,120 h,LINCSCP_79659,A375,0.12uM,24h
MAPK11,BRD-K03013810,0.38705049,LINCSKD_31604,VCAP,120 h,LINCSCP_61731,VCAP,5uM,24h
MAPK11,AN-465/40934524,0.3870533,LINCSKD_31604,VCAP,120 h,LINCSCP_2048,A375,10uM,6h
MAPK11,BRD-K04986062,0.38709364,LINCSKD_31604,VCAP,120 h,LINCSCP_12369,CD34,0.5uM,24h
MAPK11,Camostat Mesilate,0.38713454,LINCSKD_31604,VCAP,120 h,LINCSCP_168593,YAPC,0.12uM,24h
MAPK11,MLS003178538,0.38716092,LINCSKD_31604,VCAP,120 h,LINCSCP_45526,PC3,10uM,24h
MAPK11,BRD-K49092745,0.3872079,LINCSKD_31604,VCAP,120 h,LINCSCP_59771,VCAP,5uM,6h
MAPK11,KUC104131,0.38721615,LINCSKD_31604,VCAP,120 h,LINCSCP_5219,A549,10uM,6h
MAPK11,Pindolol,0.38728492,LINCSKD_31604,VCAP,120 h,LINCSCP_30186,MCF7,10uM,6h
MAPK11,BRD-K63047641,0.38733494,LINCSKD_31604,VCAP,120 h,LINCSCP_300559,VCAP,5uM,6h
MAPK11,BRD-K80138901,0.38737948,LINCSKD_31604,VCAP,120 h,LINCSCP_64223,VCAP,5uM,24h
MAPK11,CHEMBL153158,0.38738595,LINCSKD_31604,VCAP,120 h,LINCSCP_208825,HA1E,10uM,6h
MAPK11,BRD-K50883617,0.38739288,LINCSKD_31604,VCAP,120 h,LINCSCP_27541,HT29,5uM,24h
MAPK11,BRD-K18067885,0.38741423,LINCSKD_31604,VCAP,120 h,LINCSCP_296877,VCAP,5uM,24h
MAPK11,3-Phenyl-1H-pyrazole-5-carboxylic acid,0.38751939,LINCSKD_31604,VCAP,120 h,LINCSCP_25928,HT29,10uM,24h
MAPK11,SMR000060796,0.38756652,LINCSKD_31604,VCAP,120 h,LINCSCP_22236,HEPG2,10uM,6h
MAPK11,CHEMBL399379,0.38756712,LINCSKD_31604,VCAP,120 h,LINCSCP_41790,NKDBA,10uM,24h
MAPK11,Levosulpiride,0.38757113,LINCSKD_31604,VCAP,120 h,LINCSCP_239251,MCF7,10uM,6h
MAPK11,Prednisolone Hemisuccinate,0.38762924,LINCSKD_31604,VCAP,120 h,LINCSCP_14661,HA1E,10uM,24h
MAPK11,SR 33805 oxalate,0.38763017,LINCSKD_31604,VCAP,120 h,LINCSCP_170894,YAPC,0.12uM,24h
MAPK11,AC1LDBAO,0.38771001,LINCSKD_31604,VCAP,120 h,LINCSCP_15448,HA1E,20uM,24h
MAPK11,Enalapril,0.38773954,LINCSKD_31604,VCAP,120 h,LINCSCP_10245,A549,3uM,6h
MAPK11,8-Bromo-cgmp,0.38777456,LINCSKD_31604,VCAP,120 h,LINCSCP_33571,MCF7,10uM,24h
MAPK11,ZINC6718453,0.38778404,LINCSKD_31604,VCAP,120 h,LINCSCP_147260,NEU,0.12uM,24h
MAPK11,Zoxazolamine,0.38780455,LINCSKD_31604,VCAP,120 h,LINCSCP_240702,MCF7,10uM,24h
MAPK11,MLS003587249,0.38780465,LINCSKD_31604,VCAP,120 h,LINCSCP_242531,MCF7,10uM,24h
MAPK11,BRD-K37487131,0.38790626,LINCSKD_31604,VCAP,120 h,LINCSCP_298954,VCAP,5uM,6h
MAPK11,R(+)-Terguride,0.38796037,LINCSKD_31604,VCAP,120 h,LINCSCP_7271,A549,10uM,24h
MAPK11,CHEMBL2360586,0.38796621,LINCSKD_31604,VCAP,120 h,LINCSCP_64343,VCAP,5uM,24h
MAPK11,Anastrozole,0.38799504,LINCSKD_31604,VCAP,120 h,LINCSCP_22206,HEPG2,10uM,6h
MAPK11,"(3S,11bs)-Tetrabenazine",0.38803348,LINCSKD_31604,VCAP,120 h,LINCSCP_263540,NPC,10uM,24h
MAPK11,BRD-K29322455,0.38805341,LINCSKD_31604,VCAP,120 h,LINCSCP_306020,VCAP,5uM,6h
MAPK11,BRD-K78167523,0.38810497,LINCSKD_31604,VCAP,120 h,LINCSCP_22097,HEPG2,10uM,6h
MAPK11,Flurandrenolide,0.38816388,LINCSKD_31604,VCAP,120 h,LINCSCP_2844,A375,10uM,6h
MAPK11,CHEMBL254777,0.38817662,LINCSKD_31604,VCAP,120 h,LINCSCP_322,A375,10uM,24h
MAPK11,Physostigmine,0.38819856,LINCSKD_31604,VCAP,120 h,LINCSCP_32999,MCF7,10uM,6h
MAPK11,NSC95397,0.38820705,LINCSKD_31604,VCAP,120 h,LINCSCP_37573,MCF7,0.5uM,6h
MAPK11,CHEMBL552425,0.38823272,LINCSKD_31604,VCAP,120 h,LINCSCP_20239,HCC515,10uM,6h
MAPK11,KUC103672,0.38829083,LINCSKD_31604,VCAP,120 h,LINCSCP_26103,HT29,10uM,6h
MAPK11,Devazepide,0.3883626,LINCSKD_31604,VCAP,120 h,LINCSCP_11277,ASC,10uM,24h
MAPK11,TEMAZEPAM,0.3885691,LINCSKD_31604,VCAP,120 h,LINCSCP_80730,A375,10uM,24h
MAPK11,Todralazine,0.38862584,LINCSKD_31604,VCAP,120 h,LINCSCP_47552,PC3,10uM,24h
MAPK11,BRD-K15923759,0.38865949,LINCSKD_31604,VCAP,120 h,LINCSCP_27306,HT29,10uM,6h
MAPK11,Nelfinavir,0.38866827,LINCSKD_31604,VCAP,120 h,LINCSCP_5896,A549,10uM,6h
MAPK11,BRD-K77644833,0.38880415,LINCSKD_31604,VCAP,120 h,LINCSCP_35363,MCF7,10uM,24h
MAPK11,BRD-K22754681,0.38881589,LINCSKD_31604,VCAP,120 h,LINCSCP_260507,NKDBA,0.5uM,24h
MAPK11,NCGC00012852,0.38893861,LINCSKD_31604,VCAP,120 h,LINCSCP_57264,VCAP,10uM,24h
MAPK11,UTMB00042,0.38895938,LINCSKD_31604,VCAP,120 h,LINCSCP_55368,U937,1uM,6h
MAPK11,BRD-K66577472,0.38912863,LINCSKD_31604,VCAP,120 h,LINCSCP_37471,MCF7,0.5uM,24h
MAPK11,CHEMBL2357745,0.38913762,LINCSKD_31604,VCAP,120 h,LINCSCP_59397,VCAP,10uM,6h
MAPK11,CHEMBL566701,0.38922249,LINCSKD_31604,VCAP,120 h,LINCSCP_237195,MCF7,10uM,6h
MAPK11,GR-135531,0.38922563,LINCSKD_31604,VCAP,120 h,LINCSCP_291204,VCAP,10uM,24h
MAPK11,Cromolyn,0.3893388,LINCSKD_31604,VCAP,120 h,LINCSCP_72334,A375,3.33uM,24h
MAPK11,BRD-K26899819,0.38934483,LINCSKD_31604,VCAP,120 h,LINCSCP_49109,PC3,10uM,6h
MAPK11,CHEMBL493153,0.38942548,LINCSKD_31604,VCAP,120 h,LINCSCP_15803,HA1E,10uM,24h
MAPK11,BRD-K75845944,0.38947641,LINCSKD_31604,VCAP,120 h,LINCSCP_59976,VCAP,5uM,6h
MAPK11,CHEMBL567331,0.38953593,LINCSKD_31604,VCAP,120 h,LINCSCP_15890,HA1E,10uM,6h
MAPK11,BRD-K23911230,0.38964536,LINCSKD_31604,VCAP,120 h,LINCSCP_62134,VCAP,5uM,24h
MAPK11,PFI-1,0.38966043,LINCSKD_31604,VCAP,120 h,LINCSCP_114160,HME1,0.04uM,24h
MAPK11,Ranolazine,0.3896717,LINCSKD_31604,VCAP,120 h,LINCSCP_175856,YAPC,10uM,24h
MAPK11,BRD-K83007718,0.38982733,LINCSKD_31604,VCAP,120 h,LINCSCP_65710,VCAP,10uM,24h
MAPK11,SA-1922959,0.38989443,LINCSKD_31604,VCAP,120 h,LINCSCP_37778,MCF7,10uM,6h
MAPK11,4-[(5-Bromoquinolin-8-yl)amino]-4-oxobutanoic acid,0.3900702,LINCSKD_31604,VCAP,120 h,LINCSCP_31892,MCF7,10uM,24h
MAPK11,Antipyrine,0.39007742,LINCSKD_31604,VCAP,120 h,LINCSCP_18921,HCC515,10uM,24h
MAPK11,Urapidil,0.39015926,LINCSKD_31604,VCAP,120 h,LINCSCP_174069,YAPC,0.12uM,24h
MAPK11,MK-0752,0.39016745,LINCSKD_31604,VCAP,120 h,LINCSCP_167412,YAPC,0.12uM,24h
MAPK11,Hexachlorophene,0.3901812,LINCSKD_31604,VCAP,120 h,LINCSCP_143779,MCF7,1.11uM,24h
MAPK11,BG-51,0.39020041,LINCSKD_31604,VCAP,120 h,LINCSCP_43232,NPC,10uM,24h
MAPK11,GSK-J2,0.39027466,LINCSKD_31604,VCAP,120 h,LINCSCP_152146,PC3,3.33uM,24h
MAPK11,"7,2'-Dihydroxyflavone",0.39029558,LINCSKD_31604,VCAP,120 h,LINCSCP_27132,HT29,10uM,6h
MAPK11,BRD-K95323941,0.39034248,LINCSKD_31604,VCAP,120 h,LINCSCP_60651,VCAP,5uM,24h
MAPK11,BRL-37344,0.39038582,LINCSKD_31604,VCAP,120 h,LINCSCP_6823,A549,10uM,24h
MAPK11,MLS002264430,0.39052992,LINCSKD_31604,VCAP,120 h,LINCSCP_237412,MCF7,10uM,24h
MAPK11,Ofloxacin,0.39053085,LINCSKD_31604,VCAP,120 h,LINCSCP_154078,PC3,0.12uM,24h
MAPK11,Brefeldin A,0.39056616,LINCSKD_31604,VCAP,120 h,LINCSCP_30696,MCF7,0.1uM,6h
MAPK11,BRD-K24050458,0.39059036,LINCSKD_31604,VCAP,120 h,LINCSCP_63355,VCAP,5uM,24h
MAPK11,BCPP000194,0.39072195,LINCSKD_31604,VCAP,120 h,LINCSCP_117910,HT29,3.33uM,24h
MAPK11,Primidone,0.39072246,LINCSKD_31604,VCAP,120 h,LINCSCP_25184,HT29,10uM,6h
MAPK11,"6-(7-Hydroxy-6,7-dihydro-5H-pyrrolo[1,2-c]imidazol-7-yl)-n-methyl-2-naphthamide",0.3908149,LINCSKD_31604,VCAP,120 h,LINCSCP_206619,EFO27,40uM,6h
MAPK11,2-Fluoropalmitic acid,0.39085867,LINCSKD_31604,VCAP,120 h,LINCSCP_286015,SKMEL1,40uM,6h
MAPK11,Dexrazoxane,0.39087996,LINCSKD_31604,VCAP,120 h,LINCSCP_258344,NEU,10uM,24h
MAPK11,BRD-K68682056,0.39104293,LINCSKD_31604,VCAP,120 h,LINCSCP_28381,HT29,10uM,24h
MAPK11,BRD-K57339160,0.39105045,LINCSKD_31604,VCAP,120 h,LINCSCP_60583,VCAP,5uM,24h
MAPK11,BRD-K33711030,0.39115307,LINCSKD_31604,VCAP,120 h,LINCSCP_62145,VCAP,5uM,24h
MAPK11,Genistein,0.39117078,LINCSKD_31604,VCAP,120 h,LINCSCP_20976,HCC515,1.11uM,24h
MAPK11,"3,7-Bis(dimethylamino)phenothiazin-5-ium",0.39122893,LINCSKD_31604,VCAP,120 h,LINCSCP_253261,MCF7,0.5uM,6h
MAPK11,ASN 05548389,0.391277,LINCSKD_31604,VCAP,120 h,LINCSCP_59310,VCAP,10uM,6h
MAPK11,MLS003153121,0.39127888,LINCSKD_31604,VCAP,120 h,LINCSCP_268333,PC3,10uM,6h
MAPK11,Broad-Sai-296,0.39148493,LINCSKD_31604,VCAP,120 h,LINCSCP_218179,HCC515,10uM,24h
MAPK11,BRD-K61779668,0.39162598,LINCSKD_31604,VCAP,120 h,LINCSCP_66128,VCAP,3uM,24h
MAPK11,VU-0415556-1,0.39171554,LINCSKD_31604,VCAP,120 h,LINCSCP_21806,HEPG2,10uM,6h
MAPK11,BRD-K55713064,0.39183812,LINCSKD_31604,VCAP,120 h,LINCSCP_62298,VCAP,5uM,24h
MAPK11,NCGC00025322-01,0.3918974,LINCSKD_31604,VCAP,120 h,LINCSCP_7696,A549,10uM,6h
MAPK11,BRD-K18359792,0.39192024,LINCSKD_31604,VCAP,120 h,LINCSCP_65925,VCAP,1uM,24h
MAPK11,856437-59-7,0.3919358,LINCSKD_31604,VCAP,120 h,LINCSCP_220308,HEPG2,10uM,6h
MAPK11,BRD-K12285126,0.39200026,LINCSKD_31604,VCAP,120 h,LINCSCP_65769,VCAP,10uM,6h
MAPK11,Prazosin,0.39201967,LINCSKD_31604,VCAP,120 h,LINCSCP_191784,A549,10uM,24h
MAPK11,MLS002607804,0.39205804,LINCSKD_31604,VCAP,120 h,LINCSCP_45770,PC3,10uM,6h
MAPK11,Repaglinide,0.39211214,LINCSKD_31604,VCAP,120 h,LINCSCP_225804,HT29,10uM,6h
MAPK11,CHEMBL1271119,0.39212335,LINCSKD_31604,VCAP,120 h,LINCSCP_45796,PC3,10uM,6h
MAPK11,BRD-K07125273,0.39212554,LINCSKD_31604,VCAP,120 h,LINCSCP_41631,NKDBA,1uM,24h
MAPK11,CHEMBL2131985,0.39213444,LINCSKD_31604,VCAP,120 h,LINCSCP_23174,HEPG2,10uM,6h
MAPK11,BRD-K70055050,0.39222085,LINCSKD_31604,VCAP,120 h,LINCSCP_297458,VCAP,5uM,24h
MAPK11,501919-59-1,0.39223575,LINCSKD_31604,VCAP,120 h,LINCSCP_53796,SNUC4,100uM,6h
MAPK11,CHEMBL566722,0.39230876,LINCSKD_31604,VCAP,120 h,LINCSCP_1248,A375,10uM,24h
MAPK11,JX401,0.39248383,LINCSKD_31604,VCAP,120 h,LINCSCP_204336,ASC,10uM,24h
MAPK11,Auraptene,0.39253418,LINCSKD_31604,VCAP,120 h,LINCSCP_2922,A375,10uM,6h
MAPK11,SU 11274,0.39270917,LINCSKD_31604,VCAP,120 h,LINCSCP_114938,HS578T,3.33uM,24h
MAPK11,Hesperidin,0.39272231,LINCSKD_31604,VCAP,120 h,LINCSCP_144332,MCF7,0.37uM,24h
MAPK11,Pinacidil,0.39285689,LINCSKD_31604,VCAP,120 h,LINCSCP_93950,HA1E,1.11uM,24h
MAPK11,Tofacitinib (CP-690550) Citrate,0.39293562,LINCSKD_31604,VCAP,120 h,LINCSCP_135555,MCF7,3.33uM,24h
MAPK11,CHEMBL602850,0.39294669,LINCSKD_31604,VCAP,120 h,LINCSCP_6744,A549,10uM,24h
MAPK11,CHEMBL57427,0.39306955,LINCSKD_31604,VCAP,120 h,LINCSCP_33088,MCF7,10uM,24h
MAPK11,PS-1145,0.39318416,LINCSKD_31604,VCAP,120 h,LINCSCP_25649,HT29,5uM,24h
MAPK11,Scriptaid,0.39322701,LINCSKD_31604,VCAP,120 h,LINCSCP_36386,MCF7,0.1uM,6h
MAPK11,N-(Carboxycarbonyl)-d-phenylalanine,0.39324688,LINCSKD_31604,VCAP,120 h,LINCSCP_25112,HT115,100uM,6h
MAPK11,Vemurafenib,0.39327531,LINCSKD_31604,VCAP,120 h,LINCSCP_144980,MDAMB231,0.04uM,3h
MAPK11,L-690488,0.39335278,LINCSKD_31604,VCAP,120 h,LINCSCP_206327,COV644,10uM,6h
MAPK11,Medetomidine,0.39337132,LINCSKD_31604,VCAP,120 h,LINCSCP_72975,A375,10uM,24h
MAPK11,Lorcaserin HCl,0.39337529,LINCSKD_31604,VCAP,120 h,LINCSCP_171929,YAPC,0.04uM,24h
MAPK11,CAY10578,0.39347277,LINCSKD_31604,VCAP,120 h,LINCSCP_16323,HA1E,10uM,6h
MAPK11,NCGC00170564-01,0.39348243,LINCSKD_31604,VCAP,120 h,LINCSCP_58484,VCAP,10uM,6h
MAPK11,Quizartinib,0.39349294,LINCSKD_31604,VCAP,120 h,LINCSCP_176134,YAPC,0.37uM,24h
MAPK11,Rupatadine Fumarate,0.39359706,LINCSKD_31604,VCAP,120 h,LINCSCP_144191,MCF7,10uM,24h
MAPK11,Primaquine,0.39361386,LINCSKD_31604,VCAP,120 h,LINCSCP_19029,HCC515,10uM,6h
MAPK11,Lidoflazine,0.39361422,LINCSKD_31604,VCAP,120 h,LINCSCP_140410,MCF7,0.04uM,24h
MAPK11,Tamoxifen,0.39369789,LINCSKD_31604,VCAP,120 h,LINCSCP_21039,HCC515,0.12uM,24h
MAPK11,Rottlerin,0.39379884,LINCSKD_31604,VCAP,120 h,LINCSCP_30737,MCF7,10uM,6h
MAPK11,SCHEMBL2559243,0.39382949,LINCSKD_31604,VCAP,120 h,LINCSCP_31387,MCF7,10uM,24h
MAPK11,Toltrazuril,0.39383181,LINCSKD_31604,VCAP,120 h,LINCSCP_48006,PC3,10uM,6h
MAPK11,BRD-K82666260,0.39397713,LINCSKD_31604,VCAP,120 h,LINCSCP_296999,VCAP,5uM,24h
MAPK11,BRD-K23731136,0.39416123,LINCSKD_31604,VCAP,120 h,LINCSCP_61426,VCAP,5uM,24h
MAPK11,BRD-K86048057,0.39416804,LINCSKD_31604,VCAP,120 h,LINCSCP_48467,PC3,10uM,24h
MAPK11,Triclosan,0.39420439,LINCSKD_31604,VCAP,120 h,LINCSCP_11185,ASC,10uM,24h
MAPK11,SA-427636,0.39429785,LINCSKD_31604,VCAP,120 h,LINCSCP_41647,NKDBA,0.5uM,24h
MAPK11,"16,16-Dimethyl prostaglandin e2",0.3943896,LINCSKD_31604,VCAP,120 h,LINCSCP_40411,NCIH596,10uM,6h
MAPK11,BRD-K85123403,0.39445213,LINCSKD_31604,VCAP,120 h,LINCSCP_5981,A549,10uM,24h
MAPK11,BRD-K37434447,0.3944719,LINCSKD_31604,VCAP,120 h,LINCSCP_62884,VCAP,5uM,24h
MAPK11,AC1NQ6YI,0.39453993,LINCSKD_31604,VCAP,120 h,LINCSCP_33049,MCF7,10uM,24h
MAPK11,BRD-K13688115-001-01-2,0.39454644,LINCSKD_31604,VCAP,120 h,LINCSCP_243940,MCF7,10uM,24h
MAPK11,Triacsin C,0.39461752,LINCSKD_31604,VCAP,120 h,LINCSCP_236718,MCF7,10uM,6h
MAPK11,BRD-K57166447,0.39467948,LINCSKD_31604,VCAP,120 h,LINCSCP_43022,NPC,10uM,24h
MAPK11,SA-1472514,0.39471942,LINCSKD_31604,VCAP,120 h,LINCSCP_260278,NKDBA,1uM,24h
MAPK11,Linoleamide,0.39473843,LINCSKD_31604,VCAP,120 h,LINCSCP_33519,MCF7,10uM,6h
MAPK11,BRD-K98044070,0.39476616,LINCSKD_31604,VCAP,120 h,LINCSCP_34828,MCF7,5uM,24h
MAPK11,MLS001065861,0.39477566,LINCSKD_31604,VCAP,120 h,LINCSCP_292120,VCAP,10uM,6h
MAPK11,Lypressin,0.39480512,LINCSKD_31604,VCAP,120 h,LINCSCP_16732,HA1E,10uM,6h
MAPK11,C28H30CIN5O4S,0.39480703,LINCSKD_31604,VCAP,120 h,LINCSCP_39445,MDAMB231,10uM,24h
MAPK11,Dextrorphan,0.39480955,LINCSKD_31604,VCAP,120 h,LINCSCP_31827,MCF7,10uM,6h
MAPK11,BRD-K89833083,0.39482101,LINCSKD_31604,VCAP,120 h,LINCSCP_65726,VCAP,10uM,24h
MAPK11,12K-612S,0.39485739,LINCSKD_31604,VCAP,120 h,LINCSCP_267898,PC3,10uM,6h
MAPK11,BRD-K20163346,0.39495305,LINCSKD_31604,VCAP,120 h,LINCSCP_62081,VCAP,5uM,6h
MAPK11,BRD-K95722922,0.39495495,LINCSKD_31604,VCAP,120 h,LINCSCP_61180,VCAP,5uM,6h
MAPK11,Anacetrapib (MK-0859),0.39506044,LINCSKD_31604,VCAP,120 h,LINCSCP_168534,YAPC,0.04uM,24h
MAPK11,Chlorpheniramine,0.39518515,LINCSKD_31604,VCAP,120 h,LINCSCP_104784,HELA,3.33uM,24h
MAPK11,CHEMBL259628,0.39523497,LINCSKD_31604,VCAP,120 h,LINCSCP_54181,SW620,10uM,6h
MAPK11,Pazufloxacin,0.39525511,LINCSKD_31604,VCAP,120 h,LINCSCP_239284,MCF7,10uM,6h
MAPK11,Tropicamide,0.39526241,LINCSKD_31604,VCAP,120 h,LINCSCP_20708,HCC515,10uM,6h
MAPK11,"2,3-Diamino-1-phenylpropan-1-one",0.39540513,LINCSKD_31604,VCAP,120 h,LINCSCP_22714,HEPG2,10uM,6h
MAPK11,LE-135,0.39543494,LINCSKD_31604,VCAP,120 h,LINCSCP_11152,ASC,10uM,24h
MAPK11,AS601245,0.39548222,LINCSKD_31604,VCAP,120 h,LINCSCP_132523,MCF7,1.11uM,3h
MAPK11,CHEMBL1982812,0.39561631,LINCSKD_31604,VCAP,120 h,LINCSCP_33998,MCF7,10uM,6h
MAPK11,SCHEMBL10583556,0.39566297,LINCSKD_31604,VCAP,120 h,LINCSCP_47465,PC3,10uM,24h
MAPK11,"2-Phenylethyl 3-(3,4-dihydroxyphenyl)prop-2-enoate",0.39582996,LINCSKD_31604,VCAP,120 h,LINCSCP_7205,A549,10uM,6h
MAPK11,CHEMBL1357975,0.39595614,LINCSKD_31604,VCAP,120 h,LINCSCP_21893,HEPG2,10uM,6h
MAPK11,Fluphenazine,0.39606842,LINCSKD_31604,VCAP,120 h,LINCSCP_171934,YAPC,0.12uM,24h
MAPK11,Betaxolol,0.39607764,LINCSKD_31604,VCAP,120 h,LINCSCP_211024,HA1E,10uM,6h
MAPK11,BRD-K09059649,0.39619751,LINCSKD_31604,VCAP,120 h,LINCSCP_62618,VCAP,5uM,24h
MAPK11,Fenbufen,0.39621854,LINCSKD_31604,VCAP,120 h,LINCSCP_7026,A549,10uM,24h
MAPK11,VX-745,0.39635826,LINCSKD_31604,VCAP,120 h,LINCSCP_148228,NPC.CAS9,0.04uM,24h
MAPK11,BRD-K14989056,0.39636518,LINCSKD_31604,VCAP,120 h,LINCSCP_65130,VCAP,10uM,6h
MAPK11,BRD-K63455741,0.39650999,LINCSKD_31604,VCAP,120 h,LINCSCP_9066,A549,10uM,24h
MAPK11,Meptazinol,0.39653725,LINCSKD_31604,VCAP,120 h,LINCSCP_32802,MCF7,10uM,24h
MAPK11,AC1MFIS3,0.3966523,LINCSKD_31604,VCAP,120 h,LINCSCP_26363,HT29,10uM,6h
MAPK11,Carbetapentane,0.39665405,LINCSKD_31604,VCAP,120 h,LINCSCP_252832,MCF7,3uM,6h
MAPK11,BRD-K15414305,0.39669842,LINCSKD_31604,VCAP,120 h,LINCSCP_62257,VCAP,5uM,24h
MAPK11,Retinol,0.39680578,LINCSKD_31604,VCAP,120 h,LINCSCP_191446,A549,10uM,24h
MAPK11,DM-55-3,0.39683044,LINCSKD_31604,VCAP,120 h,LINCSCP_5316,A549,10uM,6h
MAPK11,SA-427543,0.39691916,LINCSKD_31604,VCAP,120 h,LINCSCP_271441,PC3,10uM,24h
MAPK11,Neostigmine,0.3969223,LINCSKD_31604,VCAP,120 h,LINCSCP_47625,PC3,10uM,24h
MAPK11,PIK-93,0.39696405,LINCSKD_31604,VCAP,120 h,LINCSCP_116378,HT29,0.04uM,24h
MAPK11,BRD-K37088230,0.39698273,LINCSKD_31604,VCAP,120 h,LINCSCP_34981,MCF7,5uM,24h
MAPK11,Tetraidofluorescein,0.39699069,LINCSKD_31604,VCAP,120 h,LINCSCP_44540,PC3,10uM,24h
MAPK11,Ondansetron,0.3970007,LINCSKD_31604,VCAP,120 h,LINCSCP_187765,A549,10uM,6h
MAPK11,BRD-M28080892,0.39709035,LINCSKD_31604,VCAP,120 h,LINCSCP_64040,VCAP,5uM,24h
MAPK11,SCHEMBL16226502,0.39728464,LINCSKD_31604,VCAP,120 h,LINCSCP_9382,A549,0.01uM,24h
MAPK11,BRD-K33130522,0.39737502,LINCSKD_31604,VCAP,120 h,LINCSCP_61978,VCAP,5uM,24h
MAPK11,"N,N-Hexamethyleneamiloride",0.39744935,LINCSKD_31604,VCAP,120 h,LINCSCP_33764,MCF7,10uM,6h
MAPK11,BRD-K23985857,0.39746635,LINCSKD_31604,VCAP,120 h,LINCSCP_8893,A549,10uM,24h
MAPK11,Canertinib,0.39750326,LINCSKD_31604,VCAP,120 h,LINCSCP_252010,MCF7,0.5uM,6h
MAPK11,Skiii,0.39756241,LINCSKD_31604,VCAP,120 h,LINCSCP_39938,NCIH1836,40uM,6h
MAPK11,BRD-K61612515,0.39764482,LINCSKD_31604,VCAP,120 h,LINCSCP_312191,VCAP,10uM,6h
MAPK11,BRD-K03394322-001-01-8,0.3977517,LINCSKD_31604,VCAP,120 h,LINCSCP_7769,A549,10uM,24h
MAPK11,AC1MG5Y0,0.39776027,LINCSKD_31604,VCAP,120 h,LINCSCP_31837,MCF7,10uM,24h
MAPK11,Anidulafungin,0.39778434,LINCSKD_31604,VCAP,120 h,LINCSCP_143342,MCF7,0.37uM,24h
MAPK11,BRD-K77835518,0.39787159,LINCSKD_31604,VCAP,120 h,LINCSCP_62038,VCAP,5uM,24h
MAPK11,STK468807,0.39791981,LINCSKD_31604,VCAP,120 h,LINCSCP_293487,VCAP,10uM,24h
MAPK11,Olaparib,0.39792755,LINCSKD_31604,VCAP,120 h,LINCSCP_53881,SNUC5,40uM,6h
MAPK11,N-(4-(4-Hydroxypiperidin-1-yl)but-2-ynyl)-n-methylacetamide,0.3979532,LINCSKD_31604,VCAP,120 h,LINCSCP_236855,MCF7,10uM,24h
MAPK11,NM-PP1,0.39795999,LINCSKD_31604,VCAP,120 h,LINCSCP_31740,MCF7,10uM,6h
MAPK11,MLS002725683,0.39800522,LINCSKD_31604,VCAP,120 h,LINCSCP_295196,VCAP,10uM,24h
MAPK11,133040-77-4,0.3981312,LINCSKD_31604,VCAP,120 h,LINCSCP_55969,VCAP,10uM,24h
MAPK11,Ciprofloxacin,0.39819867,LINCSKD_31604,VCAP,120 h,LINCSCP_74616,A375,10uM,24h
MAPK11,BRD-K46574442,0.39824882,LINCSKD_31604,VCAP,120 h,LINCSCP_63084,VCAP,5uM,24h
MAPK11,Zileuton,0.39825854,LINCSKD_31604,VCAP,120 h,LINCSCP_5692,A549,10uM,24h
MAPK11,MLS001065847,0.39844134,LINCSKD_31604,VCAP,120 h,LINCSCP_15729,HA1E,10uM,24h
MAPK11,Chlorambucil,0.3986504,LINCSKD_31604,VCAP,120 h,LINCSCP_266260,PC3,10uM,24h
MAPK11,BRD-K12857449,0.39866846,LINCSKD_31604,VCAP,120 h,LINCSCP_62122,VCAP,5uM,24h
MAPK11,Veliparib,0.39870307,LINCSKD_31604,VCAP,120 h,LINCSCP_36423,MCF7,0.001uM,6h
MAPK11,MLS001207806,0.39879353,LINCSKD_31604,VCAP,120 h,LINCSCP_55155,THP1,1uM,6h
MAPK11,BRD-K28508449,0.39883368,LINCSKD_31604,VCAP,120 h,LINCSCP_62360,VCAP,5uM,6h
MAPK11,CHEMBL3186197,0.39889668,LINCSKD_31604,VCAP,120 h,LINCSCP_53664,SNU1040,10uM,6h
MAPK11,Spiramide,0.39892891,LINCSKD_31604,VCAP,120 h,LINCSCP_33149,MCF7,10uM,24h
MAPK11,BRD-K25608435,0.39906434,LINCSKD_31604,VCAP,120 h,LINCSCP_211909,HA1E,10uM,6h
MAPK11,BRD32048,0.39916431,LINCSKD_31604,VCAP,120 h,LINCSCP_15413,HA1E,10uM,24h
MAPK11,Phorbol Myristate Acetate,0.39917441,LINCSKD_31604,VCAP,120 h,LINCSCP_28848,HUH7,3uM,24h
MAPK11,SR-142948,0.39922234,LINCSKD_31604,VCAP,120 h,LINCSCP_33269,MCF7,10uM,6h
MAPK11,Butaclamol (+),0.39930484,LINCSKD_31604,VCAP,120 h,LINCSCP_103206,HELA,0.04uM,24h
MAPK11,MLS000717682,0.39930746,LINCSKD_31604,VCAP,120 h,LINCSCP_57739,VCAP,10uM,24h
MAPK11,BIOMOL-NT_000059,0.39932262,LINCSKD_31604,VCAP,120 h,LINCSCP_14998,HA1E,10uM,24h
MAPK11,BRD-K29064493-001-01-0,0.39932387,LINCSKD_31604,VCAP,120 h,LINCSCP_13029,FIBRNPC,10uM,24h
MAPK11,BRD-K51147043,0.39938083,LINCSKD_31604,VCAP,120 h,LINCSCP_64004,VCAP,5uM,24h
MAPK11,BRD-K13468108,0.39944462,LINCSKD_31604,VCAP,120 h,LINCSCP_65580,VCAP,10uM,24h
MAPK11,BRD-K94669078,0.39948041,LINCSKD_31604,VCAP,120 h,LINCSCP_8340,A549,5uM,24h
MAPK11,BRD-K85751793,0.39953576,LINCSKD_31604,VCAP,120 h,LINCSCP_65354,VCAP,10uM,24h
MAPK11,AZD-1775,0.39960229,LINCSKD_31604,VCAP,120 h,LINCSCP_133626,MCF7,0.37uM,24h
MAPK11,L-690330,0.39960784,LINCSKD_31604,VCAP,120 h,LINCSCP_15296,HA1E,10uM,24h
MAPK11,BRD-A26787626-001-02-9,0.39962605,LINCSKD_31604,VCAP,120 h,LINCSCP_30317,MCF7,10uM,6h
MAPK11,FOXY-5,0.39969984,LINCSKD_31604,VCAP,120 h,LINCSCP_263961,NPC,10uM,6h
MAPK11,MLS002607675,0.39989566,LINCSKD_31604,VCAP,120 h,LINCSCP_292342,VCAP,10uM,24h
MAPK11,Cercosporin,0.39994877,LINCSKD_31604,VCAP,120 h,LINCSCP_56744,VCAP,10uM,6h
MAPK11,PD-98059,0.40020719,LINCSKD_31604,VCAP,120 h,LINCSCP_30825,MCF7,10uM,6h
MAPK11,"1-(4-Amino-1,2,5-oxadiazol-3-yl)-5-(azepan-1-ylmethyl)-n-[(2-ethoxyphenyl)methylideneamino]triazole-4-carboxamide",0.40022716,LINCSKD_31604,VCAP,120 h,LINCSCP_271527,PC3,10uM,24h
MAPK11,SCHEMBL3958507,0.40031754,LINCSKD_31604,VCAP,120 h,LINCSCP_87920,HA1E,10uM,24h
MAPK11,CID 67066889,0.40045157,LINCSKD_31604,VCAP,120 h,LINCSCP_237916,MCF7,10uM,24h
MAPK11,Mitoxantrone,0.40052982,LINCSKD_31604,VCAP,120 h,LINCSCP_36117,MCF7,0.001uM,6h
MAPK11,Nomegestrol Acetate,0.40062156,LINCSKD_31604,VCAP,120 h,LINCSCP_33741,MCF7,10uM,6h
MAPK11,SCHEMBL2590640,0.40064884,LINCSKD_31604,VCAP,120 h,LINCSCP_31416,MCF7,10uM,24h
MAPK11,UNII-U7RWT9J78O,0.40068531,LINCSKD_31604,VCAP,120 h,LINCSCP_18729,HCC515,10uM,6h
MAPK11,ASN 05257430,0.40077697,LINCSKD_31604,VCAP,120 h,LINCSCP_223051,HT115,10uM,6h
MAPK11,BRD-K72055444,0.40087842,LINCSKD_31604,VCAP,120 h,LINCSCP_48886,PC3,10uM,6h
MAPK11,CHEMBL3187962,0.40090501,LINCSKD_31604,VCAP,120 h,LINCSCP_34201,MCF7,10uM,6h
MAPK11,BRD-K86843304,0.40091338,LINCSKD_31604,VCAP,120 h,LINCSCP_247967,MCF7,5uM,24h
MAPK11,ST50675383,0.40096531,LINCSKD_31604,VCAP,120 h,LINCSCP_237338,MCF7,10uM,24h
MAPK11,PAC-1,0.40121393,LINCSKD_31604,VCAP,120 h,LINCSCP_223132,HT115,10uM,6h
MAPK11,Montelukast,0.40123412,LINCSKD_31604,VCAP,120 h,LINCSCP_58177,VCAP,10uM,24h
MAPK11,AC1Q6JJ5,0.40125161,LINCSKD_31604,VCAP,120 h,LINCSCP_10307,A673,0.1uM,6h
MAPK11,EX527,0.40128159,LINCSKD_31604,VCAP,120 h,LINCSCP_143296,MCF7,0.04uM,24h
MAPK11,Apigenin,0.40135103,LINCSKD_31604,VCAP,120 h,LINCSCP_191429,A549,10uM,24h
MAPK11,BRD-K61065740,0.40135427,LINCSKD_31604,VCAP,120 h,LINCSCP_8837,A549,5uM,24h
MAPK11,AC1NWAUW,0.40143541,LINCSKD_31604,VCAP,120 h,LINCSCP_214419,HCC515,10uM,6h
MAPK11,Pranlukast,0.40143555,LINCSKD_31604,VCAP,120 h,LINCSCP_111137,HELA,0.12uM,24h
MAPK11,Sulfisoxazole,0.40149149,LINCSKD_31604,VCAP,120 h,LINCSCP_27127,HT29,10uM,6h
MAPK11,SGI-1776,0.40164468,LINCSKD_31604,VCAP,120 h,LINCSCP_148476,NPC,0.37uM,24h
MAPK11,CTS-1027,0.40164678,LINCSKD_31604,VCAP,120 h,LINCSCP_173125,YAPC,1.11uM,24h
MAPK11,PA-824,0.40168143,LINCSKD_31604,VCAP,120 h,LINCSCP_176272,YAPC,0.37uM,24h
MAPK11,BRD-K70109596,0.40180187,LINCSKD_31604,VCAP,120 h,LINCSCP_8789,A549,5uM,24h
MAPK11,TUL_XX087,0.40181368,LINCSKD_31604,VCAP,120 h,LINCSCP_41937,NOMO1,0.1uM,24h
MAPK11,ST51005413,0.40191217,LINCSKD_31604,VCAP,120 h,LINCSCP_219393,HEPG2,10uM,6h
MAPK11,BRD-M94512770,0.40202827,LINCSKD_31604,VCAP,120 h,LINCSCP_63961,VCAP,5uM,6h
MAPK11,BRD-K80313395,0.40213017,LINCSKD_31604,VCAP,120 h,LINCSCP_64116,VCAP,5uM,6h
MAPK11,NCGC00011767,0.40216592,LINCSKD_31604,VCAP,120 h,LINCSCP_238629,MCF7,10uM,6h
MAPK11,SB-222200,0.40217715,LINCSKD_31604,VCAP,120 h,LINCSCP_33459,MCF7,10uM,6h
MAPK11,BRD-A73513677,0.40219657,LINCSKD_31604,VCAP,120 h,LINCSCP_12418,CD34,10uM,6h
MAPK11,MEGXP0_001444,0.40220904,LINCSKD_31604,VCAP,120 h,LINCSCP_32095,MCF7,10uM,24h
MAPK11,AC1MFWN2,0.40234478,LINCSKD_31604,VCAP,120 h,LINCSCP_48098,PC3,10uM,6h
MAPK11,Ethotoin,0.40235691,LINCSKD_31604,VCAP,120 h,LINCSCP_181,A375,10uM,24h
MAPK11,BRD-K47163377,0.40246018,LINCSKD_31604,VCAP,120 h,LINCSCP_309413,VCAP,5uM,24h
MAPK11,PF-04217903,0.40248316,LINCSKD_31604,VCAP,120 h,LINCSCP_112008,HEPG2,3.33uM,24h
MAPK11,Aniracetam,0.40254301,LINCSKD_31604,VCAP,120 h,LINCSCP_47669,PC3,10uM,24h
MAPK11,Fenoprofen,0.40264649,LINCSKD_31604,VCAP,120 h,LINCSCP_47683,PC3,10uM,24h
MAPK11,Methandriol,0.40273283,LINCSKD_31604,VCAP,120 h,LINCSCP_31828,MCF7,10uM,6h
MAPK11,BRD-K35669573,0.40273745,LINCSKD_31604,VCAP,120 h,LINCSCP_41958,NOMO1,3uM,24h
MAPK11,Cladribine,0.40275456,LINCSKD_31604,VCAP,120 h,LINCSCP_175864,YAPC,1.11uM,24h
MAPK11,Flunarizine,0.40299409,LINCSKD_31604,VCAP,120 h,LINCSCP_14890,HA1E,10uM,6h
MAPK11,KM01366,0.40300602,LINCSKD_31604,VCAP,120 h,LINCSCP_32130,MCF7,10uM,24h
MAPK11,BRD-K04617562,0.40306369,LINCSKD_31604,VCAP,120 h,LINCSCP_278949,PC3,10uM,6h
MAPK11,ST4029010,0.40306587,LINCSKD_31604,VCAP,120 h,LINCSCP_239991,MCF7,10uM,24h
MAPK11,CHEMBL1332325,0.40312459,LINCSKD_31604,VCAP,120 h,LINCSCP_4951,A549,10uM,24h
MAPK11,BRD-K08318631,0.40316176,LINCSKD_31604,VCAP,120 h,LINCSCP_279405,PC3,10uM,6h
MAPK11,MLS002264467,0.40316308,LINCSKD_31604,VCAP,120 h,LINCSCP_188733,A549,10uM,6h
MAPK11,MEGXP0_001265,0.40322338,LINCSKD_31604,VCAP,120 h,LINCSCP_309986,VCAP,10uM,24h
MAPK11,Clofibrate,0.40324002,LINCSKD_31604,VCAP,120 h,LINCSCP_172842,YAPC,0.04uM,24h
MAPK11,ML178,0.40324598,LINCSKD_31604,VCAP,120 h,LINCSCP_1507,A375,10uM,6h
MAPK11,RO-281675,0.40324714,LINCSKD_31604,VCAP,120 h,LINCSCP_54753,T3M10,100uM,6h
MAPK11,Rucaparib,0.40329405,LINCSKD_31604,VCAP,120 h,LINCSCP_10650,AGS,10uM,6h
MAPK11,ML-4-054,0.40338044,LINCSKD_31604,VCAP,120 h,LINCSCP_6117,A549,10uM,6h
MAPK11,BRD-K60783789,0.40353282,LINCSKD_31604,VCAP,120 h,LINCSCP_65841,VCAP,10uM,6h
MAPK11,Pepstatin,0.40360606,LINCSKD_31604,VCAP,120 h,LINCSCP_15029,HA1E,10uM,24h
MAPK11,ETHYLENEDIAMINE TETRACETATE TETRA-ETHANOLAMINE,0.40361297,LINCSKD_31604,VCAP,120 h,LINCSCP_124769,HT29,10uM,24h
MAPK11,GSK 1059615,0.4036997,LINCSKD_31604,VCAP,120 h,LINCSCP_133838,MCF7,0.37uM,24h
MAPK11,BRD-K23154136,0.40371207,LINCSKD_31604,VCAP,120 h,LINCSCP_307911,VCAP,5uM,6h
MAPK11,BRD-K15639930,0.40384326,LINCSKD_31604,VCAP,120 h,LINCSCP_61114,VCAP,5uM,6h
MAPK11,CHEMBL2139107,0.40392529,LINCSKD_31604,VCAP,120 h,LINCSCP_65807,VCAP,10uM,6h
MAPK11,BRD-K10323659,0.40396581,LINCSKD_31604,VCAP,120 h,LINCSCP_64157,VCAP,5uM,24h
MAPK11,BRD-K21363211,0.4040105,LINCSKD_31604,VCAP,120 h,LINCSCP_60741,VCAP,5uM,24h
MAPK11,CHEMBL1449448,0.40412415,LINCSKD_31604,VCAP,120 h,LINCSCP_21914,HEPG2,10uM,6h
MAPK11,BRD-K49215584,0.40456732,LINCSKD_31604,VCAP,120 h,LINCSCP_61049,VCAP,5uM,24h
MAPK11,Cimaterol,0.40458171,LINCSKD_31604,VCAP,120 h,LINCSCP_237,A375,10uM,24h
MAPK11,BRD-K16741885,0.40481349,LINCSKD_31604,VCAP,120 h,LINCSCP_300686,VCAP,5uM,24h
MAPK11,BRD-A24396574-001-01-5,0.40484926,LINCSKD_31604,VCAP,120 h,LINCSCP_12084,BT20,0.1uM,24h
MAPK11,Thiethylperazine,0.40489547,LINCSKD_31604,VCAP,120 h,LINCSCP_223389,HT29,10uM,6h
MAPK11,NU-7441,0.40508331,LINCSKD_31604,VCAP,120 h,LINCSCP_163172,SKBR3,0.37uM,3h
MAPK11,PNU-282987,0.40512325,LINCSKD_31604,VCAP,120 h,LINCSCP_290377,VCAP,10uM,6h
MAPK11,Erismodegib,0.40517597,LINCSKD_31604,VCAP,120 h,LINCSCP_30769,MCF7,10uM,6h
MAPK11,AC1LNRY5,0.4052103,LINCSKD_31604,VCAP,120 h,LINCSCP_296226,VCAP,10uM,6h
MAPK11,FPA1_000301,0.40523145,LINCSKD_31604,VCAP,120 h,LINCSCP_216975,HCC515,10uM,6h
MAPK11,NaCl,0.40540285,LINCSKD_31604,VCAP,120 h,LINCSCP_264075,NPC,0.1uM,6h
MAPK11,SA-423131,0.40541583,LINCSKD_31604,VCAP,120 h,LINCSCP_7955,A549,10uM,6h
MAPK11,HSCI1_000314,0.40542714,LINCSKD_31604,VCAP,120 h,LINCSCP_39764,MDST8,80uM,6h
MAPK11,BRD-K30935394,0.40543703,LINCSKD_31604,VCAP,120 h,LINCSCP_279031,PC3,10uM,6h
MAPK11,BRD-K94224651,0.40554861,LINCSKD_31604,VCAP,120 h,LINCSCP_61511,VCAP,5uM,24h
MAPK11,BRD-K72381041,0.40556751,LINCSKD_31604,VCAP,120 h,LINCSCP_6279,A549,10uM,6h
MAPK11,KUC104123,0.40556837,LINCSKD_31604,VCAP,120 h,LINCSCP_22041,HEPG2,10uM,6h
MAPK11,BRD-K70012251,0.4056065,LINCSKD_31604,VCAP,120 h,LINCSCP_61367,VCAP,5uM,6h
MAPK11,BRD-K04476933,0.40575987,LINCSKD_31604,VCAP,120 h,LINCSCP_65755,VCAP,10uM,6h
MAPK11,BRD-K00663349,0.40580504,LINCSKD_31604,VCAP,120 h,LINCSCP_172579,YAPC,10uM,24h
MAPK11,BRD-K55699053,0.40605042,LINCSKD_31604,VCAP,120 h,LINCSCP_64296,VCAP,5uM,24h
MAPK11,GW-5074,0.40606937,LINCSKD_31604,VCAP,120 h,LINCSCP_240859,MCF7,10uM,6h
MAPK11,Bafilomycin A1,0.40609578,LINCSKD_31604,VCAP,120 h,LINCSCP_43382,NPC,10uM,24h
MAPK11,Arecaidine but-2-ynyl ester,0.40612095,LINCSKD_31604,VCAP,120 h,LINCSCP_56291,VCAP,10uM,24h
MAPK11,SB525334,0.40615163,LINCSKD_31604,VCAP,120 h,LINCSCP_112142,HEPG2,0.37uM,24h
MAPK11,ZINC03898662,0.40618027,LINCSKD_31604,VCAP,120 h,LINCSCP_59241,VCAP,10uM,24h
MAPK11,SEW05685,0.40618857,LINCSKD_31604,VCAP,120 h,LINCSCP_270800,PC3,10uM,24h
MAPK11,Oxandrolone,0.40634272,LINCSKD_31604,VCAP,120 h,LINCSCP_80678,A375,1.11uM,24h
MAPK11,Cyproterone,0.40649366,LINCSKD_31604,VCAP,120 h,LINCSCP_47848,PC3,10uM,6h
MAPK11,VX-11E,0.40650447,LINCSKD_31604,VCAP,120 h,LINCSCP_66322,WSUDLCL2,0.5uM,6h
MAPK11,Glycocholic acid,0.40664459,LINCSKD_31604,VCAP,120 h,LINCSCP_220561,HEPG2,10uM,6h
MAPK11,BRD-K66559265,0.40665244,LINCSKD_31604,VCAP,120 h,LINCSCP_61534,VCAP,5uM,6h
MAPK11,Phloretin,0.40667494,LINCSKD_31604,VCAP,120 h,LINCSCP_29121,JHUEM2,100uM,6h
MAPK11,SCHEMBL1675177,0.40668588,LINCSKD_31604,VCAP,120 h,LINCSCP_238715,MCF7,10uM,6h
MAPK11,"2-(4-chlorophenyl)-3-(2-methoxyphenyl)hexahydro-1H-pyrrolo[1,2-c]imidazol-1-one",0.40679615,LINCSKD_31604,VCAP,120 h,LINCSCP_12393,CD34,10uM,6h
MAPK11,YM 201636,0.40681507,LINCSKD_31604,VCAP,120 h,LINCSCP_24751,HS578T,10uM,24h
MAPK11,Reversine,0.40691231,LINCSKD_31604,VCAP,120 h,LINCSCP_16704,HA1E,10uM,6h
MAPK11,Torsemide,0.40694224,LINCSKD_31604,VCAP,120 h,LINCSCP_189997,A549,10uM,24h
MAPK11,MLS000518920,0.40694894,LINCSKD_31604,VCAP,120 h,LINCSCP_5937,A549,10uM,24h
MAPK11,181144-66-1,0.4069511,LINCSKD_31604,VCAP,120 h,LINCSCP_18681,HCC515,10uM,6h
MAPK11,sunitinib,0.40699967,LINCSKD_31604,VCAP,120 h,LINCSCP_6716,A549,10uM,6h
MAPK11,BRD-K96150242,0.40710865,LINCSKD_31604,VCAP,120 h,LINCSCP_63907,VCAP,5uM,24h
MAPK11,Raloxifene,0.40753654,LINCSKD_31604,VCAP,120 h,LINCSCP_202638,A549,3.33uM,24h
MAPK11,BRD-K10436544,0.40754134,LINCSKD_31604,VCAP,120 h,LINCSCP_3968,A375,10uM,24h
MAPK11,Everolimus,0.40764627,LINCSKD_31604,VCAP,120 h,LINCSCP_169692,YAPC,10uM,24h
MAPK11,Cholic acid,0.407677,LINCSKD_31604,VCAP,120 h,LINCSCP_6407,A549,10uM,24h
MAPK11,SCHEMBL2594610,0.40792707,LINCSKD_31604,VCAP,120 h,LINCSCP_5664,A549,10uM,6h
MAPK11,MLS004683634,0.40807327,LINCSKD_31604,VCAP,120 h,LINCSCP_49710,PC3,10uM,24h
MAPK11,STK568087,0.40810883,LINCSKD_31604,VCAP,120 h,LINCSCP_46483,PC3,10uM,24h
MAPK11,BRD-K44549295,0.40826829,LINCSKD_31604,VCAP,120 h,LINCSCP_62784,VCAP,5uM,24h
MAPK11,MLS003128716,0.40831153,LINCSKD_31604,VCAP,120 h,LINCSCP_34842,MCF7,5uM,24h
MAPK11,LDN 193189,0.40834368,LINCSKD_31604,VCAP,120 h,LINCSCP_111317,HEPG2,0.12uM,24h
MAPK11,BRD-K77888550,0.40844733,LINCSKD_31604,VCAP,120 h,LINCSCP_61375,VCAP,5uM,6h
MAPK11,BRD-K56535275,0.4084812,LINCSKD_31604,VCAP,120 h,LINCSCP_63712,VCAP,5uM,24h
MAPK11,DL-Norepinephrine,0.40852461,LINCSKD_31604,VCAP,120 h,LINCSCP_8014,A549,10uM,6h
MAPK11,BRD-K22080587,0.40852734,LINCSKD_31604,VCAP,120 h,LINCSCP_35184,MCF7,10uM,24h
MAPK11,CHEMBL3347630,0.40854338,LINCSKD_31604,VCAP,120 h,LINCSCP_147907,NPC.CAS9,3.33uM,24h
MAPK11,BRD-K91809691,0.4085945,LINCSKD_31604,VCAP,120 h,LINCSCP_304384,VCAP,5uM,6h
MAPK11,BRD-K22451824,0.40862695,LINCSKD_31604,VCAP,120 h,LINCSCP_61749,VCAP,5uM,24h
MAPK11,FPL64176,0.40865008,LINCSKD_31604,VCAP,120 h,LINCSCP_207875,H1299,10uM,6h
MAPK11,Proglumide,0.40866688,LINCSKD_31604,VCAP,120 h,LINCSCP_159198,PC3,0.12uM,24h
MAPK11,Tranilast,0.40871437,LINCSKD_31604,VCAP,120 h,LINCSCP_58242,VCAP,10uM,6h
MAPK11,MLS003153120,0.40871668,LINCSKD_31604,VCAP,120 h,LINCSCP_19690,HCC515,10uM,6h
MAPK11,Isoliquiritigenin,0.40876274,LINCSKD_31604,VCAP,120 h,LINCSCP_39867,NCIH1694,10uM,6h
MAPK11,Idelalisib,0.40901677,LINCSKD_31604,VCAP,120 h,LINCSCP_146320,MNEU.E,0.37uM,24h
MAPK11,BRD-K02589376-001-01-9,0.40908152,LINCSKD_31604,VCAP,120 h,LINCSCP_47075,PC3,10uM,24h
MAPK11,SCHEMBL2231351,0.40909771,LINCSKD_31604,VCAP,120 h,LINCSCP_288115,THP1,0.01uM,24h
MAPK11,Mccg,0.40915933,LINCSKD_31604,VCAP,120 h,LINCSCP_207018,FIBRNPC,10uM,24h
MAPK11,testosterone,0.40916351,LINCSKD_31604,VCAP,120 h,LINCSCP_79461,A375,0.12uM,24h
MAPK11,BRD-K76970388,0.40919131,LINCSKD_31604,VCAP,120 h,LINCSCP_65343,VCAP,10uM,24h
MAPK11,Pomalidomide,0.40930002,LINCSKD_31604,VCAP,120 h,LINCSCP_137835,MCF7,0.37uM,24h
MAPK11,CHEMBL2355150,0.40937367,LINCSKD_31604,VCAP,120 h,LINCSCP_59346,VCAP,10uM,6h
MAPK11,Tanaproget,0.40939904,LINCSKD_31604,VCAP,120 h,LINCSCP_144162,MCF7,3.33uM,24h
MAPK11,BRD-K13077924,0.40941148,LINCSKD_31604,VCAP,120 h,LINCSCP_24175,HL60,10uM,6h
MAPK11,MLS000559245,0.40942338,LINCSKD_31604,VCAP,120 h,LINCSCP_237437,MCF7,10uM,24h
MAPK11,Diclofensine (hydrochloride),0.40949757,LINCSKD_31604,VCAP,120 h,LINCSCP_76276,A375,0.12uM,24h
MAPK11,BRD-K32628102,0.40950449,LINCSKD_31604,VCAP,120 h,LINCSCP_65620,VCAP,10uM,24h
MAPK11,MLS003129149,0.40951955,LINCSKD_31604,VCAP,120 h,LINCSCP_60707,VCAP,5uM,6h
MAPK11,Toremifene,0.40961908,LINCSKD_31604,VCAP,120 h,LINCSCP_73277,A375,0.04uM,24h
MAPK11,Sphingosine,0.40973936,LINCSKD_31604,VCAP,120 h,LINCSCP_271329,PC3,10uM,6h
MAPK11,RU-24969,0.40975834,LINCSKD_31604,VCAP,120 h,LINCSCP_43289,NPC,10uM,6h
MAPK11,AC1LWZG4,0.40980571,LINCSKD_31604,VCAP,120 h,LINCSCP_21383,HEC108,10uM,6h
MAPK11,MLS001333211,0.4098907,LINCSKD_31604,VCAP,120 h,LINCSCP_238256,MCF7,10uM,24h
MAPK11,Probenecid,0.40995845,LINCSKD_31604,VCAP,120 h,LINCSCP_99204,HA1E,0.04uM,24h
MAPK11,TORIN1,0.41006019,LINCSKD_31604,VCAP,120 h,LINCSCP_145603,MDAMB231,0.04uM,24h
MAPK11,BX-795,0.41014178,LINCSKD_31604,VCAP,120 h,LINCSCP_13519,H1299,10uM,6h
MAPK11,HY-11007,0.4101807,LINCSKD_31604,VCAP,120 h,LINCSCP_83718,ASC.C,1.11uM,24h
MAPK11,SUGA1_008424,0.41023578,LINCSKD_31604,VCAP,120 h,LINCSCP_46590,PC3,10uM,6h
MAPK11,Iodophenpropit,0.41028251,LINCSKD_31604,VCAP,120 h,LINCSCP_18426,HCC515,10uM,6h
MAPK11,Selumetinib,0.41039245,LINCSKD_31604,VCAP,120 h,LINCSCP_113232,HME1,0.37uM,24h
MAPK11,SMR000651464,0.41039504,LINCSKD_31604,VCAP,120 h,LINCSCP_31365,MCF7,10uM,24h
MAPK11,MLS003178531,0.41049633,LINCSKD_31604,VCAP,120 h,LINCSCP_1585,A375,10uM,6h
MAPK11,Indomethacin,0.41052221,LINCSKD_31604,VCAP,120 h,LINCSCP_272536,PC3,10uM,24h
MAPK11,MLS000037800,0.41058934,LINCSKD_31604,VCAP,120 h,LINCSCP_22319,HEPG2,10uM,6h
MAPK11,Imiloxan,0.41073921,LINCSKD_31604,VCAP,120 h,LINCSCP_154413,PC3,0.37uM,24h
MAPK11,JSH-23,0.41076736,LINCSKD_31604,VCAP,120 h,LINCSCP_25626,HT29,5uM,24h
MAPK11,BRD-K72766058,0.41077799,LINCSKD_31604,VCAP,120 h,LINCSCP_279149,PC3,10uM,6h
MAPK11,ZINC05054912,0.41088177,LINCSKD_31604,VCAP,120 h,LINCSCP_211573,HA1E,10uM,6h
MAPK11,BRD-K63423329,0.41091192,LINCSKD_31604,VCAP,120 h,LINCSCP_48555,PC3,10uM,24h
MAPK11,CHEMBL2139291,0.41096342,LINCSKD_31604,VCAP,120 h,LINCSCP_59392,VCAP,10uM,6h
MAPK11,BRD-K42478751,0.41104371,LINCSKD_31604,VCAP,120 h,LINCSCP_64768,VCAP,10uM,6h
MAPK11,VGX-1027,0.41121277,LINCSKD_31604,VCAP,120 h,LINCSCP_118753,HT29,0.04uM,24h
MAPK11,BRD-K24893212,0.4112741,LINCSKD_31604,VCAP,120 h,LINCSCP_35100,MCF7,5uM,24h
MAPK11,301836-43-1,0.41129552,LINCSKD_31604,VCAP,120 h,LINCSCP_221150,HEPG2,10uM,6h
MAPK11,BRD-K62875000,0.41132967,LINCSKD_31604,VCAP,120 h,LINCSCP_60703,VCAP,5uM,6h
MAPK11,Benzylpenicillin,0.41147314,LINCSKD_31604,VCAP,120 h,LINCSCP_56578,VCAP,10uM,6h
MAPK11,Methyllycaconitine,0.41148568,LINCSKD_31604,VCAP,120 h,LINCSCP_289376,VCAP,10uM,6h
MAPK11,BRD-K54247306,0.41153953,LINCSKD_31604,VCAP,120 h,LINCSCP_61796,VCAP,5uM,24h
MAPK11,BRD-K01678149,0.41155759,LINCSKD_31604,VCAP,120 h,LINCSCP_65384,VCAP,10uM,6h
MAPK11,Cortisone,0.41157558,LINCSKD_31604,VCAP,120 h,LINCSCP_272576,PC3,10uM,24h
MAPK11,Diltiazem,0.41160944,LINCSKD_31604,VCAP,120 h,LINCSCP_217479,HCC515,10uM,6h
MAPK11,BRD-K53621751,0.41169184,LINCSKD_31604,VCAP,120 h,LINCSCP_195675,A549,5uM,24h
MAPK11,Cilomilast,0.41174491,LINCSKD_31604,VCAP,120 h,LINCSCP_46489,PC3,10uM,24h
MAPK11,CHEMBL3185502,0.41188349,LINCSKD_31604,VCAP,120 h,LINCSCP_62914,VCAP,5uM,24h
MAPK11,"2,8-Dinitroimipramine",0.41191103,LINCSKD_31604,VCAP,120 h,LINCSCP_15854,HA1E,10uM,6h
MAPK11,MLS-0390851.0001,0.41191142,LINCSKD_31604,VCAP,120 h,LINCSCP_31007,MCF7,10uM,24h
MAPK11,Nepafenac,0.41215359,LINCSKD_31604,VCAP,120 h,LINCSCP_74585,A375,0.04uM,24h
MAPK11,3-(4-Pyridyl)indole,0.41217627,LINCSKD_31604,VCAP,120 h,LINCSCP_10357,A673,10uM,6h
MAPK11,CHEMBL2362398,0.41227018,LINCSKD_31604,VCAP,120 h,LINCSCP_65280,VCAP,10uM,24h
MAPK11,Nbqx,0.41229783,LINCSKD_31604,VCAP,120 h,LINCSCP_33011,MCF7,10uM,6h
MAPK11,CHEMBL416418,0.41231541,LINCSKD_31604,VCAP,120 h,LINCSCP_36078,MCF7,10uM,6h
MAPK11,TIROFIBAN HYDROCHLORIDE,0.412318,LINCSKD_31604,VCAP,120 h,LINCSCP_75326,A375,0.04uM,24h
MAPK11,SA-243423,0.41235902,LINCSKD_31604,VCAP,120 h,LINCSCP_254431,MCF7,1uM,6h
MAPK11,Tfmpp,0.41259305,LINCSKD_31604,VCAP,120 h,LINCSCP_293965,VCAP,10uM,24h
MAPK11,Molindone,0.41261008,LINCSKD_31604,VCAP,120 h,LINCSCP_140600,MCF7,0.37uM,24h
MAPK11,WZ 4002,0.41265704,LINCSKD_31604,VCAP,120 h,LINCSCP_149789,NPC.TAK,1.11uM,24h
MAPK11,BL003-049-HDAC3,0.41268564,LINCSKD_31604,VCAP,120 h,LINCSCP_49232,PC3,3uM,24h
MAPK11,MLS002607669,0.41285596,LINCSKD_31604,VCAP,120 h,LINCSCP_189028,A549,10uM,24h
MAPK11,Ketorolac,0.41300941,LINCSKD_31604,VCAP,120 h,LINCSCP_31783,MCF7,10uM,6h
MAPK11,BRD-K79758054,0.41314147,LINCSKD_31604,VCAP,120 h,LINCSCP_249863,MCF7,10uM,24h
MAPK11,BRD-K91568452,0.41324266,LINCSKD_31604,VCAP,120 h,LINCSCP_64820,VCAP,10uM,6h
MAPK11,BRD-K56945633,0.41325868,LINCSKD_31604,VCAP,120 h,LINCSCP_60211,VCAP,5uM,24h
MAPK11,Quinacrine,0.41328852,LINCSKD_31604,VCAP,120 h,LINCSCP_10477,AGS,10uM,6h
MAPK11,ascorbic-acid,0.41334982,LINCSKD_31604,VCAP,120 h,LINCSCP_156861,PC3,0.37uM,24h
MAPK11,"(8Xi,11beta,14xi,16beta)-21-Chloro-9-fluoro-11-hydroxy-16-methyl-3,20-dioxopregna-1,4-dien-17-yl propanoate",0.41351313,LINCSKD_31604,VCAP,120 h,LINCSCP_235712,MCF7,10uM,6h
MAPK11,MBX-2982,0.41357804,LINCSKD_31604,VCAP,120 h,LINCSCP_104249,HELA,10uM,24h
MAPK11,BRD-K18048820,0.4136341,LINCSKD_31604,VCAP,120 h,LINCSCP_297084,VCAP,5uM,6h
MAPK11,BRD-K69760878,0.41380258,LINCSKD_31604,VCAP,120 h,LINCSCP_41115,NEU,10uM,24h
MAPK11,SCHEMBL7531261,0.41382943,LINCSKD_31604,VCAP,120 h,LINCSCP_13012,FIBRNPC,10uM,24h
MAPK11,Diphemanil,0.41414304,LINCSKD_31604,VCAP,120 h,LINCSCP_391,A375,10uM,24h
MAPK11,Oxedrine,0.41419359,LINCSKD_31604,VCAP,120 h,LINCSCP_26263,HT29,10uM,6h
MAPK11,Hydroxyl,0.41421243,LINCSKD_31604,VCAP,120 h,LINCSCP_254701,MCF7,3uM,6h
MAPK11,BRD-K78438907,0.41451173,LINCSKD_31604,VCAP,120 h,LINCSCP_65700,VCAP,10uM,24h
MAPK11,"Dihydroorotate Dehydrogenase Inhibitor, Brequinar",0.4145138,LINCSKD_31604,VCAP,120 h,LINCSCP_111064,HELA,0.37uM,24h
MAPK11,LRRK2-IN-1,0.4145763,LINCSKD_31604,VCAP,120 h,LINCSCP_111877,HEPG2,10uM,24h
MAPK11,BRD-K18321170,0.41459331,LINCSKD_31604,VCAP,120 h,LINCSCP_61324,VCAP,5uM,6h
MAPK11,MDL 72832,0.41469046,LINCSKD_31604,VCAP,120 h,LINCSCP_55875,VCAP,10uM,24h
MAPK11,Aminopentamide Sulfate,0.41481091,LINCSKD_31604,VCAP,120 h,LINCSCP_6799,A549,10uM,24h
MAPK11,M3M3FBS,0.41486541,LINCSKD_31604,VCAP,120 h,LINCSCP_53895,SNUC5,80uM,6h
MAPK11,MEGXM0_000433,0.41487824,LINCSKD_31604,VCAP,120 h,LINCSCP_20196,HCC515,10uM,6h
MAPK11,Methyltestosterone,0.41493184,LINCSKD_31604,VCAP,120 h,LINCSCP_239318,MCF7,10uM,6h
MAPK11,Farnesylthioacetic acid,0.41494271,LINCSKD_31604,VCAP,120 h,LINCSCP_27134,HT29,10uM,6h
MAPK11,BRD-K07563916,0.41501521,LINCSKD_31604,VCAP,120 h,LINCSCP_61937,VCAP,5uM,24h
MAPK11,Masitinib,0.41506016,LINCSKD_31604,VCAP,120 h,LINCSCP_69859,A375,3.33uM,24h
MAPK11,423735-93-7,0.4150605,LINCSKD_31604,VCAP,120 h,LINCSCP_236695,MCF7,10uM,6h
MAPK11,"4,11-Diethyl-4,9-dihydroxy-1H-pyrano[3',4':6,7]indolizino[1,2-b]quinoline-3,14(4H,12H)-dione",0.41506883,LINCSKD_31604,VCAP,120 h,LINCSCP_9289,A549,1uM,6h
MAPK11,Amoxapine,0.41514415,LINCSKD_31604,VCAP,120 h,LINCSCP_138643,MCF7,3.33uM,24h
MAPK11,Nimesulide,0.41522635,LINCSKD_31604,VCAP,120 h,LINCSCP_241166,MCF7,10uM,24h
MAPK11,BRD-K31931684,0.41536958,LINCSKD_31604,VCAP,120 h,LINCSCP_65618,VCAP,10uM,24h
MAPK11,VU0404997-2,0.41545575,LINCSKD_31604,VCAP,120 h,LINCSCP_31313,MCF7,10uM,24h
MAPK11,Menadione,0.41551282,LINCSKD_31604,VCAP,120 h,LINCSCP_251241,MCF7,3uM,6h
MAPK11,Nisoxetine,0.4156817,LINCSKD_31604,VCAP,120 h,LINCSCP_176198,YAPC,3.33uM,24h
MAPK11,CHEMBL2131388,0.41568888,LINCSKD_31604,VCAP,120 h,LINCSCP_65252,VCAP,10uM,24h
MAPK11,MLS002477154,0.41577502,LINCSKD_31604,VCAP,120 h,LINCSCP_1773,A375,10uM,6h
MAPK11,BRD-K47512679,0.41586911,LINCSKD_31604,VCAP,120 h,LINCSCP_249790,MCF7,10uM,24h
MAPK11,3-N-Propylxanthine,0.41592201,LINCSKD_31604,VCAP,120 h,LINCSCP_169072,YAPC,0.12uM,24h
MAPK11,"N-(3-Cyano-4,5,6,7-tetrahydro-1-benzothiophen-2-yl)-2-{[3-cyano-6-(thiophen-2-yl)pyridin-2-yl]sulfanyl}acetamide",0.41593417,LINCSKD_31604,VCAP,120 h,LINCSCP_16385,HA1E,10uM,6h
MAPK11,BRD-K41931739,0.41601902,LINCSKD_31604,VCAP,120 h,LINCSCP_270751,PC3,10uM,24h
MAPK11,916985-21-2,0.41606724,LINCSKD_31604,VCAP,120 h,LINCSCP_55447,U937,10uM,6h
MAPK11,Foretinib,0.41607204,LINCSKD_31604,VCAP,120 h,LINCSCP_163288,SKBR3,0.04uM,3h
MAPK11,BRD-K83397037-001-01-0,0.41618637,LINCSKD_31604,VCAP,120 h,LINCSCP_61289,VCAP,5uM,24h
MAPK11,BRD-K87182158,0.41640098,LINCSKD_31604,VCAP,120 h,LINCSCP_305129,VCAP,5uM,24h
MAPK11,BRD-K58962381-001-01-4,0.41652006,LINCSKD_31604,VCAP,120 h,LINCSCP_3274,A375,5uM,24h
MAPK11,AC1LWSL2,0.41671137,LINCSKD_31604,VCAP,120 h,LINCSCP_34146,MCF7,10uM,24h
MAPK11,Mepivacaine,0.41673131,LINCSKD_31604,VCAP,120 h,LINCSCP_93590,HA1E,1.11uM,24h
MAPK11,Aurora A Inhibitor I,0.41675006,LINCSKD_31604,VCAP,120 h,LINCSCP_6632,A549,10uM,6h
MAPK11,Etomoxir,0.41676985,LINCSKD_31604,VCAP,120 h,LINCSCP_30534,MCF7,90uM,24h
MAPK11,TG100-115,0.41678,LINCSKD_31604,VCAP,120 h,LINCSCP_270801,PC3,10uM,24h
MAPK11,Fraxidin Methyl Ether,0.41685531,LINCSKD_31604,VCAP,120 h,LINCSCP_55828,VCAP,10uM,6h
MAPK11,BRD-A81936046,0.41690473,LINCSKD_31604,VCAP,120 h,LINCSCP_286481,SNGM,10uM,6h
MAPK11,BRD-K33116513,0.41691199,LINCSKD_31604,VCAP,120 h,LINCSCP_61440,VCAP,5uM,24h
MAPK11,Regorafenib,0.41702503,LINCSKD_31604,VCAP,120 h,LINCSCP_149385,NPC,10uM,24h
MAPK11,Licochalcone A,0.41704097,LINCSKD_31604,VCAP,120 h,LINCSCP_117988,HT29,3.33uM,24h
MAPK11,CHEMBL2333339,0.41706729,LINCSKD_31604,VCAP,120 h,LINCSCP_271173,PC3,10uM,24h
MAPK11,BRD-K63903580,0.41710335,LINCSKD_31604,VCAP,120 h,LINCSCP_60907,VCAP,5uM,24h
MAPK11,BRD-K11880681,0.41710583,LINCSKD_31604,VCAP,120 h,LINCSCP_61679,VCAP,5uM,6h
MAPK11,Darinaparsin,0.41725236,LINCSKD_31604,VCAP,120 h,LINCSCP_53329,SKMEL1,10uM,6h
MAPK11,BRD-K33762302,0.41729214,LINCSKD_31604,VCAP,120 h,LINCSCP_7965,A549,10uM,6h
MAPK11,Fosinopril,0.41736091,LINCSKD_31604,VCAP,120 h,LINCSCP_168623,YAPC,0.12uM,24h
MAPK11,FLUDARABINE PHOSPHATE,0.41744468,LINCSKD_31604,VCAP,120 h,LINCSCP_142650,MCF7,3.33uM,24h
MAPK11,HMS3264J07,0.41747319,LINCSKD_31604,VCAP,120 h,LINCSCP_14822,HA1E,10uM,6h
MAPK11,BRD-K63923428,0.41757474,LINCSKD_31604,VCAP,120 h,LINCSCP_35036,MCF7,5uM,24h
MAPK11,CHEMBL2144686,0.4175957,LINCSKD_31604,VCAP,120 h,LINCSCP_64689,VCAP,10uM,24h
MAPK11,AMSACRINE,0.41760053,LINCSKD_31604,VCAP,120 h,LINCSCP_174280,YAPC,0.04uM,24h
MAPK11,Tasquinimod,0.41791619,LINCSKD_31604,VCAP,120 h,LINCSCP_169788,YAPC,10uM,24h
MAPK11,TGX 221,0.41803116,LINCSKD_31604,VCAP,120 h,LINCSCP_85614,BT20,10uM,3h
MAPK11,Pioglitazone,0.41809469,LINCSKD_31604,VCAP,120 h,LINCSCP_140327,MCF7,10uM,24h
MAPK11,Ischemin,0.41811968,LINCSKD_31604,VCAP,120 h,LINCSCP_150155,NPC.TAK,1.11uM,24h
MAPK11,SCH-58261,0.41819495,LINCSKD_31604,VCAP,120 h,LINCSCP_7529,A549,10uM,6h
MAPK11,SA-1939064,0.41830232,LINCSKD_31604,VCAP,120 h,LINCSCP_252287,MCF7,0.5uM,24h
MAPK11,Medroxyprogesterone Acetate,0.41830529,LINCSKD_31604,VCAP,120 h,LINCSCP_17011,HA1E,10uM,6h
MAPK11,Epitiostanol,0.41831205,LINCSKD_31604,VCAP,120 h,LINCSCP_47862,PC3,10uM,6h
MAPK11,CP466722,0.41837761,LINCSKD_31604,VCAP,120 h,LINCSCP_145108,MDAMB231,3.33uM,3h
MAPK11,Rofecoxib,0.418445,LINCSKD_31604,VCAP,120 h,LINCSCP_191994,A549,10uM,6h
MAPK11,CHEMBL607856,0.41848462,LINCSKD_31604,VCAP,120 h,LINCSCP_19764,HCC515,10uM,6h
MAPK11,Domperidone,0.4186482,LINCSKD_31604,VCAP,120 h,LINCSCP_214894,HCC515,10uM,6h
MAPK11,BRD-K71571889,0.41868031,LINCSKD_31604,VCAP,120 h,LINCSCP_63400,VCAP,5uM,24h
MAPK11,ZINC01063165,0.41897128,LINCSKD_31604,VCAP,120 h,LINCSCP_58622,VCAP,10uM,24h
MAPK11,Naphazoline,0.41901336,LINCSKD_31604,VCAP,120 h,LINCSCP_126813,HT29,0.04uM,24h
MAPK11,AC1M43RN,0.41906166,LINCSKD_31604,VCAP,120 h,LINCSCP_237143,MCF7,10uM,6h
MAPK11,BRD-K66809950,0.41913645,LINCSKD_31604,VCAP,120 h,LINCSCP_299037,VCAP,5uM,6h
MAPK11,MLS000063560,0.4191418,LINCSKD_31604,VCAP,120 h,LINCSCP_4740,A549,10uM,6h
MAPK11,BRD-K54789622,0.41938417,LINCSKD_31604,VCAP,120 h,LINCSCP_60209,VCAP,5uM,24h
MAPK11,GSK-1904529A,0.41957007,LINCSKD_31604,VCAP,120 h,LINCSCP_145805,MDAMB231,0.12uM,3h
MAPK11,CHEMBL2355882,0.41964875,LINCSKD_31604,VCAP,120 h,LINCSCP_27625,HT29,5uM,24h
MAPK11,CHEMBL3188835,0.41966561,LINCSKD_31604,VCAP,120 h,LINCSCP_3306,A375,5uM,24h
MAPK11,SCHEMBL17497315,0.41967029,LINCSKD_31604,VCAP,120 h,LINCSCP_38412,MCF7,0.5uM,24h
MAPK11,BRD-K47812430,0.41973213,LINCSKD_31604,VCAP,120 h,LINCSCP_63383,VCAP,5uM,24h
MAPK11,HG-9-91-01,0.41974577,LINCSKD_31604,VCAP,120 h,LINCSCP_146562,NEU,3.33uM,24h
MAPK11,BRD-K76915833,0.41984108,LINCSKD_31604,VCAP,120 h,LINCSCP_48627,PC3,10uM,24h
MAPK11,Nobiletin,0.4198592,LINCSKD_31604,VCAP,120 h,LINCSCP_18381,HCC515,10uM,6h
MAPK11,MLS000709026,0.41996896,LINCSKD_31604,VCAP,120 h,LINCSCP_40050,NCIH2073,40uM,6h
MAPK11,KUC104254,0.42001846,LINCSKD_31604,VCAP,120 h,LINCSCP_19846,HCC515,10uM,6h
MAPK11,PRL-3InhibitorI,0.4200316,LINCSKD_31604,VCAP,120 h,LINCSCP_17646,HCC15,40uM,6h
MAPK11,BRD-K52542879,0.42007329,LINCSKD_31604,VCAP,120 h,LINCSCP_312024,VCAP,10uM,24h
MAPK11,[(8-Methyl-2-oxo-4-phenyl-2H-chromen-7-yl)oxy]acetic acid,0.42010739,LINCSKD_31604,VCAP,120 h,LINCSCP_22295,HEPG2,10uM,6h
MAPK11,Etanidazole,0.42039634,LINCSKD_31604,VCAP,120 h,LINCSCP_80883,A375,0.12uM,24h
MAPK11,BRD-K84290569,0.42054102,LINCSKD_31604,VCAP,120 h,LINCSCP_8208,A549,5uM,24h
MAPK11,BRD-K43680293,0.42055739,LINCSKD_31604,VCAP,120 h,LINCSCP_65457,VCAP,10uM,6h
MAPK11,Dipyridamole,0.42075059,LINCSKD_31604,VCAP,120 h,LINCSCP_172047,YAPC,0.37uM,24h
MAPK11,BRD-K29451642,0.42092489,LINCSKD_31604,VCAP,120 h,LINCSCP_65614,VCAP,10uM,24h
MAPK11,936890-98-1,0.42094278,LINCSKD_31604,VCAP,120 h,LINCSCP_163924,SKBR3,1.11uM,3h
MAPK11,AK-778/12434114,0.42097369,LINCSKD_31604,VCAP,120 h,LINCSCP_2309,A375,10uM,6h
MAPK11,AC1O1EQ5,0.42115411,LINCSKD_31604,VCAP,120 h,LINCSCP_32196,MCF7,10uM,24h
MAPK11,Voriconazole Impurity D,0.42128336,LINCSKD_31604,VCAP,120 h,LINCSCP_22551,HEPG2,10uM,6h
MAPK11,SMR000074300,0.42128347,LINCSKD_31604,VCAP,120 h,LINCSCP_15861,HA1E,10uM,6h
MAPK11,Promethazine,0.42132301,LINCSKD_31604,VCAP,120 h,LINCSCP_30426,MCF7,5uM,24h
MAPK11,SC68376,0.42135122,LINCSKD_31604,VCAP,120 h,LINCSCP_56063,VCAP,10uM,24h
MAPK11,ST024029,0.42135342,LINCSKD_31604,VCAP,120 h,LINCSCP_46183,PC3,10uM,24h
MAPK11,SPECTRUM2_001084,0.42138487,LINCSKD_31604,VCAP,120 h,LINCSCP_50014,PHH,10uM,24h
MAPK11,ACON1_001912,0.42145365,LINCSKD_31604,VCAP,120 h,LINCSCP_294755,VCAP,10uM,24h
MAPK11,BRD-K61051532,0.42147707,LINCSKD_31604,VCAP,120 h,LINCSCP_62903,VCAP,5uM,24h
MAPK11,Seliciclib,0.42153134,LINCSKD_31604,VCAP,120 h,LINCSCP_132039,MCF7,0.37uM,24h
MAPK11,Cilastatin,0.42165091,LINCSKD_31604,VCAP,120 h,LINCSCP_239322,MCF7,10uM,6h
MAPK11,Imatinib,0.4217504,LINCSKD_31604,VCAP,120 h,LINCSCP_151400,PC3,3.33uM,24h
MAPK11,STK139544,0.42185929,LINCSKD_31604,VCAP,120 h,LINCSCP_217030,HCC515,10uM,6h
MAPK11,CHEMBL2141055,0.42186059,LINCSKD_31604,VCAP,120 h,LINCSCP_309888,VCAP,10uM,6h
MAPK11,BRD-K63096635,0.42189394,LINCSKD_31604,VCAP,120 h,LINCSCP_64302,VCAP,5uM,24h
MAPK11,SDZ WAG 994,0.42203549,LINCSKD_31604,VCAP,120 h,LINCSCP_56212,VCAP,10uM,24h
MAPK11,GW501516,0.42206357,LINCSKD_31604,VCAP,120 h,LINCSCP_46945,PC3,10uM,6h
MAPK11,Ascorbyl-Palmitate,0.42209388,LINCSKD_31604,VCAP,120 h,LINCSCP_59154,VCAP,10uM,24h
MAPK11,BRD-K82585779,0.42215173,LINCSKD_31604,VCAP,120 h,LINCSCP_63043,VCAP,5uM,24h
MAPK11,BRD-K07244661,0.42218869,LINCSKD_31604,VCAP,120 h,LINCSCP_63334,VCAP,5uM,24h
MAPK11,Hexamethoxyflavone,0.42242269,LINCSKD_31604,VCAP,120 h,LINCSCP_6919,A549,10uM,24h
MAPK11,BRD-K18972207,0.42258777,LINCSKD_31604,VCAP,120 h,LINCSCP_8782,A549,5uM,24h
MAPK11,BRD-K62768020,0.42274266,LINCSKD_31604,VCAP,120 h,LINCSCP_32210,MCF7,10uM,24h
MAPK11,MLS003429134,0.42282686,LINCSKD_31604,VCAP,120 h,LINCSCP_31288,MCF7,10uM,6h
MAPK11,BRD-K84976438,0.42306719,LINCSKD_31604,VCAP,120 h,LINCSCP_252758,MCF7,10uM,24h
MAPK11,Halcinonide,0.42307163,LINCSKD_31604,VCAP,120 h,LINCSCP_33250,MCF7,10uM,6h
MAPK11,8-Epi-15-d2c-isop,0.42333266,LINCSKD_31604,VCAP,120 h,LINCSCP_191564,A549,10uM,6h
MAPK11,JXPQMHIXNPWEEK-UHFFFAOYSA-N,0.42363787,LINCSKD_31604,VCAP,120 h,LINCSCP_207235,FIBRNPC,10uM,6h
MAPK11,Pelitinib,0.42375749,LINCSKD_31604,VCAP,120 h,LINCSCP_145115,MDAMB231,1.11uM,3h
MAPK11,BRD-K70875408,0.42377408,LINCSKD_31604,VCAP,120 h,LINCSCP_48457,PC3,10uM,24h
MAPK11,BRD-K65750227,0.42380536,LINCSKD_31604,VCAP,120 h,LINCSCP_61265,VCAP,5uM,24h
MAPK11,BRD-K40324831,0.42390945,LINCSKD_31604,VCAP,120 h,LINCSCP_65634,VCAP,10uM,24h
MAPK11,tetrahydropalmatine,0.42406868,LINCSKD_31604,VCAP,120 h,LINCSCP_140999,MCF7,10uM,24h
MAPK11,Diphenylpyraline,0.4241396,LINCSKD_31604,VCAP,120 h,LINCSCP_136587,MCF7,1.11uM,24h
MAPK11,pancuronium,0.42442269,LINCSKD_31604,VCAP,120 h,LINCSCP_141120,MCF7,3.33uM,24h
MAPK11,BRD-K98850601,0.42524515,LINCSKD_31604,VCAP,120 h,LINCSCP_62957,VCAP,5uM,24h
MAPK11,THZ-2-98-01,0.42548715,LINCSKD_31604,VCAP,120 h,LINCSCP_131745,MCF10A,0.37uM,3h
MAPK11,Denbufylline,0.42549651,LINCSKD_31604,VCAP,120 h,LINCSCP_40991,NEU,10uM,24h
MAPK11,Bazedoxifene HCl,0.42552388,LINCSKD_31604,VCAP,120 h,LINCSCP_110264,HELA,3.33uM,24h
MAPK11,MGCD-265,0.42559267,LINCSKD_31604,VCAP,120 h,LINCSCP_12313,BT20,0.5uM,6h
MAPK11,Tamibarotene,0.42564921,LINCSKD_31604,VCAP,120 h,LINCSCP_179362,A375,10uM,6h
MAPK11,SCHEMBL3954849,0.42568429,LINCSKD_31604,VCAP,120 h,LINCSCP_36735,MCF7,1uM,6h
MAPK11,BRD-K90446118,0.4257296,LINCSKD_31604,VCAP,120 h,LINCSCP_42208,NPC,10uM,24h
MAPK11,Pheniramine,0.4258248,LINCSKD_31604,VCAP,120 h,LINCSCP_33678,MCF7,10uM,6h
MAPK11,Kinetin Riboside,0.42584328,LINCSKD_31604,VCAP,120 h,LINCSCP_50688,PL21,10uM,6h
MAPK11,Palbociclib,0.42585493,LINCSKD_31604,VCAP,120 h,LINCSCP_85901,BT20,0.04uM,24h
MAPK11,EX-8678,0.42585828,LINCSKD_31604,VCAP,120 h,LINCSCP_111832,HEPG2,0.37uM,24h
MAPK11,4-Iodo-6-phenylpyrimidine,0.42599416,LINCSKD_31604,VCAP,120 h,LINCSCP_54921,THP1,40uM,6h
MAPK11,A-443654,0.42612227,LINCSKD_31604,VCAP,120 h,LINCSCP_111736,HEPG2,0.37uM,24h
MAPK11,RS-23597-190,0.42613361,LINCSKD_31604,VCAP,120 h,LINCSCP_288330,TYKNU,100uM,6h
MAPK11,AM-92016,0.42618684,LINCSKD_31604,VCAP,120 h,LINCSCP_50138,PHH,10uM,24h
MAPK11,"N-(4-Bromophenyl)-2-{[5-(2-chlorophenyl)-4-phenyl-4H-1,2,4-triazol-3-yl]sulfanyl}acetamide",0.42626065,LINCSKD_31604,VCAP,120 h,LINCSCP_20402,HCC515,10uM,6h
MAPK11,ZINC68199948,0.4265076,LINCSKD_31604,VCAP,120 h,LINCSCP_57135,VCAP,10uM,6h
MAPK11,SCHEMBL17052537,0.42655716,LINCSKD_31604,VCAP,120 h,LINCSCP_111666,HEPG2,0.04uM,24h
MAPK11,Atomoxetine,0.42656802,LINCSKD_31604,VCAP,120 h,LINCSCP_14034,HA1E,10uM,24h
MAPK11,amisulpride,0.42702716,LINCSKD_31604,VCAP,120 h,LINCSCP_104398,HELA,0.04uM,24h
MAPK11,TPCA-1,0.4270586,LINCSKD_31604,VCAP,120 h,LINCSCP_21704,HEPG2,10uM,6h
MAPK11,CHEMBL1290246,0.4270821,LINCSKD_31604,VCAP,120 h,LINCSCP_26381,HT29,10uM,6h
MAPK11,BRD-K27720649,0.42721564,LINCSKD_31604,VCAP,120 h,LINCSCP_61758,VCAP,5uM,24h
MAPK11,MLS002703291,0.42737541,LINCSKD_31604,VCAP,120 h,LINCSCP_22134,HEPG2,10uM,6h
MAPK11,MLS003129746,0.42751823,LINCSKD_31604,VCAP,120 h,LINCSCP_298915,VCAP,5uM,6h
MAPK11,(S)-Tipifarnib,0.42807055,LINCSKD_31604,VCAP,120 h,LINCSCP_51180,RMUGS,10uM,6h
MAPK11,Hydrastine,0.42814256,LINCSKD_31604,VCAP,120 h,LINCSCP_32864,MCF7,10uM,24h
MAPK11,BIX01294,0.42818856,LINCSKD_31604,VCAP,120 h,LINCSCP_146870,NEU,0.37uM,24h
MAPK11,BRD-K15392449,0.42828486,LINCSKD_31604,VCAP,120 h,LINCSCP_38285,MCF7,1uM,6h
MAPK11,16Beta-bromoandrosterone,0.42835408,LINCSKD_31604,VCAP,120 h,LINCSCP_15464,HA1E,10uM,24h
MAPK11,BRD-K14352739,0.42838051,LINCSKD_31604,VCAP,120 h,LINCSCP_249937,MCF7,10uM,24h
MAPK11,U 46619,0.4283944,LINCSKD_31604,VCAP,120 h,LINCSCP_2863,A375,10uM,6h
MAPK11,MLS003128748,0.42844598,LINCSKD_31604,VCAP,120 h,LINCSCP_48514,PC3,10uM,24h
MAPK11,BRD-K80368509,0.42862649,LINCSKD_31604,VCAP,120 h,LINCSCP_43885,PC3,0.5uM,6h
MAPK11,BRD-K09804899,0.42870391,LINCSKD_31604,VCAP,120 h,LINCSCP_62197,VCAP,5uM,6h
MAPK11,BRD-K43503317,0.42873598,LINCSKD_31604,VCAP,120 h,LINCSCP_61129,VCAP,5uM,6h
MAPK11,MLS004342525,0.42875809,LINCSKD_31604,VCAP,120 h,LINCSCP_63374,VCAP,5uM,24h
MAPK11,Sertaconazole,0.42881813,LINCSKD_31604,VCAP,120 h,LINCSCP_55765,VCAP,10uM,6h
MAPK11,Desmopressin,0.42891277,LINCSKD_31604,VCAP,120 h,LINCSCP_77689,A375,0.37uM,24h
MAPK11,32703-82-5,0.42891712,LINCSKD_31604,VCAP,120 h,LINCSCP_51019,RMGI,40uM,6h
MAPK11,T6235235,0.42899579,LINCSKD_31604,VCAP,120 h,LINCSCP_20096,HCC515,10uM,6h
MAPK11,AR-C133057XX,0.4292339,LINCSKD_31604,VCAP,120 h,LINCSCP_21695,HEPG2,10uM,6h
MAPK11,Ponatinib,0.42951713,LINCSKD_31604,VCAP,120 h,LINCSCP_87311,CD34,0.04uM,24h
MAPK11,Alrestatin,0.42951758,LINCSKD_31604,VCAP,120 h,LINCSCP_214891,HCC515,10uM,6h
MAPK11,MLS002548992,0.42993289,LINCSKD_31604,VCAP,120 h,LINCSCP_19934,HCC515,10uM,6h
MAPK11,MLS000083313,0.43017281,LINCSKD_31604,VCAP,120 h,LINCSCP_177930,A375,10uM,24h
MAPK11,Vidarabine,0.43020671,LINCSKD_31604,VCAP,120 h,LINCSCP_79148,A375,3.33uM,24h
MAPK11,Diphenyleneiodonium,0.43030826,LINCSKD_31604,VCAP,120 h,LINCSCP_18120,HCC515,10uM,6h
MAPK11,CHEMBL2355399,0.43071209,LINCSKD_31604,VCAP,120 h,LINCSCP_22364,HEPG2,10uM,6h
MAPK11,"Ingenol 3,20-dibenzoate",0.43072162,LINCSKD_31604,VCAP,120 h,LINCSCP_4444,A549,10uM,24h
MAPK11,SKF 86002,0.43092331,LINCSKD_31604,VCAP,120 h,LINCSCP_56085,VCAP,10uM,24h
MAPK11,CHEMBL258148,0.43099197,LINCSKD_31604,VCAP,120 h,LINCSCP_36081,MCF7,10uM,6h
MAPK11,NCGC00346967-01,0.43104564,LINCSKD_31604,VCAP,120 h,LINCSCP_147031,NEU,10uM,24h
MAPK11,Omacetaxine Mepesuccinate,0.43107748,LINCSKD_31604,VCAP,120 h,LINCSCP_201488,A549,0.01uM,24h
MAPK11,SA-102695,0.43109897,LINCSKD_31604,VCAP,120 h,LINCSCP_37781,MCF7,3uM,6h
MAPK11,Tozasertib,0.43117559,LINCSKD_31604,VCAP,120 h,LINCSCP_35697,MCF7,0.01uM,24h
MAPK11,CHEMBL3182023,0.43120045,LINCSKD_31604,VCAP,120 h,LINCSCP_237334,MCF7,10uM,24h
MAPK11,BRD-K34447376,0.43123131,LINCSKD_31604,VCAP,120 h,LINCSCP_8139,A549,5uM,24h
MAPK11,Dihydrosamidin,0.43133024,LINCSKD_31604,VCAP,120 h,LINCSCP_14934,HA1E,10uM,6h
MAPK11,Crizotinib,0.43148544,LINCSKD_31604,VCAP,120 h,LINCSCP_51712,SKBR3,10uM,6h
MAPK11,CHEMBL179288,0.43156578,LINCSKD_31604,VCAP,120 h,LINCSCP_136932,MCF7,10uM,24h
MAPK11,AZD-8055,0.43177961,LINCSKD_31604,VCAP,120 h,LINCSCP_130075,LNCAP,3.33uM,3h
MAPK11,BRD-K22097595,0.43205397,LINCSKD_31604,VCAP,120 h,LINCSCP_61958,VCAP,5uM,24h
MAPK11,MLS003448169,0.43219057,LINCSKD_31604,VCAP,120 h,LINCSCP_1498,A375,10uM,6h
MAPK11,Y-26763,0.43224938,LINCSKD_31604,VCAP,120 h,LINCSCP_240925,MCF7,10uM,6h
MAPK11,"Triazine Scaffold, 33",0.43227453,LINCSKD_31604,VCAP,120 h,LINCSCP_1118,A375,10uM,24h
MAPK11,MLS002302556,0.4322761,LINCSKD_31604,VCAP,120 h,LINCSCP_221399,HEPG2,10uM,6h
MAPK11,Penitrem A,0.43230846,LINCSKD_31604,VCAP,120 h,LINCSCP_25170,HT29,10uM,6h
MAPK11,BRD-K22261046,0.4324382,LINCSKD_31604,VCAP,120 h,LINCSCP_48143,PC3,5uM,24h
MAPK11,BRD-K29737933,0.43245146,LINCSKD_31604,VCAP,120 h,LINCSCP_62361,VCAP,5uM,6h
MAPK11,CHEMBL1515648,0.43251763,LINCSKD_31604,VCAP,120 h,LINCSCP_293791,VCAP,10uM,6h
MAPK11,Enzalutamide,0.43255061,LINCSKD_31604,VCAP,120 h,LINCSCP_43774,OV7,0.1uM,6h
MAPK11,SUGA1_010064,0.43255676,LINCSKD_31604,VCAP,120 h,LINCSCP_46598,PC3,10uM,6h
MAPK11,PF477736,0.43256624,LINCSKD_31604,VCAP,120 h,LINCSCP_162984,SKBR3,10uM,24h
MAPK11,BRD-K76318793,0.432737,LINCSKD_31604,VCAP,120 h,LINCSCP_65869,VCAP,10uM,6h
MAPK11,SCHEMBL17497583,0.43286598,LINCSKD_31604,VCAP,120 h,LINCSCP_29232,JURKAT,1uM,6h
MAPK11,BRD-K31682048,0.43313647,LINCSKD_31604,VCAP,120 h,LINCSCP_61219,VCAP,5uM,24h
MAPK11,CHEMBL2357390,0.43325777,LINCSKD_31604,VCAP,120 h,LINCSCP_65669,VCAP,10uM,24h
MAPK11,Ubenimex,0.43328705,LINCSKD_31604,VCAP,120 h,LINCSCP_171145,YAPC,0.37uM,24h
MAPK11,PCI-34051,0.433436,LINCSKD_31604,VCAP,120 h,LINCSCP_212599,HA1E,0.1uM,24h
MAPK11,MLS001065857,0.43345194,LINCSKD_31604,VCAP,120 h,LINCSCP_31077,MCF7,10uM,6h
MAPK11,Cetirizine,0.43359056,LINCSKD_31604,VCAP,120 h,LINCSCP_214262,HCC515,10uM,24h
MAPK11,BRD-K23429973-001-01-0,0.43361552,LINCSKD_31604,VCAP,120 h,LINCSCP_310783,VCAP,10uM,24h
MAPK11,DR 2313,0.43364832,LINCSKD_31604,VCAP,120 h,LINCSCP_9761,A549,0.1uM,24h
MAPK11,BRD-K02549628,0.43367966,LINCSKD_31604,VCAP,120 h,LINCSCP_65386,VCAP,10uM,6h
MAPK11,Sirolimus,0.43368442,LINCSKD_31604,VCAP,120 h,LINCSCP_64571,VCAP,1uM,6h
MAPK11,BRD-K88842895,0.43372113,LINCSKD_31604,VCAP,120 h,LINCSCP_63419,VCAP,5uM,24h
MAPK11,BRD-K77402297,0.43375924,LINCSKD_31604,VCAP,120 h,LINCSCP_9079,A549,10uM,24h
MAPK11,Clotrimazole,0.43388509,LINCSKD_31604,VCAP,120 h,LINCSCP_272479,PC3,10uM,24h
MAPK11,Thiotepa,0.43399479,LINCSKD_31604,VCAP,120 h,LINCSCP_32995,MCF7,10uM,6h
MAPK11,BRD-K63523728,0.43403273,LINCSKD_31604,VCAP,120 h,LINCSCP_62565,VCAP,5uM,6h
MAPK11,BRD-K39529907-019-01-2,0.43416925,LINCSKD_31604,VCAP,120 h,LINCSCP_48412,PC3,5uM,24h
MAPK11,JZL-184,0.43425257,LINCSKD_31604,VCAP,120 h,LINCSCP_40211,NCIH508,10uM,6h
MAPK11,T-0156,0.43427527,LINCSKD_31604,VCAP,120 h,LINCSCP_254507,MCF7,10uM,6h
MAPK11,5-(6-Aminopurin-9-yl)-2-methyltetrahydrofuran-3-ol,0.43432261,LINCSKD_31604,VCAP,120 h,LINCSCP_29086,JHUEM2,10uM,6h
MAPK11,FR-180204,0.43441796,LINCSKD_31604,VCAP,120 h,LINCSCP_165517,SKL,0.37uM,24h
MAPK11,QL47,0.4344579,LINCSKD_31604,VCAP,120 h,LINCSCP_163806,SKBR3,0.37uM,24h
MAPK11,ZINC04062252,0.43458584,LINCSKD_31604,VCAP,120 h,LINCSCP_244196,MCF7,10uM,6h
MAPK11,SCHEMBL570779,0.43461804,LINCSKD_31604,VCAP,120 h,LINCSCP_163259,SKBR3,10uM,3h
MAPK11,GSK-3 Inhibitor II,0.43462367,LINCSKD_31604,VCAP,120 h,LINCSCP_133546,MCF7,1.11uM,24h
MAPK11,MLS001060818,0.43498056,LINCSKD_31604,VCAP,120 h,LINCSCP_1108,A375,10uM,24h
MAPK11,O-2050,0.43503798,LINCSKD_31604,VCAP,120 h,LINCSCP_13669,HA1E,10uM,24h
MAPK11,BIO2_000376,0.43514594,LINCSKD_31604,VCAP,120 h,LINCSCP_33278,MCF7,10uM,6h
MAPK11,SPECTRUM_000715,0.43532337,LINCSKD_31604,VCAP,120 h,LINCSCP_55759,VCAP,10uM,6h
MAPK11,Docosanoic acid,0.43549236,LINCSKD_31604,VCAP,120 h,LINCSCP_175942,YAPC,0.37uM,24h
MAPK11,BRD-K57073585,0.43549242,LINCSKD_31604,VCAP,120 h,LINCSCP_64200,VCAP,5uM,24h
MAPK11,Lu AE58054 (Hydrochloride),0.43556076,LINCSKD_31604,VCAP,120 h,LINCSCP_175235,YAPC,0.37uM,24h
MAPK11,SPECTRUM_001054,0.43562455,LINCSKD_31604,VCAP,120 h,LINCSCP_175,A375,10uM,24h
MAPK11,AC1NR4QJ,0.43576427,LINCSKD_31604,VCAP,120 h,LINCSCP_271943,PC3,10uM,24h
MAPK11,SR-02000000240,0.43589815,LINCSKD_31604,VCAP,120 h,LINCSCP_31738,MCF7,10uM,6h
MAPK11,SPECTRUM_000826,0.4359521,LINCSKD_31604,VCAP,120 h,LINCSCP_2506,A375,10uM,6h
MAPK11,Alisertib,0.43633298,LINCSKD_31604,VCAP,120 h,LINCSCP_161098,PC3,1.11uM,24h
MAPK11,CHEMBL2356833,0.43680328,LINCSKD_31604,VCAP,120 h,LINCSCP_48114,PC3,5uM,24h
MAPK11,Ergocornine,0.43680717,LINCSKD_31604,VCAP,120 h,LINCSCP_56332,VCAP,10uM,6h
MAPK11,BRD-K39799535,0.43697063,LINCSKD_31604,VCAP,120 h,LINCSCP_61776,VCAP,5uM,24h
MAPK11,BMS-536924,0.43703416,LINCSKD_31604,VCAP,120 h,LINCSCP_36141,MCF7,0.01uM,6h
MAPK11,Tetrahydrobiopterin,0.43715197,LINCSKD_31604,VCAP,120 h,LINCSCP_47276,PC3,10uM,24h
MAPK11,Ibrutinib (PCI-32765),0.43748646,LINCSKD_31604,VCAP,120 h,LINCSCP_142561,MCF7,1.11uM,24h
MAPK11,848193-68-0,0.43767485,LINCSKD_31604,VCAP,120 h,LINCSCP_70112,A375,0.04uM,24h
MAPK11,Pentoxifylline,0.43782485,LINCSKD_31604,VCAP,120 h,LINCSCP_123088,HT29,3.33uM,24h
MAPK11,MLS002729074,0.43792397,LINCSKD_31604,VCAP,120 h,LINCSCP_34171,MCF7,10uM,6h
MAPK11,Calcitriol,0.43803875,LINCSKD_31604,VCAP,120 h,LINCSCP_21674,HEPG2,1uM,6h
MAPK11,ZINC1569718,0.4381077,LINCSKD_31604,VCAP,120 h,LINCSCP_7177,A549,10uM,6h
MAPK11,BRD-K52662613,0.43818803,LINCSKD_31604,VCAP,120 h,LINCSCP_63503,VCAP,5uM,24h
MAPK11,Cinaciguat,0.43821305,LINCSKD_31604,VCAP,120 h,LINCSCP_79938,A375,0.12uM,24h
MAPK11,BRD-K51368089,0.43823909,LINCSKD_31604,VCAP,120 h,LINCSCP_62460,VCAP,5uM,24h
MAPK11,Dacarbazine,0.43830792,LINCSKD_31604,VCAP,120 h,LINCSCP_135510,MCF7,0.12uM,24h
MAPK11,Tetrabenazine,0.43838563,LINCSKD_31604,VCAP,120 h,LINCSCP_263355,NPC,10uM,24h
MAPK11,AC1Q5RFA,0.43847888,LINCSKD_31604,VCAP,120 h,LINCSCP_104978,HELA,0.12uM,24h
MAPK11,Ethacrynic acid,0.43850618,LINCSKD_31604,VCAP,120 h,LINCSCP_140416,MCF7,0.04uM,24h
MAPK11,CHEMBL105897,0.43861167,LINCSKD_31604,VCAP,120 h,LINCSCP_238437,MCF7,10uM,24h
MAPK11,KF 38789,0.4390034,LINCSKD_31604,VCAP,120 h,LINCSCP_44096,PC3,10uM,6h
MAPK11,MLS006011051,0.43901711,LINCSKD_31604,VCAP,120 h,LINCSCP_47000,PC3,10uM,6h
MAPK11,331771-20-1,0.43908974,LINCSKD_31604,VCAP,120 h,LINCSCP_20317,HCC515,10uM,6h
MAPK11,SCHEMBL11184005,0.43917548,LINCSKD_31604,VCAP,120 h,LINCSCP_6805,A549,10uM,24h
MAPK11,MW-STK33-97,0.43932656,LINCSKD_31604,VCAP,120 h,LINCSCP_41963,NOMO1,0.001uM,24h
MAPK11,"6,2'-Dimethoxyflavone",0.4394211,LINCSKD_31604,VCAP,120 h,LINCSCP_262878,NPC,10uM,24h
MAPK11,MLS002264487,0.43951629,LINCSKD_31604,VCAP,120 h,LINCSCP_5146,A549,10uM,6h
MAPK11,BRD-K08251038,0.43954853,LINCSKD_31604,VCAP,120 h,LINCSCP_64246,VCAP,5uM,24h
MAPK11,Hbdde,0.43967972,LINCSKD_31604,VCAP,120 h,LINCSCP_58904,VCAP,10uM,24h
MAPK11,BRD-A82197375,0.43969059,LINCSKD_31604,VCAP,120 h,LINCSCP_155815,PC3,10uM,24h
MAPK11,CHEMBL2354888,0.44021599,LINCSKD_31604,VCAP,120 h,LINCSCP_62755,VCAP,5uM,24h
MAPK11,CHEMBL3188539,0.44036376,LINCSKD_31604,VCAP,120 h,LINCSCP_312008,VCAP,10uM,24h
MAPK11,Moclobemide,0.44058255,LINCSKD_31604,VCAP,120 h,LINCSCP_170177,YAPC,0.04uM,24h
MAPK11,BRD-K70590207,0.44066871,LINCSKD_31604,VCAP,120 h,LINCSCP_27451,HT29,5uM,24h
MAPK11,Carpindolol,0.44094563,LINCSKD_31604,VCAP,120 h,LINCSCP_13825,HA1E,10uM,6h
MAPK11,BRD-K00150267,0.44097592,LINCSKD_31604,VCAP,120 h,LINCSCP_170381,YAPC,0.04uM,24h
MAPK11,Digoxin,0.44099293,LINCSKD_31604,VCAP,120 h,LINCSCP_18104,HCC515,10uM,6h
MAPK11,CX-4945 (Silmitasertib),0.44105625,LINCSKD_31604,VCAP,120 h,LINCSCP_78192,A375,1.11uM,24h
MAPK11,CHEMBL2357805,0.44123876,LINCSKD_31604,VCAP,120 h,LINCSCP_65644,VCAP,10uM,24h
MAPK11,BRD-K71404640,0.44138253,LINCSKD_31604,VCAP,120 h,LINCSCP_309651,VCAP,5uM,6h
MAPK11,BRD-K48296029,0.44164173,LINCSKD_31604,VCAP,120 h,LINCSCP_48538,PC3,10uM,24h
MAPK11,AG-957,0.44171133,LINCSKD_31604,VCAP,120 h,LINCSCP_19090,HCC515,10uM,6h
MAPK11,BRD-A97035593,0.44171872,LINCSKD_31604,VCAP,120 h,LINCSCP_15838,HA1E,10uM,6h
MAPK11,"1,1-Dimethyl-4-acetylpiperazinium",0.44174906,LINCSKD_31604,VCAP,120 h,LINCSCP_242162,MCF7,10uM,24h
MAPK11,Allitinib,0.44195137,LINCSKD_31604,VCAP,120 h,LINCSCP_146151,MNEU.E,10uM,24h
MAPK11,MEGXP0_001658,0.44196632,LINCSKD_31604,VCAP,120 h,LINCSCP_7953,A549,10uM,6h
MAPK11,(S)-(-)-BAY K 8644,0.44200279,LINCSKD_31604,VCAP,120 h,LINCSCP_25482,HT29,10uM,24h
MAPK11,BRD-K05718365,0.44230537,LINCSKD_31604,VCAP,120 h,LINCSCP_64613,VCAP,10uM,24h
MAPK11,BRD-K34382714,0.44240632,LINCSKD_31604,VCAP,120 h,LINCSCP_8477,A549,5uM,24h
MAPK11,LY2090314,0.44287886,LINCSKD_31604,VCAP,120 h,LINCSCP_143030,MCF7,0.37uM,24h
MAPK11,17952-87-3,0.44320402,LINCSKD_31604,VCAP,120 h,LINCSCP_22197,HEPG2,10uM,6h
MAPK11,BRD-K79532217,0.44324093,LINCSKD_31604,VCAP,120 h,LINCSCP_41122,NEU,10uM,24h
MAPK11,BRD-K18767302,0.44370484,LINCSKD_31604,VCAP,120 h,LINCSCP_63672,VCAP,5uM,24h
MAPK11,BRD-A43331270-001-01-6,0.44371044,LINCSKD_31604,VCAP,120 h,LINCSCP_25678,HT29,10uM,6h
MAPK11,MLS002264447,0.44379155,LINCSKD_31604,VCAP,120 h,LINCSCP_19882,HCC515,10uM,6h
MAPK11,TUL_XXI035,0.44386992,LINCSKD_31604,VCAP,120 h,LINCSCP_288157,THP1,10uM,24h
MAPK11,BRD-K47558670,0.44395729,LINCSKD_31604,VCAP,120 h,LINCSCP_48781,PC3,10uM,24h
MAPK11,CHEMBL2358826,0.44400658,LINCSKD_31604,VCAP,120 h,LINCSCP_24077,HEPG2,1.11uM,24h
MAPK11,BRD-K57879743,0.44402319,LINCSKD_31604,VCAP,120 h,LINCSCP_64676,VCAP,10uM,24h
MAPK11,SCHEMBL16226068,0.44411053,LINCSKD_31604,VCAP,120 h,LINCSCP_30128,MCF7,10uM,6h
MAPK11,ALDA 1,0.4441894,LINCSKD_31604,VCAP,120 h,LINCSCP_50570,PL21,40uM,6h
MAPK11,MLS000594029,0.44434228,LINCSKD_31604,VCAP,120 h,LINCSCP_5948,A549,10uM,24h
MAPK11,Maribavir,0.44439857,LINCSKD_31604,VCAP,120 h,LINCSCP_139313,MCF7,0.04uM,24h
MAPK11,CHEMBL472694,0.44465564,LINCSKD_31604,VCAP,120 h,LINCSCP_241972,MCF7,10uM,24h
MAPK11,CBIOL_001848,0.44467437,LINCSKD_31604,VCAP,120 h,LINCSCP_18697,HCC515,10uM,6h
MAPK11,Mofezolac,0.44469517,LINCSKD_31604,VCAP,120 h,LINCSCP_20118,HCC515,10uM,6h
MAPK11,BRD-K82161520,0.4446997,LINCSKD_31604,VCAP,120 h,LINCSCP_64225,VCAP,5uM,24h
MAPK11,Trazodone,0.44478026,LINCSKD_31604,VCAP,120 h,LINCSCP_239292,MCF7,10uM,6h
MAPK11,BMS 641988,0.44501773,LINCSKD_31604,VCAP,120 h,LINCSCP_29138,JHUEM2,10uM,6h
MAPK11,Pyrazolanthrone,0.44523952,LINCSKD_31604,VCAP,120 h,LINCSCP_134060,MCF7,0.04uM,24h
MAPK11,Betahistine,0.4453094,LINCSKD_31604,VCAP,120 h,LINCSCP_161906,PC3,10uM,24h
MAPK11,Olanzapine,0.44546954,LINCSKD_31604,VCAP,120 h,LINCSCP_136298,MCF7,10uM,24h
MAPK11,BRD-K81921806,0.44589424,LINCSKD_31604,VCAP,120 h,LINCSCP_247403,MCF7,5uM,24h
MAPK11,BRD-K18746324,0.44616885,LINCSKD_31604,VCAP,120 h,LINCSCP_64750,VCAP,10uM,6h
MAPK11,CHEMBL2142358,0.44628332,LINCSKD_31604,VCAP,120 h,LINCSCP_26123,HT29,10uM,6h
MAPK11,SB239063,0.44638134,LINCSKD_31604,VCAP,120 h,LINCSCP_129296,HUVEC,0.37uM,24h
MAPK11,Indole-3-carbinol,0.44641043,LINCSKD_31604,VCAP,120 h,LINCSCP_6818,A549,10uM,24h
MAPK11,Marimastat,0.44651479,LINCSKD_31604,VCAP,120 h,LINCSCP_102327,HELA,0.04uM,24h
MAPK11,Metitepine,0.44670888,LINCSKD_31604,VCAP,120 h,LINCSCP_34239,MCF7,10uM,24h
MAPK11,Nortriptyline,0.44691073,LINCSKD_31604,VCAP,120 h,LINCSCP_98481,HA1E,3.33uM,24h
MAPK11,Phenolphthalein,0.44700622,LINCSKD_31604,VCAP,120 h,LINCSCP_56541,VCAP,10uM,6h
MAPK11,Wortmannin,0.4473772,LINCSKD_31604,VCAP,120 h,LINCSCP_68230,SKMEL1,10uM,6h
MAPK11,BRD-K94766884,0.44793786,LINCSKD_31604,VCAP,120 h,LINCSCP_60448,VCAP,5uM,24h
MAPK11,164178-33-0,0.44795409,LINCSKD_31604,VCAP,120 h,LINCSCP_192499,A549,10uM,6h
MAPK11,BRD-K17083260,0.4480806,LINCSKD_31604,VCAP,120 h,LINCSCP_65419,VCAP,10uM,6h
MAPK11,MLS002264468,0.44811488,LINCSKD_31604,VCAP,120 h,LINCSCP_1601,A375,10uM,6h
MAPK11,FTI276,0.44839321,LINCSKD_31604,VCAP,120 h,LINCSCP_803,A375,10uM,24h
MAPK11,BRD-K16126971,0.44861465,LINCSKD_31604,VCAP,120 h,LINCSCP_231676,HT29,5uM,24h
MAPK11,CHEMBL2357546,0.44869839,LINCSKD_31604,VCAP,120 h,LINCSCP_63914,VCAP,5uM,24h
MAPK11,STK721917,0.44882933,LINCSKD_31604,VCAP,120 h,LINCSCP_254638,MCF7,0.5uM,24h
MAPK11,MLS003271309,0.44901086,LINCSKD_31604,VCAP,120 h,LINCSCP_179038,A375,10uM,6h
MAPK11,PF-562271,0.44901824,LINCSKD_31604,VCAP,120 h,LINCSCP_39129,MDAMB231,0.5uM,24h
MAPK11,BRD-K24698610,0.44902039,LINCSKD_31604,VCAP,120 h,LINCSCP_35188,MCF7,10uM,24h
MAPK11,79966-13-5,0.44911401,LINCSKD_31604,VCAP,120 h,LINCSCP_12730,COV644,10uM,6h
MAPK11,BRD-K82021299,0.44923756,LINCSKD_31604,VCAP,120 h,LINCSCP_64703,VCAP,10uM,24h
MAPK11,BRD-K33326988,0.44925068,LINCSKD_31604,VCAP,120 h,LINCSCP_8137,A549,5uM,24h
MAPK11,BRD-K44746563,0.44940972,LINCSKD_31604,VCAP,120 h,LINCSCP_60764,VCAP,5uM,24h
MAPK11,AC1M08Y6,0.44957963,LINCSKD_31604,VCAP,120 h,LINCSCP_191665,A549,10uM,6h
MAPK11,BRD-K65997856,0.44958002,LINCSKD_31604,VCAP,120 h,LINCSCP_23471,HEPG2,3uM,24h
MAPK11,BRD-K45466167,0.4495992,LINCSKD_31604,VCAP,120 h,LINCSCP_28363,HT29,10uM,24h
MAPK11,BRD-A00474148,0.44980629,LINCSKD_31604,VCAP,120 h,LINCSCP_135960,MCF7,0.12uM,24h
MAPK11,Alimta,0.450023,LINCSKD_31604,VCAP,120 h,LINCSCP_291628,VCAP,90uM,24h
MAPK11,AM-580,0.4501056,LINCSKD_31604,VCAP,120 h,LINCSCP_250635,MCF7,0.5uM,6h
MAPK11,BRD-K29081238,0.4502982,LINCSKD_31604,VCAP,120 h,LINCSCP_65016,VCAP,10uM,6h
MAPK11,Epigalocatechin Gallate,0.45053876,LINCSKD_31604,VCAP,120 h,LINCSCP_2035,A375,10uM,6h
MAPK11,BRD-K93570498,0.45057801,LINCSKD_31604,VCAP,120 h,LINCSCP_27983,HT29,5uM,24h
MAPK11,Ramipril,0.45071011,LINCSKD_31604,VCAP,120 h,LINCSCP_272368,PC3,10uM,6h
MAPK11,SA-1921614,0.45096099,LINCSKD_31604,VCAP,120 h,LINCSCP_38336,MCF7,3uM,6h
MAPK11,IAA-94,0.4510425,LINCSKD_31604,VCAP,120 h,LINCSCP_56062,VCAP,10uM,24h
MAPK11,AKT Inhibitor IV,0.45112702,LINCSKD_31604,VCAP,120 h,LINCSCP_53912,SNUC5,10uM,6h
MAPK11,TAK-715,0.45146861,LINCSKD_31604,VCAP,120 h,LINCSCP_87279,CD34,1.11uM,24h
MAPK11,SCHEMBL17783975,0.45153262,LINCSKD_31604,VCAP,120 h,LINCSCP_65831,VCAP,10uM,6h
MAPK11,CHEBI:48565,0.45156602,LINCSKD_31604,VCAP,120 h,LINCSCP_208280,HA1E,10uM,24h
MAPK11,Desoxypeganine,0.45169627,LINCSKD_31604,VCAP,120 h,LINCSCP_92757,HA1E,9.58uM,24h
MAPK11,WH-4-025,0.4520781,LINCSKD_31604,VCAP,120 h,LINCSCP_51348,SKBR3,1uM,24h
MAPK11,BRD-K31315646,0.45219816,LINCSKD_31604,VCAP,120 h,LINCSCP_38029,MCF7,0.5uM,6h
MAPK11,Darunavir Ethanolate,0.4523389,LINCSKD_31604,VCAP,120 h,LINCSCP_124823,HT29,10uM,24h
MAPK11,TAE-684,0.4523874,LINCSKD_31604,VCAP,120 h,LINCSCP_133129,MCF7,1.11uM,3h
MAPK11,Dephostatin,0.45263295,LINCSKD_31604,VCAP,120 h,LINCSCP_14931,HA1E,10uM,6h
MAPK11,BRD-M56188090,0.45276589,LINCSKD_31604,VCAP,120 h,LINCSCP_64045,VCAP,5uM,24h
MAPK11,"(1Ar,7as,10as,10br)-1a,5-Dimethyl-8-methylidene-2,3,6,7,7a,8,10a,10b-octahydrooxireno[9,10]cyclodeca[1,2-b]furan-9(1ah)-one",0.45289294,LINCSKD_31604,VCAP,120 h,LINCSCP_4609,A549,20uM,24h
MAPK11,BRD-K26484692,0.45322363,LINCSKD_31604,VCAP,120 h,LINCSCP_35191,MCF7,10uM,24h
MAPK11,BRD-K86535717,0.45351153,LINCSKD_31604,VCAP,120 h,LINCSCP_62941,VCAP,5uM,24h
MAPK11,Quinoclamine,0.45400076,LINCSKD_31604,VCAP,120 h,LINCSCP_53206,SKM1,10uM,6h
MAPK11,ZINC01050108,0.45411107,LINCSKD_31604,VCAP,120 h,LINCSCP_32262,MCF7,10uM,24h
MAPK11,BRD-K40064462,0.4545568,LINCSKD_31604,VCAP,120 h,LINCSCP_61991,VCAP,5uM,24h
MAPK11,2-(Ethylmercuriothio)benzoic acid,0.45462362,LINCSKD_31604,VCAP,120 h,LINCSCP_98668,HA1E,1.11uM,24h
MAPK11,BRD-K26173688,0.45502211,LINCSKD_31604,VCAP,120 h,LINCSCP_27494,HT29,5uM,24h
MAPK11,BRD-K95047050,0.45506815,LINCSKD_31604,VCAP,120 h,LINCSCP_43075,NPC,10uM,24h
MAPK11,Lafutidine,0.4552409,LINCSKD_31604,VCAP,120 h,LINCSCP_140971,MCF7,1.11uM,24h
MAPK11,BRD-K51034923,0.45539508,LINCSKD_31604,VCAP,120 h,LINCSCP_48540,PC3,10uM,24h
MAPK11,ZINC04646813,0.45549713,LINCSKD_31604,VCAP,120 h,LINCSCP_257832,NEU,10uM,24h
MAPK11,AC1L29BH,0.45562661,LINCSKD_31604,VCAP,120 h,LINCSCP_242138,MCF7,10uM,24h
MAPK11,CHEMBL2133980,0.4556294,LINCSKD_31604,VCAP,120 h,LINCSCP_34103,MCF7,10uM,6h
MAPK11,Salermide,0.4556857,LINCSKD_31604,VCAP,120 h,LINCSCP_39842,NCIH1694,100uM,6h
MAPK11,Necrostatin,0.4556916,LINCSKD_31604,VCAP,120 h,LINCSCP_6768,A549,10uM,24h
MAPK11,Macitentan,0.45570779,LINCSKD_31604,VCAP,120 h,LINCSCP_173468,YAPC,0.37uM,24h
MAPK11,BRD-A69951442-001-01-3,0.45581179,LINCSKD_31604,VCAP,120 h,LINCSCP_205613,CL34,10uM,6h
MAPK11,Ovasterol-beta,0.45594565,LINCSKD_31604,VCAP,120 h,LINCSCP_7002,A549,10uM,24h
MAPK11,CHEMBL1270811,0.45596622,LINCSKD_31604,VCAP,120 h,LINCSCP_31468,MCF7,10uM,6h
MAPK11,OSI-930,0.45598858,LINCSKD_31604,VCAP,120 h,LINCSCP_164279,SKL.C,3.33uM,24h
MAPK11,N-[4-Chloro-3-(trifluoromethyl)phenyl]-2-ethoxybenzamide,0.45609067,LINCSKD_31604,VCAP,120 h,LINCSCP_149938,NPC.TAK,10uM,24h
MAPK11,CHEMBL1982510,0.4562082,LINCSKD_31604,VCAP,120 h,LINCSCP_16882,HA1E,10uM,6h
MAPK11,Benzamil,0.45621019,LINCSKD_31604,VCAP,120 h,LINCSCP_47666,PC3,10uM,24h
MAPK11,Flurofamide,0.45706955,LINCSKD_31604,VCAP,120 h,LINCSCP_14486,HA1E,10uM,24h
MAPK11,Bucladesine,0.45722178,LINCSKD_31604,VCAP,120 h,LINCSCP_17895,HCC515,10uM,24h
MAPK11,SB 239063,0.45727489,LINCSKD_31604,VCAP,120 h,LINCSCP_22605,HEPG2,10uM,6h
MAPK11,852475-26-4,0.45732203,LINCSKD_31604,VCAP,120 h,LINCSCP_148973,NPC,10uM,24h
MAPK11,Formoterol,0.45735538,LINCSKD_31604,VCAP,120 h,LINCSCP_171883,YAPC,3.33uM,24h
MAPK11,KW-2449,0.45736267,LINCSKD_31604,VCAP,120 h,LINCSCP_113800,HME1,0.37uM,24h
MAPK11,AG490,0.45736365,LINCSKD_31604,VCAP,120 h,LINCSCP_38321,MCF7,10uM,6h
MAPK11,BRD-K08982647,0.45759245,LINCSKD_31604,VCAP,120 h,LINCSCP_35280,MCF7,10uM,24h
MAPK11,BRD-K29423519,0.45760227,LINCSKD_31604,VCAP,120 h,LINCSCP_48515,PC3,10uM,24h
MAPK11,SB590885,0.45774242,LINCSKD_31604,VCAP,120 h,LINCSCP_51538,SKBR3,10uM,6h
MAPK11,AC1LUIBL,0.45796204,LINCSKD_31604,VCAP,120 h,LINCSCP_20533,HCC515,10uM,6h
MAPK11,Saracatinib,0.45799398,LINCSKD_31604,VCAP,120 h,LINCSCP_85870,BT20,0.12uM,24h
MAPK11,PD-173074,0.45816387,LINCSKD_31604,VCAP,120 h,LINCSCP_164016,SKBR3,0.12uM,3h
MAPK11,313981-55-4,0.45825063,LINCSKD_31604,VCAP,120 h,LINCSCP_240929,MCF7,10uM,6h
MAPK11,BRD-K69347381,0.45857996,LINCSKD_31604,VCAP,120 h,LINCSCP_65680,VCAP,10uM,24h
MAPK11,MEGXP0_001010,0.45875179,LINCSKD_31604,VCAP,120 h,LINCSCP_294875,VCAP,10uM,24h
MAPK11,BRD-K60002786,0.45892129,LINCSKD_31604,VCAP,120 h,LINCSCP_299022,VCAP,5uM,6h
MAPK11,Guaifenesin,0.45895408,LINCSKD_31604,VCAP,120 h,LINCSCP_465,A375,10uM,6h
MAPK11,BRD-K05114711,0.45901679,LINCSKD_31604,VCAP,120 h,LINCSCP_6015,A549,10uM,6h
MAPK11,TL Aurora 09,0.45919586,LINCSKD_31604,VCAP,120 h,LINCSCP_4069,A375,5uM,24h
MAPK11,Rifapentine,0.45925187,LINCSKD_31604,VCAP,120 h,LINCSCP_294157,VCAP,10uM,6h
MAPK11,Thioguanine,0.45981326,LINCSKD_31604,VCAP,120 h,LINCSCP_77665,A375,0.37uM,24h
MAPK11,Pictilisib,0.45999854,LINCSKD_31604,VCAP,120 h,LINCSCP_111622,HEPG2,0.37uM,24h
MAPK11,N-(4-Fluorophenyl)-4-[hydroxy(diphenyl)methyl]piperidine-1-carbothioamide,0.46014452,LINCSKD_31604,VCAP,120 h,LINCSCP_21861,HEPG2,10uM,6h
MAPK11,Fluoropyruvate,0.4604154,LINCSKD_31604,VCAP,120 h,LINCSCP_9686,A549,0.5uM,24h
MAPK11,CHEMBL2358575,0.46088453,LINCSKD_31604,VCAP,120 h,LINCSCP_65784,VCAP,10uM,6h
MAPK11,Nefopam,0.46093408,LINCSKD_31604,VCAP,120 h,LINCSCP_110053,HELA,0.04uM,24h
MAPK11,BRD-K42800143,0.46151102,LINCSKD_31604,VCAP,120 h,LINCSCP_298967,VCAP,5uM,6h
MAPK11,Tadalafil,0.46158617,LINCSKD_31604,VCAP,120 h,LINCSCP_144321,MCF7,0.12uM,24h
MAPK11,Pevonedistat,0.4616768,LINCSKD_31604,VCAP,120 h,LINCSCP_29153,JHUEM2,10uM,6h
MAPK11,AC1O9EM7,0.46171556,LINCSKD_31604,VCAP,120 h,LINCSCP_10909,ASC,10uM,24h
MAPK11,Metyrapone,0.46171724,LINCSKD_31604,VCAP,120 h,LINCSCP_291147,VCAP,10uM,24h
MAPK11,Valdecoxib,0.46231231,LINCSKD_31604,VCAP,120 h,LINCSCP_137852,MCF7,1.11uM,24h
MAPK11,BRD-K99303177,0.46239372,LINCSKD_31604,VCAP,120 h,LINCSCP_294941,VCAP,10uM,24h
MAPK11,Ifosfamide,0.46271911,LINCSKD_31604,VCAP,120 h,LINCSCP_95739,HA1E,3.33uM,24h
MAPK11,AZ628,0.46286576,LINCSKD_31604,VCAP,120 h,LINCSCP_148511,NPC,1.11uM,24h
MAPK11,BRD-K18153171,0.46289435,LINCSKD_31604,VCAP,120 h,LINCSCP_61021,VCAP,5uM,24h
MAPK11,BRD-K10731645,0.46291114,LINCSKD_31604,VCAP,120 h,LINCSCP_312425,VCAP,10uM,24h
MAPK11,BRD-K55035262,0.4632993,LINCSKD_31604,VCAP,120 h,LINCSCP_299005,VCAP,5uM,6h
MAPK11,WHI-P97,0.46373615,LINCSKD_31604,VCAP,120 h,LINCSCP_149423,NPC,1.11uM,24h
MAPK11,BRD-K40630529,0.46375976,LINCSKD_31604,VCAP,120 h,LINCSCP_60180,VCAP,5uM,24h
MAPK11,SA-433965,0.46395177,LINCSKD_31604,VCAP,120 h,LINCSCP_38137,MCF7,0.5uM,24h
MAPK11,NEFIRACETAM,0.46397207,LINCSKD_31604,VCAP,120 h,LINCSCP_140843,MCF7,10uM,24h
MAPK11,Clofibric acid,0.46420176,LINCSKD_31604,VCAP,120 h,LINCSCP_7029,A549,10uM,24h
MAPK11,Artesunate,0.46420998,LINCSKD_31604,VCAP,120 h,LINCSCP_10478,AGS,10uM,6h
MAPK11,MLS003448149,0.46424151,LINCSKD_31604,VCAP,120 h,LINCSCP_57670,VCAP,10uM,6h
MAPK11,SA-1459256,0.46464042,LINCSKD_31604,VCAP,120 h,LINCSCP_38328,MCF7,3uM,6h
MAPK11,Methysergide,0.46482753,LINCSKD_31604,VCAP,120 h,LINCSCP_42558,NPC,10uM,24h
MAPK11,Clozapine,0.46499516,LINCSKD_31604,VCAP,120 h,LINCSCP_243191,MCF7,10uM,6h
MAPK11,KU-C104220,0.46551755,LINCSKD_31604,VCAP,120 h,LINCSCP_5349,A549,10uM,6h
MAPK11,GSK429286A,0.46587317,LINCSKD_31604,VCAP,120 h,LINCSCP_219996,HEPG2,10uM,6h
MAPK11,ML239,0.46625801,LINCSKD_31604,VCAP,120 h,LINCSCP_26150,HT29,10uM,6h
MAPK11,Sulindac,0.46636377,LINCSKD_31604,VCAP,120 h,LINCSCP_20693,HCC515,10uM,6h
MAPK11,Pyrazinamide,0.46638758,LINCSKD_31604,VCAP,120 h,LINCSCP_16954,HA1E,10uM,6h
MAPK11,N9-Isopropylolomoucine,0.4664919,LINCSKD_31604,VCAP,120 h,LINCSCP_30618,MCF7,100uM,24h
MAPK11,BRD-K51971121,0.46686741,LINCSKD_31604,VCAP,120 h,LINCSCP_62292,VCAP,5uM,24h
MAPK11,MLS000046849,0.4674025,LINCSKD_31604,VCAP,120 h,LINCSCP_268253,PC3,10uM,24h
MAPK11,AC1MJ3VH,0.46772248,LINCSKD_31604,VCAP,120 h,LINCSCP_35874,MCF7,0.001uM,24h
MAPK11,MLS-0226099.0001,0.46811068,LINCSKD_31604,VCAP,120 h,LINCSCP_26191,HT29,10uM,6h
MAPK11,Deacetoxy-7-oxisogedunin,0.46827196,LINCSKD_31604,VCAP,120 h,LINCSCP_19004,HCC515,10uM,6h
MAPK11,4-Hydroxy-retinoic acid,0.46832574,LINCSKD_31604,VCAP,120 h,LINCSCP_46921,PC3,10uM,6h
MAPK11,ST022313,0.4685452,LINCSKD_31604,VCAP,120 h,LINCSCP_283798,SKB,10uM,24h
MAPK11,Epirizole,0.46861321,LINCSKD_31604,VCAP,120 h,LINCSCP_16138,HA1E,10uM,6h
MAPK11,WYE 354,0.46880558,LINCSKD_31604,VCAP,120 h,LINCSCP_32539,MCF7,10uM,24h
MAPK11,Meclofenamic acid,0.46889225,LINCSKD_31604,VCAP,120 h,LINCSCP_173107,YAPC,1.11uM,24h
MAPK11,PK-11195,0.46902874,LINCSKD_31604,VCAP,120 h,LINCSCP_10476,AGS,100uM,6h
MAPK11,MLS002703106,0.4693059,LINCSKD_31604,VCAP,120 h,LINCSCP_25884,HT29,10uM,24h
MAPK11,59826-53-8,0.47009898,LINCSKD_31604,VCAP,120 h,LINCSCP_58887,VCAP,10uM,24h
MAPK11,Lorglumide,0.47045137,LINCSKD_31604,VCAP,120 h,LINCSCP_169301,YAPC,0.04uM,24h
MAPK11,BRD-K81574109,0.47066557,LINCSKD_31604,VCAP,120 h,LINCSCP_59802,VCAP,5uM,6h
MAPK11,CHEMBL2132289,0.47077168,LINCSKD_31604,VCAP,120 h,LINCSCP_152235,PC3,1.11uM,24h
MAPK11,CHIR-265,0.47092627,LINCSKD_31604,VCAP,120 h,LINCSCP_147279,NEU,0.04uM,24h
MAPK11,FPL-55712,0.47115897,LINCSKD_31604,VCAP,120 h,LINCSCP_144019,MCF7,1.11uM,24h
MAPK11,BRD-K22959724,0.47137264,LINCSKD_31604,VCAP,120 h,LINCSCP_61204,VCAP,5uM,24h
MAPK11,AC1O9B13,0.47170103,LINCSKD_31604,VCAP,120 h,LINCSCP_309788,VCAP,30uM,24h
MAPK11,NVP-BHG712,0.47174189,LINCSKD_31604,VCAP,120 h,LINCSCP_165065,SKL.C,0.04uM,24h
MAPK11,Ribavirin,0.47175072,LINCSKD_31604,VCAP,120 h,LINCSCP_110976,HELA,0.04uM,24h
MAPK11,BRD-K46692335,0.4719603,LINCSKD_31604,VCAP,120 h,LINCSCP_7973,A549,10uM,6h
MAPK11,BRD-K58826089,0.47206497,LINCSKD_31604,VCAP,120 h,LINCSCP_63102,VCAP,5uM,24h
MAPK11,BRD-K88607897,0.4721244,LINCSKD_31604,VCAP,120 h,LINCSCP_8686,A549,5uM,24h
MAPK11,BRD-K41350512,0.47259976,LINCSKD_31604,VCAP,120 h,LINCSCP_60113,VCAP,5uM,6h
MAPK11,Pregnenolone,0.47409586,LINCSKD_31604,VCAP,120 h,LINCSCP_168666,YAPC,0.04uM,24h
MAPK11,Vorinostat,0.47514645,LINCSKD_31604,VCAP,120 h,LINCSCP_68033,PC3,0.1uM,24h
MAPK11,BRD-K65968856,0.47515561,LINCSKD_31604,VCAP,120 h,LINCSCP_61486,VCAP,5uM,24h
MAPK11,N-[4-(1-Benzoylpiperidin-4-yl)butyl]-3-pyridin-3-ylpropanamide,0.47515621,LINCSKD_31604,VCAP,120 h,LINCSCP_30872,MCF7,0.5uM,6h
MAPK11,4449-51-8,0.47555942,LINCSKD_31604,VCAP,120 h,LINCSCP_46397,PC3,10uM,24h
MAPK11,BRD-A08662020,0.47578596,LINCSKD_31604,VCAP,120 h,LINCSCP_171844,YAPC,0.12uM,24h
MAPK11,Asenapine maleate,0.47616668,LINCSKD_31604,VCAP,120 h,LINCSCP_127816,HT29,10uM,24h
MAPK11,Gossypol,0.47647997,LINCSKD_31604,VCAP,120 h,LINCSCP_50939,RMGI,10uM,6h
MAPK11,AS-605240,0.47651077,LINCSKD_31604,VCAP,120 h,LINCSCP_133212,MCF7,3.33uM,3h
MAPK11,"N-(3-Fluoro-4-((7-methoxyquinolin-4-yl)oxy)phenyl)-1-(2-hydroxy-2-methylpropyl)-5-methyl-3-oxo-2-phenyl-2,3-dihydro-1H-pyrazole-4-carboxamide",0.4765816,LINCSKD_31604,VCAP,120 h,LINCSCP_51831,SKBR3,0.1uM,24h
MAPK11,BRD-K14383710,0.47675634,LINCSKD_31604,VCAP,120 h,LINCSCP_279418,PC3,10uM,6h
MAPK11,MLS002264507,0.47754966,LINCSKD_31604,VCAP,120 h,LINCSCP_19825,HCC515,10uM,6h
MAPK11,AC1NSM0X,0.47792072,LINCSKD_31604,VCAP,120 h,LINCSCP_25758,HT29,10uM,6h
MAPK11,BRD-K08080638,0.47800522,LINCSKD_31604,VCAP,120 h,LINCSCP_61105,VCAP,5uM,6h
MAPK11,AKT Inhibitor VIII,0.47831455,LINCSKD_31604,VCAP,120 h,LINCSCP_51544,SKBR3,10uM,6h
MAPK11,MLS001060804,0.47840113,LINCSKD_31604,VCAP,120 h,LINCSCP_57382,VCAP,10uM,6h
MAPK11,151057-13-5,0.47869658,LINCSKD_31604,VCAP,120 h,LINCSCP_56126,VCAP,10uM,6h
MAPK11,BRD-K17698750,0.47927683,LINCSKD_31604,VCAP,120 h,LINCSCP_65234,VCAP,10uM,24h
MAPK11,BRD-K55260239,0.47959855,LINCSKD_31604,VCAP,120 h,LINCSCP_41109,NEU,10uM,24h
MAPK11,PCI-32765,0.47962811,LINCSKD_31604,VCAP,120 h,LINCSCP_129534,JURKAT,0.12uM,24h
MAPK11,Andreson,0.48022056,LINCSKD_31604,VCAP,120 h,LINCSCP_15051,HA1E,10uM,24h
MAPK11,Crotamiton,0.48119331,LINCSKD_31604,VCAP,120 h,LINCSCP_179567,A375,10uM,6h
MAPK11,10-DEBC,0.4814242,LINCSKD_31604,VCAP,120 h,LINCSCP_53364,SKMEL1,20uM,6h
MAPK11,UNC-0321,0.48200582,LINCSKD_31604,VCAP,120 h,LINCSCP_53831,SNUC4,10uM,6h
MAPK11,BRD-K35462725,0.48206595,LINCSKD_31604,VCAP,120 h,LINCSCP_65813,VCAP,10uM,6h
MAPK11,BRD-K13544395,0.48256975,LINCSKD_31604,VCAP,120 h,LINCSCP_308644,VCAP,5uM,24h
MAPK11,BDBM37535,0.48289811,LINCSKD_31604,VCAP,120 h,LINCSCP_198,A375,10uM,24h
MAPK11,MLS002699429,0.48294073,LINCSKD_31604,VCAP,120 h,LINCSCP_35810,MCF7,0.1uM,6h
MAPK11,SA-1459481,0.48299901,LINCSKD_31604,VCAP,120 h,LINCSCP_38333,MCF7,10uM,6h
MAPK11,3-Aminobenzamide,0.48305398,LINCSKD_31604,VCAP,120 h,LINCSCP_201128,A549,0.1uM,24h
MAPK11,Simvastatin,0.48388238,LINCSKD_31604,VCAP,120 h,LINCSCP_15570,HA1E,10uM,6h
MAPK11,Ipatasertib,0.48395198,LINCSKD_31604,VCAP,120 h,LINCSCP_151543,PC3,1.11uM,24h
MAPK11,BRD-K00390580,0.48403057,LINCSKD_31604,VCAP,120 h,LINCSCP_110988,HELA,0.04uM,24h
MAPK11,S1RA (hydrochloride),0.48417327,LINCSKD_31604,VCAP,120 h,LINCSCP_92359,HA1E,0.12uM,24h
MAPK11,IN1541,0.48417363,LINCSKD_31604,VCAP,120 h,LINCSCP_286241,SKMEL28,10uM,6h
MAPK11,5-Methyltryptamine,0.48443186,LINCSKD_31604,VCAP,120 h,LINCSCP_207112,FIBRNPC,10uM,24h
MAPK11,CGK733,0.4844717,LINCSKD_31604,VCAP,120 h,LINCSCP_84705,ASC,3.33uM,24h
MAPK11,BRD-K08006444,0.48484926,LINCSKD_31604,VCAP,120 h,LINCSCP_61191,VCAP,5uM,24h
MAPK11,WH-4-023,0.48500506,LINCSKD_31604,VCAP,120 h,LINCSCP_51391,SKBR3,10uM,24h
MAPK11,MK-2206,0.4854156,LINCSKD_31604,VCAP,120 h,LINCSCP_24364,HS578T,1uM,24h
MAPK11,AZD-5438,0.48561729,LINCSKD_31604,VCAP,120 h,LINCSCP_129923,LNCAP,0.04uM,24h
MAPK11,Sorafenib,0.48564373,LINCSKD_31604,VCAP,120 h,LINCSCP_85819,BT20,3.33uM,24h
MAPK11,Levocetirizine,0.48619208,LINCSKD_31604,VCAP,120 h,LINCSCP_154117,PC3,3.33uM,24h
MAPK11,BRD-K22420960,0.48652718,LINCSKD_31604,VCAP,120 h,LINCSCP_65788,VCAP,10uM,6h
MAPK11,Diosmin,0.48703418,LINCSKD_31604,VCAP,120 h,LINCSCP_98732,HA1E,10uM,24h
MAPK11,AT 7867,0.48707136,LINCSKD_31604,VCAP,120 h,LINCSCP_149857,NPC.TAK,0.37uM,24h
MAPK11,BRD-K30645599,0.48739614,LINCSKD_31604,VCAP,120 h,LINCSCP_309750,VCAP,30uM,24h
MAPK11,BRD-K41974651,0.48753979,LINCSKD_31604,VCAP,120 h,LINCSCP_60291,VCAP,5uM,6h
MAPK11,BRD-K22109269,0.48761538,LINCSKD_31604,VCAP,120 h,LINCSCP_62129,VCAP,5uM,24h
MAPK11,BRD-K46096244,0.48783896,LINCSKD_31604,VCAP,120 h,LINCSCP_62002,VCAP,5uM,24h
MAPK11,AC1LCWE1,0.48865118,LINCSKD_31604,VCAP,120 h,LINCSCP_32875,MCF7,10uM,24h
MAPK11,7-Nitroindazole,0.48926802,LINCSKD_31604,VCAP,120 h,LINCSCP_53887,SNUC5,80uM,6h
MAPK11,SMR001317717,0.49028415,LINCSKD_31604,VCAP,120 h,LINCSCP_1170,A375,10uM,24h
MAPK11,BRD-K06071925,0.49036813,LINCSKD_31604,VCAP,120 h,LINCSCP_22304,HEPG2,10uM,6h
MAPK11,BRD-K97424742,0.49075467,LINCSKD_31604,VCAP,120 h,LINCSCP_62710,VCAP,5uM,24h
MAPK11,Dasatinib,0.4911243,LINCSKD_31604,VCAP,120 h,LINCSCP_133752,MCF7,3.33uM,24h
MAPK11,GSK-J1,0.49141489,LINCSKD_31604,VCAP,120 h,LINCSCP_164638,SKL.C,0.37uM,24h
MAPK11,Methimazole,0.49144108,LINCSKD_31604,VCAP,120 h,LINCSCP_194145,A549,10uM,6h
MAPK11,Levothyroxine,0.49159309,LINCSKD_31604,VCAP,120 h,LINCSCP_120952,HT29,0.04uM,24h
MAPK11,AZD-1152-HQPA,0.49177907,LINCSKD_31604,VCAP,120 h,LINCSCP_250678,MCF7,10uM,6h
MAPK11,SA-1455822,0.49185959,LINCSKD_31604,VCAP,120 h,LINCSCP_254208,MCF7,0.5uM,24h
MAPK11,AC1LDJYQ,0.49256656,LINCSKD_31604,VCAP,120 h,LINCSCP_1240,A375,10uM,24h
MAPK11,Ambroxol,0.49261246,LINCSKD_31604,VCAP,120 h,LINCSCP_56440,VCAP,10uM,24h
MAPK11,Medrysone,0.49287568,LINCSKD_31604,VCAP,120 h,LINCSCP_14108,HA1E,10uM,24h
MAPK11,PK04PUR_000351,0.49317973,LINCSKD_31604,VCAP,120 h,LINCSCP_20728,HCC515,10uM,6h
MAPK11,Cilostazol,0.49365742,LINCSKD_31604,VCAP,120 h,LINCSCP_6896,A549,10uM,24h
MAPK11,Sitagliptin,0.49367101,LINCSKD_31604,VCAP,120 h,LINCSCP_22333,HEPG2,10uM,6h
MAPK11,BRD-K63607326,0.49469136,LINCSKD_31604,VCAP,120 h,LINCSCP_62907,VCAP,5uM,24h
MAPK11,Altanserin,0.49511811,LINCSKD_31604,VCAP,120 h,LINCSCP_5823,A549,10uM,6h
MAPK11,BRD-K15377376,0.49551964,LINCSKD_31604,VCAP,120 h,LINCSCP_65585,VCAP,10uM,24h
MAPK11,UNC1215,0.49552534,LINCSKD_31604,VCAP,120 h,LINCSCP_147829,NPC.CAS9,10uM,24h
MAPK11,Chaetocin,0.49570475,LINCSKD_31604,VCAP,120 h,LINCSCP_50552,PL21,0.1uM,6h
MAPK11,BRD-K28883735,0.49680768,LINCSKD_31604,VCAP,120 h,LINCSCP_63581,VCAP,5uM,6h
MAPK11,Pyrimethamine,0.49689813,LINCSKD_31604,VCAP,120 h,LINCSCP_175357,YAPC,0.04uM,24h
MAPK11,BRD-K10689551,0.49819599,LINCSKD_31604,VCAP,120 h,LINCSCP_63923,VCAP,5uM,6h
MAPK11,BRD-K05353139,0.49821247,LINCSKD_31604,VCAP,120 h,LINCSCP_48484,PC3,10uM,24h
MAPK11,MLS001116217,0.49846247,LINCSKD_31604,VCAP,120 h,LINCSCP_190468,A549,10uM,24h
MAPK11,BRD-K18891555,0.49906311,LINCSKD_31604,VCAP,120 h,LINCSCP_65238,VCAP,10uM,24h
MAPK11,CHEMBL1868011,0.4990661,LINCSKD_31604,VCAP,120 h,LINCSCP_180484,A375,10uM,6h
MAPK11,HG-5-88-01,0.49954309,LINCSKD_31604,VCAP,120 h,LINCSCP_22453,HEPG2,10uM,6h
MAPK11,"2-(3,4-Dichlorophenyl)-2,3-dihydro-1,3-benzoxazole",0.50023186,LINCSKD_31604,VCAP,120 h,LINCSCP_28892,HUH7,3uM,6h
MAPK11,SCHEMBL6874948,0.50027037,LINCSKD_31604,VCAP,120 h,LINCSCP_113348,HME1,0.04uM,3h
MAPK11,Cyclobenzaprine,0.50246002,LINCSKD_31604,VCAP,120 h,LINCSCP_170867,YAPC,3.33uM,24h
MAPK11,BRD-K46385262,0.50273653,LINCSKD_31604,VCAP,120 h,LINCSCP_310596,VCAP,10uM,6h
MAPK11,BRD-K76729250,0.50274526,LINCSKD_31604,VCAP,120 h,LINCSCP_308028,VCAP,5uM,6h
MAPK11,TSU-68,0.50286039,LINCSKD_31604,VCAP,120 h,LINCSCP_30811,MCF7,5uM,6h
MAPK11,ZINC02121610,0.50349639,LINCSKD_31604,VCAP,120 h,LINCSCP_15883,HA1E,10uM,6h
MAPK11,BRD-8899,0.50453805,LINCSKD_31604,VCAP,120 h,LINCSCP_41948,NOMO1,0.001uM,24h
MAPK11,Buparlisib,0.50458986,LINCSKD_31604,VCAP,120 h,LINCSCP_163279,SKBR3,1.11uM,3h
MAPK11,LY-294002,0.50461241,LINCSKD_31604,VCAP,120 h,LINCSCP_36125,MCF7,0.01uM,6h
MAPK11,BRD-K51595563,0.50552148,LINCSKD_31604,VCAP,120 h,LINCSCP_8162,A549,5uM,24h
MAPK11,amcinonide,0.5059143,LINCSKD_31604,VCAP,120 h,LINCSCP_129059,HUVEC,0.04uM,24h
MAPK11,TWS 119,0.50656392,LINCSKD_31604,VCAP,120 h,LINCSCP_132107,MCF7,0.04uM,24h
MAPK11,3-Chloro-l-alanine,0.50661334,LINCSKD_31604,VCAP,120 h,LINCSCP_36358,MCF7,0.5uM,6h
MAPK11,CP-724714,0.50707355,LINCSKD_31604,VCAP,120 h,LINCSCP_111189,HEPG2,1.11uM,24h
MAPK11,BRD-K05581223,0.50729523,LINCSKD_31604,VCAP,120 h,LINCSCP_60837,VCAP,5uM,24h
MAPK11,SA-1457810,0.5073656,LINCSKD_31604,VCAP,120 h,LINCSCP_260830,NKDBA,3uM,24h
MAPK11,"3,5-Bis(4-methylbenzylidene)piperidin-4-one",0.50766476,LINCSKD_31604,VCAP,120 h,LINCSCP_35708,MCF7,0.001uM,24h
MAPK11,Butein,0.50842259,LINCSKD_31604,VCAP,120 h,LINCSCP_56257,VCAP,10uM,24h
MAPK11,Metoprolol,0.50942293,LINCSKD_31604,VCAP,120 h,LINCSCP_169912,YAPC,0.12uM,24h
MAPK11,"Cyclohexanecarboxamide, 4-(1-aminoethyl)-n-4-pyridinyl-, trans-",0.51028934,LINCSKD_31604,VCAP,120 h,LINCSCP_39507,MDAMB231,0.5uM,6h
MAPK11,Tamatinib,0.51164496,LINCSKD_31604,VCAP,120 h,LINCSCP_163530,SKBR3,1.11uM,24h
MAPK11,Dalcetrapib,0.51205287,LINCSKD_31604,VCAP,120 h,LINCSCP_215478,HCC515,80uM,6h
MAPK11,BRD-K07275921,0.5125038,LINCSKD_31604,VCAP,120 h,LINCSCP_61103,VCAP,5uM,6h
MAPK11,SR-03000000952-1,0.51327349,LINCSKD_31604,VCAP,120 h,LINCSCP_22151,HEPG2,10uM,6h
MAPK11,BRD-K71073890,0.51335427,LINCSKD_31604,VCAP,120 h,LINCSCP_60987,VCAP,5uM,6h
MAPK11,AC1MGPVN,0.51442745,LINCSKD_31604,VCAP,120 h,LINCSCP_220116,HEPG2,10uM,6h
MAPK11,MLS001210968,0.51536895,LINCSKD_31604,VCAP,120 h,LINCSCP_20066,HCC515,10uM,6h
MAPK11,MLS002474333,0.51577542,LINCSKD_31604,VCAP,120 h,LINCSCP_272301,PC3,10uM,6h
MAPK11,GW843682X,0.51593353,LINCSKD_31604,VCAP,120 h,LINCSCP_129747,LNCAP,1.11uM,24h
MAPK11,MLS003271344,0.51811532,LINCSKD_31604,VCAP,120 h,LINCSCP_19868,HCC515,10uM,6h
MAPK11,BRD-K91257617,0.51885428,LINCSKD_31604,VCAP,120 h,LINCSCP_64336,VCAP,5uM,24h
MAPK11,MLS003128807,0.51889497,LINCSKD_31604,VCAP,120 h,LINCSCP_65493,VCAP,10uM,6h
MAPK11,AZD 1480,0.51924544,LINCSKD_31604,VCAP,120 h,LINCSCP_70640,A375,1.11uM,24h
MAPK11,PI-103,0.51992521,LINCSKD_31604,VCAP,120 h,LINCSCP_29373,LOVO,10uM,6h
MAPK11,BAY 61-3606,0.52010998,LINCSKD_31604,VCAP,120 h,LINCSCP_149244,NPC,0.37uM,24h
MAPK11,Doxazosin,0.52022694,LINCSKD_31604,VCAP,120 h,LINCSCP_169699,YAPC,3.33uM,24h
MAPK11,CHEMBL567134,0.52119419,LINCSKD_31604,VCAP,120 h,LINCSCP_25986,HT29,10uM,24h
MAPK11,BRD-K32761691,0.52146064,LINCSKD_31604,VCAP,120 h,LINCSCP_65806,VCAP,10uM,6h
MAPK11,BRD-K70337365,0.52219398,LINCSKD_31604,VCAP,120 h,LINCSCP_311745,VCAP,10uM,24h
MAPK11,ML100,0.52295725,LINCSKD_31604,VCAP,120 h,LINCSCP_57237,VCAP,10uM,6h
MAPK11,MLS002264463,0.52308472,LINCSKD_31604,VCAP,120 h,LINCSCP_5323,A549,10uM,6h
MAPK11,Rufloxacin,0.52347857,LINCSKD_31604,VCAP,120 h,LINCSCP_31814,MCF7,10uM,6h
MAPK11,Nilotinib,0.52380876,LINCSKD_31604,VCAP,120 h,LINCSCP_131085,MCF10A,0.12uM,3h
MAPK11,Immethridine,0.52386755,LINCSKD_31604,VCAP,120 h,LINCSCP_14741,HA1E,10uM,24h
MAPK11,BRD-K29654204,0.52599074,LINCSKD_31604,VCAP,120 h,LINCSCP_231736,HT29,5uM,24h
MAPK11,BRD-K18384660,0.52647157,LINCSKD_31604,VCAP,120 h,LINCSCP_61201,VCAP,5uM,24h
MAPK11,BMS-345541,0.52808609,LINCSKD_31604,VCAP,120 h,LINCSCP_130136,LNCAP,1.11uM,3h
MAPK11,Thioridazine,0.52829708,LINCSKD_31604,VCAP,120 h,LINCSCP_310252,VCAP,5uM,6h
MAPK11,Zatebradine,0.52833698,LINCSKD_31604,VCAP,120 h,LINCSCP_14156,HA1E,10uM,24h
MAPK11,BRD-K42400758,0.5293334,LINCSKD_31604,VCAP,120 h,LINCSCP_65455,VCAP,10uM,6h
MAPK11,"13-Methyl-7-[9-(4,4,5,5,5-pentafluoropentylsulfinyl)nonyl]-6,7,8,9,11,12,14,15,16,17-decahydrocyclopenta[a]phenanthrene-3,17-diol",0.5295087,LINCSKD_31604,VCAP,120 h,LINCSCP_68623,VCAP,10uM,6h
MAPK11,Flavoxate,0.52982256,LINCSKD_31604,VCAP,120 h,LINCSCP_77592,A375,3.33uM,24h
MAPK11,PD-0325901,0.53022409,LINCSKD_31604,VCAP,120 h,LINCSCP_149051,NPC,10uM,24h
MAPK11,NNC-112,0.53098295,LINCSKD_31604,VCAP,120 h,LINCSCP_206994,FIBRNPC,10uM,24h
MAPK11,BRD-K56243496,0.53172253,LINCSKD_31604,VCAP,120 h,LINCSCP_65663,VCAP,10uM,24h
MAPK11,Chlorpromazine,0.53194467,LINCSKD_31604,VCAP,120 h,LINCSCP_188778,A549,10uM,6h
MAPK11,IOX2,0.53256459,LINCSKD_31604,VCAP,120 h,LINCSCP_149944,NPC.TAK,10uM,24h
MAPK11,VU0366968-1,0.53261745,LINCSKD_31604,VCAP,120 h,LINCSCP_31706,MCF7,10uM,6h
MAPK11,Defactinib,0.53432485,LINCSKD_31604,VCAP,120 h,LINCSCP_157327,PC3,1.11uM,24h
MAPK11,BRD-K70153099,0.53502062,LINCSKD_31604,VCAP,120 h,LINCSCP_65682,VCAP,10uM,24h
MAPK11,BRD-K18567420,0.53514449,LINCSKD_31604,VCAP,120 h,LINCSCP_61953,VCAP,5uM,24h
MAPK11,BRD-K70179603,0.53562789,LINCSKD_31604,VCAP,120 h,LINCSCP_305093,VCAP,5uM,24h
MAPK11,Rifabutin,0.53594392,LINCSKD_31604,VCAP,120 h,LINCSCP_169308,YAPC,10uM,24h
MAPK11,Linifanib,0.53696706,LINCSKD_31604,VCAP,120 h,LINCSCP_116705,HT29,1.11uM,24h
MAPK11,BRD-K67236726,0.53772368,LINCSKD_31604,VCAP,120 h,LINCSCP_64793,VCAP,10uM,6h
MAPK11,BRD-K14187559,0.53834801,LINCSKD_31604,VCAP,120 h,LINCSCP_65413,VCAP,10uM,6h
MAPK11,BRD-K66775134,0.53909483,LINCSKD_31604,VCAP,120 h,LINCSCP_63726,VCAP,5uM,24h
MAPK11,Racephedrine,0.54078145,LINCSKD_31604,VCAP,120 h,LINCSCP_4158,A549,10uM,24h
MAPK11,Phenethylisothiocyanate,0.54202486,LINCSKD_31604,VCAP,120 h,LINCSCP_10590,AGS,10uM,6h
MAPK11,BX471,0.5423892,LINCSKD_31604,VCAP,120 h,LINCSCP_143742,MCF7,3.33uM,24h
MAPK11,MLS002264429,0.54292301,LINCSKD_31604,VCAP,120 h,LINCSCP_26063,HT29,10uM,6h
MAPK11,MLS003130041,0.54326987,LINCSKD_31604,VCAP,120 h,LINCSCP_65439,VCAP,10uM,6h
MAPK11,Propentofylline,0.54331946,LINCSKD_31604,VCAP,120 h,LINCSCP_209595,HA1E,10uM,24h
MAPK11,BRD-K44766290,0.54531428,LINCSKD_31604,VCAP,120 h,LINCSCP_8151,A549,5uM,24h
MAPK11,BRD-K31593084,0.54582752,LINCSKD_31604,VCAP,120 h,LINCSCP_8134,A549,5uM,24h
MAPK11,BRD-K95773671,0.54607622,LINCSKD_31604,VCAP,120 h,LINCSCP_63323,VCAP,5uM,6h
MAPK11,BRD-K22853292,0.54703711,LINCSKD_31604,VCAP,120 h,LINCSCP_59959,VCAP,5uM,6h
MAPK11,BRD-K47586560,0.55403628,LINCSKD_31604,VCAP,120 h,LINCSCP_65466,VCAP,10uM,6h
MAPK11,BRD-K78778188,0.55458473,LINCSKD_31604,VCAP,120 h,LINCSCP_65702,VCAP,10uM,24h
MAPK11,BRD-K92959281,0.55892149,LINCSKD_31604,VCAP,120 h,LINCSCP_65369,VCAP,10uM,24h
MAPK11,Pirfenidone,0.56380983,LINCSKD_31604,VCAP,120 h,LINCSCP_111106,HELA,0.37uM,24h
MAPK11,Erastin,0.56403794,LINCSKD_31604,VCAP,120 h,LINCSCP_20895,HCC515,10uM,24h
MAPK11,PDK1 Inhibitor,0.56627143,LINCSKD_31604,VCAP,120 h,LINCSCP_51562,SKBR3,0.1uM,6h
MAPK11,BRD-K01621458,0.56651087,LINCSKD_31604,VCAP,120 h,LINCSCP_49294,PC3,3uM,24h
MAPK11,CX-5461,0.57173983,LINCSKD_31604,VCAP,120 h,LINCSCP_147956,NPC.CAS9,0.37uM,24h
MAPK11,Y-39983,0.58765478,LINCSKD_31604,VCAP,120 h,LINCSCP_133230,MCF7,1.11uM,3h
MAPK11,Nitrendipine,0.58844924,LINCSKD_31604,VCAP,120 h,LINCSCP_29252,LOVO,10uM,6h
MAPK11,SMP2_000081,0.59326998,LINCSKD_31604,VCAP,120 h,LINCSCP_13467,H1299,20uM,6h
MAPK11,BRD-K75023015,0.59380057,LINCSKD_31604,VCAP,120 h,LINCSCP_65516,VCAP,10uM,6h
MAPK11,ST019366,0.59469399,LINCSKD_31604,VCAP,120 h,LINCSCP_22283,HEPG2,10uM,6h
MAPK11,MLS003128871,0.5948905,LINCSKD_31604,VCAP,120 h,LINCSCP_64313,VCAP,5uM,24h
MAPK11,BRD-K17088043,0.5949009,LINCSKD_31604,VCAP,120 h,LINCSCP_303257,VCAP,5uM,6h
MAPK11,BRD-K51810646,0.60154044,LINCSKD_31604,VCAP,120 h,LINCSCP_259006,NEU,10uM,24h
MAPK11,BRD-K33676730,0.61883538,LINCSKD_31604,VCAP,120 h,LINCSCP_5947,A549,10uM,24h
MAPK11,Scopolamine hydrochloride,0.62183335,LINCSKD_31604,VCAP,120 h,LINCSCP_33265,MCF7,10uM,6h
MAPK11,BRD-K99311962,0.73967578,LINCSKD_31604,VCAP,120 h,LINCSCP_64828,VCAP,10uM,6h